,mean_fit_time,std_fit_time,mean_score_time,std_score_time,params,split0_test_neg_mean_absolute_error,split1_test_neg_mean_absolute_error,split2_test_neg_mean_absolute_error,split3_test_neg_mean_absolute_error,split4_test_neg_mean_absolute_error,mean_test_neg_mean_absolute_error,std_test_neg_mean_absolute_error,rank_test_neg_mean_absolute_error,split0_test_neg_mean_squared_error,split1_test_neg_mean_squared_error,split2_test_neg_mean_squared_error,split3_test_neg_mean_squared_error,split4_test_neg_mean_squared_error,mean_test_neg_mean_squared_error,std_test_neg_mean_squared_error,rank_test_neg_mean_squared_error,split0_test_r2,split1_test_r2,split2_test_r2,split3_test_r2,split4_test_r2,mean_test_r2,std_test_r2,rank_test_r2,estimator
0,9.441564321517944,2.7232358746274397,0.5087623119354248,0.12979676871192491,{},-2341.4306723670957,-2036.5677527132164,-2263.6855328390343,-2306.717587526723,-2298.275316733962,-2249.3353724360063,109.22029860066853,1,-10673484.844743932,-7536601.836868003,-9960917.25819468,-10035361.766008908,-9017679.04806898,-9444808.950776901,1090729.9581784282,1,0.799206805597274,0.8391558823133947,0.7932133413100003,0.7807646808559875,0.8179954789763418,0.8060672378105996,0.0204433309721464,1,LinearRegression
0,47.19996972084046,18.29192307215042,0.12020535469055176,0.0072255405387630246,{},-2335.4589401726803,-2038.2176312989268,-2263.8033325419033,-2308.0523491255058,-2302.218780630709,-2249.550206753945,108.11234791369962,1,-10621671.56065807,-7554098.621026732,-9958471.92642116,-10047281.023790935,-9053262.97430388,-9446957.221240157,1071438.1532531073,1,0.8001814830825671,0.8387824509207734,0.7932641025062331,0.7805043871215983,0.8172771969712956,0.8060019241204935,0.020238323752359687,1,Lasso
