,contributed_CCGT,contributed_Coal,contributed_Onshore,contributed_Offshore,contributed_PV,contributed_Nuclear,contributed_Recip_gas,contributed_Biomass,total_CCGT,total_Coal,total_Onshore,total_Offshore,total_PV,total_Nuclear,total_Recip_gas,Carbon_tax,total_genco_wealth,Electricity_cost,Carbon_emitted
0,335104.5599999987,213627.05999999968,23300.55530880004,29579.745223999984,3154.551064599939,165604.86687359976,11483.830000000005,0,31912.0,14475.0,8862.6,6983.8,3377.7999999999997,9361.0,971.5,217.02653117301767,12845895844.67387,90.00710552392685,1193.199801649879
1,242541.9000000003,189851.21999999986,23464.752699000044,29595.668287999964,3122.2863189999775,165604.86687359976,1884.7100000000005,0,31912.0,14475.0,8862.6,6983.8,3377.7999999999997,9361.0,971.5,217.02653117301767,7385232391.21786,56.52790949911497,924.5821283455624
2,330633.1199999989,218502.1499999996,21601.84304159999,29224.130127999983,1658.9456695999324,165604.86687359976,11192.345000000005,0,31912.0,14475.0,8862.6,6983.8,3377.7999999999997,9361.0,971.5,217.02653117301767,16046317830.506165,89.23387251145179,1194.4565396556986
3,351556.1399999984,222606.19999999955,23278.20383160005,29656.706700000013,3188.160174599965,165604.86687359976,13192.969999999998,0,31912.0,14475.0,8862.6,6983.8,3377.7999999999997,9361.0,971.5,217.02653117301767,33640351277.181747,110.04675404391804,1251.9504376475963
4,146078.94000000006,140271.61000000002,22191.845221500018,29595.668287999968,3116.600719849977,148459.39984960004,0.0,0,31912.0,14475.0,8862.6,6983.8,3377.7999999999997,9361.0,971.5,217.02653117301767,20638071283.963642,44.018551824311224,609.5420382107815
5,352457.8799999982,227667.72999999966,23464.752699000044,29595.668287999964,3122.2863189999775,165604.86687359976,12990.239999999998,0,31912.0,14475.0,8862.6,6983.8,3377.7999999999997,9361.0,971.5,217.02653117301767,35941148231.71295,92.87503940379402,1264.6637158665378
6,158534.16000000024,135604.29,25582.054003500038,33535.97722699999,4482.611414499983,135545.01540160022,0.0,0,31912.0,14475.0,8862.6,6983.8,3377.7999999999997,9361.0,971.5,217.02653117301767,15797155056.504776,44.146992532121715,624.4114862974216
7,193817.04000000036,135364.13,31310.357158399936,38306.24775700007,7415.26058399993,145936.22987440007,0.0,0,31912.0,14475.0,8862.6,6983.8,3377.7999999999997,9361.0,971.5,217.02653117301767,-6825949364.497123,45.087402269131964,704.788746633743
