,contributed_CCGT,contributed_Coal,contributed_Onshore,contributed_Offshore,contributed_PV,contributed_Nuclear,contributed_Recip_gas,contributed_Biomass,total_CCGT,total_Coal,total_Onshore,total_Offshore,total_PV,total_Nuclear,total_Recip_gas,Carbon_tax,total_genco_wealth,Electricity_cost,Carbon_emitted
0,332878.0799999988,217596.01999999958,23300.55530880004,29579.745223999984,3154.551064599939,165604.86687359976,7697.919999999997,0,31912.0,14475.0,8862.6,6983.8,3377.7999999999997,9361.0,971.5,150.47926589951655,12747420170.62022,88.9138359266097,1189.8981890359598
1,206148.42000000027,225505.49999999962,23464.752699000044,29595.668287999964,3122.2863189999775,165604.86687359976,1884.7100000000005,0,31912.0,14475.0,8862.6,6983.8,3377.7999999999997,9361.0,971.5,150.47926589951655,7110187716.380008,54.45101362140278,929.196454309002
2,340062.9599999988,206162.34999999954,21601.84304159999,29224.130127999983,1658.9456695999324,165604.86687359976,12787.509999999998,0,31912.0,14475.0,8862.6,6983.8,3377.7999999999997,9361.0,971.5,150.47926589951655,16415752372.63305,90.54474659582887,1189.3022947652994
3,355982.279999998,218410.50999999957,23278.20383160005,29656.706700000013,3188.160174599965,165604.86687359976,12942.71,0,31912.0,14475.0,8862.6,6983.8,3377.7999999999997,9361.0,971.5,150.47926589951655,33520115518.289158,109.65050080381474,1251.0652197729776
4,155442.54000000027,131062.58000000006,22191.845221500018,29595.668287999968,3116.600719849977,148459.39984960004,0.0,0,31912.0,14475.0,8862.6,6983.8,3377.7999999999997,9361.0,971.5,150.47926589951655,20905787576.789986,44.302731158663896,608.0483447668413
5,365256.5999999982,214777.29999999958,23464.752699000044,29595.668287999964,3122.2863189999775,165604.86687359976,13192.969999999998,0,31912.0,14475.0,8862.6,6983.8,3377.7999999999997,9361.0,971.5,150.47926589951655,37220109029.76702,93.4521478780869,1262.2929796453986
6,175632.7800000003,118552.14000000004,25582.054003500038,33535.97722699999,4482.611414499983,135545.01540160022,0.0,0,31912.0,14475.0,8862.6,6983.8,3377.7999999999997,9361.0,971.5,150.47926589951655,18039485537.59398,46.004244578049104,622.3733986117219
7,189442.38000000024,144372.5,31310.357158399936,38306.24775700007,7415.26058399993,145936.22987440007,0.0,0,31912.0,14475.0,8862.6,6983.8,3377.7999999999997,9361.0,971.5,150.47926589951655,-5139183041.24981,44.97030603533955,706.7205391550019
