,contributed_CCGT,contributed_Coal,contributed_Onshore,contributed_Offshore,contributed_PV,contributed_Nuclear,contributed_Recip_gas,contributed_Biomass,total_CCGT,total_Coal,total_Onshore,total_Offshore,total_PV,total_Nuclear,total_Recip_gas,Carbon_tax,total_genco_wealth,Electricity_cost,Carbon_emitted
0,328177.91999999894,220307.2999999996,23300.55530880004,29579.745223999984,3154.551064599939,165604.86687359976,8141.2099999999955,0,31912.0,14475.0,8862.6,6983.8,3377.7999999999997,9361.0,971.5,168.6137654353359,12624731099.149826,89.061256684615,1187.2594780253994
1,221075.64000000033,215144.64999999953,23464.752699000044,29595.668287999964,3122.2863189999775,165604.86687359976,1884.7100000000005,0,31912.0,14475.0,8862.6,6983.8,3377.7999999999997,9361.0,971.5,168.6137654353359,6742966346.815903,55.650254740288744,934.6256109407009
2,327399.419999999,221777.48999999964,21601.84304159999,29224.130127999983,1658.9456695999324,165604.86687359976,11910.630000000003,0,31912.0,14475.0,8862.6,6983.8,3377.7999999999997,9361.0,971.5,168.6137654353359,15351154133.485443,90.17611364281156,1196.6116246510187
3,351106.1999999982,222784.7399999996,23278.20383160005,29656.706700000013,3188.160174599965,165604.86687359976,13192.969999999998,0,31912.0,14475.0,8862.6,6983.8,3377.7999999999997,9361.0,971.5,168.6137654353359,32505113244.06331,110.55955832501195,1250.558493246517
4,151272.2400000002,135657.21999999997,22191.845221500018,29595.668287999968,3116.600719849977,148459.39984960004,0.0,0,31912.0,14475.0,8862.6,6983.8,3377.7999999999997,9361.0,971.5,168.6137654353359,19653215172.43674,44.33996204590545,609.7878965935621
5,365828.27999999793,212856.80999999953,23464.752699000044,29595.668287999964,3122.2863189999775,165604.86687359976,12001.325000000004,0,31912.0,14475.0,8862.6,6983.8,3377.7999999999997,9361.0,971.5,168.6137654353359,35314650824.75662,93.38798435515919,1256.7490731503772
6,149544.18000000017,146853.8899999999,25582.054003500038,33535.97722699999,4482.611414499983,135545.01540160022,0.0,0,31912.0,14475.0,8862.6,6983.8,3377.7999999999997,9361.0,971.5,168.6137654353359,14418702263.730158,43.45734456441323,631.2641618382222
7,203283.66000000027,124624.07999999996,31310.357158399936,38306.24775700007,7415.26058399993,145936.22987440007,0.0,0,31912.0,14475.0,8862.6,6983.8,3377.7999999999997,9361.0,971.5,168.6137654353359,-8581129360.904534,44.81726347466236,699.1164894638425
