,contributed_CCGT,contributed_Coal,contributed_Onshore,contributed_Offshore,contributed_PV,contributed_Nuclear,contributed_Recip_gas,contributed_Biomass,total_CCGT,total_Coal,total_Onshore,total_Offshore,total_PV,total_Nuclear,total_Recip_gas,Carbon_tax,total_genco_wealth,Electricity_cost,Carbon_emitted
0,342750.0599999984,207155.37999999966,23300.55530880004,29579.745223999984,3154.551064599939,165604.86687359976,7115.919999999997,0,31912.0,14475.0,8862.6,6983.8,3377.7999999999997,9361.0,971.5,158.56145611579134,12659826488.995924,88.71774075650308,1185.459625221241
1,252999.7200000003,176540.5099999998,23464.752699000044,29595.668287999964,3122.2863189999775,165604.86687359976,1884.7100000000005,0,31912.0,14475.0,8862.6,6983.8,3377.7999999999997,9361.0,971.5,158.56145611579134,7568777303.777338,56.444765513313484,922.4375699929818
2,341736.1799999987,206629.23999999955,21601.84304159999,29224.130127999983,1658.9456695999324,165604.86687359976,10251.930000000006,0,31912.0,14475.0,8862.6,6983.8,3377.7999999999997,9361.0,971.5,158.56145611579134,15952183893.685999,89.51780844115665,1188.5463116975195
3,361718.51999999816,210674.03999999963,23278.20383160005,29656.706700000013,3188.160174599965,165604.86687359976,13192.969999999998,0,31912.0,14475.0,8862.6,6983.8,3377.7999999999997,9361.0,971.5,158.56145611579134,33289445829.64702,109.94065649508958,1244.1535414079183
4,180156.54000000024,100608.87000000005,22191.845221500018,29595.668287999968,3116.600719849977,148459.39984960004,0.0,0,31912.0,14475.0,8862.6,6983.8,3377.7999999999997,9361.0,971.5,158.56145611579134,21160713679.450603,46.01924662377559,594.0545152602616
5,371442.959999998,209803.45999999958,23464.752699000044,29595.668287999964,3122.2863189999775,165604.86687359976,12251.585000000003,0,31912.0,14475.0,8862.6,6983.8,3377.7999999999997,9361.0,971.5,158.56145611579134,37134512417.47709,93.50678258266716,1260.0877422670771
6,170739.6600000002,123242.37,25582.054003500038,33535.97722699999,4482.611414499983,135545.01540160022,0.0,0,31912.0,14475.0,8862.6,6983.8,3377.7999999999997,9361.0,971.5,158.56145611579134,18534874313.335262,44.44098752656266,622.7172961332616
7,213912.30000000057,116765.16000000002,31310.357158399936,38306.24775700007,7415.26058399993,145936.22987440007,0.0,0,31912.0,14475.0,8862.6,6983.8,3377.7999999999997,9361.0,971.5,158.56145611579134,-4125931866.9779744,45.193884191043345,697.8472806136822
