,contributed_CCGT,contributed_Coal,contributed_Onshore,contributed_Offshore,contributed_PV,contributed_Nuclear,contributed_Recip_gas,contributed_Biomass,total_CCGT,total_Coal,total_Onshore,total_Offshore,total_PV,total_Nuclear,total_Recip_gas,Carbon_tax,total_genco_wealth,Electricity_cost,Carbon_emitted
0,329439.8999999989,218987.99999999968,23300.55530880004,29579.745223999984,3154.551064599939,165604.86687359976,11483.830000000005,0,31912.0,14475.0,8862.6,6983.8,3377.7999999999997,9361.0,971.5,225.32832188039194,13395425323.57795,89.72440867847405,1193.710142323999
1,246443.58000000045,183321.0799999998,23464.752699000044,29595.668287999964,3122.2863189999775,165604.86687359976,1884.7100000000005,0,31912.0,14475.0,8862.6,6983.8,3377.7999999999997,9361.0,971.5,225.32832188039194,7900430948.040323,56.85014267335591,920.7509161298422
2,329699.27999999904,217291.07999999967,21601.84304159999,29224.130127999983,1658.9456695999324,165604.86687359976,12708.455,0,31912.0,14475.0,8862.6,6983.8,3377.7999999999997,9361.0,971.5,225.32832188039194,16397285971.637764,89.86900784901654,1192.9361685798376
3,345857.4599999986,226391.08999999953,23278.20383160005,29656.706700000013,3188.160174599965,165604.86687359976,13192.969999999998,0,31912.0,14475.0,8862.6,6983.8,3377.7999999999997,9361.0,971.5,225.32832188039194,34008481146.717903,109.81036590662005,1248.8277132238177
4,160454.46000000028,122284.10000000003,22191.845221500018,29595.668287999968,3116.600719849977,148459.39984960004,0.0,0,31912.0,14475.0,8862.6,6983.8,3377.7999999999997,9361.0,971.5,225.32832188039194,21440266240.981514,44.58608503187467,598.6342596518019
5,343336.1399999986,235674.3799999995,23464.752699000044,29595.668287999964,3122.2863189999775,165604.86687359976,11814.600000000004,0,31912.0,14475.0,8862.6,6983.8,3377.7999999999997,9361.0,971.5,225.32832188039194,37148029178.34394,91.30751955092809,1259.7777179032369
6,160585.44000000026,131751.46,25582.054003500038,33535.97722699999,4482.611414499983,135545.01540160022,0.0,0,31912.0,14475.0,8862.6,6983.8,3377.7999999999997,9361.0,971.5,225.32832188039194,17384928243.862152,43.297176775076444,620.9497669010816
7,194678.10000000018,133476.81999999998,31310.357158399936,38306.24775700007,7415.26058399993,145936.22987440007,0.0,0,31912.0,14475.0,8862.6,6983.8,3377.7999999999997,9361.0,971.5,225.32832188039194,-4016176296.4743915,45.30921991478082,703.2023186743628
