,contributed_CCGT,contributed_Coal,contributed_Onshore,contributed_Offshore,contributed_PV,contributed_Nuclear,contributed_Recip_gas,contributed_Biomass,total_CCGT,total_Coal,total_Onshore,total_Offshore,total_PV,total_Nuclear,total_Recip_gas,Carbon_tax,total_genco_wealth,Electricity_cost,Carbon_emitted
0,342143.8199999985,208677.70999999958,23300.55530880004,29579.745223999984,3154.551064599939,165604.86687359976,7679.489999999995,0,31912.0,14475.0,8862.6,6983.8,3377.7999999999997,9361.0,971.5,197.65076376086247,13141039431.950144,89.25388497670501,1188.7227195585815
1,233556.84000000026,198583.88,23464.752699000044,29595.668287999964,3122.2863189999775,165604.86687359976,2584.0799999999995,0,31912.0,14475.0,8862.6,6983.8,3377.7999999999997,9361.0,971.5,197.65076376086247,8112476853.450843,55.6919193812578,931.8218564242414
2,335391.5999999989,214025.21999999968,21601.84304159999,29224.130127999983,1658.9456695999324,165604.86687359976,10427.985000000006,0,31912.0,14475.0,8862.6,6983.8,3377.7999999999997,9361.0,971.5,197.65076376086247,16330213755.602535,89.92186534393632,1193.4989602875594
3,350654.81999999826,226761.5999999996,23278.20383160005,29656.706700000013,3188.160174599965,165604.86687359976,13192.969999999998,0,31912.0,14475.0,8862.6,6983.8,3377.7999999999997,9361.0,971.5,197.65076376086247,33747845370.07544,109.74824079119037,1259.3931092967973
4,171000.30000000028,112353.00999999994,22191.845221500018,29595.668287999968,3116.600719849977,148459.39984960004,0.0,0,31912.0,14475.0,8862.6,6983.8,3377.7999999999997,9361.0,971.5,197.65076376086247,21673322933.78984,45.73304046207733,597.9293101679805
5,344103.7199999986,235156.1399999995,23464.752699000044,29595.668287999964,3122.2863189999775,165604.86687359976,11764.645000000004,0,31912.0,14475.0,8862.6,6983.8,3377.7999999999997,9361.0,971.5,197.65076376086247,36431215109.76007,91.13201629880213,1260.0780969537166
6,157390.8600000003,139704.38999999996,25582.054003500038,33535.97722699999,4482.611414499983,135545.01540160022,0.0,0,31912.0,14475.0,8862.6,6983.8,3377.7999999999997,9361.0,971.5,197.65076376086247,16089329724.44493,44.42667075040962,631.2395422372223
7,175423.26000000018,157500.71999999988,31310.357158399936,38306.24775700007,7415.26058399993,145936.22987440007,0.0,0,31912.0,14475.0,8862.6,6983.8,3377.7999999999997,9361.0,971.5,197.65076376086247,-8697288947.563335,44.1756916758714,707.8864771665621
