,contributed_CCGT,contributed_Coal,contributed_Onshore,contributed_Offshore,contributed_PV,contributed_Nuclear,contributed_Recip_gas,contributed_Biomass,total_CCGT,total_Coal,total_Onshore,total_Offshore,total_PV,total_Nuclear,total_Recip_gas,Carbon_tax,total_genco_wealth,Electricity_cost,Carbon_emitted
0,331822.6199999989,211519.33999999962,23300.55530880004,29579.745223999984,3154.551064599939,165604.86687359976,12949.984999999999,0,31912.0,14475.0,8862.6,6983.8,3377.7999999999997,9361.0,971.5,49.42591874447988,13171968360.446508,89.90097715753747,1185.7819752673179
1,243312.18000000034,188091.8899999999,23464.752699000044,29595.668287999964,3122.2863189999775,165604.86687359976,1884.7100000000005,0,31912.0,14475.0,8862.6,6983.8,3377.7999999999997,9361.0,971.5,49.42591874447988,7945645579.244849,55.777434063543694,922.2200313022211
2,337851.1199999988,213538.57999999958,21601.84304159999,29224.130127999983,1658.9456695999324,165604.86687359976,12901.484999999999,0,31912.0,14475.0,8862.6,6983.8,3377.7999999999997,9361.0,971.5,49.42591874447988,16278586291.294317,90.25357654715503,1201.4557240048377
3,358628.1599999982,217529.6599999996,23278.20383160005,29656.706700000013,3188.160174599965,165604.86687359976,13192.969999999998,0,31912.0,14475.0,8862.6,6983.8,3377.7999999999997,9361.0,971.5,49.42591874447988,33911834920.43227,109.8615691124312,1254.9788570446776
4,150985.74000000017,130966.19999999991,22191.845221500018,29595.668287999968,3116.600719849977,148459.39984960004,0.0,0,31912.0,14475.0,8862.6,6983.8,3377.7999999999997,9361.0,971.5,49.42591874447988,19586002613.503338,44.33317294884174,600.5871083076014
5,370184.27999999817,209696.01999999958,23464.752699000044,29595.668287999964,3122.2863189999775,165604.86687359976,12949.984999999999,0,31912.0,14475.0,8862.6,6983.8,3377.7999999999997,9361.0,971.5,49.42591874447988,36914201245.23417,93.8527508924439,1258.663422785956
6,131475.84000000005,163820.71999999988,25582.054003500038,33535.97722699999,4482.611414499983,135545.01540160022,0.0,0,31912.0,14475.0,8862.6,6983.8,3377.7999999999997,9361.0,971.5,49.42591874447988,16066830564.597445,42.96268877667976,632.4451821665617
7,195002.82000000004,131675.62,31310.357158399936,38306.24775700007,7415.26058399993,145936.22987440007,0.0,0,31912.0,14475.0,8862.6,6983.8,3377.7999999999997,9361.0,971.5,49.42591874447988,-6606987811.07027,44.95749286360774,698.9653461967613
