,contributed_CCGT,contributed_Coal,contributed_Onshore,contributed_Offshore,contributed_PV,contributed_Nuclear,contributed_Recip_gas,contributed_Biomass,total_CCGT,total_Coal,total_Onshore,total_Offshore,total_PV,total_Nuclear,total_Recip_gas,Carbon_tax,total_genco_wealth,Electricity_cost,Carbon_emitted
0,314852.7599999991,230286.57999999955,23300.55530880004,29579.745223999984,3154.551064599939,165604.86687359976,10536.140000000007,0,31912.0,14475.0,8862.6,6983.8,3377.7999999999997,9361.0,971.5,199.97875769595026,12952733319.857796,88.96608373507966,1187.3388565588382
1,276434.4600000004,155395.37000000002,23464.752699000044,29595.668287999964,3122.2863189999775,165604.86687359976,1884.7100000000005,0,31912.0,14475.0,8862.6,6983.8,3377.7999999999997,9361.0,971.5,199.97875769595026,8388717669.339435,57.53001576349552,921.1673684472637
2,333739.2599999991,213569.38999999955,21601.84304159999,29224.130127999983,1658.9456695999324,165604.86687359976,10862.545000000004,0,31912.0,14475.0,8862.6,6983.8,3377.7999999999997,9361.0,971.5,199.97875769595026,16997234933.907936,89.20014361286208,1189.038349377218
3,353545.6799999982,220447.91999999958,23278.20383160005,29656.706700000013,3188.160174599965,165604.86687359976,13135.739999999998,0,31912.0,14475.0,8862.6,6983.8,3377.7999999999997,9361.0,971.5,199.97875769595026,34148284345.55351,109.01295452888003,1249.2559155921579
4,142084.26000000007,141851.61000000002,22191.845221500018,29595.668287999968,3116.600719849977,148459.39984960004,0.0,0,31912.0,14475.0,8862.6,6983.8,3377.7999999999997,9361.0,971.5,199.97875769595026,21500112644.903095,44.06713670809143,604.9584466507815
5,365825.5199999981,213967.54999999964,23464.752699000044,29595.668287999964,3122.2863189999775,165604.86687359976,11805.870000000004,0,31912.0,14475.0,8862.6,6983.8,3377.7999999999997,9361.0,971.5,199.97875769595026,37529537331.29877,92.30449017436769,1257.071279714898
6,140132.3400000001,152043.39999999994,25582.054003500038,33535.97722699999,4482.611414499983,135545.01540160022,0.0,0,31912.0,14475.0,8862.6,6983.8,3377.7999999999997,9361.0,971.5,199.97875769595026,17305607409.318615,42.56898084522451,623.7379888732021
7,203893.50000000032,124353.11000000006,31310.357158399936,38306.24775700007,7415.26058399993,145936.22987440007,0.0,0,31912.0,14475.0,8862.6,6983.8,3377.7999999999997,9361.0,971.5,199.97875769595026,-5684261579.672668,44.908323093644206,698.8728627477826
