,contributed_CCGT,contributed_Coal,contributed_Onshore,contributed_Offshore,contributed_PV,contributed_Nuclear,contributed_Recip_gas,contributed_Biomass,total_CCGT,total_Coal,total_Onshore,total_Offshore,total_PV,total_Nuclear,total_Recip_gas,Carbon_tax,total_genco_wealth,Electricity_cost,Carbon_emitted
0,323325.11999999895,226356.32999999964,23300.55530880004,29579.745223999984,3154.551064599939,165604.86687359976,7125.619999999997,0,31912.0,14475.0,8862.6,6983.8,3377.7999999999997,9361.0,971.5,155.86180751310857,12636763815.496763,88.34595464548686,1188.84443976934
1,223273.26000000042,211919.86999999976,23464.752699000044,29595.668287999964,3122.2863189999775,165604.86687359976,1884.7100000000005,0,31912.0,14475.0,8862.6,6983.8,3377.7999999999997,9361.0,971.5,155.86180751310857,6841149523.398281,55.52732462357927,933.833770618263
2,338503.4399999988,210087.06999999954,21601.84304159999,29224.130127999983,1658.9456695999324,165604.86687359976,10903.770000000004,0,31912.0,14475.0,8862.6,6983.8,3377.7999999999997,9361.0,971.5,155.86180751310857,15319596517.47361,89.98713659151424,1191.0228796438591
3,362184.95999999816,214676.96999999956,23278.20383160005,29656.706700000013,3188.160174599965,165604.86687359976,13135.739999999998,0,31912.0,14475.0,8862.6,6983.8,3377.7999999999997,9361.0,971.5,155.86180751310857,32191761127.74783,110.14190379487593,1253.9635773840578
4,124345.68000000007,160707.3299999999,22191.845221500018,29595.668287999968,3116.600719849977,148459.39984960004,0.0,0,31912.0,14475.0,8862.6,6983.8,3377.7999999999997,9361.0,971.5,155.86180751310857,18197834086.785767,43.1539449764488,611.023745147342
5,357080.03999999835,222719.1699999997,23464.752699000044,29595.668287999964,3122.2863189999775,165604.86687359976,13135.739999999998,0,31912.0,14475.0,8862.6,6983.8,3377.7999999999997,9361.0,971.5,155.86180751310857,34615102629.1091,92.7599751245957,1262.3756890996567
6,186842.4600000002,105976.12999999993,25582.054003500038,33535.97722699999,4482.611414499983,135545.01540160022,0.0,0,31912.0,14475.0,8862.6,6983.8,3377.7999999999997,9361.0,971.5,155.86180751310857,15401321219.65209,45.687460089190246,621.3101364097407
7,192247.38000000018,142719.0299999999,31310.357158399936,38306.24775700007,7415.26058399993,145936.22987440007,0.0,0,31912.0,14475.0,8862.6,6983.8,3377.7999999999997,9361.0,971.5,155.86180751310857,-8478310645.086947,44.02965100219176,709.1028169439422
