,contributed_CCGT,contributed_Coal,contributed_Onshore,contributed_Offshore,contributed_PV,contributed_Nuclear,contributed_Recip_gas,contributed_Biomass,total_CCGT,total_Coal,total_Onshore,total_Offshore,total_PV,total_Nuclear,total_Recip_gas,Carbon_tax,total_genco_wealth,Electricity_cost,Carbon_emitted
0,324264.239999999,223298.23999999958,23300.55530880004,29579.745223999984,3154.551064599939,165604.86687359976,8535.02999999999,0,31912.0,14475.0,8862.6,6983.8,3377.7999999999997,9361.0,971.5,104.6293297382932,12714378889.602882,88.87092628113362,1186.78813975952
1,214749.72000000044,218710.70999999953,23464.752699000044,29595.668287999964,3122.2863189999775,165604.86687359976,1884.7100000000005,0,31912.0,14475.0,8862.6,6983.8,3377.7999999999997,9361.0,971.5,104.6293297382932,7073133460.614284,56.09018638810991,932.513801532582
2,319112.939999999,230310.27999999956,21601.84304159999,29224.130127999983,1658.9456695999324,165604.86687359976,10922.200000000004,0,31912.0,14475.0,8862.6,6983.8,3377.7999999999997,9361.0,971.5,104.6293297382932,15445477105.78864,87.80154260813633,1196.8236078914385
3,343853.7599999987,230640.49999999956,23278.20383160005,29656.706700000013,3188.160174599965,165604.86687359976,12933.009999999998,0,31912.0,14475.0,8862.6,6983.8,3377.7999999999997,9361.0,971.5,104.6293297382932,32548214513.563313,108.69650285692926,1251.913478718997
4,106026.66000000008,178803.06999999975,22191.845221500018,29595.668287999968,3116.600719849977,148459.39984960004,0.0,0,31912.0,14475.0,8862.6,6983.8,3377.7999999999997,9361.0,971.5,104.6293297382932,18129792667.57127,40.52081279655334,614.2149325918616
5,377596.67999999825,201863.95999999956,23464.752699000044,29595.668287999964,3122.2863189999775,165604.86687359976,12949.984999999999,0,31912.0,14475.0,8862.6,6983.8,3377.7999999999997,9361.0,971.5,104.6293297382932,35762787409.636345,94.3183407774829,1258.0352814460791
6,151921.62000000002,143273.61000000002,25582.054003500038,33535.97722699999,4482.611414499983,135545.01540160022,0.0,0,31912.0,14475.0,8862.6,6983.8,3377.7999999999997,9361.0,971.5,104.6293297382932,15380316234.7521,42.80214617355179,628.1013354067812
7,171119.70000000027,159603.69999999992,31310.357158399936,38306.24775700007,7415.26058399993,145936.22987440007,0.0,0,31912.0,14475.0,8862.6,6983.8,3377.7999999999997,9361.0,971.5,104.6293297382932,-8808835026.765574,43.4643711968023,706.2848770126024
