,contributed_CCGT,contributed_Coal,contributed_Onshore,contributed_Offshore,contributed_PV,contributed_Nuclear,contributed_Recip_gas,contributed_Biomass,total_CCGT,total_Coal,total_Onshore,total_Offshore,total_PV,total_Nuclear,total_Recip_gas,Carbon_tax,total_genco_wealth,Electricity_cost,Carbon_emitted
0,336174.35999999894,211796.62999999954,23300.55530880004,29579.745223999984,3154.551064599939,165604.86687359976,8241.119999999995,0,31912.0,14475.0,8862.6,6983.8,3377.7999999999997,9361.0,971.5,212.03133191596467,12888738880.444832,89.73697155616954,1184.7515861887398
1,221821.02000000037,212869.44999999952,23464.752699000044,29595.668287999964,3122.2863189999775,165604.86687359976,1884.7100000000005,0,31912.0,14475.0,8862.6,6983.8,3377.7999999999997,9361.0,971.5,212.03133191596467,7144044278.86871,55.462316870106115,932.8629852911009
2,341860.07999999874,204330.3399999995,21601.84304159999,29224.130127999983,1658.9456695999324,165604.86687359976,12183.200000000004,0,31912.0,14475.0,8862.6,6983.8,3377.7999999999997,9361.0,971.5,212.03133191596467,16295817971.803558,90.38337957570451,1187.5885459353196
3,360573.8399999981,213441.40999999963,23278.20383160005,29656.706700000013,3188.160174599965,165604.86687359976,13192.969999999998,0,31912.0,14475.0,8862.6,6983.8,3377.7999999999997,9361.0,971.5,212.03133191596467,34051450077.261288,110.74136258582583,1249.806074571178
4,180884.46000000034,103029.42999999995,22191.845221500018,29595.668287999968,3116.600719849977,148459.39984960004,0.0,0,31912.0,14475.0,8862.6,6983.8,3377.7999999999997,9361.0,971.5,212.03133191596467,22061237678.193104,46.26210173720333,597.189537203141
5,341235.65999999887,245212.0499999995,23464.752699000044,29595.668287999964,3122.2863189999775,165604.86687359976,12990.239999999998,0,31912.0,14475.0,8862.6,6983.8,3377.7999999999997,9361.0,971.5,212.03133191596467,38133870180.6334,92.29756051225006,1280.1540098258968
6,119351.76000000007,171880.2999999999,25582.054003500038,33535.97722699999,4482.611414499983,135545.01540160022,0.0,0,31912.0,14475.0,8862.6,6983.8,3377.7999999999997,9361.0,971.5,212.03133191596467,17204948709.557487,41.53727744859837,625.8174304594022
7,171290.34000000023,161505.22999999984,31310.357158399936,38306.24775700007,7415.26058399993,145936.22987440007,0.0,0,31912.0,14475.0,8862.6,6983.8,3377.7999999999997,9361.0,971.5,212.03133191596467,-6270830520.8494625,43.83460501314474,708.1018374115421
