,contributed_CCGT,contributed_Coal,contributed_Onshore,contributed_Offshore,contributed_PV,contributed_Nuclear,contributed_Recip_gas,contributed_Biomass,total_CCGT,total_Coal,total_Onshore,total_Offshore,total_PV,total_Nuclear,total_Recip_gas,Carbon_tax,total_genco_wealth,Electricity_cost,Carbon_emitted
0,332312.87999999896,211438.75999999963,23300.55530880004,29579.745223999984,3154.551064599939,165604.86687359976,12183.200000000004,0,31912.0,14475.0,8862.6,6983.8,3377.7999999999997,9361.0,971.5,155.86180751310857,12846105327.00515,89.48698637816487,1184.0694441064786
1,226326.00000000038,206941.28999999957,23464.752699000044,29595.668287999964,3122.2863189999775,165604.86687359976,1884.7100000000005,0,31912.0,14475.0,8862.6,6983.8,3377.7999999999997,9361.0,971.5,155.86180751310857,7194443491.557877,55.715886652904395,928.8272200034218
2,348927.6599999982,199258.53999999954,21601.84304159999,29224.130127999983,1658.9456695999324,165604.86687359976,12690.025,0,31912.0,14475.0,8862.6,6983.8,3377.7999999999997,9361.0,971.5,155.86180751310857,15936406500.075151,90.81066611251198,1191.6473837089188
3,349627.3799999985,225642.16999999952,23278.20383160005,29656.706700000013,3188.160174599965,165604.86687359976,13135.739999999998,0,31912.0,14475.0,8862.6,6983.8,3377.7999999999997,9361.0,971.5,155.86180751310857,33637915623.98847,108.99770242154143,1252.892205653657
4,146476.9800000001,138708.98999999996,22191.845221500018,29595.668287999968,3116.600719849977,148459.39984960004,0.0,0,31912.0,14475.0,8862.6,6983.8,3377.7999999999997,9361.0,971.5,155.86180751310857,21424848082.837685,43.97698202749362,606.8632322680212
5,364982.99999999814,217087.25999999957,23464.752699000044,29595.668287999964,3122.2863189999775,165604.86687359976,12377.685000000003,0,31912.0,14475.0,8862.6,6983.8,3377.7999999999997,9361.0,971.5,155.86180751310857,38388065438.872795,92.68022695731594,1263.4830632194771
6,145805.22000000003,145849.01,25582.054003500038,33535.97722699999,4482.611414499983,135545.01540160022,0.0,0,31912.0,14475.0,8862.6,6983.8,3377.7999999999997,9361.0,971.5,155.86180751310857,19175870112.71985,43.60444719096802,621.4317858159814
7,177067.62000000023,153244.98999999993,31310.357158399936,38306.24775700007,7415.26058399993,145936.22987440007,0.0,0,31912.0,14475.0,8862.6,6983.8,3377.7999999999997,9361.0,971.5,155.86180751310857,-3669725029.6274643,43.50352226959296,702.4636315160224
