,CCGT,Coal,Onshore,Offshore,PV,Nuclear,Recip_gas
0,616.0,560.0,0,0,235.29999999999998,0,540.0
1,616.0,560.0,0,0,251.29999999999998,0,540.0
