,contributed_CCGT,contributed_Coal,contributed_Onshore,contributed_Offshore,contributed_PV,contributed_Nuclear,contributed_Recip_gas,contributed_Biomass,total_CCGT,total_Coal,total_Onshore,total_Offshore,total_PV,total_Nuclear,total_Recip_gas,Carbon_tax,total_genco_wealth,Electricity_cost,Carbon_emitted
0,320068.55999999907,228904.07999999958,23300.55530880004,29579.745223999984,3154.551064599939,165604.86687359976,7797.829999999997,0,31912.0,14475.0,8862.6,6983.8,3377.7999999999997,9361.0,971.5,30.8,12644044835.495829,88.26976749517628,1189.2832535238397
1,222358.0800000004,206837.7999999996,23464.752699000044,29595.668287999964,3122.2863189999775,165604.86687359976,1884.7100000000005,0,31912.0,14475.0,8862.6,6983.8,3377.7999999999997,9361.0,971.5,30.8,6815602760.496803,56.18724803581068,924.1436743844013
2,341918.39999999857,208017.26999999955,21601.84304159999,29224.130127999983,1658.9456695999324,165604.86687359976,10903.770000000004,0,31912.0,14475.0,8862.6,6983.8,3377.7999999999997,9361.0,971.5,30.8,15557341939.688498,90.31358643413188,1193.3367008634596
3,359080.5599999981,212563.7199999996,23278.20383160005,29656.706700000013,3188.160174599965,165604.86687359976,13135.739999999998,0,31912.0,14475.0,8862.6,6983.8,3377.7999999999997,9361.0,971.5,30.8,32679797100.27101,110.25332607281705,1244.7000635605589
4,127120.56000000006,156744.6899999998,22191.845221500018,29595.668287999968,3116.600719849977,148459.39984960004,0.0,0,31912.0,14475.0,8862.6,6983.8,3377.7999999999997,9361.0,971.5,30.8,18932580795.390408,42.78368877039751,607.8145245766221
5,351629.8799999985,226489.83999999956,23464.752699000044,29595.668287999964,3122.2863189999775,165604.86687359976,12990.239999999998,0,31912.0,14475.0,8862.6,6983.8,3377.7999999999997,9361.0,971.5,30.8,34595909427.89824,92.29825563703906,1260.354534476317
6,118899.54000000005,174046.47999999986,25582.054003500038,33535.97722699999,4482.611414499983,135545.01540160022,0.0,0,31912.0,14475.0,8862.6,6983.8,3377.7999999999997,9361.0,971.5,30.8,13181979604.564342,41.31867656656328,629.7330335790426
7,181130.7000000002,148147.11999999988,31310.357158399936,38306.24775700007,7415.26058399993,145936.22987440007,0.0,0,31912.0,14475.0,8862.6,6983.8,3377.7999999999997,9361.0,971.5,30.8,-11739817746.096952,44.19258705621312,702.1560257137626
