,contributed_CCGT,contributed_Coal,contributed_Onshore,contributed_Offshore,contributed_PV,contributed_Nuclear,contributed_Recip_gas,contributed_Biomass,total_CCGT,total_Coal,total_Onshore,total_Offshore,total_PV,total_Nuclear,total_Recip_gas,Carbon_tax,total_genco_wealth,Electricity_cost,Carbon_emitted
0,320750.21999999904,230684.73999999958,23300.55530880004,29579.745223999984,3154.551064599939,165604.86687359976,7835.659999999997,0,31912.0,14475.0,8862.6,6983.8,3377.7999999999997,9361.0,971.5,30.8,13002476046.443342,88.5283794663331,1194.7171793865195
1,248866.26000000047,183332.1399999998,23464.752699000044,29595.668287999964,3122.2863189999775,165604.86687359976,1884.7100000000005,0,31912.0,14475.0,8862.6,6983.8,3377.7999999999997,9361.0,971.5,30.8,7416398242.75451,55.88037126223324,923.798086751722
2,323533.91999999894,226421.8999999997,21601.84304159999,29224.130127999983,1658.9456695999324,165604.86687359976,10562.815000000006,0,31912.0,14475.0,8862.6,6983.8,3377.7999999999997,9361.0,971.5,30.8,16167340799.811995,89.49723010929652,1196.3921223861987
3,365982.9599999981,210277.4599999996,23278.20383160005,29656.706700000013,3188.160174599965,165604.86687359976,13192.969999999998,0,31912.0,14475.0,8862.6,6983.8,3377.7999999999997,9361.0,971.5,30.8,34110147442.09494,110.19670325010811,1252.8495964690776
4,155949.42000000022,125025.39999999998,22191.845221500018,29595.668287999968,3116.600719849977,148459.39984960004,0.0,0,31912.0,14475.0,8862.6,6983.8,3377.7999999999997,9361.0,971.5,30.8,21451404574.218006,44.436343046648325,595.6059597892022
5,359518.91999999824,217786.40999999963,23464.752699000044,29595.668287999964,3122.2863189999775,165604.86687359976,12367.985000000002,0,31912.0,14475.0,8862.6,6983.8,3377.7999999999997,9361.0,971.5,30.8,38220875319.00475,93.0922497713273,1255.6852917311774
6,157748.64000000033,136463.80999999997,25582.054003500038,33535.97722699999,4482.611414499983,135545.01540160022,0.0,0,31912.0,14475.0,8862.6,6983.8,3377.7999999999997,9361.0,971.5,30.8,18767333920.98147,43.94683793370308,624.7348119063823
7,238839.42000000033,88103.95999999999,31310.357158399936,38306.24775700007,7415.26058399993,145936.22987440007,0.0,0,31912.0,14475.0,8862.6,6983.8,3377.7999999999997,9361.0,971.5,30.8,-2901941331.9161515,46.13020320184338,691.6048892160818
