,contributed_CCGT,contributed_Coal,contributed_Onshore,contributed_Offshore,contributed_PV,contributed_Nuclear,contributed_Recip_gas,contributed_Biomass,total_CCGT,total_Coal,total_Onshore,total_Offshore,total_PV,total_Nuclear,total_Recip_gas,Carbon_tax,total_genco_wealth,Electricity_cost,Carbon_emitted
0,328242.7799999989,222799.7499999996,23300.55530880004,29579.745223999984,3154.551064599939,165604.86687359976,9943.954999999989,0,31912.0,14475.0,8862.6,6983.8,3377.7999999999997,9361.0,971.5,30.8,12660167370.441708,89.32085290390252,1196.6595738004987
1,248733.3600000005,182832.85999999975,23464.752699000044,29595.668287999964,3122.2863189999775,165604.86687359976,1884.7100000000005,0,31912.0,14475.0,8862.6,6983.8,3377.7999999999997,9361.0,971.5,30.8,7053986850.231062,57.088803711038956,924.3097563982822
2,370607.03999999806,173759.70999999993,21601.84304159999,29224.130127999983,1658.9456695999324,165604.86687359976,12758.41,0,31912.0,14475.0,8862.6,6983.8,3377.7999999999997,9361.0,971.5,30.8,16434301309.026464,92.40924158754746,1180.7456477545802
3,347261.5199999986,225056.77999999945,23278.20383160005,29656.706700000013,3188.160174599965,165604.86687359976,12942.71,0,31912.0,14475.0,8862.6,6983.8,3377.7999999999997,9361.0,971.5,30.8,33268339388.055,109.42935303510285,1248.192550558437
4,103259.82000000008,181342.91999999978,22191.845221500018,29595.668287999968,3116.600719849977,148459.39984960004,0.0,0,31912.0,14475.0,8862.6,6983.8,3377.7999999999997,9361.0,971.5,30.8,19398125396.119343,41.8809253365931,614.2656636021621
5,377168.9999999981,203393.39999999976,23464.752699000044,29595.668287999964,3122.2863189999775,165604.86687359976,12367.985000000002,0,31912.0,14475.0,8862.6,6983.8,3377.7999999999997,9361.0,971.5,30.8,36324242739.469376,93.72212671821622,1257.5500810431988
6,161036.82000000024,131706.42999999993,25582.054003500038,33535.97722699999,4482.611414499983,135545.01540160022,0.0,0,31912.0,14475.0,8862.6,6983.8,3377.7999999999997,9361.0,971.5,30.8,16262037261.574734,43.21038225017687,620.7942090891414
7,180711.5400000003,153055.38999999996,31310.357158399936,38306.24775700007,7415.26058399993,145936.22987440007,0.0,0,31912.0,14475.0,8862.6,6983.8,3377.7999999999997,9361.0,971.5,30.8,-8263711674.031101,43.543215175357055,708.3719173352223
