,contributed_CCGT,contributed_Coal,contributed_Onshore,contributed_Offshore,contributed_PV,contributed_Nuclear,contributed_Recip_gas,contributed_Biomass,total_CCGT,total_Coal,total_Onshore,total_Offshore,total_PV,total_Nuclear,total_Recip_gas,Carbon_tax,total_genco_wealth,Electricity_cost,Carbon_emitted
0,319296.239999999,227054.68999999957,23300.55530880004,29579.745223999984,3154.551064599939,165604.86687359976,10321.770000000008,0,31912.0,14475.0,8862.6,6983.8,3377.7999999999997,9361.0,971.5,30.8,12383116403.768904,88.79347346551226,1188.712316976618
1,233023.32000000044,196250.2199999997,23464.752699000044,29595.668287999964,3122.2863189999775,165604.86687359976,1885.6800000000003,0,31912.0,14475.0,8862.6,6983.8,3377.7999999999997,9361.0,971.5,30.8,7195430141.292884,56.55753505160931,924.0193152075618
2,346257.1799999982,203967.72999999954,21601.84304159999,29224.130127999983,1658.9456695999324,165604.86687359976,10862.545000000004,0,31912.0,14475.0,8862.6,6983.8,3377.7999999999997,9361.0,971.5,30.8,15842379979.902407,89.74770106406339,1193.02460205654
3,352426.8599999984,219168.11999999973,23278.20383160005,29656.706700000013,3188.160174599965,165604.86687359976,13192.969999999998,0,31912.0,14475.0,8862.6,6983.8,3377.7999999999997,9361.0,971.5,30.8,32979176366.80561,110.13379674643234,1246.0462744117585
4,132487.38000000006,148185.0399999999,22191.845221500018,29595.668287999968,3116.600719849977,148459.39984960004,0.0,0,31912.0,14475.0,8862.6,6983.8,3377.7999999999997,9361.0,971.5,30.8,19830305624.039597,43.51743087743433,599.6091832859219
5,358820.39999999816,223974.4799999996,23464.752699000044,29595.668287999964,3122.2863189999775,165604.86687359976,13192.969999999998,0,31912.0,14475.0,8862.6,6983.8,3377.7999999999997,9361.0,971.5,30.8,36849380772.632324,93.25125598052676,1268.8731027030367
6,148959.54000000018,145310.22999999998,25582.054003500038,33535.97722699999,4482.611414499983,135545.01540160022,0.0,0,31912.0,14475.0,8862.6,6983.8,3377.7999999999997,9361.0,971.5,30.8,16408765777.871643,43.36533996914579,626.6328228015419
7,181704.42000000025,149292.61999999988,31310.357158399936,38306.24775700007,7415.26058399993,145936.22987440007,0.0,0,31912.0,14475.0,8862.6,6983.8,3377.7999999999997,9361.0,971.5,30.8,-7378881789.623037,43.94903323849485,705.0469934027623
