,contributed_CCGT,contributed_Coal,contributed_Onshore,contributed_Offshore,contributed_PV,contributed_Nuclear,contributed_Recip_gas,contributed_Biomass,total_CCGT,total_Coal,total_Onshore,total_Offshore,total_PV,total_Nuclear,total_Recip_gas,Carbon_tax,total_genco_wealth,Electricity_cost,Carbon_emitted
0,323181.6099999995,273398.10000000003,56281.595730799934,27168.825799999984,3173.619132099936,83534.45999999993,13822.015,0,31912.0,14475.0,8862.6,6983.8,3377.7999999999997,9361.0,971.5,30.8,114669326880.92943,356.3332238730066,1298.4770671737947
1,250411.34999999971,246022.31999999992,52329.228628600045,27383.601343999962,3142.701699449974,53665.249999999985,9208.694999999987,0,31912.0,14475.0,8862.6,6983.8,3377.7999999999997,9361.0,971.5,30.8,133779737233.51219,137.81983239344143,1076.5689203133556
2,346856.1999999994,262380.5899999999,52284.83164129977,26999.654947000014,1665.7882749499345,67465.43999999996,13005.759999999997,0,31912.0,14475.0,8862.6,6983.8,3377.7999999999997,9361.0,971.5,30.8,260491669457.2373,350.86390739170105,1316.7506574448182
3,365105.4799999995,266041.9199999999,56592.13047349969,29388.884700000017,3206.070547649961,91371.08999999992,14377.339999999987,0,31912.0,14475.0,8862.6,6983.8,3377.7999999999997,9361.0,971.5,30.8,394898689082.29095,356.600260549599,1367.1138076841569
4,151354.8599999999,211160.55999999982,41037.47544839998,21747.861148999975,3041.9481514499785,53311.19999999998,1037.9000000000008,0,31912.0,14475.0,8862.6,6983.8,3377.7999999999997,9361.0,971.5,30.8,381083732566.0844,40.422951240046324,780.6349734228785
5,334816.87999999925,254250.11999999985,62918.69909279997,28926.477247999966,3142.7219384999744,103245.82999999996,13902.52499999999,0,31912.0,14475.0,8862.6,6983.8,3377.7999999999997,9361.0,971.5,30.8,595584737609.667,363.56254989265705,1284.2591762977581
6,181619.1099999998,192927.37999999995,41908.16167829991,19998.637995499965,4249.374487549986,42695.519999999975,1912.355000000001,0,31912.0,14475.0,8862.6,6983.8,3377.7999999999997,9361.0,971.5,30.8,573713096138.7911,40.26659717712784,803.4915309472391
7,203599.70999999967,217938.21000000005,43387.72403769987,22637.336706000006,7097.132330249938,43875.03999999998,8082.039999999996,0,31912.0,14475.0,8862.6,6983.8,3377.7999999999997,9361.0,971.5,30.8,547216686299.422,42.31758926703005,916.540144897578
