,contributed_CCGT,contributed_Coal,contributed_Onshore,contributed_Offshore,contributed_PV,contributed_Nuclear,contributed_Recip_gas,contributed_Biomass,total_CCGT,total_Coal,total_Onshore,total_Offshore,total_PV,total_Nuclear,total_Recip_gas,Carbon_tax,total_genco_wealth,Electricity_cost,Carbon_emitted
0,320114.7799999998,254090.84999999983,22741.680545300045,29579.745223999984,3154.551064599939,124954.43000000005,13167.750000000002,0,31912.0,14475.0,8862.6,6983.8,3377.7999999999997,9361.0,971.5,30.8,26122460974.649303,129.82213442500253,1272.6517452882972
1,221932.3400000003,241165.97999999975,22182.81626750001,28669.092247999964,3120.2321812999776,110813.77000000002,7569.880000000002,0,31912.0,14475.0,8862.6,6983.8,3377.7999999999997,9361.0,971.5,30.8,24919269239.23793,62.70700100723974,1032.9955578800407
2,319723.3399999998,258813.68999999986,19335.53792249983,26828.388664000006,1654.8587070999333,129649.23000000004,13124.100000000004,0,31912.0,14475.0,8862.6,6983.8,3377.7999999999997,9361.0,971.5,30.8,50548069913.34513,127.2755918312705,1279.9441283186159
3,349537.45999999944,265941.7899999998,21632.193129099924,28680.398844000007,3184.253824499964,134032.6600000001,15005.899999999976,0,31912.0,14475.0,8862.6,6983.8,3377.7999999999997,9361.0,971.5,30.8,78717721612.28166,129.04893350333296,1362.5553940024163
4,170445.3700000001,152475.08999999982,16497.829093100023,20663.57581799999,2893.741346199982,103938.41000000002,144.53,0,31912.0,14475.0,8862.6,6983.8,3377.7999999999997,9361.0,971.5,30.8,64631945191.31566,40.930146810443254,709.402734995819
5,337283.0099999997,269121.8099999999,23083.87401220003,29595.668287999964,3122.2863189999775,141691.78000000012,13896.705,0,31912.0,14475.0,8862.6,6983.8,3377.7999999999997,9361.0,971.5,30.8,108778348871.73112,132.14033778448973,1342.523084920376
6,151778.7200000001,192907.98999999985,16424.489730800025,21125.062333999973,2948.183975149981,93049.19,19.4,0,31912.0,14475.0,8862.6,6983.8,3377.7999999999997,9361.0,971.5,30.8,87649910425.8488,38.6918312755376,761.5245234700195
7,180894.94999999995,201647.69999999978,20475.163287200012,26029.3602415,7154.096844599928,97289.05999999998,2468.165000000001,0,31912.0,14475.0,8862.6,6983.8,3377.7999999999997,9361.0,971.5,30.8,63464066820.99806,40.89752088943572,847.5133644146
