,contributed_CCGT,contributed_Coal,contributed_Onshore,contributed_Offshore,contributed_PV,contributed_Nuclear,contributed_Recip_gas,contributed_Biomass,total_CCGT,total_Coal,total_Onshore,total_Offshore,total_PV,total_Nuclear,total_Recip_gas,Carbon_tax,total_genco_wealth,Electricity_cost,Carbon_emitted
0,371194.0699999995,148932.48999999982,57280.248531699865,24472.077823999996,3168.2192420999363,128569.61999999992,13274.935000000005,0,31912.0,14475.0,8862.6,6983.8,3377.7999999999997,9361.0,971.5,30.8,33864219863.288345,126.19289727145535,1140.7286753510164
1,293045.5499999999,131052.02999999982,51436.12126579993,23543.82824499996,3121.9359575499743,108892.19999999992,9837.73999999999,0,31912.0,14475.0,8862.6,6983.8,3377.7999999999997,9361.0,971.5,30.8,37947712827.22326,74.6548444989741,933.9353718579384
2,354683.43999999965,162445.90999999992,59141.13241199988,23848.54676800001,1676.1342997499332,135355.73999999996,13773.51499999998,0,31912.0,14475.0,8862.6,6983.8,3377.7999999999997,9361.0,971.5,30.8,72462299950.30724,124.28293148619764,1138.3780322121765
3,383229.77999999886,177389.46999999988,59533.958229899836,28419.171280000013,3198.9359603499606,134793.13999999993,14095.069999999976,0,31912.0,14475.0,8862.6,6983.8,3377.7999999999997,9361.0,971.5,30.8,113115046313.90019,132.24009461192566,1231.5063489590566
4,200730.98999999947,108021.9799999999,42295.65932499994,19040.84293199997,3087.3824022499753,92288.70999999995,240.5599999999999,0,31912.0,14475.0,8862.6,6983.8,3377.7999999999997,9361.0,971.5,30.8,101128812084.75198,38.356354428689194,668.3405237480413
5,389367.0999999988,174711.2699999999,61288.95415540006,28108.505707999964,3137.370375649976,127427.92999999995,13699.30999999997,0,31912.0,14475.0,8862.6,6983.8,3377.7999999999997,9361.0,971.5,30.8,151156092336.877,130.15281687530378,1237.185585635458
6,226210.2499999999,91464.31999999992,38593.9559367999,17298.18474399998,4344.466286699984,92576.79999999994,4869.399999999991,0,31912.0,14475.0,8862.6,6983.8,3377.7999999999997,9361.0,971.5,30.8,132998251567.16277,39.22276124034905,691.4261966993605
7,245700.26999999981,105162.54999999989,48137.27862679979,20664.07739899999,7193.600714749935,93000.68999999994,7711.985,0,31912.0,14475.0,8862.6,6983.8,3377.7999999999997,9361.0,971.5,30.8,112292434390.64659,42.81372668177381,775.6450175549
