,contributed_CCGT,contributed_Coal,contributed_Onshore,contributed_Offshore,contributed_PV,contributed_Nuclear,contributed_Recip_gas,contributed_Biomass,total_CCGT,total_Coal,total_Onshore,total_Offshore,total_PV,total_Nuclear,total_Recip_gas,Carbon_tax,total_genco_wealth,Electricity_cost,Carbon_emitted
0,412858.89999999775,190589.10999999987,23300.55530880004,29579.745223999984,3154.551064599939,97787.63999999988,13289.969999999996,0,31912.0,14475.0,8862.6,6983.8,3377.7999999999997,9361.0,971.5,30.8,13081339572.826769,93.08128882578434,1304.2721198557756
1,322434.89999999903,173732.31999999995,23251.43358730004,29595.668287999964,3121.039424799978,80436.27999999991,4458.119999999994,0,31912.0,14475.0,8862.6,6983.8,3377.7999999999997,9361.0,971.5,30.8,9458048041.5824,64.60054692276051,1063.2729878233622
2,415148.0599999977,187978.0499999997,20883.01770309988,28637.066607999983,1657.5234663499327,103587.2699999999,13289.969999999996,0,31912.0,14475.0,8862.6,6983.8,3377.7999999999997,9361.0,971.5,30.8,29142007575.811745,119.9355316136628,1303.9697605938964
3,421279.73999999784,191744.39999999997,23090.631546300043,29656.706700000013,3188.160174599965,118295.37999999999,15106.779999999968,0,31912.0,14475.0,8862.6,6983.8,3377.7999999999997,9361.0,971.5,30.8,54258201430.8452,132.19570455747743,1328.5094211511946
4,236254.78000000044,126957.21000000006,17329.846952000004,22002.342208999984,2623.6801078499816,72689.85999999993,203.69999999999996,0,31912.0,14475.0,8862.6,6983.8,3377.7999999999997,9361.0,971.5,30.8,39994735611.186424,41.75460996856798,769.7719666395828
5,430883.9799999977,196642.4299999999,23464.752699000044,29595.668287999964,3122.2863189999775,109230.72999999995,13406.369999999995,0,31912.0,14475.0,8862.6,6983.8,3377.7999999999997,9361.0,971.5,30.8,77204417584.0633,129.20521677977715,1355.4836503971378
6,254736.54000000015,120144.57999999991,17181.47827400001,21639.49454449998,4197.55056109998,71798.42999999993,231.82999999999993,0,31912.0,14475.0,8862.6,6983.8,3377.7999999999997,9361.0,971.5,30.8,52529034826.21979,41.139077911995706,791.2211847028417
7,276096.84,147111.46,20640.79163110002,24941.582872000006,7136.700801899929,69176.51999999995,1253.2400000000011,0,31912.0,14475.0,8862.6,6983.8,3377.7999999999997,9361.0,971.5,30.8,25528144622.22019,42.982644775229424,901.4507465010824
