,contributed_CCGT,contributed_Coal,contributed_Onshore,contributed_Offshore,contributed_PV,contributed_Nuclear,contributed_Recip_gas,contributed_Biomass,total_CCGT,total_Coal,total_Onshore,total_Offshore,total_PV,total_Nuclear,total_Recip_gas,Carbon_tax,total_genco_wealth,Electricity_cost,Carbon_emitted
0,341550.8799999987,259147.51999999996,22086.30889170005,29040.89013799999,3154.551064599939,116823.89000000001,13047.469999999996,0,31912.0,14475.0,8862.6,6983.8,3377.7999999999997,9361.0,971.5,30.8,9439949582.191711,73.45147509574524,1311.0814935329593
1,244135.08000000028,240738.5,22230.72618740001,29050.704511999968,3119.8473650499777,106110.23999999996,2796.5100000000007,0,31912.0,14475.0,8862.6,6983.8,3377.7999999999997,9361.0,971.5,30.8,2829464542.8676896,50.615281686471455,1044.046762883002
2,355878.73999999836,249854.74999999997,19707.24918779982,27637.068069999998,1651.9984203999343,114565.73000000001,13268.629999999996,0,31912.0,14475.0,8862.6,6983.8,3377.7999999999997,9361.0,971.5,30.8,11749198822.360367,85.61463799709357,1320.7570957404982
3,383197.65999999794,246439.83999999994,22595.018427100014,29521.64679600001,3185.4410485499643,121445.94000000003,13289.969999999996,0,31912.0,14475.0,8862.6,6983.8,3377.7999999999997,9361.0,971.5,30.8,25702686398.683376,95.37966275014708,1369.5619698763182
4,157728.18000000023,193911.50999999986,16839.2044135,21021.80279649999,3047.92130254998,95780.70999999993,231.82999999999993,0,31912.0,14475.0,8862.6,6983.8,3377.7999999999997,9361.0,971.5,30.8,11010869656.513323,38.280484189858164,753.3525758909825
5,366175.46999999834,261891.19,22714.033178500023,29329.932691999962,3122.2863189999775,120124.8,13289.969999999996,0,31912.0,14475.0,8862.6,6983.8,3377.7999999999997,9361.0,971.5,30.8,30582698193.152073,95.08945008296105,1367.6839059836182
6,175482.54000000027,184605.13999999996,15642.148026000008,20219.82830999998,2918.14831809998,90503.9099999999,193.99999999999997,0,31912.0,14475.0,8862.6,6983.8,3377.7999999999997,9361.0,971.5,30.8,7701408038.0551195,36.74400627090914,768.5509163857229
7,189405.70000000016,211121.51999999996,19460.28022320001,24294.773690500006,6944.207037249932,100772.32999999996,161.02,0,31912.0,14475.0,8862.6,6983.8,3377.7999999999997,9361.0,971.5,30.8,-20481769297.23191,38.17948133977213,858.9251365249631
