,contributed_CCGT,contributed_Coal,contributed_Onshore,contributed_Offshore,contributed_PV,contributed_Nuclear,contributed_Recip_gas,contributed_Biomass,total_CCGT,total_Coal,total_Onshore,total_Offshore,total_PV,total_Nuclear,total_Recip_gas,Carbon_tax,total_genco_wealth,Electricity_cost,Carbon_emitted
0,335378.61000000034,233641.7699999997,56467.634659500014,26688.164939999984,3173.318765849936,99207.71999999993,12509.119999999994,0,31912.0,14475.0,8862.6,6983.8,3377.7999999999997,9361.0,971.5,30.8,108621689196.21962,353.15255080664275,1241.2640753944577
1,257386.8700000001,217426.69999999975,49197.20569719992,25137.561915499973,3133.910546849974,76054.78999999994,6061.529999999995,0,31912.0,14475.0,8862.6,6983.8,3377.7999999999997,9361.0,971.5,30.8,123775007308.79391,111.61953930537732,1020.5322716865987
2,350799.93,222298.77999999977,53450.535630599785,26545.00510000002,1663.179754849935,105503.01999999993,11974.64999999999,0,31912.0,14475.0,8862.6,6983.8,3377.7999999999997,9361.0,971.5,30.8,248806187929.09143,351.54541899835704,1241.49502537444
3,352922.3999999997,241193.3799999998,57917.69274229983,25829.37603500001,3190.6237269999615,106397.35999999997,13839.959999999977,0,31912.0,14475.0,8862.6,6983.8,3377.7999999999997,9361.0,971.5,30.8,395513290715.7312,355.2258618732565,1285.844291425239
4,179438.62999999986,166202.45999999993,40719.657043600004,19061.098888999975,2785.6846375499767,65629.22999999995,295.84999999999985,0,31912.0,14475.0,8862.6,6983.8,3377.7999999999997,9361.0,971.5,30.8,383288264474.4023,37.3974096833491,735.9136699590817
5,369127.77999999886,243757.9499999998,57597.16766890014,30393.11724799997,3140.558031649975,99026.32999999994,13217.219999999994,0,31912.0,14475.0,8862.6,6983.8,3377.7999999999997,9361.0,971.5,30.8,603764450517.1957,356.90212351950566,1322.0181669940978
6,180294.91999999972,181888.92999999967,40099.079978699825,20042.877965999975,3465.3632583499716,60247.66999999996,367.62999999999977,0,31912.0,14475.0,8862.6,6983.8,3377.7999999999997,9361.0,971.5,30.8,584666083188.3119,37.60194979763532,772.9892485641393
7,217396.93999999994,175627.83999999965,41667.3285844998,22426.782962,6114.709397049966,77105.29999999993,3092.844999999998,0,31912.0,14475.0,8862.6,6983.8,3377.7999999999997,9361.0,971.5,30.8,561418536563.7183,40.26096375093309,840.0091809503205
