,contributed_CCGT,contributed_Coal,contributed_Onshore,contributed_Offshore,contributed_PV,contributed_Nuclear,contributed_Recip_gas,contributed_Biomass,total_CCGT,total_Coal,total_Onshore,total_Offshore,total_PV,total_Nuclear,total_Recip_gas,Carbon_tax,total_genco_wealth,Electricity_cost,Carbon_emitted
0,330836.6800000005,234629.04999999993,43278.685862399805,21040.07893449999,3123.9702742499408,88943.17999999996,5429.574999999996,0,31912.0,14475.0,8862.6,6983.8,3377.7999999999997,9361.0,971.5,30.8,8079041906.375129,58.01194602480886,1225.7355860818964
1,225488.2900000005,208620.18000000002,35515.1429859,18167.961746999965,3083.168184999978,93484.71999999996,2465.254999999998,0,31912.0,14475.0,8862.6,6983.8,3377.7999999999997,9361.0,971.5,30.8,-2140561991.1482983,28.876738849849087,950.8025081216367
2,326684.0200000006,232169.91999999993,41640.888547599774,18822.261136999936,1648.8558286499374,99705.32999999994,6633.344999999994,0,31912.0,14475.0,8862.6,6983.8,3377.7999999999997,9361.0,971.5,30.8,-34287443.95513609,57.77488183922673,1222.5322616181559
3,340723.36999999994,242571.44999999992,43403.23251409968,21143.908382999995,3152.6908334499635,104058.68999999993,9247.009999999987,0,31912.0,14475.0,8862.6,6983.8,3377.7999999999997,9361.0,971.5,30.8,7437255837.415604,70.9866952824131,1274.8219953070932
4,142812.12999999998,156559.9399999999,26658.425842799945,15372.112468999989,2998.7955801999806,75950.02999999997,999.1000000000006,0,31912.0,14475.0,8862.6,6983.8,3377.7999999999997,9361.0,971.5,30.8,-16485660962.02656,6.658970916370099,662.5506138961208
5,342824.5400000001,235411.53999999995,41019.64601419994,21108.540880499986,3078.9755993999793,111653.78999999994,9090.83999999999,0,31912.0,14475.0,8862.6,6983.8,3377.7999999999997,9361.0,971.5,30.8,-5455501644.405383,69.91947000804095,1260.4308164529136
6,156155.75999999995,156574.48999999987,26985.108544099934,15723.003385999984,2934.745698149978,66449.84999999995,999.1000000000008,0,31912.0,14475.0,8862.6,6983.8,3377.7999999999997,9361.0,971.5,30.8,-41781518429.95152,7.828438553694134,688.4891896370204
7,172482.11000000007,174737.49999999983,30250.511247899958,16705.97921599998,5661.583872999982,83900.14999999997,989.4000000000005,0,31912.0,14475.0,8862.6,6983.8,3377.7999999999997,9361.0,971.5,30.8,-76679282210.92332,22.383792859512315,763.3223533249986
