,contributed_CCGT,contributed_Coal,contributed_Onshore,contributed_Offshore,contributed_PV,contributed_Nuclear,contributed_Recip_gas,contributed_Biomass,total_CCGT,total_Coal,total_Onshore,total_Offshore,total_PV,total_Nuclear,total_Recip_gas,Carbon_tax,total_genco_wealth,Electricity_cost,Carbon_emitted
0,339969.36999999994,232829.9599999997,53679.72292379989,30977.041447999993,3169.2830501999356,101782.09999999993,11999.869999999983,0,31912.0,14475.0,8862.6,6983.8,3377.7999999999997,9361.0,971.5,30.8,108015467225.2012,348.5617719335216,1237.1049294840795
1,267669.3499999999,207970.8899999996,48881.6764826999,24362.131720999965,3133.4219561999726,78025.82999999993,7265.784999999986,0,31912.0,14475.0,8862.6,6983.8,3377.7999999999997,9361.0,971.5,30.8,123522831747.98654,109.65709359445418,1022.7506682142197
2,367290.1599999996,214293.60999999972,56680.38724269981,27614.62957599998,1678.4114526499318,100884.84999999993,12618.729999999992,0,31912.0,14475.0,8862.6,6983.8,3377.7999999999997,9361.0,971.5,30.8,251462936351.47595,352.8648966733738,1250.0503149867793
3,398250.17999999877,226918.4299999997,58718.51067729982,27935.562616,3195.032814399961,97357.92999999995,13796.30999999998,0,31912.0,14475.0,8862.6,6983.8,3377.7999999999997,9361.0,971.5,30.8,386555415842.11536,353.83679048684803,1347.0994404451387
4,190938.4699999997,151947.18999999994,41231.07353859994,19626.42973399997,3090.927310149976,64449.709999999955,395.75999999999976,0,31912.0,14475.0,8862.6,6983.8,3377.7999999999997,9361.0,971.5,30.8,374958575536.20044,39.331744772458386,727.6519814916215
5,359233.9499999999,238684.87999999974,61120.94991289993,27690.126943999967,3138.5176713499754,106981.29999999996,12445.099999999995,0,31912.0,14475.0,8862.6,6983.8,3377.7999999999997,9361.0,971.5,30.8,610308772910.7715,356.6112996811619,1298.4979302422414
6,173877.9199999999,175426.5899999997,38590.92918759982,18507.93948199997,2964.947564699978,75530.01999999995,330.7699999999998,0,31912.0,14475.0,8862.6,6983.8,3377.7999999999997,9361.0,971.5,30.8,590395265937.4136,36.57227129575202,745.2790214928204
7,221920.77999999997,170739.37999999974,42495.26922299987,22087.294761999998,7128.636129949938,72524.95999999995,7280.33499999999,0,31912.0,14475.0,8862.6,6983.8,3377.7999999999997,9361.0,971.5,30.8,567567469143.1154,40.805685827224366,846.7850809832399
