,contributed_CCGT,contributed_Coal,contributed_Onshore,contributed_Offshore,contributed_PV,contributed_Nuclear,contributed_Recip_gas,contributed_Biomass,total_CCGT,total_Coal,total_Onshore,total_Offshore,total_PV,total_Nuclear,total_Recip_gas,Carbon_tax,total_genco_wealth,Electricity_cost,Carbon_emitted
0,383546.3699999983,202873.66999999963,23300.55530880004,29579.745223999984,3154.551064599939,107932.86999999995,15014.629999999981,0,31912.0,14475.0,8862.6,6983.8,3377.7999999999997,9361.0,971.5,30.8,19473071604.11156,98.70306256929045,1274.3406863706575
1,302114.20000000007,185089.35999999964,23464.752699000044,29595.668287999964,3122.2863189999775,81673.02999999994,10340.685000000005,0,31912.0,14475.0,8862.6,6983.8,3377.7999999999997,9361.0,971.5,30.8,23506571621.034904,70.39146634425474,1058.5383101152784
2,396501.17999999796,181759.2399999999,21601.84304159999,29224.130127999983,1658.9456695999324,124394.73999999999,15046.639999999981,0,31912.0,14475.0,8862.6,6983.8,3377.7999999999997,9361.0,971.5,30.8,40313756805.662994,99.90904846101739,1255.9521540975168
3,410452.8999999979,205144.09999999966,23278.20383160005,29656.706700000013,3188.160174599965,120400.27999999998,15062.159999999982,0,31912.0,14475.0,8862.6,6983.8,3377.7999999999997,9361.0,971.5,30.8,60653549816.489876,106.1700424101504,1337.6680411317968
4,227388.8600000002,116985.83000000005,22720.86012580003,28795.269727999967,3120.785819199978,61396.14999999999,4879.584999999997,0,31912.0,14475.0,8862.6,6983.8,3377.7999999999997,9361.0,971.5,30.8,56565914249.29322,53.99473496591916,736.7522059603393
5,413721.9699999977,209758.2399999998,23464.752699000044,29595.668287999964,3122.2863189999775,112307.56999999996,14998.139999999981,0,31912.0,14475.0,8862.6,6983.8,3377.7999999999997,9361.0,971.5,30.8,85517286843.46313,103.35821297575256,1350.9258953995186
6,236505.0200000002,111483.98000000005,24612.81851870003,31681.266082999984,4485.463283499984,53479.00999999997,6352.529999999996,0,31912.0,14475.0,8862.6,6983.8,3377.7999999999997,9361.0,971.5,30.8,75987952563.39572,50.42274652846217,749.4684423440392
7,256681.6100000004,129682.20000000003,33303.57258059992,37373.819812000074,7413.668056649932,66701.07999999996,10276.665000000005,0,31912.0,14475.0,8862.6,6983.8,3377.7999999999997,9361.0,971.5,30.8,71009452620.01376,56.51822997211155,839.0475954856006
