,contributed_CCGT,contributed_Coal,contributed_Onshore,contributed_Offshore,contributed_PV,contributed_Nuclear,contributed_Recip_gas,contributed_Biomass,total_CCGT,total_Coal,total_Onshore,total_Offshore,total_PV,total_Nuclear,total_Recip_gas,Carbon_tax,total_genco_wealth,Electricity_cost,Carbon_emitted
0,357756.89999999845,251444.22999999998,23291.90125980004,29579.745223999984,3154.551064599939,96396.65999999996,13268.62999999999,0,31912.0,14475.0,8862.6,6983.8,3377.7999999999997,9361.0,971.5,30.8,29713512892.58963,144.5019458200126,1327.192353353538
1,279335.16000000015,220394.4600000001,23195.41566050004,29595.668287999964,3120.777670149978,81549.83999999997,5463.039999999997,0,31912.0,14475.0,8862.6,6983.8,3377.7999999999997,9361.0,971.5,30.8,24069795070.310097,54.778980806765354,1081.9423090950802
2,354538.2099999987,256845.45999999996,21514.433683799954,29224.130127999983,1658.9433711499328,96521.78999999996,13268.62999999999,0,31912.0,14475.0,8862.6,6983.8,3377.7999999999997,9361.0,971.5,30.8,62755943443.28604,169.54375525212512,1333.6820858330766
3,377147.7399999984,257259.41999999993,23062.59207640004,29656.706700000013,3187.0623114999644,105355.57999999994,13271.53999999999,0,31912.0,14475.0,8862.6,6983.8,3377.7999999999997,9361.0,971.5,30.8,100125088459.75601,157.80342732196772,1381.386008549156
4,165020.58000000037,195190.85000000003,17509.880571900005,22271.523340999986,2746.2450336999837,79124.83999999997,157.14000000000001,0,31912.0,14475.0,8862.6,6983.8,3377.7999999999997,9361.0,971.5,30.8,85647383285.72723,39.64243400509101,770.9064535883033
5,380765.1199999982,256864.21999999986,23462.917653000044,29595.668287999964,3122.2863189999775,99849.85999999996,13269.59999999999,0,31912.0,14475.0,8862.6,6983.8,3377.7999999999997,9361.0,971.5,30.8,142476357865.70947,158.51662262749753,1387.8435032595569
6,183011.25000000017,188011.55000000002,18180.768277600004,23412.737098999965,3837.0902195999715,73337.81999999998,157.14000000000001,0,31912.0,14475.0,8862.6,6983.8,3377.7999999999997,9361.0,971.5,30.8,120075316817.70905,40.58401373138884,792.2845980269026
7,234321.12000000026,176657.95999999993,21745.33323070003,26340.700996000007,7069.97793269994,80406.20999999998,209.51999999999995,0,31912.0,14475.0,8862.6,6983.8,3377.7999999999997,9361.0,971.5,30.8,94466633909.50185,42.86833844039455,879.5803243080816
