,contributed_CCGT,contributed_Coal,contributed_Onshore,contributed_Offshore,contributed_PV,contributed_Nuclear,contributed_Recip_gas,contributed_Biomass,total_CCGT,total_Coal,total_Onshore,total_Offshore,total_PV,total_Nuclear,total_Recip_gas,Carbon_tax,total_genco_wealth,Electricity_cost,Carbon_emitted
0,328133.2199999997,262991.75999999995,51427.02428569987,31008.430675999993,3165.820611899937,86938.18999999992,12133.729999999989,0,31912.0,14475.0,8862.6,6983.8,3377.7999999999997,9361.0,971.5,30.8,96932328477.90471,312.01281092925916,1279.4708009804813
1,242469.9000000001,246133.29999999996,45566.89397920002,24679.144427999963,3115.968645299976,78284.81999999993,3738.3799999999987,0,31912.0,14475.0,8862.6,6983.8,3377.7999999999997,9361.0,971.5,30.8,108519212563.70256,84.56488168106517,1049.4962585534015
2,320335.0299999997,268073.32000000007,48437.545890399684,23222.945965000003,1660.5244939999338,104815.28999999992,12379.139999999987,0,31912.0,14475.0,8862.6,6983.8,3377.7999999999997,9361.0,971.5,30.8,235838186460.07584,332.6380712813372,1277.8405604013576
3,334978.22999999963,260135.73999999996,54897.8030136997,24130.031445000008,3192.3110806999616,115737.48999999998,12110.449999999988,0,31912.0,14475.0,8862.6,6983.8,3377.7999999999997,9361.0,971.5,30.8,374089449829.1845,350.3694591268204,1290.5375852445204
4,136448.17999999996,211423.18000000008,39024.81135159999,19060.234502999974,2766.1587386499764,66911.56999999995,376.3599999999998,0,31912.0,14475.0,8862.6,6983.8,3377.7999999999997,9361.0,971.5,30.8,361718212173.7254,32.53792703209448,749.5230772056397
5,345135.2000000003,256159.22999999995,58887.133935000005,27383.601343999962,3140.133207449975,105138.29999999996,12783.629999999988,0,31912.0,14475.0,8862.6,6983.8,3377.7999999999997,9361.0,971.5,30.8,600912622227.8115,356.8265930510593,1310.738373283538
6,145862.22000000006,222456.8099999999,36317.510224299825,18329.34685399997,2676.439337549973,64414.78999999996,305.54999999999984,0,31912.0,14475.0,8862.6,6983.8,3377.7999999999997,9361.0,971.5,30.8,581238537043.5167,32.5142789732444,793.1102540203796
7,189502.56999999972,213189.29999999993,42040.8961290998,21704.770478999995,7122.82858434994,75556.20999999993,332.7099999999998,0,31912.0,14475.0,8862.6,6983.8,3377.7999999999997,9361.0,971.5,30.8,559577240823.8094,37.95546628143243,861.5478928413996
