,contributed_CCGT,contributed_Coal,contributed_Onshore,contributed_Offshore,contributed_PV,contributed_Nuclear,contributed_Recip_gas,contributed_Biomass,total_CCGT,total_Coal,total_Onshore,total_Offshore,total_PV,total_Nuclear,total_Recip_gas,Carbon_tax,total_genco_wealth,Electricity_cost,Carbon_emitted
0,390884.4599999983,216890.8799999998,23300.55530880004,29579.745223999984,3154.551064599939,83171.67999999996,13111.489999999998,0,31912.0,14475.0,8862.6,6983.8,3377.7999999999997,9361.0,971.5,30.8,52768925853.61179,223.27829662863303,1318.868369230234
1,310198.13999999966,207644.75999999978,23464.752699000044,29595.668287999964,3122.2863189999775,56519.96000000001,6798.729999999997,0,31912.0,14475.0,8862.6,6983.8,3377.7999999999997,9361.0,971.5,30.8,60848015742.79394,100.63314705953849,1119.7801237944786
2,381755.1599999984,226480.4599999998,21601.84304159999,29224.130127999983,1658.9456695999324,83749.79999999996,13086.27,0,31912.0,14475.0,8862.6,6983.8,3377.7999999999997,9361.0,971.5,30.8,140421766040.37958,286.81073826444555,1321.6828632630734
3,409215.53999999777,231733.83999999982,23278.20383160005,29656.706700000013,3188.160174599965,85039.89999999997,14966.129999999986,0,31912.0,14475.0,8862.6,6983.8,3377.7999999999997,9361.0,971.5,30.8,238974455775.17078,328.0295483850977,1392.9659320883147
4,205111.47000000003,176493.98999999993,19398.202473599973,25175.783578999984,3111.9693828999766,47898.600000000006,0.0,0,31912.0,14475.0,8862.6,6983.8,3377.7999999999997,9361.0,971.5,30.8,225605765195.4969,43.81310037856169,816.6738081580223
5,395773.4999999981,235284.47999999986,23464.752699000044,29595.668287999964,3122.2863189999775,94577.90999999995,13827.835,0,31912.0,14475.0,8862.6,6983.8,3377.7999999999997,9361.0,971.5,30.8,360106413992.03076,291.9466937644608,1371.2907430330356
6,213511.4700000003,174382.68999999992,21148.327320999957,26546.927736999976,4458.777900899981,45017.7,0.0,0,31912.0,14475.0,8862.6,6983.8,3377.7999999999997,9361.0,971.5,30.8,338772815580.2714,43.403518393325925,830.9574162806219
7,250580.07000000007,172025.03999999983,27928.16996599998,35409.85610300002,7383.399539749929,47442.7,1757.1550000000002,0,31912.0,14475.0,8862.6,6983.8,3377.7999999999997,9361.0,971.5,30.8,313526261679.54956,45.3041878350661,906.2667634359215
