,contributed_CCGT,contributed_Coal,contributed_Onshore,contributed_Offshore,contributed_PV,contributed_Nuclear,contributed_Recip_gas,contributed_Biomass,total_CCGT,total_Coal,total_Onshore,total_Offshore,total_PV,total_Nuclear,total_Recip_gas,Carbon_tax,total_genco_wealth,Electricity_cost,Carbon_emitted
0,323414.2199999989,219044.70999999967,23300.55530880004,29579.745223999984,3154.551064599939,165604.86687359976,16516.67499999999,0,31912.0,14475.0,8862.6,6983.8,3377.7999999999997,9361.0,971.5,30.8,16543042805.589436,101.27746971166123,1191.821229854579
1,264857.7000000004,153286.07,23464.752699000044,29595.668287999964,3122.2863189999775,165604.86687359976,13408.309999999992,0,31912.0,14475.0,8862.6,6983.8,3377.7999999999997,9361.0,971.5,30.8,11629745230.715437,57.77879790713308,917.1353064858606
2,327118.4399999989,211113.10999999955,21601.84304159999,29224.130127999983,1658.9456695999324,165604.86687359976,17391.13000000001,0,31912.0,14475.0,8862.6,6983.8,3377.7999999999997,9361.0,971.5,30.8,20380560330.5018,90.26319334281915,1183.3701740477782
3,357724.87999999814,213330.31999999957,23278.20383160005,29656.706700000013,3188.160174599965,165604.86687359976,18430.970000000023,0,31912.0,14475.0,8862.6,6983.8,3377.7999999999997,9361.0,971.5,30.8,48027437152.698906,134.1100916080466,1254.407939767357
4,142382.34000000008,130696.81000000003,22097.382838500016,29595.668287999968,3116.600719849977,145951.70944480007,11523.599999999997,0,31912.0,14475.0,8862.6,6983.8,3377.7999999999997,9361.0,971.5,30.8,35038321059.88604,43.53103936652142,604.9898283203815
5,354317.39999999834,220016.40999999974,23464.752699000044,29595.668287999964,3122.2863189999775,165604.86687359976,18012.415000000015,0,31912.0,14475.0,8862.6,6983.8,3377.7999999999997,9361.0,971.5,30.8,52283646446.246376,92.702099959888,1259.7592868911777
6,143838.9000000001,141597.23000000004,25107.37461920003,32925.914206999994,4477.2553294999825,132812.50266480024,12571.199999999995,0,31912.0,14475.0,8862.6,6983.8,3377.7999999999997,9361.0,971.5,30.8,32098374628.134697,41.97812775195407,633.4722788275423
7,176132.4000000002,147587.8,31269.34905039993,38306.24775700007,7415.083125749929,144229.7915184001,10999.799999999997,0,31912.0,14475.0,8862.6,6983.8,3377.7999999999997,9361.0,971.5,30.8,8907834127.055908,43.99999282719539,710.2712864644022
