,contributed_CCGT,contributed_Coal,contributed_Onshore,contributed_Offshore,contributed_PV,contributed_Nuclear,contributed_Recip_gas,contributed_Biomass,total_CCGT,total_Coal,total_Onshore,total_Offshore,total_PV,total_Nuclear,total_Recip_gas,Carbon_tax,total_genco_wealth,Electricity_cost,Carbon_emitted
0,310708.5299999995,271268.96,55364.41215319983,25854.49312399998,3162.2444127499375,92348.84999999993,11940.699999999993,0,31912.0,14475.0,8862.6,6983.8,3377.7999999999997,9361.0,971.5,30.8,94192942513.49768,314.18587395872976,1270.44677690608
1,240282.27000000005,243516.19999999984,51098.007289099965,26821.587271999968,3139.9558622499735,71288.20999999995,4486.734999999998,0,31912.0,14475.0,8862.6,6983.8,3377.7999999999997,9361.0,971.5,30.8,104371355484.85558,86.11410793324599,1040.829157957601
2,350605.47999999975,244294.90999999995,52465.91767239958,26204.74413999998,1676.5963297499325,84561.68999999993,12031.879999999994,0,31912.0,14475.0,8862.6,6983.8,3377.7999999999997,9361.0,971.5,30.8,230385510593.68173,337.066043136655,1285.572749264178
3,343482.2199999998,256461.37999999992,58139.29311259971,26621.591460000007,3202.6485150499616,112348.30999999997,13041.649999999989,0,31912.0,14475.0,8862.6,6983.8,3377.7999999999997,9361.0,971.5,30.8,383645507216.6561,354.0203998657183,1305.0364413892387
4,138293.45,212203.88000000003,38410.54882179996,19399.54125299997,2616.9616277499795,66955.21999999996,235.7099999999999,0,31912.0,14475.0,8862.6,6983.8,3377.7999999999997,9361.0,971.5,30.8,371962081488.4197,34.424419166324476,754.7255082242393
5,337735.7999999996,257501.20999999996,54421.63360269997,27459.837247999963,3139.2591333999753,125980.69000000003,12639.099999999988,0,31912.0,14475.0,8862.6,6983.8,3377.7999999999997,9361.0,971.5,30.8,606138201537.9948,351.37432049112135,1286.5568771915785
6,164705.40999999995,191141.87000000005,38570.39048519983,19059.484933999967,4231.097160049986,63769.73999999997,403.51999999999975,0,31912.0,14475.0,8862.6,6983.8,3377.7999999999997,9361.0,971.5,30.8,586482329667.6989,33.36279814859632,761.684714334259
7,204668.60999999993,199362.28000000012,42051.48777249982,22337.498580000003,7206.801963949935,70054.36999999995,332.7099999999998,0,31912.0,14475.0,8862.6,6983.8,3377.7999999999997,9361.0,971.5,30.8,565880450875.2029,39.65537037291572,861.4813692674393
