,contributed_CCGT,contributed_Coal,contributed_Onshore,contributed_Offshore,contributed_PV,contributed_Nuclear,contributed_Recip_gas,contributed_Biomass,total_CCGT,total_Coal,total_Onshore,total_Offshore,total_PV,total_Nuclear,total_Recip_gas,Carbon_tax,total_genco_wealth,Electricity_cost,Carbon_emitted
0,315392.6400000008,218114.68999999994,43429.86075039985,22507.245738,3130.2225988999394,108536.20999999995,5537.244999999994,0,31912.0,14475.0,8862.6,6983.8,3377.7999999999997,9361.0,971.5,30.8,7385708689.9946,58.0621166789561,1163.6127354266157
1,209278.27000000028,203010.24000000002,38308.77344389997,19280.590194999964,3098.8972857999775,97853.59999999995,2980.809999999996,0,31912.0,14475.0,8862.6,6983.8,3377.7999999999997,9361.0,971.5,30.8,-2974126725.773742,30.272251432707225,902.9275649555178
2,319389.6900000004,242211.00999999986,40122.54776099979,20166.235123999973,1645.1639663499375,92086.94999999994,9033.124999999989,0,31912.0,14475.0,8862.6,6983.8,3377.7999999999997,9361.0,971.5,30.8,2666033560.6757736,69.66353476027352,1230.2761532619752
3,348768.6199999997,231054.28999999992,40773.59811309977,19896.24180499997,3111.439039149967,112151.39999999994,12444.615,0,31912.0,14475.0,8862.6,6983.8,3377.7999999999997,9361.0,971.5,30.8,11088271568.444077,72.2688822657966,1268.4012431674137
4,149247.41999999995,167643.1599999999,22312.00635769996,11776.430935499995,2711.3096186499806,89056.66999999994,533.5,0,31912.0,14475.0,8862.6,6983.8,3377.7999999999997,9361.0,971.5,30.8,-12622866642.419422,7.598838170806256,693.4928595376804
5,348387.29,236492.91999999993,44819.75979209992,22752.85847549999,3112.2837698999774,94714.67999999995,11957.675000000001,0,31912.0,14475.0,8862.6,6983.8,3377.7999999999997,9361.0,971.5,30.8,-1957163423.2009063,73.29638195907161,1283.5002431721543
6,159742.50999999998,148034.19999999987,29128.83371559995,15584.943799999986,4145.8028989499835,74459.13999999996,1047.6000000000008,0,31912.0,14475.0,8862.6,6983.8,3377.7999999999997,9361.0,971.5,30.8,-37193830484.41336,9.749810681780781,676.8119611115994
7,160426.97999999995,179312.14999999994,32615.535168199927,16096.191505999986,5941.317572899971,91160.59999999995,1193.1000000000008,0,31912.0,14475.0,8862.6,6983.8,3377.7999999999997,9361.0,971.5,30.8,-73530628945.8211,21.834977430644866,749.4718152857
