,contributed_CCGT,contributed_Coal,contributed_Onshore,contributed_Offshore,contributed_PV,contributed_Nuclear,contributed_Recip_gas,contributed_Biomass,total_CCGT,total_Coal,total_Onshore,total_Offshore,total_PV,total_Nuclear,total_Recip_gas,Carbon_tax,total_genco_wealth,Electricity_cost,Carbon_emitted
0,394448.9899999984,189863.16999999995,23300.55530880004,29579.745223999984,3154.551064599939,118323.50999999998,14066.454999999994,0,31912.0,14475.0,8862.6,6983.8,3377.7999999999997,9361.0,971.5,30.8,20602515149.65872,101.61380016702954,1265.5638157216595
1,323979.3099999996,159488.41,23464.752699000044,29595.668287999964,3122.2863189999775,77207.14999999995,10330.985000000006,0,31912.0,14475.0,8862.6,6983.8,3377.7999999999997,9361.0,971.5,30.8,25324970181.95699,70.22356949784661,1042.3289231471801
2,401418.9499999979,194988.46999999994,21601.84304159999,29224.130127999983,1658.9456695999324,104990.85999999997,15054.399999999981,0,31912.0,14475.0,8862.6,6983.8,3377.7999999999997,9361.0,971.5,30.8,40299019623.338905,93.81727935026812,1290.792027041057
3,417323.36999999784,217139.56999999975,23278.20383160005,29656.706700000013,3188.160174599965,105811.47999999998,14123.684999999994,0,31912.0,14475.0,8862.6,6983.8,3377.7999999999997,9361.0,971.5,30.8,58876770368.50449,103.04195654181824,1376.476658748859
4,236367.09000000026,117913.51000000008,22870.81037910003,29471.92881199997,3119.763496499978,51497.29999999998,5864.619999999996,0,31912.0,14475.0,8862.6,6983.8,3377.7999999999997,9361.0,971.5,30.8,54923949147.20687,52.80452764342615,760.1346978469797
5,422012.56999999756,202867.82999999967,23464.752699000044,29595.668287999964,3122.2863189999775,109061.94999999998,14962.24999999998,0,31912.0,14475.0,8862.6,6983.8,3377.7999999999997,9361.0,971.5,30.8,88032302520.44771,108.6100370511142,1354.7178392863382
6,216310.90000000014,124230.45000000006,26337.9140681,32846.21323499998,4471.244395199982,58809.15999999996,7292.459999999995,0,31912.0,14475.0,8862.6,6983.8,3377.7999999999997,9361.0,971.5,30.8,79133498079.74072,50.29434851320021,739.8647152690997
7,253060.8200000002,121553.74000000008,33959.9906992999,38306.24775700007,7431.017224899934,60622.08999999998,10009.43,0,31912.0,14475.0,8862.6,6983.8,3377.7999999999997,9361.0,971.5,30.8,72952991312.81508,55.239958288027175,811.8356153485194
