,contributed_CCGT,contributed_Coal,contributed_Onshore,contributed_Offshore,contributed_PV,contributed_Nuclear,contributed_Recip_gas,contributed_Biomass,total_CCGT,total_Coal,total_Onshore,total_Offshore,total_PV,total_Nuclear,total_Recip_gas,Carbon_tax,total_genco_wealth,Electricity_cost,Carbon_emitted
0,344769.9999999986,254806.46999999997,22142.674408300045,28735.201531999985,3154.551064599939,117745.39,12531.914999999999,0,31912.0,14475.0,8862.6,6983.8,3377.7999999999997,9361.0,971.5,30.8,9062284170.249327,73.83035601002253,1307.7600801950596
1,252813.0000000003,236202.76000000018,22651.87645150002,29319.430783999964,3120.2956224999775,102859.76999999996,2098.1100000000015,0,31912.0,14475.0,8862.6,6983.8,3377.7999999999997,9361.0,971.5,30.8,2378119634.268754,49.926181198595906,1055.6219557184838
2,351159.5699999983,248707.23,20439.850320799855,28690.94939199998,1657.1837335499326,117759.94,13289.969999999996,0,31912.0,14475.0,8862.6,6983.8,3377.7999999999997,9361.0,971.5,30.8,11213130865.992798,85.53659441198128,1307.7357573275378
3,376055.8299999982,246893.03999999998,22506.78042739997,29656.706700000013,3184.253824499964,124662.46000000002,13289.969999999996,0,31912.0,14475.0,8862.6,6983.8,3377.7999999999997,9361.0,971.5,30.8,25277396329.138462,95.71982026050652,1356.075324549918
4,145490.50000000017,209212.38000000015,16806.379506799996,20928.39956599999,2602.9343976499827,95856.3699999999,192.05999999999997,0,31912.0,14475.0,8862.6,6983.8,3377.7999999999997,9361.0,971.5,30.8,10174915073.3991,36.00177591013468,762.5716831072428
5,365033.01999999833,265451.72000000003,22732.980867500024,29247.43020799997,3121.9208654499776,120131.59000000003,13288.999999999995,0,31912.0,14475.0,8862.6,6983.8,3377.7999999999997,9361.0,971.5,30.8,29865178165.447983,95.35816190879224,1373.307722904558
6,174966.82000000024,193851.14000000004,17431.179980800003,22397.94339399997,2960.8136295499808,80319.8799999999,184.29999999999998,0,31912.0,14475.0,8862.6,6983.8,3377.7999999999997,9361.0,971.5,30.8,7124925846.40508,37.301564361478675,789.0399893737228
7,203142.86000000036,196420.3900000001,20854.40925060003,25598.665619500007,7132.387466949931,97087.29999999994,205.63999999999996,0,31912.0,14475.0,8862.6,6983.8,3377.7999999999997,9361.0,971.5,30.8,-20419736852.455227,38.72460976408437,854.003658485224
