,contributed_CCGT,contributed_Coal,contributed_Onshore,contributed_Offshore,contributed_PV,contributed_Nuclear,contributed_Recip_gas,contributed_Biomass,total_CCGT,total_Coal,total_Onshore,total_Offshore,total_PV,total_Nuclear,total_Recip_gas,Carbon_tax,total_genco_wealth,Electricity_cost,Carbon_emitted
0,363864.59999999846,262091.84999999995,23298.72026280004,29579.745223999984,3154.551064599939,78019.03999999998,13268.62999999999,0,31912.0,14475.0,8862.6,6983.8,3377.7999999999997,9361.0,971.5,30.8,38124158516.110535,171.30109157329852,1364.321441686297
1,273419.5200000001,249887.93000000002,23425.22784710004,29595.668287999964,3122.2077239499777,56547.12,4057.51,0,31912.0,14475.0,8862.6,6983.8,3377.7999999999997,9361.0,971.5,30.8,35535920651.401855,65.36108782860025,1131.9678342861387
2,360933.08999999857,257867.71999999997,21601.84304159999,29224.130127999983,1658.9433711499328,81493.57999999996,13270.56999999999,0,31912.0,14475.0,8862.6,6983.8,3377.7999999999997,9361.0,971.5,30.8,76282593994.4857,173.48326551352628,1348.9014896725564
3,390213.8199999981,255660.45999999993,23266.245448500053,29656.706700000013,3188.032516099965,83435.51999999996,14084.399999999987,0,31912.0,14475.0,8862.6,6983.8,3377.7999999999997,9361.0,971.5,30.8,124948505773.57808,190.69132846406842,1405.9923406030766
4,187797.84000000017,194618.76000000007,18877.717206099995,24506.856107999985,3067.1504237999784,52909.62,200.78999999999996,0,31912.0,14475.0,8862.6,6983.8,3377.7999999999997,9361.0,971.5,30.8,110794255875.83896,40.967298871589264,817.7574700864815
5,383179.3999999982,265910.71,23464.752699000044,29595.668287999964,3122.2863189999775,82323.89999999997,13270.56999999999,0,31912.0,14475.0,8862.6,6983.8,3377.7999999999997,9361.0,971.5,30.8,194517930310.97736,207.67735151106731,1412.0558204525767
6,190695.6900000001,204766.47999999998,19340.690979599964,24641.978588499984,3121.457464099977,43760.579999999994,192.05999999999997,0,31912.0,14475.0,8862.6,6983.8,3377.7999999999997,9361.0,971.5,30.8,173543271762.10822,41.80880269241197,848.350373559042
7,218730.45000000024,231418.24000000017,20404.070658300025,24654.198258000004,6019.978601249973,48541.70999999999,165.87,0,31912.0,14475.0,8862.6,6983.8,3377.7999999999997,9361.0,971.5,30.8,146866251411.43277,40.85865392321729,970.0346339795217
