,contributed_CCGT,contributed_Coal,contributed_Onshore,contributed_Offshore,contributed_PV,contributed_Nuclear,contributed_Recip_gas,contributed_Biomass,total_CCGT,total_Coal,total_Onshore,total_Offshore,total_PV,total_Nuclear,total_Recip_gas,Carbon_tax,total_genco_wealth,Electricity_cost,Carbon_emitted
0,365397.1499999985,266692.02000000014,23300.55530880004,29579.745223999984,3154.551064599939,74599.78999999998,13268.62999999999,0,31912.0,14475.0,8862.6,6983.8,3377.7999999999997,9361.0,971.5,30.8,37701983277.986244,170.72489984833624,1377.697328323957
1,278514.4800000002,248563.10000000003,22592.36145160002,28795.269727999963,3120.9280544499775,56547.12,3874.1800000000003,0,31912.0,14475.0,8862.6,6983.8,3377.7999999999997,9361.0,971.5,30.8,34553206436.77328,63.662085311000034,1138.982220173799
2,364016.3599999987,258965.03000000003,21601.84304159999,29224.130127999983,1658.9445750999325,78711.61999999997,13259.89999999999,0,31912.0,14475.0,8862.6,6983.8,3377.7999999999997,9361.0,971.5,30.8,78216753635.69656,182.45653094697036,1358.5115726919362
3,382991.17999999813,264032.22,23278.20383160005,29656.706700000013,3188.032516099965,84671.29999999996,14016.984999999986,0,31912.0,14475.0,8862.6,6983.8,3377.7999999999997,9361.0,971.5,30.8,127152173814.52939,189.8623041474995,1409.8742574735556
4,178159.71000000028,214935.37000000014,17482.884531,22249.661940999984,3067.1504237999784,48059.62,174.6,0,31912.0,14475.0,8862.6,6983.8,3377.7999999999997,9361.0,971.5,30.8,112620932021.66647,39.99623008956146,841.719423407262
5,379851.5999999984,268775.2500000001,23464.752699000044,29595.668287999964,3122.2863189999775,83402.53999999996,13269.59999999999,0,31912.0,14475.0,8862.6,6983.8,3377.7999999999997,9361.0,971.5,30.8,197422564784.24435,206.9254671790068,1412.5673061794964
6,186896.22000000023,197933.22999999992,18356.5242266,23335.72032349997,3305.900176299981,53047.36,192.05999999999997,0,31912.0,14475.0,8862.6,6983.8,3377.7999999999997,9361.0,971.5,30.8,174949288836.52097,41.24168156474663,826.1250800355419
7,242610.66000000018,202415.09999999992,21060.77772060001,25578.493195999996,7020.199127449942,48059.62,366.65999999999997,0,31912.0,14475.0,8862.6,6983.8,3377.7999999999997,9361.0,971.5,30.8,148542868297.14844,42.37685599011329,954.2015153898017
