,contributed_CCGT,contributed_Coal,contributed_Onshore,contributed_Offshore,contributed_PV,contributed_Nuclear,contributed_Recip_gas,contributed_Biomass,total_CCGT,total_Coal,total_Onshore,total_Offshore,total_PV,total_Nuclear,total_Recip_gas,Carbon_tax,total_genco_wealth,Electricity_cost,Carbon_emitted
0,346546.0899999994,284288.36000000016,54646.822390999536,24456.334119999992,3157.348285299939,56240.599999999984,12910.69999999999,0,31912.0,14475.0,8862.6,6983.8,3377.7999999999997,9361.0,971.5,30.8,68899066810.07388,251.29942971206853,1371.854666827277
1,262335.26999999967,253284.30000000028,50772.9899225996,26289.32970799997,3127.411048299976,53311.19999999998,4623.019999999996,0,31912.0,14475.0,8862.6,6983.8,3377.7999999999997,9361.0,971.5,30.8,78077030657.00365,86.6811361356152,1108.6625465913971
2,317956.71999999945,280655.8100000002,54164.9457618996,23483.011454000003,1651.9858319999355,87559.9599999999,12945.619999999988,0,31912.0,14475.0,8862.6,6983.8,3377.7999999999997,9361.0,971.5,30.8,182403091494.931,306.4512254976627,1299.8289588423781
3,345448.16999999894,283036.1200000002,57001.29763889966,29954.70615600002,3195.0374754999625,91676.63999999991,13020.309999999992,0,31912.0,14475.0,8862.6,6983.8,3377.7999999999997,9361.0,971.5,30.8,309451532336.2243,351.45387122725805,1361.1940613757592
4,145400.23999999982,233321.4000000002,39754.86619579994,18874.592798999976,2910.1447655499787,42204.69999999998,999.1000000000007,0,31912.0,14475.0,8862.6,6983.8,3377.7999999999997,9361.0,971.5,30.8,294419165896.41815,30.47944515792122,817.8235655171992
5,352491.5799999989,295422.3200000002,55518.165087799796,24841.693107999985,3133.3333656499767,70554.88999999996,13261.839999999991,0,31912.0,14475.0,8862.6,6983.8,3377.7999999999997,9361.0,971.5,30.8,489411655784.5718,331.36369309695937,1407.1182018033578
6,152411.62999999977,239704.0800000002,37606.15816339987,18325.35548599998,4196.238368249985,43659.69999999999,1135.8700000000008,0,31912.0,14475.0,8862.6,6983.8,3377.7999999999997,9361.0,971.5,30.8,465907933398.4068,30.64222946124836,846.5766297038376
7,194887.93999999974,243564.73000000033,42944.761626099615,22268.853821999997,7089.314959549939,43797.43999999999,1206.680000000001,0,31912.0,14475.0,8862.6,6983.8,3377.7999999999997,9361.0,971.5,30.8,439807792750.4769,38.09979418032403,941.9868171125387
