,contributed_CCGT,contributed_Coal,contributed_Onshore,contributed_Offshore,contributed_PV,contributed_Nuclear,contributed_Recip_gas,contributed_Biomass,total_CCGT,total_Coal,total_Onshore,total_Offshore,total_PV,total_Nuclear,total_Recip_gas,Carbon_tax,total_genco_wealth,Electricity_cost,Carbon_emitted
0,344682.2399999987,197612.00999999954,23300.55530880004,29579.745223999984,3154.551064599939,165604.86687359976,18129.785000000018,0,31912.0,14475.0,8862.6,6983.8,3377.7999999999997,9361.0,971.5,30.8,17367006302.977417,103.37912427797043,1190.445039839978
1,214583.4000000004,205310.72999999957,23464.752699000044,29595.668287999964,3122.2863189999775,165604.86687359976,13408.309999999992,0,31912.0,14475.0,8862.6,6983.8,3377.7999999999997,9361.0,971.5,30.8,12011719394.669674,55.382903236054055,924.6970120005412
2,336549.119999999,205043.53999999948,21601.84304159999,29224.130127999983,1658.9456695999324,165604.86687359976,17769.43000000001,0,31912.0,14475.0,8862.6,6983.8,3377.7999999999997,9361.0,971.5,30.8,21011770921.948055,90.84368045860386,1189.7387770889184
3,354599.41999999824,213489.8999999995,23278.20383160005,29656.706700000013,3188.160174599965,165604.86687359976,18430.970000000023,0,31912.0,14475.0,8862.6,6983.8,3377.7999999999997,9361.0,971.5,30.8,48232174290.446144,134.69867186812272,1248.4193424601967
4,158483.1000000003,115584.90000000001,22191.845221500018,29595.668287999968,3116.600719849977,148459.39984960004,9428.4,0,31912.0,14475.0,8862.6,6983.8,3377.7999999999997,9361.0,971.5,30.8,35490771619.90165,45.29882466376396,598.776259690201
5,362168.999999998,209661.0899999995,23464.752699000044,29595.668287999964,3122.2863189999775,165604.86687359976,18373.740000000023,0,31912.0,14475.0,8862.6,6983.8,3377.7999999999997,9361.0,971.5,30.8,52056755453.04756,94.00929776382021,1255.1258139838176
6,133669.74000000005,152309.62999999992,25390.92793890003,33086.25110299999,4482.375400499983,132812.50266480024,12047.399999999996,0,31912.0,14475.0,8862.6,6983.8,3377.7999999999997,9361.0,971.5,30.8,31474906109.947697,43.12008825661735,635.6691979627424
7,159588.90000000029,158597.23999999993,31310.357158399936,38306.24775700007,7415.083125749929,145154.14300800007,9952.199999999999,0,31912.0,14475.0,8862.6,6983.8,3377.7999999999997,9361.0,971.5,30.8,7284268253.571563,44.02787676823306,706.4267339415222
