,contributed_CCGT,contributed_Coal,contributed_Onshore,contributed_Offshore,contributed_PV,contributed_Nuclear,contributed_Recip_gas,contributed_Biomass,total_CCGT,total_Coal,total_Onshore,total_Offshore,total_PV,total_Nuclear,total_Recip_gas,Carbon_tax,total_genco_wealth,Electricity_cost,Carbon_emitted
0,362952.5,227390.9999999998,41993.34935779988,21837.0020895,3114.096497749942,51038.48999999998,8156.729999999995,0,31912.0,14475.0,8862.6,6983.8,3377.7999999999997,9361.0,971.5,30.8,9652463605.02356,65.32847584204434,1289.7675350379955
1,257025.66000000015,227649.28999999995,39971.71099559997,19271.228638499968,3064.8535657999796,44647.15999999998,2476.4099999999985,0,31912.0,14475.0,8862.6,6983.8,3377.7999999999997,9361.0,971.5,30.8,507981016.0461177,32.11663062110102,1057.4019512274165
2,366013.01000000007,237063.72999999984,42233.638407699764,19737.734032999968,1637.0063609999347,50947.30999999998,10062.780000000004,0,31912.0,14475.0,8862.6,6983.8,3377.7999999999997,9361.0,971.5,30.8,7380955277.994023,70.8984832347527,1320.251902214535
3,386775.4399999987,239611.2199999999,43728.03171789968,21285.820832999994,3145.7265114499655,58222.30999999998,12357.799999999997,0,31912.0,14475.0,8862.6,6983.8,3377.7999999999997,9361.0,971.5,30.8,17164512273.325758,74.3447874888261,1368.0171498055568
4,176915.73999999973,178847.89999999994,32126.928698499953,14525.050972999989,2990.670674149983,28886.599999999988,970.0000000000009,0,31912.0,14475.0,8862.6,6983.8,3377.7999999999997,9361.0,971.5,30.8,-6012969925.736091,9.364638359779443,779.0922585641991
5,375977.5099999995,240897.16999999993,44570.90793139993,25167.50461549999,3099.2611722499796,58970.179999999986,11683.650000000001,0,31912.0,14475.0,8862.6,6983.8,3377.7999999999997,9361.0,971.5,30.8,7488502527.298854,74.25336895799813,1353.5055936636566
6,175214.31999999977,195986.3,28499.88965379998,15333.114265999986,3184.2731971499816,31967.31999999998,911.8000000000006,0,31912.0,14475.0,8862.6,6983.8,3377.7999999999997,9361.0,971.5,30.8,-24876879715.932316,14.620243709417714,812.581361447399
7,207453.13000000006,187966.22,31340.136982899978,17857.83477899997,6852.5520749499465,44647.15999999998,950.6000000000006,0,31912.0,14475.0,8862.6,6983.8,3377.7999999999997,9361.0,971.5,30.8,-57241355814.73242,26.1198147772821,861.390379275558
