,contributed_CCGT,contributed_Coal,contributed_Onshore,contributed_Offshore,contributed_PV,contributed_Nuclear,contributed_Recip_gas,contributed_Biomass,total_CCGT,total_Coal,total_Onshore,total_Offshore,total_PV,total_Nuclear,total_Recip_gas,Carbon_tax,total_genco_wealth,Electricity_cost,Carbon_emitted
0,352705.0699999987,262190.5999999999,23300.55530880004,29579.745223999984,3154.551064599939,93087.98999999996,13269.59999999999,0,31912.0,14475.0,8862.6,6983.8,3377.7999999999997,9361.0,971.5,30.8,30815917576.604595,147.79103735602573,1341.889915438798
1,268246.6500000001,240137.09,23169.43875010004,29595.668287999964,3120.976172649978,74257.37999999998,3913.9500000000003,0,31912.0,14475.0,8862.6,6983.8,3377.7999999999997,9361.0,971.5,30.8,25254605384.84911,54.47195063322042,1099.4646861918193
2,364173.8799999986,244957.19999999998,21581.919988499983,29224.130127999983,1658.081124049933,94959.11999999995,13270.56999999999,0,31912.0,14475.0,8862.6,6983.8,3377.7999999999997,9361.0,971.5,30.8,66204093522.73458,172.03484127085565,1326.7189945455966
3,389648.03999999806,245909.36999999997,23278.20383160005,29656.706700000013,3188.160174599965,101948.93999999994,13514.03999999999,0,31912.0,14475.0,8862.6,6983.8,3377.7999999999997,9361.0,971.5,30.8,103720901177.14607,160.45443505865475,1381.927413679257
4,161273.34000000032,210079.26999999993,17150.5522878,21567.69670799999,2874.6311871499825,69035.86999999997,174.6,0,31912.0,14475.0,8862.6,6983.8,3377.7999999999997,9361.0,971.5,30.8,88994206842.26265,39.08368488928141,796.5097811194609
5,372509.05999999854,261243.39,22963.398479600026,29595.668287999964,3122.2863189999775,102996.53999999995,13244.379999999992,0,31912.0,14475.0,8862.6,6983.8,3377.7999999999997,9361.0,971.5,30.8,146316663045.3922,156.87137640931155,1380.804176039217
6,174849.72000000006,198324.3399999999,17224.638317300014,21774.78525099998,3168.8072653999798,76975.31999999998,192.05999999999997,0,31912.0,14475.0,8862.6,6983.8,3377.7999999999997,9361.0,971.5,30.8,124873618335.06152,40.0432284957487,799.0355671073219
7,227425.8300000002,195482.31000000003,24309.01121100004,29725.5865735,7342.480134899926,60991.659999999974,183.32999999999998,0,31912.0,14475.0,8862.6,6983.8,3377.7999999999997,9361.0,971.5,30.8,100102171012.53893,42.26697060322861,907.534336849383
