,contributed_CCGT,contributed_Coal,contributed_Onshore,contributed_Offshore,contributed_PV,contributed_Nuclear,contributed_Recip_gas,contributed_Biomass,total_CCGT,total_Coal,total_Onshore,total_Offshore,total_PV,total_Nuclear,total_Recip_gas,Carbon_tax,total_genco_wealth,Electricity_cost,Carbon_emitted
0,388523.33999999834,157700.9599999999,49925.51929439972,33800.503304000034,3163.123157599938,105983.16999999997,14424.869999999975,0,31912.0,14475.0,8862.6,6983.8,3377.7999999999997,9361.0,971.5,30.8,27550859757.527496,90.47883917537708,1182.542847282077
1,315275.12999999954,150231.72999999992,42787.39073699983,30881.99724799997,3132.023814949977,73589.04999999996,11947.974999999991,0,31912.0,14475.0,8862.6,6983.8,3377.7999999999997,9361.0,971.5,30.8,42954824647.88212,71.26541793477898,1007.4282192485368
2,385328.61999999854,174268.21000000002,51079.91350079967,31515.031887999987,1668.5425375999316,100278.59999999998,14516.049999999977,0,31912.0,14475.0,8862.6,6983.8,3377.7999999999997,9361.0,971.5,30.8,71461580629.10141,94.2950734132985,1214.3450399175777
3,388705.69999999827,198025.8099999998,52460.26327079958,32405.270700000023,3199.6323175999632,108454.72999999997,15264.404999999973,0,31912.0,14475.0,8862.6,6983.8,3377.7999999999997,9361.0,971.5,30.8,102777441261.58347,97.72451580153334,1280.4581740923768
4,225202.29000000015,102901.68000000002,38016.80858489986,31370.877247999975,3122.0486306499774,56921.539999999964,6488.329999999995,0,31912.0,14475.0,8862.6,6983.8,3377.7999999999997,9361.0,971.5,30.8,108894763736.47021,53.104884581528616,712.3276777086398
5,397738.8799999984,183856.7999999999,50388.98973699984,33326.397248000016,3133.1959639999764,113110.73,14389.94999999998,0,31912.0,14475.0,8862.6,6983.8,3377.7999999999997,9361.0,971.5,30.8,153998701753.28918,93.74132845555278,1260.7250549463965
6,209182.7900000002,112321.13999999998,35513.0087918999,34177.94785700001,4492.591842199985,62375.84999999996,8011.229999999994,0,31912.0,14475.0,8862.6,6983.8,3377.7999999999997,9361.0,971.5,30.8,160651054750.19992,53.21507913693106,699.1450942337203
7,283637.83,71925.22999999995,43990.07568529972,37441.93799500008,7436.740734149936,74715.21999999994,10539.05,0,31912.0,14475.0,8862.6,6983.8,3377.7999999999997,9361.0,971.5,30.8,176014535453.07724,58.05394475383107,767.7854962915394
