,contributed_CCGT,contributed_Coal,contributed_Onshore,contributed_Offshore,contributed_PV,contributed_Nuclear,contributed_Recip_gas,contributed_Biomass,total_CCGT,total_Coal,total_Onshore,total_Offshore,total_PV,total_Nuclear,total_Recip_gas,Carbon_tax,total_genco_wealth,Electricity_cost,Carbon_emitted
0,394146.21999999846,156429.58999999988,54880.58703659959,34574.96102100008,3167.3387995499365,69358.87999999992,13775.455000000004,0,31912.0,14475.0,8862.6,6983.8,3377.7999999999997,9361.0,971.5,30.8,13046350783.907215,72.82506709414078,1206.2480693968155
1,321820.7899999999,128807.63999999988,50964.604071799724,32850.9277895,3119.811237149973,35044.16,10862.060000000014,0,31912.0,14475.0,8862.6,6983.8,3377.7999999999997,9361.0,971.5,30.8,11771972177.930294,54.415452014412544,990.5073919407198
2,390860.86999999883,160689.39999999988,56307.081452599654,33042.571957000044,1665.2205036999349,68234.64999999994,13341.380000000005,0,31912.0,14475.0,8862.6,6983.8,3377.7999999999997,9361.0,971.5,30.8,23671507059.06434,72.26156828188009,1207.0215081611957
3,404949.95999999804,177590.93999999983,59066.956017299366,35954.05912400012,3191.211456449961,74684.17999999993,14883.67999999997,0,31912.0,14475.0,8862.6,6983.8,3377.7999999999997,9361.0,971.5,30.8,37700380095.21813,76.99984953818232,1277.6487524141178
4,226188.93000000037,103201.03999999994,42993.252576,29478.589514000014,3082.999745649975,20051.840000000004,1048.5700000000008,0,31912.0,14475.0,8862.6,6983.8,3377.7999999999997,9361.0,971.5,30.8,25359933981.878513,36.494540803976896,713.0298379739208
5,416461.7099999979,139408.3699999999,59504.6750065998,36392.50358000006,3133.5419432499752,99974.01999999999,14539.32999999997,0,31912.0,14475.0,8862.6,6983.8,3377.7999999999997,9361.0,971.5,30.8,46821264344.84133,76.87245054895111,1215.118064081257
6,255522.30000000025,84368.60999999991,38267.63099089992,25444.350441999988,4202.3264510999825,18872.320000000003,3292.6649999999977,0,31912.0,14475.0,8862.6,6983.8,3377.7999999999997,9361.0,971.5,30.8,29121180807.09472,39.266551072524756,734.2584530467798
7,268334.2600000003,111649.08999999988,41835.06650379977,29717.63738450001,7198.64789889993,25949.440000000006,8137.8150000000005,0,31912.0,14475.0,8862.6,6983.8,3377.7999999999997,9361.0,971.5,30.8,6690044503.78741,40.995306438188756,836.8832948578215
