,contributed_CCGT,contributed_Coal,contributed_Onshore,contributed_Offshore,contributed_PV,contributed_Nuclear,contributed_Recip_gas,contributed_Biomass,total_CCGT,total_Coal,total_Onshore,total_Offshore,total_PV,total_Nuclear,total_Recip_gas,Carbon_tax,total_genco_wealth,Electricity_cost,Carbon_emitted
0,328158.81999999995,289100.18000000017,53284.03665349966,23309.1184165,3155.1583448999395,73166.12999999995,13123.129999999988,0,31912.0,14475.0,8862.6,6983.8,3377.7999999999997,9361.0,971.5,30.8,45310215083.964325,168.79341097033944,1344.5153671516377
1,241530.84999999942,257262.9800000002,50539.206371699715,25586.214877999977,3128.5099354999747,71557.86999999994,3203.909999999996,0,31912.0,14475.0,8862.6,6983.8,3377.7999999999997,9361.0,971.5,30.8,53725965158.42721,84.41471634620468,1071.0565005660378
2,333580.7599999997,271052.09000000014,52939.729478999456,27089.356810000012,1662.966010099934,86319.3299999999,12900.029999999988,0,31912.0,14475.0,8862.6,6983.8,3377.7999999999997,9361.0,971.5,30.8,141310659752.2284,262.905443400875,1310.0234907418194
3,339471.9799999994,286570.6300000001,53529.10867639952,26686.019180000007,3169.187832699962,108401.37999999992,13038.73999999999,0,31912.0,14475.0,8862.6,6983.8,3377.7999999999997,9361.0,971.5,30.8,250298382664.4186,333.1116135992081,1356.892287760739
4,152043.8799999998,206429.17000000013,38076.772850000016,18212.070740999963,2867.6176618499817,68198.75999999994,1269.7300000000007,0,31912.0,14475.0,8862.6,6983.8,3377.7999999999997,9361.0,971.5,30.8,234136024586.94955,26.55684061702532,771.8522653796591
5,352746.93999999913,288117.16000000015,50740.17745129979,24028.049685999984,3117.479026699977,97496.63999999994,12956.289999999988,0,31912.0,14475.0,8862.6,6983.8,3377.7999999999997,9361.0,971.5,30.8,383450476009.71356,278.12677420594446,1385.9425470096792
6,150103.91999999978,220667.5300000001,37722.53663909989,18205.059531999974,2923.487620649977,66865.97999999995,1027.2300000000007,0,31912.0,14475.0,8862.6,6983.8,3377.7999999999997,9361.0,971.5,30.8,359535677818.8732,29.036761602612,799.1933196069396
7,177256.34999999995,248358.54000000018,40703.21356479976,21203.15315099999,6998.037997749944,59583.21999999996,1165.9400000000007,0,31912.0,14475.0,8862.6,6983.8,3377.7999999999997,9361.0,971.5,30.8,332328016727.1951,34.57812356219565,916.8088852589169
