,contributed_CCGT,contributed_Coal,contributed_Onshore,contributed_Offshore,contributed_PV,contributed_Nuclear,contributed_Recip_gas,contributed_Biomass,total_CCGT,total_Coal,total_Onshore,total_Offshore,total_PV,total_Nuclear,total_Recip_gas,Carbon_tax,total_genco_wealth,Electricity_cost,Carbon_emitted
0,407096.23999999766,222520.4199999999,23300.55530880004,29579.745223999984,3154.551064599939,75517.40999999999,13061.050000000003,0,31912.0,14475.0,8862.6,6983.8,3377.7999999999997,9361.0,971.5,30.8,38340135587.00356,172.8836843660165,1363.3606737271557
1,333030.4799999986,196400.61999999973,23355.24258960004,29595.668287999964,3121.069364349978,55173.600000000006,4079.8199999999997,0,31912.0,14475.0,8862.6,6983.8,3377.7999999999997,9361.0,971.5,30.8,38429260323.9597,73.81842212979595,1133.7191055067613
2,404039.43999999756,212953.5199999998,21596.88841739999,29224.130127999983,1658.9445750999325,81177.35999999999,13102.759999999998,0,31912.0,14475.0,8862.6,6983.8,3377.7999999999997,9361.0,971.5,30.8,84247468536.02261,191.21490430261824,1336.7694395009557
3,420758.779999998,220986.64999999985,23278.20383160005,29656.706700000013,3188.160174599965,88286.48999999996,14941.879999999992,0,31912.0,14475.0,8862.6,6983.8,3377.7999999999997,9361.0,971.5,30.8,143038831255.78265,221.5390517253209,1392.3682235166953
4,222245.56000000052,162496.70999999996,17546.976728100006,22149.166798999984,2603.510064849983,55173.600000000006,0.0,0,31912.0,14475.0,8862.6,6983.8,3377.7999999999997,9361.0,971.5,30.8,128993772513.88324,40.93812469245133,814.7246998605834
5,423117.5899999977,226065.5899999999,23464.752699000044,29595.668287999964,3122.2863189999775,81262.71999999997,14962.249999999989,0,31912.0,14475.0,8862.6,6983.8,3377.7999999999997,9361.0,971.5,30.8,219208935930.87738,220.874049467042,1408.531095474816
6,243662.3700000002,150145.53999999995,18812.04516999996,23508.618043499966,4412.831308299981,43805.2,873.0,0,31912.0,14475.0,8862.6,6983.8,3377.7999999999997,9361.0,971.5,30.8,197904751972.72534,42.59632743419314,838.0520755649213
7,264870.66000000015,174294.59999999992,23055.521688200028,27896.022984,7165.388661799933,55173.600000000006,0.0,0,31912.0,14475.0,8862.6,6983.8,3377.7999999999997,9361.0,971.5,30.8,171383106418.31323,42.34066623637022,934.9255887708018
