,contributed_CCGT,contributed_Coal,contributed_Onshore,contributed_Offshore,contributed_PV,contributed_Nuclear,contributed_Recip_gas,contributed_Biomass,total_CCGT,total_Coal,total_Onshore,total_Offshore,total_PV,total_Nuclear,total_Recip_gas,Carbon_tax,total_genco_wealth,Electricity_cost,Carbon_emitted
0,375999.4999999982,218426.27000000002,44412.41191019955,33891.81931850007,3135.661317949942,90802.66999999993,12649.769999999986,0,31912.0,14475.0,8862.6,6983.8,3377.7999999999997,9361.0,971.5,30.8,21516087379.727753,109.52516952800188,1300.691305325457
1,288574.5799999995,203755.43,36883.57853689981,29528.691027999983,3091.0559952999793,72000.18999999994,4284.490000000001,0,31912.0,14475.0,8862.6,6983.8,3377.7999999999997,9361.0,971.5,30.8,15901943912.22505,49.20206798852312,1077.9905078911386
2,357731.75999999855,215132.41999999993,41265.470989899426,33259.48193600006,1646.6736164499343,102157.48999999993,12776.83999999999,0,31912.0,14475.0,8862.6,6983.8,3377.7999999999997,9361.0,971.5,30.8,37967795020.7807,110.56091659196129,1261.241694923156
3,412448.9599999981,210832.01000000013,49175.32964609933,35964.92910600013,3165.2376118499656,83445.21999999994,13543.624999999984,0,31912.0,14475.0,8862.6,6983.8,3377.7999999999997,9361.0,971.5,30.8,67144561707.195175,123.34737032598373,1361.9625478799792
4,193159.4699999995,147377.09999999986,32503.64550329991,25016.220599000004,3062.385020549979,79053.05999999994,1164.0,0,31912.0,14475.0,8862.6,6983.8,3377.7999999999997,9361.0,971.5,30.8,51581921897.69061,32.603669890914595,741.0555102858002
5,391587.7099999981,239941.35999999984,44653.80434479977,29791.907268000006,3095.62177379998,94735.04999999993,13250.199999999995,0,31912.0,14475.0,8862.6,6983.8,3377.7999999999997,9361.0,971.5,30.8,91472552202.36647,117.79022600064464,1386.2888133212807
6,205459.76999999984,154101.7099999999,32193.032112999943,24065.862998999975,3183.4070496499803,68241.43999999996,1067.000000000001,0,31912.0,14475.0,8862.6,6983.8,3377.7999999999997,9361.0,971.5,30.8,66644484747.72473,30.460361222916333,782.0149505905792
7,231358.2599999999,174301.20999999985,31941.356456199934,28416.731483500007,7136.570486749934,70491.83999999995,1328.9000000000008,0,31912.0,14475.0,8862.6,6983.8,3377.7999999999997,9361.0,971.5,30.8,37228695548.05315,36.0648359167099,879.2010449115774
