,contributed_CCGT,contributed_Coal,contributed_Onshore,contributed_Offshore,contributed_PV,contributed_Nuclear,contributed_Recip_gas,contributed_Biomass,total_CCGT,total_Coal,total_Onshore,total_Offshore,total_PV,total_Nuclear,total_Recip_gas,Carbon_tax,total_genco_wealth,Electricity_cost,Carbon_emitted
0,376791.75999999826,257241.62999999998,23300.55530880004,29579.745223999984,3154.551064599939,68689.57999999999,13266.68999999999,0,31912.0,14475.0,8862.6,6983.8,3377.7999999999997,9361.0,971.5,30.8,37377391175.285545,172.10648905815432,1379.6896573987378
1,289223.99999999994,231371.91000000003,23377.343341200038,29595.668287999964,3121.986565299978,55403.490000000005,5988.294999999996,0,31912.0,14475.0,8862.6,6983.8,3377.7999999999997,9361.0,971.5,30.8,34471461218.740654,65.07113756258128,1127.6251916001786
2,367260.2199999986,257908.01,21599.41610159999,29224.130127999983,1658.6846512499328,75222.52999999997,13268.62999999999,0,31912.0,14475.0,8862.6,6983.8,3377.7999999999997,9361.0,971.5,30.8,76803637426.0106,179.93543602942054,1361.8787380779763
3,383551.4799999981,264475.41000000003,23278.20383160005,29656.706700000013,3188.032516099965,82381.12999999998,14155.694999999987,0,31912.0,14475.0,8862.6,6983.8,3377.7999999999997,9361.0,971.5,30.8,125634688794.88567,189.88726226900607,1412.2821810531764
4,204870.1500000003,171783.2399999999,19369.814589399964,25142.486173999987,3100.657367199977,52909.62,148.41000000000003,0,31912.0,14475.0,8862.6,6983.8,3377.7999999999997,9361.0,971.5,30.8,112146999758.31627,43.39085652685008,807.8219820895213
5,379057.4599999984,265390.1,23464.752699000044,29595.668287999964,3122.2863189999775,83776.95999999996,13269.59999999999,0,31912.0,14475.0,8862.6,6983.8,3377.7999999999997,9361.0,971.5,30.8,195988924964.64114,207.0687843038013,1403.4015850397966
6,226085.55000000025,157082.36000000007,18913.155127899954,24382.693245499984,4206.7596840999795,50828.97,192.05999999999997,0,31912.0,14475.0,8862.6,6983.8,3377.7999999999997,9361.0,971.5,30.8,175455383055.938,42.82747775415256,818.2687587192813
7,243392.67000000013,199790.75999999998,21983.236187300045,26489.743959500007,7157.232786099927,46984.86,1495.740000000001,0,31912.0,14475.0,8862.6,6983.8,3377.7999999999997,9361.0,971.5,30.8,150082017530.5725,43.016431215420965,953.1020410624799
