,contributed_CCGT,contributed_Coal,contributed_Onshore,contributed_Offshore,contributed_PV,contributed_Nuclear,contributed_Recip_gas,contributed_Biomass,total_CCGT,total_Coal,total_Onshore,total_Offshore,total_PV,total_Nuclear,total_Recip_gas,Carbon_tax,total_genco_wealth,Electricity_cost,Carbon_emitted
0,424000.7399999979,175286.80999999997,23300.55530880004,29579.745223999984,3154.551064599939,100856.71999999999,15054.399999999981,0,31912.0,14475.0,8862.6,6983.8,3377.7999999999997,9361.0,971.5,30.8,20046735002.336308,100.71272680431441,1296.2624057003777
1,316514.8199999998,161385.89999999997,23464.752699000044,29595.668287999964,3122.2863189999775,81120.12999999995,10389.185000000001,0,31912.0,14475.0,8862.6,6983.8,3377.7999999999997,9361.0,971.5,30.8,23583117684.2239,67.98928838384394,1035.1197995181992
2,391376.47999999824,199314.76999999973,21601.84304159999,29224.130127999983,1658.9456695999324,112034.02999999997,14133.384999999993,0,31912.0,14475.0,8862.6,6983.8,3377.7999999999997,9361.0,971.5,30.8,40373760356.18523,99.50494557762602,1286.4128599784588
3,407388.1999999979,208155.84999999977,23278.20383160005,29656.706700000013,3188.160174599965,126057.31999999996,14225.534999999994,0,31912.0,14475.0,8862.6,6983.8,3377.7999999999997,9361.0,971.5,30.8,60439674388.691696,105.77283597940912,1335.287304308298
4,220549.68000000028,121794.03000000007,22418.818615800006,29446.59459199997,3117.6315995499767,62176.02999999996,4501.284999999998,0,31912.0,14475.0,8862.6,6983.8,3377.7999999999997,9361.0,971.5,30.8,55275688671.61666,50.19073230049873,736.2324803839396
5,407389.8199999979,212537.45999999973,23464.752699000044,29595.668287999964,3122.2863189999775,120639.86999999997,15119.389999999983,0,31912.0,14475.0,8862.6,6983.8,3377.7999999999997,9361.0,971.5,30.8,81588312093.42633,98.84066882251496,1348.158113709077
6,237398.1000000002,116253.99000000006,25492.15602340001,32285.287938999987,4472.089985999983,47870.46999999999,7207.5849999999955,0,31912.0,14475.0,8862.6,6983.8,3377.7999999999997,9361.0,971.5,30.8,73408926841.81529,51.06603627702972,762.5266968480194
7,254639.48000000027,117458.42000000004,33772.37062209991,38126.49506500007,7425.792430149933,69280.30999999997,8462.764999999989,0,31912.0,14475.0,8862.6,6983.8,3377.7999999999997,9361.0,971.5,30.8,66281870617.08317,55.02305724579708,800.3049369811602
