,contributed_CCGT,contributed_Coal,contributed_Onshore,contributed_Offshore,contributed_PV,contributed_Nuclear,contributed_Recip_gas,contributed_Biomass,total_CCGT,total_Coal,total_Onshore,total_Offshore,total_PV,total_Nuclear,total_Recip_gas,Carbon_tax,total_genco_wealth,Electricity_cost,Carbon_emitted
0,338691.1799999987,205726.88999999966,23300.55530880004,29579.745223999984,3154.551064599939,165604.86687359976,17810.655000000013,0,31912.0,14475.0,8862.6,6983.8,3377.7999999999997,9361.0,971.5,30.8,17525684890.627907,102.34038271259924,1195.7428811422185
1,207093.96000000034,213913.82999999952,23464.752699000044,29595.668287999964,3122.2863189999775,165604.86687359976,13408.309999999992,0,31912.0,14475.0,8862.6,6983.8,3377.7999999999997,9361.0,971.5,30.8,11445770341.992285,54.22519031870834,929.5673489343413
2,345420.9599999986,196705.08999999988,21601.84304159999,29224.130127999983,1658.9456695999324,165604.86687359976,17536.63000000001,0,31912.0,14475.0,8862.6,6983.8,3377.7999999999997,9361.0,971.5,30.8,21419937273.275837,91.72262428448279,1188.6696276358205
3,348065.2399999989,222011.6299999996,23278.20383160005,29656.706700000013,3188.160174599965,165604.86687359976,18430.970000000023,0,31912.0,14475.0,8862.6,6983.8,3377.7999999999997,9361.0,971.5,30.8,48905130745.450714,133.04569491039243,1254.1703283387365
4,165658.62000000026,109401.57000000011,21963.9421307,29595.668287999968,3116.600719849977,144165.6618696001,12571.199999999995,0,31912.0,14475.0,8862.6,6983.8,3377.7999999999997,9361.0,971.5,30.8,36602410299.842834,43.8307046732086,606.0193984548619
5,360497.09999999835,213477.57999999955,23464.752699000044,29595.668287999964,3122.2863189999775,165604.86687359976,18187.98500000002,0,31912.0,14475.0,8862.6,6983.8,3377.7999999999997,9361.0,971.5,30.8,53818846131.09038,93.79148530257119,1258.9939224868363
6,159290.82000000027,126416.59,25582.054003500038,33535.97722699999,4482.611414499983,134655.30866480022,9952.199999999999,0,31912.0,14475.0,8862.6,6983.8,3377.7999999999997,9361.0,971.5,30.8,34213014431.953926,42.934281883780265,625.6490566928219
7,172214.2200000003,150423.89999999997,31310.357158399936,38306.24775700007,7415.26058399993,145936.22987440007,8380.800000000001,0,31912.0,14475.0,8862.6,6983.8,3377.7999999999997,9361.0,971.5,30.8,10905594998.465054,44.45458135241694,706.1962073322021
