,contributed_CCGT,contributed_Coal,contributed_Onshore,contributed_Offshore,contributed_PV,contributed_Nuclear,contributed_Recip_gas,contributed_Biomass,total_CCGT,total_Coal,total_Onshore,total_Offshore,total_PV,total_Nuclear,total_Recip_gas,Carbon_tax,total_genco_wealth,Electricity_cost,Carbon_emitted
0,370513.31999999896,157118.12999999983,63125.46852199986,27474.86418199999,3168.144212249936,123593.51999999992,13134.769999999999,0,31912.0,14475.0,8862.6,6983.8,3377.7999999999997,9361.0,971.5,30.8,36015822275.58516,124.13129015615458,1158.5090986257344
1,298459.43000000005,117417.79999999984,53657.64454039982,24191.482903999964,3133.4759749999725,110370.47999999994,8101.44,0,31912.0,14475.0,8862.6,6983.8,3377.7999999999997,9361.0,971.5,30.8,39052001583.57054,69.28272674368094,913.2931760243987
2,362277.8299999995,172164.60999999996,58747.11530799962,25417.72418200001,1668.8955412999335,123746.77999999996,12131.790000000003,0,31912.0,14475.0,8862.6,6983.8,3377.7999999999997,9361.0,971.5,30.8,70317528847.55145,123.44387222593564,1167.4223899047763
3,375969.80999999883,169281.41999999993,61788.67509849968,29492.61918800002,3199.0792053999608,142244.67999999993,13923.379999999974,0,31912.0,14475.0,8862.6,6983.8,3377.7999999999997,9361.0,971.5,30.8,112422163940.0529,127.39656082138497,1198.327792605156
4,207781.2799999999,94235.86999999992,40147.50379489997,18717.29069699998,2915.651498249977,95196.76999999995,166.83999999999997,0,31912.0,14475.0,8862.6,6983.8,3377.7999999999997,9361.0,971.5,30.8,100016454206.01375,36.625048371626285,653.7259051262615
5,378397.52999999904,177211.40999999992,58255.62637659986,24768.08332699998,3132.4097921999755,137386.91999999993,12660.924999999996,0,31912.0,14475.0,8862.6,6983.8,3377.7999999999997,9361.0,971.5,30.8,158300925582.47607,126.2988447337189,1216.0253243811765
6,221447.77999999977,95287.05999999991,41855.25460939983,17869.742857999976,4234.421303799987,89932.57999999996,207.57999999999993,0,31912.0,14475.0,8862.6,6983.8,3377.7999999999997,9361.0,971.5,30.8,139341288939.32254,37.75801082123271,681.9119830298807
7,261532.29999999996,100105.37999999989,40976.27660609977,19340.594968999965,7111.291723649937,91616.49999999996,8180.495000000002,0,31912.0,14475.0,8862.6,6983.8,3377.7999999999997,9361.0,971.5,30.8,116824619262.75255,41.62108970612044,790.3617947312395
