,contributed_CCGT,contributed_Coal,contributed_Onshore,contributed_Offshore,contributed_PV,contributed_Nuclear,contributed_Recip_gas,contributed_Biomass,total_CCGT,total_Coal,total_Onshore,total_Offshore,total_PV,total_Nuclear,total_Recip_gas,Carbon_tax,total_genco_wealth,Electricity_cost,Carbon_emitted
0,363390.6099999984,251014.46999999994,22658.189580100054,29499.889591999985,3154.551064599939,95404.34999999987,13268.62999999999,0,31912.0,14475.0,8862.6,6983.8,3377.7999999999997,9361.0,971.5,30.8,12383507534.298088,88.1180574292627,1339.5181584090585
1,248895.12000000014,256261.65000000002,22517.600835600002,29156.40941599997,3119.6848914999773,78011.27999999991,3913.9500000000003,0,31912.0,14475.0,8862.6,6983.8,3377.7999999999997,9361.0,971.5,30.8,6297978125.614266,53.24748873544573,1096.114181546701
2,351826.91999999894,258623.74999999997,20790.921159799884,29139.98991999998,1657.6241304999326,97887.54999999987,13271.53999999999,0,31912.0,14475.0,8862.6,6983.8,3377.7999999999997,9361.0,971.5,30.8,18154154584.339558,96.74441432366548,1332.1521471824974
3,372654.56999999844,264297.52999999997,22742.729076500047,29580.470796000012,3185.4410485499643,104807.52999999993,13397.63999999999,0,31912.0,14475.0,8862.6,6983.8,3377.7999999999997,9361.0,971.5,30.8,37250426135.151375,111.81190685330938,1388.225681026938
4,163454.18000000023,204660.73999999993,18371.339909600032,23984.49785749998,3100.513888199977,69126.07999999993,200.78999999999996,0,31912.0,14475.0,8862.6,6983.8,3377.7999999999997,9361.0,971.5,30.8,22134147653.824856,39.61627922926199,788.946364694523
5,371432.9299999985,269653.73000000004,23292.168368700037,29595.668287999964,3122.2863189999775,100293.14999999989,13269.59999999999,0,31912.0,14475.0,8862.6,6983.8,3377.7999999999997,9361.0,971.5,30.8,49131673028.88002,109.34772054076713,1397.437644594538
6,181898.21999999988,199920.48000000007,17546.962459400005,22100.540953999967,2961.560257649981,65637.95999999995,165.87,0,31912.0,14475.0,8862.6,6983.8,3377.7999999999997,9361.0,971.5,30.8,26925425358.185307,39.19572420157764,817.7294400110427
7,210427.4200000002,217391.20000000016,20141.471705400025,24351.488814000008,7078.8740386499385,66364.48999999995,165.87,0,31912.0,14475.0,8862.6,6983.8,3377.7999999999997,9361.0,971.5,30.8,-1167869828.3101494,40.78285961492771,920.031234717604
