,contributed_CCGT,contributed_Coal,contributed_Onshore,contributed_Offshore,contributed_PV,contributed_Nuclear,contributed_Recip_gas,contributed_Biomass,total_CCGT,total_Coal,total_Onshore,total_Offshore,total_PV,total_Nuclear,total_Recip_gas,Carbon_tax,total_genco_wealth,Electricity_cost,Carbon_emitted
0,349173.6599999984,190927.8199999996,23300.55530880004,29579.745223999984,3154.551064599939,165604.86687359976,17946.455000000016,0,31912.0,14475.0,8862.6,6983.8,3377.7999999999997,9361.0,971.5,30.8,17343318761.721115,104.2207495453518,1186.0765040223584
1,273554.4600000005,144207.39,23464.752699000044,29595.668287999964,3122.2863189999775,165604.86687359976,13409.279999999992,0,31912.0,14475.0,8862.6,6983.8,3377.7999999999997,9361.0,971.5,30.8,12426480377.70227,57.91641974832718,915.4577196712221
2,329847.899999999,212565.9199999996,21601.84304159999,29224.130127999983,1658.9456695999324,165604.86687359976,15148.97499999998,0,31912.0,14475.0,8862.6,6983.8,3377.7999999999997,9361.0,971.5,30.8,21212014134.679703,89.67034031429398,1187.6012005261596
3,341651.5599999988,224891.64999999953,23278.20383160005,29656.706700000013,3188.160174599965,165604.86687359976,18373.740000000023,0,31912.0,14475.0,8862.6,6983.8,3377.7999999999997,9361.0,971.5,30.8,47861388194.67683,133.27177966079998,1246.5838919066969
4,147133.7400000001,127800.67000000004,22097.382838500016,29595.668287999968,3116.600719849977,145062.00270800007,10999.799999999997,0,31912.0,14475.0,8862.6,6983.8,3377.7999999999997,9361.0,971.5,30.8,35269399584.80409,44.46145698171433,606.1852456366612
5,354036.71999999793,216189.64999999953,23464.752699000044,29595.668287999964,3122.2863189999775,165604.86687359976,18129.785000000018,0,31912.0,14475.0,8862.6,6983.8,3377.7999999999997,9361.0,971.5,30.8,51783118757.40529,93.39833498061,1251.7657029806976
6,138130.74000000008,149207.29999999996,25254.140265500024,33062.38052899998,4479.958286799983,132812.50266480024,12047.399999999996,0,31912.0,14475.0,8862.6,6983.8,3377.7999999999997,9361.0,971.5,30.8,31813976513.390873,42.776711332173,637.8024950054028
7,188676.90000000017,129920.23999999999,31140.259490999935,38204.78456500007,7414.15220374993,142418.6817816001,10999.799999999997,0,31912.0,14475.0,8862.6,6983.8,3377.7999999999997,9361.0,971.5,30.8,7904670488.737097,44.82480057646379,702.7352414955212
