,contributed_CCGT,contributed_Coal,contributed_Onshore,contributed_Offshore,contributed_PV,contributed_Nuclear,contributed_Recip_gas,contributed_Biomass,total_CCGT,total_Coal,total_Onshore,total_Offshore,total_PV,total_Nuclear,total_Recip_gas,Carbon_tax,total_genco_wealth,Electricity_cost,Carbon_emitted
0,346984.8999999993,185655.3299999999,57658.992772299905,24258.533052499995,3170.637687599936,137234.62999999995,12883.054999999998,0,31912.0,14475.0,8862.6,6983.8,3377.7999999999997,9361.0,971.5,30.8,33147488110.61026,124.66299378534029,1171.5503555813366
1,247871.9800000001,178929.12999999986,56735.79553420006,25876.46712999997,3132.6077639999735,100783.96999999994,10030.284999999993,0,31912.0,14475.0,8862.6,6983.8,3377.7999999999997,9361.0,971.5,30.8,35771522875.09715,70.60101063703802,950.6382162937383
2,326001.65999999945,201917.66,61343.99342979977,23665.988992000006,1674.820133349933,122105.53999999994,13706.1,0,31912.0,14475.0,8862.6,6983.8,3377.7999999999997,9361.0,971.5,30.8,69807472399.95134,125.7912335652083,1169.2758103686765
3,332436.4499999995,217563.68000000005,63184.40041609968,27832.162944,3197.552393449961,142581.26999999996,14091.189999999979,0,31912.0,14475.0,8862.6,6983.8,3377.7999999999997,9361.0,971.5,30.8,111838361995.71992,132.3865623257608,1218.0326645046362
4,164569.42999999973,135093.34999999986,43021.62543489999,19181.06737799997,2946.2171522499775,100552.13999999994,201.75999999999993,0,31912.0,14475.0,8862.6,6983.8,3377.7999999999997,9361.0,971.5,30.8,99766483799.05353,37.498862526992454,656.1117860633018
5,340168.2499999993,220295.6200000001,58499.36985840013,25332.742483999977,3135.129516999976,142633.64999999997,13399.579999999974,0,31912.0,14475.0,8862.6,6983.8,3377.7999999999997,9361.0,971.5,30.8,157657336721.9044,129.88082332142687,1238.4202956567567
6,180218.7199999997,136619.8099999999,40477.64707789991,17295.18827299998,3214.1539369999796,93497.32999999994,836.1400000000014,0,31912.0,14475.0,8862.6,6983.8,3377.7999999999997,9361.0,971.5,30.8,139199478410.73325,38.74488189918309,694.1329133943809
7,213634.33999999997,137907.07999999987,48604.96177939986,22457.213210000005,7216.493188449933,91125.67999999995,8202.805000000002,0,31912.0,14475.0,8862.6,6983.8,3377.7999999999997,9361.0,971.5,30.8,118836834582.15826,42.83507323767725,783.3849533278407
