,contributed_CCGT,contributed_Coal,contributed_Onshore,contributed_Offshore,contributed_PV,contributed_Nuclear,contributed_Recip_gas,contributed_Biomass,total_CCGT,total_Coal,total_Onshore,total_Offshore,total_PV,total_Nuclear,total_Recip_gas,Carbon_tax,total_genco_wealth,Electricity_cost,Carbon_emitted
0,319927.5599999999,258865.15999999983,55011.37590020003,26038.556269999983,3176.3848420499353,96249.21999999991,11762.219999999998,0,31912.0,14475.0,8862.6,6983.8,3377.7999999999997,9361.0,971.5,30.8,100918247866.83672,348.4352486106041,1251.7168085736778
1,226815.60000000003,244106.34999999995,50938.36194399999,25012.778689999974,3135.597832649974,81313.15999999992,5701.174999999995,0,31912.0,14475.0,8862.6,6983.8,3377.7999999999997,9361.0,971.5,30.8,117821192377.74684,109.77976404670846,1017.2739905872976
2,319156.9199999997,259205.22999999995,56805.20062499984,26741.43433900001,1670.7722816999333,100381.41999999995,12077.469999999998,0,31912.0,14475.0,8862.6,6983.8,3377.7999999999997,9361.0,971.5,30.8,242265591126.08688,349.7108765596752,1251.5039887115388
3,339824.53000000014,248012.39999999988,59815.70414859974,28517.48238000001,3199.8523846999606,112703.33,13693.004999999983,0,31912.0,14475.0,8862.6,6983.8,3377.7999999999997,9361.0,971.5,30.8,377763447125.132,353.3678829403307,1274.173244265198
4,137982.84999999992,215135.93999999994,41166.06166509996,19060.234502999974,3038.431588749978,61444.64999999996,184.29999999999995,0,31912.0,14475.0,8862.6,6983.8,3377.7999999999997,9361.0,971.5,30.8,364656954687.02136,37.13017727269139,760.5804304241194
5,356650.1599999996,248948.71999999983,61722.15364309989,27459.837247999963,3140.393021349975,104810.43999999993,12210.36,0,31912.0,14475.0,8862.6,6983.8,3377.7999999999997,9361.0,971.5,30.8,557360593454.285,356.61994557167895,1308.5902663905567
6,170847.4399999998,177654.08999999976,43451.068481199945,19294.22322699997,4070.7386984499635,65207.27999999996,184.29999999999995,0,31912.0,14475.0,8862.6,6983.8,3377.7999999999997,9361.0,971.5,30.8,536933475340.3159,37.46149790514457,743.9890907578207
7,184606.15999999963,223995.86,43466.00725719985,21704.770478999995,5985.710109549971,62409.79999999996,1581.100000000001,0,31912.0,14475.0,8862.6,6983.8,3377.7999999999997,9361.0,971.5,30.8,511256147686.23975,39.0823205251165,878.2561486122794
