,contributed_CCGT,contributed_Coal,contributed_Onshore,contributed_Offshore,contributed_PV,contributed_Nuclear,contributed_Recip_gas,contributed_Biomass,total_CCGT,total_Coal,total_Onshore,total_Offshore,total_PV,total_Nuclear,total_Recip_gas,Carbon_tax,total_genco_wealth,Electricity_cost,Carbon_emitted
0,427618.5799999977,203079.28999999972,23300.55530880004,29579.745223999984,3154.551064599939,71261.04999999999,13066.87,0,31912.0,14475.0,8862.6,6983.8,3377.7999999999997,9361.0,971.5,30.8,37888046995.18447,176.2553493858962,1362.5288999274173
1,334494.29999999853,192449.03999999975,23361.229022200045,29595.668287999964,3120.7524468999777,55173.600000000006,4681.219999999998,0,31912.0,14475.0,8862.6,6983.8,3377.7999999999997,9361.0,971.5,30.8,38103315856.24885,74.96803500719078,1129.9709143979223
2,409169.4799999978,216020.2999999998,21578.993139599985,29224.130127999983,1658.6745818499326,74463.98999999999,13066.87,0,31912.0,14475.0,8862.6,6983.8,3377.7999999999997,9361.0,971.5,30.8,83488341197.76198,190.205388333486,1353.9537707593959
3,420025.8199999979,223374.81999999983,23278.20383160005,29656.706700000013,3188.160174599965,88002.27999999997,13338.470000000001,0,31912.0,14475.0,8862.6,6983.8,3377.7999999999997,9361.0,971.5,30.8,143423567043.04465,223.06441038344573,1392.9543501783555
4,231277.14000000025,166381.06999999995,17719.84398800004,22598.128847499982,3052.9018347499787,40167.7,0.0,0,31912.0,14475.0,8862.6,6983.8,3377.7999999999997,9361.0,971.5,30.8,128722816158.48715,40.964324986973864,841.6791507158628
5,420856.31999999785,226725.20999999985,23464.752699000044,29595.668287999964,3122.2863189999775,81221.00999999998,13104.699999999999,0,31912.0,14475.0,8862.6,6983.8,3377.7999999999997,9361.0,971.5,30.8,218778390468.36856,220.0084228911428,1401.641765623576
6,210867.4600000003,181630.78999999978,18750.043351999986,24364.072665999982,4211.400125299979,49741.600000000006,0.0,0,31912.0,14475.0,8862.6,6983.8,3377.7999999999997,9361.0,971.5,30.8,196016739822.70792,40.83516214803636,841.669052464423
7,282354.9199999998,158231.2099999999,25699.92669630003,31874.685760000004,7182.001679299931,41380.2,698.4,0,31912.0,14475.0,8862.6,6983.8,3377.7999999999997,9361.0,971.5,30.8,170398999645.18713,44.3880866064404,937.8409116115822
