,contributed_CCGT,contributed_Coal,contributed_Onshore,contributed_Offshore,contributed_PV,contributed_Nuclear,contributed_Recip_gas,contributed_Biomass,total_CCGT,total_Coal,total_Onshore,total_Offshore,total_PV,total_Nuclear,total_Recip_gas,Carbon_tax,total_genco_wealth,Electricity_cost,Carbon_emitted
0,319721.0799999997,270053.01,50309.06330839975,27206.805487999987,3164.0913302499366,96893.29999999993,12351.009999999987,0,31912.0,14475.0,8862.6,6983.8,3377.7999999999997,9361.0,971.5,30.8,96458897107.48166,313.9481311415058,1277.3630246279781
1,246743.22000000026,227643.22999999986,51252.011085100006,27459.837247999963,3143.090943449974,77871.59999999993,3726.739999999997,0,31912.0,14475.0,8862.6,6983.8,3377.7999999999997,9361.0,971.5,30.8,107926426091.15463,91.10252336527714,1016.9831830955399
2,329785.9599999996,260925.84999999995,52860.44754749966,24344.95304800001,1674.6394726999329,92437.11999999991,11941.669999999991,0,31912.0,14475.0,8862.6,6983.8,3377.7999999999997,9361.0,971.5,30.8,221781386653.4019,334.4655534817533,1283.6862042583002
3,334950.0000000002,257380.6599999999,56462.214037599704,27432.857640000006,3199.6870424499616,124726.48,12550.829999999987,0,31912.0,14475.0,8862.6,6983.8,3377.7999999999997,9361.0,971.5,30.8,358356774280.8025,352.75140237411387,1282.8636497426771
4,152399.57000000015,192051.85000000003,37857.234913099965,18984.066998999973,2862.531674299979,71518.09999999995,350.1699999999998,0,31912.0,14475.0,8862.6,6983.8,3377.7999999999997,9361.0,971.5,30.8,346259948356.02106,33.148869338889845,738.6260861862999
5,345862.52000000025,272581.67000000004,55150.545563800115,25284.00402599998,3125.862178299976,99715.02999999993,12709.909999999993,0,31912.0,14475.0,8862.6,6983.8,3377.7999999999997,9361.0,971.5,30.8,573312973536.0234,354.81451905202,1339.2585010546575
6,143665.65,214398.49999999997,36397.41545839983,17177.767037999984,2813.3614539499713,73299.98999999995,319.1299999999998,0,31912.0,14475.0,8862.6,6983.8,3377.7999999999997,9361.0,971.5,30.8,553792737758.4906,32.642719792752025,770.744697183
7,186310.2599999997,224758.93999999992,38157.059138899764,21350.961446999998,6997.673337949941,64957.98999999996,329.79999999999984,0,31912.0,14475.0,8862.6,6983.8,3377.7999999999997,9361.0,971.5,30.8,530793602614.7876,36.90009992630292,880.5476000381187
