,contributed_CCGT,contributed_Coal,contributed_Onshore,contributed_Offshore,contributed_PV,contributed_Nuclear,contributed_Recip_gas,contributed_Biomass,total_CCGT,total_Coal,total_Onshore,total_Offshore,total_PV,total_Nuclear,total_Recip_gas,Carbon_tax,total_genco_wealth,Electricity_cost,Carbon_emitted
0,376727.2299999985,177711.71999999994,49276.68629439979,33311.62330400002,3164.287157599938,98102.88999999997,13530.044999999993,0,31912.0,14475.0,8862.6,6983.8,3377.7999999999997,9361.0,971.5,30.8,27885695169.541985,90.55481101911646,1201.337799714559
1,292992.4899999999,155458.22999999984,43384.813736999866,31370.87724799997,3130.673963999977,83695.47999999994,12203.085000000005,0,31912.0,14475.0,8862.6,6983.8,3377.7999999999997,9361.0,971.5,30.8,40862939634.818405,68.46685559700376,982.4089065955365
2,382697.44999999827,166810.01999999996,49573.69750079966,33959.43188800006,1670.4825375999321,96159.01,13767.694999999987,0,31912.0,14475.0,8862.6,6983.8,3377.7999999999997,9361.0,971.5,30.8,67459366248.300735,91.98653988480858,1194.3867939179572
3,405261.4999999985,173250.88999999998,56539.44106289978,32615.299440000024,3184.994370599962,120247.01999999993,14011.649999999983,0,31912.0,14475.0,8862.6,6983.8,3377.7999999999997,9361.0,971.5,30.8,101490332198.9192,110.06988704435803,1258.556358824219
4,229853.3599999999,62120.379999999976,36626.15433999997,27851.51624400001,3033.025146049978,100432.82999999994,798.3100000000007,0,31912.0,14475.0,8862.6,6983.8,3377.7999999999997,9361.0,971.5,30.8,89531290757.53592,37.962207248410316,627.1590501912398
5,406643.039999999,140649.81,53832.83619189988,35306.74012600006,3136.9906826499755,136180.23999999993,14383.159999999987,0,31912.0,14475.0,8862.6,6983.8,3377.7999999999997,9361.0,971.5,30.8,154472257952.7189,129.23705688863387,1197.6864952943786
6,233318.1799999998,67915.51999999997,38379.88495869987,26122.26033399998,4171.643290199986,90912.27999999996,836.1400000000009,0,31912.0,14475.0,8862.6,6983.8,3377.7999999999997,9361.0,971.5,30.8,135619767662.86975,38.20730514733101,649.7524522169593
7,277322.02999999997,81007.59999999996,39910.49147289977,26724.177459000002,7119.434563849939,90058.67999999995,7477.729999999998,0,31912.0,14475.0,8862.6,6983.8,3377.7999999999997,9361.0,971.5,30.8,114625280347.26398,42.85183100989351,777.1449159047974
