,contributed_CCGT,contributed_Coal,contributed_Onshore,contributed_Offshore,contributed_PV,contributed_Nuclear,contributed_Recip_gas,contributed_Biomass,total_CCGT,total_Coal,total_Onshore,total_Offshore,total_PV,total_Nuclear,total_Recip_gas,Carbon_tax,total_genco_wealth,Electricity_cost,Carbon_emitted
0,379864.17999999836,247657.76,23293.520965800042,29579.745223999984,3154.551064599939,75828.77999999997,13268.62999999999,0,31912.0,14475.0,8862.6,6983.8,3377.7999999999997,9361.0,971.5,30.8,38388342543.62353,172.87569225954485,1365.469349528477
1,269477.7600000002,254913.90999999997,23204.635675400037,29595.668287999964,3121.074797049978,56547.12,3981.8500000000004,0,31912.0,14475.0,8862.6,6983.8,3377.7999999999997,9361.0,971.5,30.8,35514909355.7331,64.20377808914512,1135.0274334061787
2,368620.9699999986,254237.13999999996,21459.871649399945,29224.130127999983,1658.6901237499328,76553.36999999998,13270.56999999999,0,31912.0,14475.0,8862.6,6983.8,3377.7999999999997,9361.0,971.5,30.8,77353147013.63539,180.16481152148074,1357.3307868017166
3,392246.679999998,256245.05999999997,23271.16948860005,29656.706700000013,3187.892091749965,80062.82999999997,14845.364999999982,0,31912.0,14475.0,8862.6,6983.8,3377.7999999999997,9361.0,971.5,30.8,124492664702.1198,189.2697604897613,1412.9682806238748
4,193412.76000000033,188624.07000000018,18150.644219500024,23555.41579399998,3024.2444019499812,52909.62,148.41000000000003,0,31912.0,14475.0,8862.6,6983.8,3377.7999999999997,9361.0,971.5,30.8,110022879023.0206,41.689821877913836,817.5684360498628
5,380952.5399999983,267603.68,23464.752699000044,29595.668287999964,3122.2863189999775,83472.37999999996,13269.59999999999,0,31912.0,14475.0,8862.6,6983.8,3377.7999999999997,9361.0,971.5,30.8,193821890614.84265,206.4356570047619,1412.1879754246365
6,186103.47000000018,210596.55,17149.1849273,21571.307429999975,4197.00040569998,48472.84,183.32999999999998,0,31912.0,14475.0,8862.6,6983.8,3377.7999999999997,9361.0,971.5,30.8,172365458216.92596,41.69348728594449,854.5561122369018
7,234176.73000000016,191264.23000000004,28383.04463719996,33936.84403400003,7196.891575699933,43829.45,4558.514999999999,0,31912.0,14475.0,8862.6,6983.8,3377.7999999999997,9361.0,971.5,30.8,148076637586.91675,45.89686024035834,922.5092038035409
