,contributed_CCGT,contributed_Coal,contributed_Onshore,contributed_Offshore,contributed_PV,contributed_Nuclear,contributed_Recip_gas,contributed_Biomass,total_CCGT,total_Coal,total_Onshore,total_Offshore,total_PV,total_Nuclear,total_Recip_gas,Carbon_tax,total_genco_wealth,Electricity_cost,Carbon_emitted
0,354826.6599999986,256689.49,23293.520965800042,29579.745223999984,3154.551064599939,95180.27999999997,13251.169999999991,0,31912.0,14475.0,8862.6,6983.8,3377.7999999999997,9361.0,971.5,30.8,30955277371.111557,144.45864635798884,1333.8841643870169
1,266004.4800000003,237434.02999999994,23436.89058390004,29595.668287999964,3122.130233349978,81549.83999999997,3075.385,0,31912.0,14475.0,8862.6,6983.8,3377.7999999999997,9361.0,971.5,30.8,24765793574.29021,55.936690384744885,1083.5769321039397
2,355547.29999999865,256319.31999999998,20862.049213099875,29089.07022399998,1657.1897532999328,96312.26999999996,13260.86999999999,0,31912.0,14475.0,8862.6,6983.8,3377.7999999999997,9361.0,971.5,30.8,64120478606.80074,167.92848617360946,1335.4177179893566
3,377355.0599999984,255960.31999999995,23278.20383160005,29656.706700000013,3187.892091749965,106629.18999999994,13271.53999999999,0,31912.0,14475.0,8862.6,6983.8,3377.7999999999997,9361.0,971.5,30.8,102255880909.6043,159.36582950223266,1378.9080590073563
4,172739.43000000025,188903.1099999998,18160.510467800017,23609.13122599998,2603.510064849983,75299.15999999997,148.41000000000003,0,31912.0,14475.0,8862.6,6983.8,3377.7999999999997,9361.0,971.5,30.8,88479035511.43875,40.234096054346814,773.4517164077828
5,366635.5999999987,265670.55,23459.798074800045,29595.668287999964,3122.2863189999775,103110.99999999996,13269.59999999999,0,31912.0,14475.0,8862.6,6983.8,3377.7999999999997,9361.0,971.5,30.8,146506089987.46457,159.02726683881372,1378.8110048088965
6,163671.21000000017,208592.34999999995,19330.647997299988,24905.521384999982,4213.768185499978,71050.55999999997,209.51999999999995,0,31912.0,14475.0,8862.6,6983.8,3377.7999999999997,9361.0,971.5,30.8,124311873875.1938,39.89883909627691,798.130434505302
7,199135.1100000004,205449.9299999999,25399.85735150004,31422.970336000017,7186.425698049933,72364.90999999997,209.51999999999995,0,31912.0,14475.0,8862.6,6983.8,3377.7999999999997,9361.0,971.5,30.8,97622380240.78177,42.552916883491996,870.597938602143
