,contributed_CCGT,contributed_Coal,contributed_Onshore,contributed_Offshore,contributed_PV,contributed_Nuclear,contributed_Recip_gas,contributed_Biomass,total_CCGT,total_Coal,total_Onshore,total_Offshore,total_PV,total_Nuclear,total_Recip_gas,Carbon_tax,total_genco_wealth,Electricity_cost,Carbon_emitted
0,315350.4799999999,250081.21999999986,22314.740933200035,29120.82773599999,3154.551064599939,131747.34000000008,13097.910000000007,0,31912.0,14475.0,8862.6,6983.8,3377.7999999999997,9361.0,971.5,30.8,26941502943.860546,127.92018704613149,1253.891360725557
1,226541.50000000026,227625.2099999997,22825.886992200016,29595.668287999964,3120.2875331499777,110826.38000000005,10990.100000000013,0,31912.0,14475.0,8862.6,6983.8,3377.7999999999997,9361.0,971.5,30.8,26419779194.95175,65.466685627212,1019.1275618635793
2,309484.8100000001,265676.1999999999,19417.54479739983,26972.00643400001,1654.4672243499335,136350.96000000008,13848.69,0,31912.0,14475.0,8862.6,6983.8,3377.7999999999997,9361.0,971.5,30.8,52761723553.88,128.1676900545314,1278.3067412075973
3,352205.32999999914,252464.71999999983,22243.965591299966,29252.989836000008,3182.0198007499644,143265.12000000005,15006.869999999975,0,31912.0,14475.0,8862.6,6983.8,3377.7999999999997,9361.0,971.5,30.8,81231063749.26974,130.57921144140323,1336.7189721585544
4,136097.91999999993,190720.88999999987,16969.370750499973,21395.964732999986,2959.42588314998,99853.74,21.339999999999996,0,31912.0,14475.0,8862.6,6983.8,3377.7999999999997,9361.0,971.5,30.8,67985538712.25809,39.5221588458708,725.667139344221
5,324985.43999999977,267893.4999999998,22675.855433500023,29086.881841999966,3122.2863189999775,144663.86000000007,14778.919999999978,0,31912.0,14475.0,8862.6,6983.8,3377.7999999999997,9361.0,971.5,30.8,112758728692.97264,133.01172047668965,1316.6090657929954
6,143792.63999999993,203897.3599999997,15639.219605700015,20239.475829999978,3168.7737736999798,94303.39999999998,16.490000000000002,0,31912.0,14475.0,8862.6,6983.8,3377.7999999999997,9361.0,971.5,30.8,91725861088.20474,37.72829671084899,767.41840232928
7,195900.9800000001,184293.98999999985,19701.032991300006,24666.20355050001,7229.443826549929,95554.7,9113.634999999995,0,31912.0,14475.0,8862.6,6983.8,3377.7999999999997,9361.0,971.5,30.8,70911499835.14131,43.2200306458825,850.5687943480202
