,contributed_CCGT,contributed_Coal,contributed_Onshore,contributed_Offshore,contributed_PV,contributed_Nuclear,contributed_Recip_gas,contributed_Biomass,total_CCGT,total_Coal,total_Onshore,total_Offshore,total_PV,total_Nuclear,total_Recip_gas,Carbon_tax,total_genco_wealth,Electricity_cost,Carbon_emitted
0,353959.17999999854,261046.67999999996,23293.520965800042,29579.745223999984,3154.551064599939,88690.97999999998,13266.68999999999,0,31912.0,14475.0,8862.6,6983.8,3377.7999999999997,9361.0,971.5,30.8,30627888943.328796,145.8525702025274,1341.8301009586366
1,271418.1000000001,229080.93000000008,23406.06874660004,29595.668287999964,3121.7174675499778,81549.83999999997,3730.1349999999993,0,31912.0,14475.0,8862.6,6983.8,3377.7999999999997,9361.0,971.5,30.8,24730174276.491932,55.10621964620494,1080.81168225014
2,369551.7199999986,239129.78000000003,21087.363684299893,29224.130127999983,1658.4861487499325,96200.71999999996,13268.62999999999,0,31912.0,14475.0,8862.6,6983.8,3377.7999999999997,9361.0,971.5,30.8,63468056556.24075,168.49445117361606,1325.505738212437
3,378962.1999999983,255807.36999999994,23173.527125500048,29656.706700000013,3187.892091749965,102870.43999999994,13261.839999999991,0,31912.0,14475.0,8862.6,6983.8,3377.7999999999997,9361.0,971.5,30.8,100511922580.58987,157.60070697025034,1381.809569883256
4,210526.77000000043,153027.58000000002,17569.098829400005,22489.493658999985,2874.6311871499825,71562.71999999997,200.78999999999996,0,31912.0,14475.0,8862.6,6983.8,3377.7999999999997,9361.0,971.5,30.8,87263625283.84042,42.500496376546074,776.6357401968419
5,385825.41999999806,253136.40999999997,23464.752699000044,29595.668287999964,3122.2863189999775,96396.65999999996,13269.59999999999,0,31912.0,14475.0,8862.6,6983.8,3377.7999999999997,9361.0,971.5,30.8,138589480646.99203,154.06033148356258,1389.7976844811774
6,179527.0500000002,211763.6600000001,17873.78389980001,22503.075713999973,2965.341884499981,55510.18999999998,165.87,0,31912.0,14475.0,8862.6,6983.8,3377.7999999999997,9361.0,971.5,30.8,116710206303.94641,40.10757946272967,838.2298046766825
7,200761.08000000016,226201.94000000003,20846.065310600046,25353.794626500006,7079.471436649938,66814.56999999998,174.6,0,31912.0,14475.0,8862.6,6983.8,3377.7999999999997,9361.0,971.5,30.8,90054947296.48375,41.08349467739628,918.3326340321217
