,contributed_CCGT,contributed_Coal,contributed_Onshore,contributed_Offshore,contributed_PV,contributed_Nuclear,contributed_Recip_gas,contributed_Biomass,total_CCGT,total_Coal,total_Onshore,total_Offshore,total_PV,total_Nuclear,total_Recip_gas,Carbon_tax,total_genco_wealth,Electricity_cost,Carbon_emitted
0,344897.5799999984,258296.68999999992,21946.52709990004,28848.177127999985,3154.551064599939,116532.89,12308.814999999999,0,31912.0,14475.0,8862.6,6983.8,3377.7999999999997,9361.0,971.5,30.8,8743232357.388315,73.15188543902178,1315.35424452262
1,244386.48000000033,240691.13000000003,21909.046814,28346.495313999974,3116.813600099977,105081.06999999996,2795.5400000000004,0,31912.0,14475.0,8862.6,6983.8,3377.7999999999997,9361.0,971.5,30.8,1781228956.643008,48.62801667363692,1046.2505641397424
2,354348.2899999985,245121.17999999996,20422.00668579986,28819.499211999988,1656.8583585999327,117745.39,13289.969999999996,0,31912.0,14475.0,8862.6,6983.8,3377.7999999999997,9361.0,971.5,30.8,10859463012.264454,85.39403397127775,1306.206954129639
3,380254.2099999977,252934.96,21906.96822039994,29028.673404000012,3183.136817599964,117954.91000000002,13381.149999999998,0,31912.0,14475.0,8862.6,6983.8,3377.7999999999997,9361.0,971.5,30.8,23576203723.510815,92.78576628219118,1378.2650595540779
4,167493.9800000004,191624.48000000016,16507.946610200015,20543.662067999987,2603.330168849983,90184.77999999991,191.08999999999997,0,31912.0,14475.0,8862.6,6983.8,3377.7999999999997,9361.0,971.5,30.8,9770834729.552086,38.622004600763255,767.9911735230434
5,371810.82999999804,255538.8,23155.863289700035,29595.668287999964,3122.2863189999775,120261.57000000002,13289.969999999996,0,31912.0,14475.0,8862.6,6983.8,3377.7999999999997,9361.0,971.5,30.8,30198537490.66617,97.66567220610479,1364.9489764423986
6,149822.8600000002,206637.64000000013,16232.746338800032,21129.804581999975,4157.3279447999785,92146.1199999999,166.84,0,31912.0,14475.0,8862.6,6983.8,3377.7999999999997,9361.0,971.5,30.8,7143826904.301558,36.445100739225076,766.6357063407233
7,188832.6600000001,213240.02000000016,19612.323891700013,24702.54656050001,7121.775722299932,92847.42999999992,192.05999999999997,0,31912.0,14475.0,8862.6,6983.8,3377.7999999999997,9361.0,971.5,30.8,-20415752607.471092,38.16613644970971,867.8610628679642
