,contributed_CCGT,contributed_Coal,contributed_Onshore,contributed_Offshore,contributed_PV,contributed_Nuclear,contributed_Recip_gas,contributed_Biomass,total_CCGT,total_Coal,total_Onshore,total_Offshore,total_PV,total_Nuclear,total_Recip_gas,Carbon_tax,total_genco_wealth,Electricity_cost,Carbon_emitted
0,314698.72999999946,210770.35000000006,56434.37970329983,25059.27862849999,3173.1692813999357,140149.47999999995,12942.224999999988,0,31912.0,14475.0,8862.6,6983.8,3377.7999999999997,9361.0,971.5,30.8,33808504703.810375,125.92477437831099,1160.9896909792976
1,247282.45000000036,177443.58999999988,50309.4749473,24814.01797399997,3131.5968587999737,111410.31999999993,10260.659999999998,0,31912.0,14475.0,8862.6,6983.8,3377.7999999999997,9361.0,971.5,30.8,39849840027.30809,77.06682811931047,947.775760658819
2,313067.52999999933,212889.87000000008,53542.54271079975,24343.042471000008,1673.8513913999334,131674.5899999999,13611.524999999969,0,31912.0,14475.0,8862.6,6983.8,3377.7999999999997,9361.0,971.5,30.8,74066209102.544,124.30681974797655,1167.3109066682578
3,340820.5499999989,218615.16999999998,60951.001751599615,27563.28236000001,3197.011062699961,137251.11999999994,14103.799999999972,0,31912.0,14475.0,8862.6,6983.8,3377.7999999999997,9361.0,971.5,30.8,122037725981.08307,134.8132657851783,1237.4242784876558
4,175142.5399999997,132484.59999999986,37517.174796300125,19149.00487799997,2763.275716949977,95551.78999999995,384.1199999999998,0,31912.0,14475.0,8862.6,6983.8,3377.7999999999997,9361.0,971.5,30.8,111586307799.39983,39.16538079415884,673.6361583908011
5,355384.629999999,204708.54000000007,62764.34799799997,27386.07605599996,3139.1895331499754,126131.03999999994,14107.679999999962,0,31912.0,14475.0,8862.6,6983.8,3377.7999999999997,9361.0,971.5,30.8,177753524437.24347,131.91223112426655,1235.9660109189185
6,171225.30999999968,140532.75999999992,37244.4033564,17765.555521999977,3103.686484199976,97251.22999999994,1340.055000000002,0,31912.0,14475.0,8862.6,6983.8,3377.7999999999997,9361.0,971.5,30.8,160844914028.96805,38.731560950628854,685.6305873484811
7,219641.07000000012,134548.6999999999,40652.41472299985,20648.219732999987,7109.642039149939,97090.20999999995,7739.144999999991,0,31912.0,14475.0,8862.6,6983.8,3377.7999999999997,9361.0,971.5,30.8,143076350935.43356,42.17614471479971,784.827792692602
