,contributed_CCGT,contributed_Coal,contributed_Onshore,contributed_Offshore,contributed_PV,contributed_Nuclear,contributed_Recip_gas,contributed_Biomass,total_CCGT,total_Coal,total_Onshore,total_Offshore,total_PV,total_Nuclear,total_Recip_gas,Carbon_tax,total_genco_wealth,Electricity_cost,Carbon_emitted
0,352418.8199999985,260396.50999999998,22698.470537300043,29046.564487999985,3154.551064599939,95114.31999999996,13268.62999999999,0,31912.0,14475.0,8862.6,6983.8,3377.7999999999997,9361.0,971.5,30.8,30389784161.740513,144.27216077989496,1336.3793603209765
1,254078.22000000015,247997.59000000005,22604.99342210003,29008.604767999965,3120.067419249978,81549.83999999997,3940.1400000000003,0,31912.0,14475.0,8862.6,6983.8,3377.7999999999997,9361.0,971.5,30.8,24035764550.25925,52.87348585809502,1085.5233339308202
2,357621.6399999986,258860.74999999997,21278.314237099923,29147.89422399998,1658.8179513999326,90602.84999999996,13268.62999999999,0,31912.0,14475.0,8862.6,6983.8,3377.7999999999997,9361.0,971.5,30.8,63051070525.75313,168.98631810624337,1343.4669834484966
3,384409.83999999816,248278.04,23278.20383160005,29656.706700000013,3187.624008899965,103998.54999999994,14717.324999999983,0,31912.0,14475.0,8862.6,6983.8,3377.7999999999997,9361.0,971.5,30.8,100444566902.72484,159.512773648788,1379.0219817299158
4,164827.26000000033,209123.01,18201.43754200003,23566.047091999986,3040.1440641499817,64919.18999999997,183.32999999999998,0,31912.0,14475.0,8862.6,6983.8,3377.7999999999997,9361.0,971.5,30.8,85440634599.72005,39.11981580049398,801.6081639679809
5,386876.9399999982,248772.45000000004,23457.718356000045,29595.668287999964,3122.2863189999775,102191.43999999994,13270.56999999999,0,31912.0,14475.0,8862.6,6983.8,3377.7999999999997,9361.0,971.5,30.8,141334962175.5808,157.04772276035789,1382.1965075650974
6,190496.61000000036,185330.09,17723.9187349,22487.150607499978,4208.063313199978,67395.59999999998,209.51999999999995,0,31912.0,14475.0,8862.6,6983.8,3377.7999999999997,9361.0,971.5,30.8,118416271562.67598,40.51940764449499,801.7916444658224
7,204190.5900000004,219211.46999999997,22411.889061900034,27194.390452,6169.407890299965,74445.55999999997,192.05999999999997,0,31912.0,14475.0,8862.6,6983.8,3377.7999999999997,9361.0,971.5,30.8,89749799459.01593,39.70662791604096,905.2050333150615
