,contributed_CCGT,contributed_Coal,contributed_Onshore,contributed_Offshore,contributed_PV,contributed_Nuclear,contributed_Recip_gas,contributed_Biomass,total_CCGT,total_Coal,total_Onshore,total_Offshore,total_PV,total_Nuclear,total_Recip_gas,Carbon_tax,total_genco_wealth,Electricity_cost,Carbon_emitted
0,402538.5899999983,199042.79999999958,23300.55530880004,29579.745223999984,3154.551064599939,93207.29999999996,14971.949999999977,0,31912.0,14475.0,8862.6,6983.8,3377.7999999999997,9361.0,971.5,30.8,27428354622.861908,140.94577913259667,1308.3251562743953
1,346307.02999999915,185871.63999999996,23464.752699000044,29595.668287999964,3122.2863189999775,30553.059999999983,13089.180000000008,0,31912.0,14475.0,8862.6,6983.8,3377.7999999999997,9361.0,971.5,30.8,32299109032.444805,89.26959684819887,1160.0860062927181
2,374866.3699999985,233322.67999999967,21601.84304159999,29224.130127999983,1658.9456695999324,89456.30999999997,15067.979999999972,0,31912.0,14475.0,8862.6,6983.8,3377.7999999999997,9361.0,971.5,30.8,62930346276.43153,147.42535114919528,1327.913376566633
3,412286.0199999978,221992.30999999974,23278.20383160005,29656.706700000013,3188.160174599965,94824.29,15705.269999999975,0,31912.0,14475.0,8862.6,6983.8,3377.7999999999997,9361.0,971.5,30.8,95773743066.83601,149.91478376916,1379.8863998093734
4,227621.42000000004,167650.10999999993,22472.132153500006,29516.44056799997,3118.004963349977,23670.90999999999,3637.499999999995,0,31912.0,14475.0,8862.6,6983.8,3377.7999999999997,9361.0,971.5,30.8,84123636501.19698,51.596592091615584,856.4881032737816
5,419759.9199999978,235995.06999999963,23464.752699000044,29595.668287999964,3122.2863189999775,79256.75999999997,15781.414999999974,0,31912.0,14475.0,8862.6,6983.8,3377.7999999999997,9361.0,971.5,30.8,134475544232.8172,150.92212357136114,1426.505931497857
6,236787.90000000029,165644.29999999996,20909.362311399946,26973.370244499976,4425.36042789998,20583.399999999994,8760.554999999993,0,31912.0,14475.0,8862.6,6983.8,3377.7999999999997,9361.0,971.5,30.8,117345132537.05998,49.471934331734246,880.1431389013994
7,281409.24000000034,153479.88,28455.387857999947,33703.35935150003,7381.89723899993,24700.079999999987,11911.600000000011,0,31912.0,14475.0,8862.6,6983.8,3377.7999999999997,9361.0,971.5,30.8,101106921879.27066,54.547921769789276,951.7785476722395
