,contributed_CCGT,contributed_Coal,contributed_Onshore,contributed_Offshore,contributed_PV,contributed_Nuclear,contributed_Recip_gas,contributed_Biomass,total_CCGT,total_Coal,total_Onshore,total_Offshore,total_PV,total_Nuclear,total_Recip_gas,Carbon_tax,total_genco_wealth,Electricity_cost,Carbon_emitted
0,385458.60999999836,197422.80999999974,23300.55530880004,29579.745223999984,3154.551064599939,111923.44999999998,14813.839999999986,0,31912.0,14475.0,8862.6,6983.8,3377.7999999999997,9361.0,971.5,30.8,18034796129.224766,94.16848253939632,1268.0620214483777
1,326539.07999999955,159154.04,23464.752699000044,29595.668287999964,3122.2863189999775,85937.14999999994,9891.089999999987,0,31912.0,14475.0,8862.6,6983.8,3377.7999999999997,9361.0,971.5,30.8,21631371851.912663,66.59179183073088,1047.1620362079195
2,386390.0499999983,200570.91999999966,21601.84304159999,29224.130127999983,1658.9456695999324,111658.63999999997,15038.879999999981,0,31912.0,14475.0,8862.6,6983.8,3377.7999999999997,9361.0,971.5,30.8,38295013028.65608,99.0788484445061,1273.8427725261563
3,404732.4199999979,209121.30999999974,23278.20383160005,29656.706700000013,3188.160174599965,124382.12999999998,14116.894999999995,0,31912.0,14475.0,8862.6,6983.8,3377.7999999999997,9361.0,971.5,30.8,58102814579.3867,103.99325577524276,1333.0113172213782
4,230709.4200000003,119269.42000000007,22662.927186200028,29201.730457999973,3118.476255049977,58404.66999999998,3229.6149999999984,0,31912.0,14475.0,8862.6,6983.8,3377.7999999999997,9361.0,971.5,30.8,51956787482.69053,51.098895982643995,745.2391018191598
5,399385.95999999804,218062.6299999998,23464.752699000044,29595.668287999964,3122.2863189999775,118032.50999999997,14274.034999999996,0,31912.0,14475.0,8862.6,6983.8,3377.7999999999997,9361.0,971.5,30.8,79538917725.17976,98.8579091475084,1344.838770866737
6,228446.12000000032,116824.88000000006,24687.47517980004,32414.010506999988,4472.063220499984,54892.29999999997,6479.599999999995,0,31912.0,14475.0,8862.6,6983.8,3377.7999999999997,9361.0,971.5,30.8,72356915932.7983,51.140705920121285,747.6474210222392
7,257486.32000000027,125227.22000000004,31101.64028929992,36018.976609000034,7424.662458399931,59232.079999999965,10064.720000000005,0,31912.0,14475.0,8862.6,6983.8,3377.7999999999997,9361.0,971.5,30.8,65081671957.579285,54.535876703004135,834.9887052935592
