,contributed_CCGT,contributed_Coal,contributed_Onshore,contributed_Offshore,contributed_PV,contributed_Nuclear,contributed_Recip_gas,contributed_Biomass,total_CCGT,total_Coal,total_Onshore,total_Offshore,total_PV,total_Nuclear,total_Recip_gas,Carbon_tax,total_genco_wealth,Electricity_cost,Carbon_emitted
0,440433.40999999834,156160.10999999984,51371.51108869992,25833.540961999995,3147.65658869994,68032.88999999996,14016.500000000004,0,31912.0,14475.0,8862.6,6983.8,3377.7999999999997,9361.0,971.5,30.8,24863395733.257557,123.06521835490366,1300.099069313781
1,378402.2899999991,112959.29999999994,47304.248582599954,24783.66250999997,3107.456495349978,55436.469999999965,10115.160000000007,0,31912.0,14475.0,8862.6,6983.8,3377.7999999999997,9361.0,971.5,30.8,23234967894.377644,68.09022762030183,1068.5348854413971
2,421748.3399999983,158498.08999999976,49057.13963719974,25714.234432000027,1653.2419958999328,96359.79999999996,13926.290000000005,0,31912.0,14475.0,8862.6,6983.8,3377.7999999999997,9361.0,971.5,30.8,53466334093.49263,123.1570174631833,1263.6578348098205
3,438487.9099999984,157580.6199999997,55335.76872249977,25467.075220000002,3182.7772586499636,109122.08999999998,15715.939999999986,0,31912.0,14475.0,8862.6,6983.8,3377.7999999999997,9361.0,971.5,30.8,87071772793.475,126.03449481992477,1300.406370686759
4,284727.03,77416.54999999999,36468.60467989996,18737.861464999973,3016.719973149982,47401.95999999998,1930.3000000000009,0,31912.0,14475.0,8862.6,6983.8,3377.7999999999997,9361.0,971.5,30.8,72029751138.23346,37.64096808614437,777.2036740968958
5,433331.59999999823,153298.5299999998,57630.67863719984,27127.485751999964,3120.1848818499793,111546.11999999995,15689.749999999985,0,31912.0,14475.0,8862.6,6983.8,3377.7999999999997,9361.0,971.5,30.8,117436890459.11554,128.4876684210176,1280.3308486249407
6,270404.98000000016,94339.59999999995,40308.2382268997,18457.509833999975,4334.35056389998,40493.619999999995,2240.6999999999966,0,31912.0,14475.0,8862.6,6983.8,3377.7999999999997,9361.0,971.5,30.8,93296481058.66771,37.06769124685385,790.3969322807958
7,317471.2399999993,86305.04,38592.583008499736,21896.399149499997,7097.79117764993,55266.719999999965,10217.495000000006,0,31912.0,14475.0,8862.6,6983.8,3377.7999999999997,9361.0,971.5,30.8,65682194411.14652,42.39578847748094,876.077441855915
