,contributed_CCGT,contributed_Coal,contributed_Onshore,contributed_Offshore,contributed_PV,contributed_Nuclear,contributed_Recip_gas,contributed_Biomass,total_CCGT,total_Coal,total_Onshore,total_Offshore,total_PV,total_Nuclear,total_Recip_gas,Carbon_tax,total_genco_wealth,Electricity_cost,Carbon_emitted
0,393857.7999999981,197668.31999999954,23300.55530880004,29579.745223999984,3154.551064599939,115078.85999999999,15038.879999999981,0,31912.0,14475.0,8862.6,6983.8,3377.7999999999997,9361.0,971.5,30.8,17870058761.2127,94.32116621798978,1284.935578871358
1,351716.67999999877,135252.8900000001,23464.752699000044,29595.668287999964,3122.2863189999775,73086.58999999995,13119.25,0,31912.0,14475.0,8862.6,6983.8,3377.7999999999997,9361.0,971.5,30.8,22902074643.267906,72.65260637775282,1054.94271134022
2,386167.9499999982,200203.31999999972,21601.84304159999,29224.130127999983,1658.9456695999324,114211.67999999996,15067.009999999978,0,31912.0,14475.0,8862.6,6983.8,3377.7999999999997,9361.0,971.5,30.8,38001777965.345024,97.6800863570992,1274.9916715213585
3,422604.67999999796,202739.6599999996,23278.20383160005,29656.706700000013,3188.160174599965,117398.12999999998,15076.709999999977,0,31912.0,14475.0,8862.6,6983.8,3377.7999999999997,9361.0,971.5,30.8,57917505371.94702,105.81627459196977,1352.3217981046776
4,225630.65000000029,123697.99000000005,23297.32296810003,29595.668287999968,3117.474250249977,54327.75999999998,6135.249999999995,0,31912.0,14475.0,8862.6,6983.8,3377.7999999999997,9361.0,971.5,30.8,52939293414.619835,52.224748695966845,752.9780406500199
5,409831.54999999795,197593.64999999964,23464.752699000044,29595.668287999964,3122.2863189999775,121823.26999999997,15728.549999999981,0,31912.0,14475.0,8862.6,6983.8,3377.7999999999997,9361.0,971.5,30.8,83248343287.87212,104.7264348132602,1323.4159623426967
6,229819.19000000026,115902.57000000007,24012.37328970003,30628.417676999987,4464.5681839999825,59754.909999999974,7462.209999999996,0,31912.0,14475.0,8862.6,6983.8,3377.7999999999997,9361.0,971.5,30.8,74552497621.94705,49.488213687751596,746.8270307328592
7,261917.31000000023,127943.37000000004,31191.021540699927,36727.575415000065,7425.045443849931,51367.31999999997,9422.579999999985,0,31912.0,14475.0,8862.6,6983.8,3377.7999999999997,9361.0,971.5,30.8,68151574531.73923,54.83617281563583,845.243712151258
