,contributed_CCGT,contributed_Coal,contributed_Onshore,contributed_Offshore,contributed_PV,contributed_Nuclear,contributed_Recip_gas,contributed_Biomass,total_CCGT,total_Coal,total_Onshore,total_Offshore,total_PV,total_Nuclear,total_Recip_gas,Carbon_tax,total_genco_wealth,Electricity_cost,Carbon_emitted
0,339304.59000000014,244868.17999999996,57889.56228639974,27445.06330399998,3172.662507499935,91497.18999999992,12523.66999999999,0,31912.0,14475.0,8862.6,6983.8,3377.7999999999997,9361.0,971.5,30.8,97493755599.41602,319.5835851053585,1261.3178801156378
1,231352.23000000007,243187.07999999996,49404.14343109994,25153.802877999977,3132.184724449974,82476.18999999993,3659.809999999998,0,31912.0,14475.0,8862.6,6983.8,3377.7999999999997,9361.0,971.5,30.8,110988523167.44196,85.10484753218194,1020.0520728978398
2,317868.61999999953,265145.55,49718.45975759959,22373.09544100002,1666.3565461999347,94465.38999999993,12208.419999999991,0,31912.0,14475.0,8862.6,6983.8,3377.7999999999997,9361.0,971.5,30.8,227318044822.051,321.62455016295166,1274.1771766988986
3,345458.66999999917,265677.07,54965.24982969967,27516.470700000013,3201.9898941999613,102616.29999999994,12079.40999999999,0,31912.0,14475.0,8862.6,6983.8,3377.7999999999997,9361.0,971.5,30.8,368331905908.0168,346.975365640006,1319.3889399238612
4,150454.9500000001,186866.31000000003,38718.63485770002,18951.54530699997,2885.626244549979,75547.47999999994,295.84999999999985,0,31912.0,14475.0,8862.6,6983.8,3377.7999999999997,9361.0,971.5,30.8,356706449718.0361,34.06124292635085,722.9972344013794
5,340611.9500000001,268380.45999999996,61294.11016130001,29931.370291999974,3136.182331099976,95551.78999999992,12320.939999999995,0,31912.0,14475.0,8862.6,6983.8,3377.7999999999997,9361.0,971.5,30.8,578194900422.3759,340.11699139855483,1325.4772135830783
6,151682.89000000013,209896.41999999993,37471.72014039984,18645.036337999976,3728.935754449977,64845.46999999995,279.3599999999999,0,31912.0,14475.0,8862.6,6983.8,3377.7999999999997,9361.0,971.5,30.8,559515311967.0889,33.686789481918076,776.8458192951593
7,197366.99000000002,191580.66000000012,44316.43122499982,22136.217862,7205.739104949935,76985.01999999993,385.08999999999975,0,31912.0,14475.0,8862.6,6983.8,3377.7999999999997,9361.0,971.5,30.8,537762563427.25494,37.767073673164965,828.976633642679
