,contributed_CCGT,contributed_Coal,contributed_Onshore,contributed_Offshore,contributed_PV,contributed_Nuclear,contributed_Recip_gas,contributed_Biomass,total_CCGT,total_Coal,total_Onshore,total_Offshore,total_PV,total_Nuclear,total_Recip_gas,Carbon_tax,total_genco_wealth,Electricity_cost,Carbon_emitted
0,341340.89000000013,223702.01999999973,55458.52828499993,26417.080298999983,3171.5485778999364,102151.66999999994,12101.719999999988,0,31912.0,14475.0,8862.6,6983.8,3377.7999999999997,9361.0,971.5,30.8,104330202340.76552,350.1083610824958,1217.412093203959
1,269825.6399999999,209253.09999999966,52471.971015600015,25906.90211599997,3137.313670349974,76005.31999999993,6361.259999999994,0,31912.0,14475.0,8862.6,6983.8,3377.7999999999997,9361.0,971.5,30.8,121892004152.75523,110.84514829434393,1028.1528719938003
2,372234.8099999996,211897.6899999996,53260.928207699675,26057.864728000004,1672.6326528499328,97432.61999999991,12129.849999999991,0,31912.0,14475.0,8862.6,6983.8,3377.7999999999997,9361.0,971.5,30.8,248193470897.2381,349.44275162039906,1255.0251563506192
3,358166.78000000014,227093.98999999967,57497.46261049981,33338.72996400004,3205.676101049961,118020.87,13985.459999999977,0,31912.0,14475.0,8862.6,6983.8,3377.7999999999997,9361.0,971.5,30.8,390623263163.5738,359.4909334604052,1278.3204571780186
4,182190.01999999976,167658.9999999997,39446.0623211,19060.234502999974,3033.0708190499786,60376.679999999964,376.3599999999998,0,31912.0,14475.0,8862.6,6983.8,3377.7999999999997,9361.0,971.5,30.8,378181093550.23004,36.83626592358123,744.8181280420015
5,375263.4899999989,226390.9599999996,60228.68698359997,29763.85924999997,3137.6660903999755,102409.68999999996,12824.369999999986,0,31912.0,14475.0,8862.6,6983.8,3377.7999999999997,9361.0,971.5,30.8,604979901380.3693,360.1980114865178,1293.7420460420815
6,170719.1199999997,176345.50999999963,40695.84261239986,19680.654071499965,3112.1208312999756,73842.21999999994,339.49999999999983,0,31912.0,14475.0,8862.6,6983.8,3377.7999999999997,9361.0,971.5,30.8,585094915784.9718,36.89262394486419,740.7932266029802
7,233322.06000000014,166432.9299999999,43476.21576029989,21319.051839999993,7194.624854449936,65861.05999999995,1776.5550000000012,0,31912.0,14475.0,8862.6,6983.8,3377.7999999999997,9361.0,971.5,30.8,560835038105.227,39.43408597274992,849.1003923861402
