,contributed_CCGT,contributed_Coal,contributed_Onshore,contributed_Offshore,contributed_PV,contributed_Nuclear,contributed_Recip_gas,contributed_Biomass,total_CCGT,total_Coal,total_Onshore,total_Offshore,total_PV,total_Nuclear,total_Recip_gas,Carbon_tax,total_genco_wealth,Electricity_cost,Carbon_emitted
0,363728.05999999854,264457.49999999994,23300.55530880004,29579.745223999984,3154.551064599939,74578.44999999998,13269.59999999999,0,31912.0,14475.0,8862.6,6983.8,3377.7999999999997,9361.0,971.5,30.8,38110635439.624664,171.18290781417815,1370.201901264997
1,273122.7300000001,249363.37000000008,23400.984850500037,29595.668287999964,3121.990445799978,56547.12,3940.1400000000003,0,31912.0,14475.0,8862.6,6983.8,3377.7999999999997,9361.0,971.5,30.8,35342016207.30837,65.43188479028224,1129.9565873512588
2,365289.67999999865,257953.16999999998,21453.166000599944,29224.130127999983,1658.7957330499326,76839.51999999997,13269.59999999999,0,31912.0,14475.0,8862.6,6983.8,3377.7999999999997,9361.0,971.5,30.8,75611394431.58775,172.78450512121074,1358.8582409116564
3,380777.95999999816,268962.8600000001,23271.16948860005,29656.706700000013,3188.032516099965,79660.27999999997,14000.494999999988,0,31912.0,14475.0,8862.6,6983.8,3377.7999999999997,9361.0,971.5,30.8,122735532500.35182,187.6862102779941,1416.350166408276
4,189978.24000000025,202035.65999999995,17816.145879000007,23002.41359299998,3024.2444019499812,47260.34,183.32999999999998,0,31912.0,14475.0,8862.6,6983.8,3377.7999999999997,9361.0,971.5,30.8,108522213785.99791,40.619093148290496,838.698294112682
5,390748.6399999981,260805.72999999995,23464.752699000044,29595.668287999964,3122.2863189999775,79326.59999999998,13269.59999999999,0,31912.0,14475.0,8862.6,6983.8,3377.7999999999997,9361.0,971.5,30.8,191464490640.50125,206.79711310649418,1416.9051263905367
6,195037.86000000048,202153.15000000002,16675.371578400005,21002.752037999973,2664.179642599975,50553.490000000005,157.14000000000001,0,31912.0,14475.0,8862.6,6983.8,3377.7999999999997,9361.0,971.5,30.8,169199400558.0204,39.7196967860499,855.6475117237018
7,217832.76000000036,204859.00000000012,28841.71121299996,34504.995856500034,7365.49365904993,48541.70999999999,209.51999999999995,0,31912.0,14475.0,8862.6,6983.8,3377.7999999999997,9361.0,971.5,30.8,143145152935.35483,44.021424000694914,908.9894880820034
