,contributed_CCGT,contributed_Coal,contributed_Onshore,contributed_Offshore,contributed_PV,contributed_Nuclear,contributed_Recip_gas,contributed_Biomass,total_CCGT,total_Coal,total_Onshore,total_Offshore,total_PV,total_Nuclear,total_Recip_gas,Carbon_tax,total_genco_wealth,Electricity_cost,Carbon_emitted
0,325008.6799999994,250626.54999999996,56651.404476899785,30543.795511999993,3168.5134941999368,95320.9299999999,11995.019999999991,0,31912.0,14475.0,8862.6,6983.8,3377.7999999999997,9361.0,971.5,30.8,100007205727.7129,326.91121645131864,1248.7990786169016
1,249236.8499999999,232785.97999999995,53597.36428810006,26298.465901999974,3138.620891649974,64126.69999999996,6632.374999999985,0,31912.0,14475.0,8862.6,6983.8,3377.7999999999997,9361.0,971.5,30.8,113641459261.61848,89.86352473459526,1040.600673110041
2,326542.9599999994,248004.05999999985,56821.221406899815,26650.872879999977,1676.7527684999325,94742.80999999995,11908.689999999984,0,31912.0,14475.0,8862.6,6983.8,3377.7999999999997,9361.0,971.5,30.8,235459383929.0923,351.7522226654446,1249.4781878558806
3,340097.7399999995,265062.63999999996,56353.62368219971,30665.17960800001,3189.699310549962,105904.59999999995,12656.559999999992,0,31912.0,14475.0,8862.6,6983.8,3377.7999999999997,9361.0,971.5,30.8,384654003677.9688,352.44648502349827,1309.488288650718
4,144272.9999999999,193195.35000000003,40011.68816819997,19399.54125299997,2785.5374173499767,72688.88999999994,350.1699999999998,0,31912.0,14475.0,8862.6,6983.8,3377.7999999999997,9361.0,971.5,30.8,372514706965.3408,36.0347796595075,724.7279623792994
5,341045.3199999995,277618.74000000005,58468.016732700016,25937.72280699998,3138.3227893999756,90687.23999999992,12738.039999999986,0,31912.0,14475.0,8862.6,6983.8,3377.7999999999997,9361.0,971.5,30.8,591832786072.0613,351.7845582710681,1340.7763968785196
6,166898.35999999975,182048.63,38375.725511399825,17377.20517399998,2959.5790278999752,73704.47999999994,302.6399999999999,0,31912.0,14475.0,8862.6,6983.8,3377.7999999999997,9361.0,971.5,30.8,572731395205.9532,35.7680168569895,746.0658660047399
7,180900.52999999994,211057.20999999996,44028.83914539999,21928.812911999998,7204.126746749936,74333.03999999995,276.4499999999999,0,31912.0,14475.0,8862.6,6983.8,3377.7999999999997,9361.0,971.5,30.8,549033998274.203,37.967590389511365,839.1667927995791
