,contributed_CCGT,contributed_Coal,contributed_Onshore,contributed_Offshore,contributed_PV,contributed_Nuclear,contributed_Recip_gas,contributed_Biomass,total_CCGT,total_Coal,total_Onshore,total_Offshore,total_PV,total_Nuclear,total_Recip_gas,Carbon_tax,total_genco_wealth,Electricity_cost,Carbon_emitted
0,345898.2399999984,249752.81000000003,22262.65278680003,29364.829687999983,3154.551064599939,120086.97000000002,13052.804999999995,0,31912.0,14475.0,8862.6,6983.8,3377.7999999999997,9361.0,971.5,30.8,9606394214.58389,73.92816458080428,1298.906917598379
1,247784.6400000003,239377.33000000002,22363.929652599993,29150.902987999965,3120.2711753499775,105081.06999999996,2796.5100000000007,0,31912.0,14475.0,8862.6,6983.8,3377.7999999999997,9361.0,971.5,30.8,2804048466.9939013,49.19488844724638,1046.7113473473423
2,351532.53999999847,251844.75999999995,19745.81006339983,27481.495348,1655.1439835499332,116007.15,13289.969999999996,0,31912.0,14475.0,8862.6,6983.8,3377.7999999999997,9361.0,971.5,30.8,11863251449.901354,84.11494320015699,1315.493964594479
3,371548.2199999983,256362.9,22092.893387499953,28721.167980000006,3182.0198007499644,123635.23000000003,13288.029999999995,0,31912.0,14475.0,8862.6,6983.8,3377.7999999999997,9361.0,971.5,30.8,25443523227.650043,93.59714167870028,1368.0519647141978
4,168283.18000000034,182665.29,16558.239674600023,20663.57581799999,3024.2444019499812,92768.85999999988,212.42999999999995,0,31912.0,14475.0,8862.6,6983.8,3377.7999999999997,9361.0,971.5,30.8,9695095014.734392,38.69728021584566,749.6922607554235
5,368317.4699999983,257674.16999999998,22877.598836800014,29521.907095999963,3122.2863189999775,122511.97000000002,13289.969999999996,0,31912.0,14475.0,8862.6,6983.8,3377.7999999999997,9361.0,971.5,30.8,30498045199.97466,96.50134039361654,1364.4234456696588
6,174452.2200000002,184431.38999999987,16881.652224599995,22211.89006449997,3344.8378097999794,87099.2099999999,227.94999999999993,0,31912.0,14475.0,8862.6,6983.8,3377.7999999999997,9361.0,971.5,30.8,8017319501.324074,36.75914924210286,766.140579883223
7,197899.4200000004,204502.38000000015,18720.347917500025,23636.073311499997,6060.260977249969,98554.90999999996,201.75999999999996,0,31912.0,14475.0,8862.6,6983.8,3377.7999999999997,9361.0,971.5,30.8,-19093098001.689156,38.237708773894774,865.8649545672446
