,contributed_CCGT,contributed_Coal,contributed_Onshore,contributed_Offshore,contributed_PV,contributed_Nuclear,contributed_Recip_gas,contributed_Biomass,total_CCGT,total_Coal,total_Onshore,total_Offshore,total_PV,total_Nuclear,total_Recip_gas,Carbon_tax,total_genco_wealth,Electricity_cost,Carbon_emitted
0,345567.57999999856,253972.22999999995,22376.56738490003,29499.889591999985,3154.551064599939,118916.18000000001,13046.499999999995,0,31912.0,14475.0,8862.6,6983.8,3377.7999999999997,9361.0,971.5,30.8,9650392924.422995,74.61637590156694,1307.6380839975395
1,247431.9400000003,236584.68,22227.2221594,28927.14367399997,3118.8000379999776,106110.23999999996,2215.4800000000014,0,31912.0,14475.0,8862.6,6983.8,3377.7999999999997,9361.0,971.5,30.8,2863111624.8610864,49.61706712403596,1039.4613218226427
2,354535.3299999983,246857.46,20289.92853699983,28544.37913599999,1656.0139717499333,117646.45000000001,13289.969999999996,0,31912.0,14475.0,8862.6,6983.8,3377.7999999999997,9361.0,971.5,30.8,12151733522.656303,86.77893964385915,1310.4609770490792
3,376438.4099999977,247510.41,21101.986550699938,27584.056968,3184.253824499964,128188.41000000002,13287.059999999994,0,31912.0,14475.0,8862.6,6983.8,3377.7999999999997,9361.0,971.5,30.8,25598886662.636288,94.42111455641039,1358.2236528331784
4,167342.78000000038,177816.38999999993,16758.86319350001,20903.418118999994,3024.2444019499812,100964.38999999994,201.75999999999996,0,31912.0,14475.0,8862.6,6983.8,3377.7999999999997,9361.0,971.5,30.8,11436438100.78798,38.42036676137264,736.941762893223
5,365445.52999999834,258581.98999999996,23377.78770790004,29595.668287999964,3122.2863189999775,121303.35000000002,13289.969999999996,0,31912.0,14475.0,8862.6,6983.8,3377.7999999999997,9361.0,971.5,30.8,31419839553.480633,95.27346048037164,1359.6949455220176
6,144208.02000000014,204736.74,16900.444703899997,21293.541717999975,2918.1646261499804,105068.45999999996,173.63,0,31912.0,14475.0,8862.6,6983.8,3377.7999999999997,9361.0,971.5,30.8,8432514973.88352,36.03633119963721,749.9439016625223
7,187345.8200000001,218311.74999999994,18778.466194999997,23575.4483015,6165.50256504996,94865.99999999994,224.0699999999999,0,31912.0,14475.0,8862.6,6983.8,3377.7999999999997,9361.0,971.5,30.8,-19726740693.03147,37.635301515865756,871.8400061465031
