,contributed_CCGT,contributed_Coal,contributed_Onshore,contributed_Offshore,contributed_PV,contributed_Nuclear,contributed_Recip_gas,contributed_Biomass,total_CCGT,total_Coal,total_Onshore,total_Offshore,total_PV,total_Nuclear,total_Recip_gas,Carbon_tax,total_genco_wealth,Electricity_cost,Carbon_emitted
0,394901.899999998,195728.23999999973,23300.55530880004,29579.745223999984,3154.551064599939,112268.76999999997,14122.714999999993,0,31912.0,14475.0,8862.6,6983.8,3377.7999999999997,9361.0,971.5,30.8,20072464228.014786,99.40913022599229,1283.1819066095165
1,331057.04999999946,152322.08,23464.752699000044,29595.668287999964,3122.2863189999775,79960.97999999994,12203.085000000003,0,31912.0,14475.0,8862.6,6983.8,3377.7999999999997,9361.0,971.5,30.8,25519389856.466038,72.57023308077719,1044.4589542378408
2,394709.1299999983,201471.12999999968,21601.84304159999,29224.130127999983,1658.9456695999324,103796.79,14080.034999999996,0,31912.0,14475.0,8862.6,6983.8,3377.7999999999997,9361.0,971.5,30.8,41777383360.47862,98.81701862906532,1295.518616369739
3,414730.39999999775,198408.9599999997,23278.20383160005,29656.706700000013,3188.160174599965,124733.26999999996,15001.049999999985,0,31912.0,14475.0,8862.6,6983.8,3377.7999999999997,9361.0,971.5,30.8,61158115937.613525,102.70493653963877,1333.6558742660773
4,212159.58000000013,132938.22000000006,22538.9776568,29216.606431999968,3118.110632349977,53088.099999999984,3928.4999999999986,0,31912.0,14475.0,8862.6,6983.8,3377.7999999999997,9361.0,971.5,30.8,55616430550.67886,49.86434283440688,742.9993664715599
5,423574.4799999978,199511.2399999997,23464.752699000044,29595.668287999964,3122.2863189999775,108785.49999999997,15173.70999999998,0,31912.0,14475.0,8862.6,6983.8,3377.7999999999997,9361.0,971.5,30.8,83885651839.87029,101.4363934865662,1352.1509812135182
6,227587.4000000003,121307.47000000004,23803.321518400033,30556.783496999986,4479.045135499983,56698.43999999997,6118.274999999996,0,31912.0,14475.0,8862.6,6983.8,3377.7999999999997,9361.0,971.5,30.8,73803466046.25002,49.2312078922215,746.8557423530596
7,249523.1200000003,129061.73,33905.1110674999,38306.24775700007,7430.288745599933,67646.82999999996,7711.499999999995,0,31912.0,14475.0,8862.6,6983.8,3377.7999999999997,9361.0,971.5,30.8,66364829312.5457,53.64051374301454,819.1055203185399
