,contributed_CCGT,contributed_Coal,contributed_Onshore,contributed_Offshore,contributed_PV,contributed_Nuclear,contributed_Recip_gas,contributed_Biomass,total_CCGT,total_Coal,total_Onshore,total_Offshore,total_PV,total_Nuclear,total_Recip_gas,Carbon_tax,total_genco_wealth,Electricity_cost,Carbon_emitted
0,411350.39999999857,195312.77999999988,22467.989293200026,29423.653687999984,3154.551064599939,94723.40999999995,14222.62499999999,0,31912.0,14475.0,8862.6,6983.8,3377.7999999999997,9361.0,971.5,30.8,26422192187.06182,132.54909902451763,1328.8441822964353
1,348528.01999999944,159239.25,22659.84793090003,29319.430783999964,3120.4125747999774,56444.29999999999,11407.200000000004,0,31912.0,14475.0,8862.6,6983.8,3377.7999999999997,9361.0,971.5,30.8,27427401556.119167,76.74119854082531,1115.0106160914984
2,404750.3499999987,208787.18999999986,20178.53033229982,28350.056103999985,1656.8038624499327,83318.14999999997,13988.369999999992,0,31912.0,14475.0,8862.6,6983.8,3377.7999999999997,9361.0,971.5,30.8,48658857952.816734,127.2346324689024,1345.0373146716163
3,445082.2799999988,195147.96999999988,21846.74403409993,28656.421680000003,3184.368717149964,96754.58999999997,15155.279999999968,0,31912.0,14475.0,8862.6,6983.8,3377.7999999999997,9361.0,971.5,30.8,73444068454.62994,131.63834048913301,1398.8454316420582
4,246121.92000000025,132612.5299999999,17655.53754700001,22711.728080499983,3073.968631449979,46468.82,931.2000000000011,0,31912.0,14475.0,8862.6,6983.8,3377.7999999999997,9361.0,971.5,30.8,59212797723.159515,41.85629204036719,823.8461749369409
5,423494.0299999988,202238.01999999987,23124.631656500034,29595.668287999964,3122.2863189999775,104462.20999999995,14970.979999999969,0,31912.0,14475.0,8862.6,6983.8,3377.7999999999997,9361.0,971.5,30.8,101855296219.64087,136.26222428154873,1370.4678785319577
6,270473.9900000001,121828.29999999992,16468.662910000006,21002.752037999973,4220.697713749983,40918.48,929.260000000001,0,31912.0,14475.0,8862.6,6983.8,3377.7999999999997,9361.0,971.5,30.8,79231256499.88438,39.734720805657275,846.8501095834014
7,279548.0,144941.27,20303.561712400016,25211.38991150001,7228.527053449929,48040.219999999994,8264.39999999999,0,31912.0,14475.0,8862.6,6983.8,3377.7999999999997,9361.0,971.5,30.8,53922217542.78263,43.6525222970167,936.5551784754593
