,contributed_CCGT,contributed_Coal,contributed_Onshore,contributed_Offshore,contributed_PV,contributed_Nuclear,contributed_Recip_gas,contributed_Biomass,total_CCGT,total_Coal,total_Onshore,total_Offshore,total_PV,total_Nuclear,total_Recip_gas,Carbon_tax,total_genco_wealth,Electricity_cost,Carbon_emitted
0,401245.4899999979,182753.92999999996,23300.55530880004,29579.745223999984,3154.551064599939,114137.95999999998,15066.039999999979,0,31912.0,14475.0,8862.6,6983.8,3377.7999999999997,9361.0,971.5,30.8,19618811735.885666,97.96808636456235,1267.889244354139
1,328789.21999999974,171035.98999999987,23464.752699000044,29595.668287999964,3122.2863189999775,67131.75999999998,12716.699999999997,0,31912.0,14475.0,8862.6,6983.8,3377.7999999999997,9361.0,971.5,30.8,25481983729.585934,73.17444794520848,1085.0662088140189
2,405268.28999999794,195608.19999999972,21601.84304159999,29224.130127999983,1658.9456695999324,100872.23999999998,15040.81999999998,0,31912.0,14475.0,8862.6,6983.8,3377.7999999999997,9361.0,971.5,30.8,39586421591.786385,93.74950667096722,1307.0502441235974
3,409498.2999999978,208789.46999999965,23278.20383160005,29656.706700000013,3188.160174599965,118934.60999999997,15173.70999999998,0,31912.0,14475.0,8862.6,6983.8,3377.7999999999997,9361.0,971.5,30.8,60113522428.19356,106.19714708589265,1344.1853403190569
4,237139.13000000035,116980.61,22895.351873800028,29595.668287999968,3121.8702995499775,55058.16999999997,3365.4149999999977,0,31912.0,14475.0,8862.6,6983.8,3377.7999999999997,9361.0,971.5,30.8,54580413874.18379,50.18567562523151,755.7755513827797
5,429932.72999999777,181276.45999999993,23464.752699000044,29595.668287999964,3122.2863189999775,120402.21999999996,15047.60999999998,0,31912.0,14475.0,8862.6,6983.8,3377.7999999999997,9361.0,971.5,30.8,87787745582.07306,108.66834891717123,1326.4289044110787
6,236760.20000000027,102402.96000000002,26253.664912100012,32888.57244299998,4475.330422399984,56704.25999999999,8708.659999999987,0,31912.0,14475.0,8862.6,6983.8,3377.7999999999997,9361.0,971.5,30.8,80361739885.34059,52.47909053342581,736.9161614580788
7,252213.63000000032,130845.59999999998,32145.67754719992,37688.562469000055,7431.436139799934,56488.91999999998,10341.655000000002,0,31912.0,14475.0,8862.6,6983.8,3377.7999999999997,9361.0,971.5,30.8,77187280880.07608,57.00575008369375,836.2971238988001
