,contributed_CCGT,contributed_Coal,contributed_Onshore,contributed_Offshore,contributed_PV,contributed_Nuclear,contributed_Recip_gas,contributed_Biomass,total_CCGT,total_Coal,total_Onshore,total_Offshore,total_PV,total_Nuclear,total_Recip_gas,Carbon_tax,total_genco_wealth,Electricity_cost,Carbon_emitted
0,341439.58999999927,145431.97999999966,52106.211127099705,29569.11391600001,3162.929157599938,151797.23999999993,15616.514999999978,0,31912.0,14475.0,8862.6,6983.8,3377.7999999999997,9361.0,971.5,30.8,12750923316.321825,71.78250166856493,1050.0958773380344
1,245147.12999999963,127101.99999999994,44712.56635309986,26732.260257999973,3115.688567499976,139084.4199999999,12339.370000000014,0,31912.0,14475.0,8862.6,6983.8,3377.7999999999997,9361.0,971.5,30.8,8979124277.025162,58.45372538646159,806.9736791159961
2,319238.28999999934,173754.0899999998,51649.95540869958,25398.02697600002,1656.379115699932,152134.79999999993,15481.19999999997,0,31912.0,14475.0,8862.6,6983.8,3377.7999999999997,9361.0,971.5,30.8,15758437531.573599,67.10206269664997,1067.9504484978145
3,341772.61999999924,188679.53999999998,53295.80057099952,26811.88006300001,3179.992482999964,142373.6899999999,15703.329999999973,0,31912.0,14475.0,8862.6,6983.8,3377.7999999999997,9361.0,971.5,30.8,25950557890.997272,72.68772770164504,1150.9950615769148
4,178242.0899999997,74794.78999999995,33507.07535050011,18968.825578999975,2602.0559469499813,122570.16999999993,3647.684999999997,0,31912.0,14475.0,8862.6,6983.8,3377.7999999999997,9361.0,971.5,30.8,11665038262.616287,39.99946466827314,536.6524945464209
5,352421.47999999905,181690.74999999985,49829.14213139994,25520.93783549998,3126.176534999977,153923.47999999992,15721.759999999977,0,31912.0,14475.0,8862.6,6983.8,3377.7999999999997,9361.0,971.5,30.8,19053731990.15648,73.71227600488236,1155.9206379284926
6,178917.18999999968,81527.81,30903.89481860002,18248.938853999975,2670.4994203999745,125607.23999999992,8156.73,0,31912.0,14475.0,8862.6,6983.8,3377.7999999999997,9361.0,971.5,30.8,-2938971154.782778,40.47534086282186,562.2003562583812
7,209090.03999999972,105210.22999999998,34132.59782459999,19194.050467499965,6289.012338649956,124865.18999999992,10051.140000000009,0,31912.0,14475.0,8862.6,6983.8,3377.7999999999997,9361.0,971.5,30.8,-27929338958.727886,45.18700668410531,680.1417986815363
