,contributed_CCGT,contributed_Coal,contributed_Onshore,contributed_Offshore,contributed_PV,contributed_Nuclear,contributed_Recip_gas,contributed_Biomass,total_CCGT,total_Coal,total_Onshore,total_Offshore,total_PV,total_Nuclear,total_Recip_gas,Carbon_tax,total_genco_wealth,Electricity_cost,Carbon_emitted
0,325506.8099999997,272255.53,51107.21241449978,29055.12604399999,3172.969087899936,85334.77999999993,11966.889999999987,0,31912.0,14475.0,8862.6,6983.8,3377.7999999999997,9361.0,971.5,30.8,91369314358.33383,309.1440485975528,1295.700331010939
1,256421.03000000014,236409.34999999986,46068.65749009985,25820.020979999972,3135.8600840499735,75521.28999999994,3762.6299999999974,0,31912.0,14475.0,8862.6,6983.8,3377.7999999999997,9361.0,971.5,30.8,100966362411.14363,83.70373718112523,1056.262696731301
2,347191.9900000001,246181.07999999987,50792.18523319953,25050.907959999993,1678.9214490999323,90083.89999999992,12195.80999999999,0,31912.0,14475.0,8862.6,6983.8,3377.7999999999997,9361.0,971.5,30.8,218547956052.60608,337.5926886494152,1285.500648749839
3,368898.899999999,258740.94999999992,52020.33248749962,23537.46892600001,3172.8997026999614,103866.62999999993,12174.469999999992,0,31912.0,14475.0,8862.6,6983.8,3377.7999999999997,9361.0,971.5,30.8,361817602632.0122,350.74658429793044,1355.232714328099
4,149551.3000000001,198158.94000000003,38929.07370959996,18843.098702999974,3051.418423149979,69176.51999999995,347.2599999999998,0,31912.0,14475.0,8862.6,6983.8,3377.7999999999997,9361.0,971.5,30.8,349601668294.4428,34.011567995177664,746.4655391981187
5,344443.9600000001,271430.18,58977.154687999864,24959.962806999978,3139.701321849975,101389.24999999994,11885.40999999999,0,31912.0,14475.0,8862.6,6983.8,3377.7999999999997,9361.0,971.5,30.8,580282452122.7024,351.96214957353624,1333.317116771638
6,158259.66000000003,199987.86999999994,37422.816329399815,18186.53673599998,2960.304109899977,67944.61999999995,359.8699999999998,0,31912.0,14475.0,8862.6,6983.8,3377.7999999999997,9361.0,971.5,30.8,559066922242.0164,32.166958022402525,768.2973887222593
7,204722.61999999994,211346.22999999995,40598.65561579976,21334.045575999986,7094.856747349936,61169.16999999996,293.90999999999985,0,31912.0,14475.0,8862.6,6983.8,3377.7999999999997,9361.0,971.5,30.8,536368496844.55493,37.69701567459831,888.2532076295389
