,contributed_CCGT,contributed_Coal,contributed_Onshore,contributed_Offshore,contributed_PV,contributed_Nuclear,contributed_Recip_gas,contributed_Biomass,total_CCGT,total_Coal,total_Onshore,total_Offshore,total_PV,total_Nuclear,total_Recip_gas,Carbon_tax,total_genco_wealth,Electricity_cost,Carbon_emitted
0,355489.51999999856,261088.5499999999,23300.55530880004,29579.745223999984,3154.551064599939,89105.16999999997,13268.62999999999,0,31912.0,14475.0,8862.6,6983.8,3377.7999999999997,9361.0,971.5,30.8,30323104822.213715,145.90383705264392,1345.0340579928973
1,275539.7400000002,229966.5,23290.330674600045,29595.668287999964,3120.6591656499777,76870.55999999997,4075.94,0,31912.0,14475.0,8862.6,6983.8,3377.7999999999997,9361.0,971.5,30.8,24753649311.35643,54.87729432354657,1091.8566547269997
2,357076.23999999865,252382.08999999994,21300.045748499917,29224.130127999983,1657.8605723499327,96219.14999999995,13268.62999999999,0,31912.0,14475.0,8862.6,6983.8,3377.7999999999997,9361.0,971.5,30.8,63287937028.88615,167.16053185214403,1327.9505621618168
3,383906.01999999804,256245.05999999994,23270.55774840005,29656.706700000013,3186.3346580499647,96549.91999999995,13268.62999999999,0,31912.0,14475.0,8862.6,6983.8,3377.7999999999997,9361.0,971.5,30.8,99100880679.93129,157.61225143336694,1392.8359687738762
4,194311.1400000002,175696.6200000001,18653.074411399975,24515.487807999983,3078.0524596999776,66147.20999999999,209.51999999999995,0,31912.0,14475.0,8862.6,6983.8,3377.7999999999997,9361.0,971.5,30.8,85214881367.48654,42.40725022257286,789.6985353147625
5,382497.8799999982,253604.88,23449.680063000047,29595.668287999964,3122.2863189999775,98446.26999999996,13259.89999999999,0,31912.0,14475.0,8862.6,6983.8,3377.7999999999997,9361.0,971.5,30.8,140046390961.8193,157.86874886808292,1384.0684303022379
6,155115.1200000003,219667.93000000002,17248.52813690001,21878.676509999972,2918.1829042999807,77179.01999999997,148.41000000000003,0,31912.0,14475.0,8862.6,6983.8,3377.7999999999997,9361.0,971.5,30.8,116657577280.64899,37.60933929986484,806.2757152461414
7,217866.3600000003,201017.43000000005,23314.93266820003,28581.025158,6907.60043999993,66437.23999999998,200.78999999999996,0,31912.0,14475.0,8862.6,6983.8,3377.7999999999997,9361.0,971.5,30.8,90417552442.77652,42.36082472998538,899.6381522471409
