,contributed_CCGT,contributed_Coal,contributed_Onshore,contributed_Offshore,contributed_PV,contributed_Nuclear,contributed_Recip_gas,contributed_Biomass,total_CCGT,total_Coal,total_Onshore,total_Offshore,total_PV,total_Nuclear,total_Recip_gas,Carbon_tax,total_genco_wealth,Electricity_cost,Carbon_emitted
0,407688.809999998,181063.86999999994,23300.55530880004,29579.745223999984,3154.551064599939,117813.28999999996,14115.924999999994,0,31912.0,14475.0,8862.6,6983.8,3377.7999999999997,9361.0,971.5,30.8,20822386493.15028,101.04393418006242,1278.9552630402573
1,328638.4999999994,150182.79,23464.752699000044,29595.668287999964,3122.2863189999775,79733.99999999996,12916.034999999998,0,31912.0,14475.0,8862.6,6983.8,3377.7999999999997,9361.0,971.5,30.8,26712466724.40512,73.08918431317458,1043.4061581704198
2,400171.33999999805,192842.42999999982,21601.84304159999,29224.130127999983,1658.9456695999324,95576.03999999995,14787.164999999983,0,31912.0,14475.0,8862.6,6983.8,3377.7999999999997,9361.0,971.5,30.8,42666850291.43776,98.34587971920875,1285.2911423271387
3,411366.10999999783,206001.65999999977,23278.20383160005,29656.706700000013,3188.160174599965,118174.12999999998,15009.779999999984,0,31912.0,14475.0,8862.6,6983.8,3377.7999999999997,9361.0,971.5,30.8,64109293686.03779,109.12425190543682,1339.013373380678
4,228971.0200000003,127683.35000000003,22775.09879130002,29595.668287999968,3117.3138960499773,46851.969999999994,4042.4749999999985,0,31912.0,14475.0,8862.6,6983.8,3377.7999999999997,9361.0,971.5,30.8,59198803869.1124,50.32400878057522,764.3563731532996
5,413759.30999999796,207109.93999999957,23464.752699000044,29595.668287999964,3122.2863189999775,116489.23999999999,15073.79999999998,0,31912.0,14475.0,8862.6,6983.8,3377.7999999999997,9361.0,971.5,30.8,89986872566.32155,104.31119541681365,1348.8374637561171
6,226605.48000000033,117386.99000000008,25735.396220700026,32189.01216499999,4474.859986399984,54636.21999999998,7662.9999999999945,0,31912.0,14475.0,8862.6,6983.8,3377.7999999999997,9361.0,971.5,30.8,82777309447.94115,52.28726372684047,745.1573852720192
7,272233.2400000002,128537.73000000004,34018.94832749989,37803.85089700006,7437.673317199933,47066.33999999998,10385.305000000006,0,31912.0,14475.0,8862.6,6983.8,3377.7999999999997,9361.0,971.5,30.8,78397376193.69386,56.414588378305126,871.875765196538
