,contributed_CCGT,contributed_Coal,contributed_Onshore,contributed_Offshore,contributed_PV,contributed_Nuclear,contributed_Recip_gas,contributed_Biomass,total_CCGT,total_Coal,total_Onshore,total_Offshore,total_PV,total_Nuclear,total_Recip_gas,Carbon_tax,total_genco_wealth,Electricity_cost,Carbon_emitted
0,313565.0100000002,272136.38000000006,55492.2974187999,26686.22294899999,3169.1219221499364,87849.0199999999,11987.260000000007,0,31912.0,14475.0,8862.6,6983.8,3377.7999999999997,9361.0,971.5,30.8,110077842420.25563,349.447091090761,1270.0524970392373
1,226895.0799999999,238673.8399999999,52586.22980850009,26666.24528599997,3133.275931999975,83739.12999999993,5766.1649999999945,0,31912.0,14475.0,8862.6,6983.8,3377.7999999999997,9361.0,971.5,30.8,128283071900.02397,111.25444462822622,1005.4451727383183
2,337953.84999999934,250813.95999999985,54866.74639759989,26560.81938200002,1663.1662868999344,88916.01999999992,11948.460000000003,0,31912.0,14475.0,8862.6,6983.8,3377.7999999999997,9361.0,971.5,30.8,255417695340.35684,349.76739564544346,1274.267192896078
3,341648.25000000006,254689.17999999988,57041.516535499744,30701.33150400001,3198.8102821499606,102227.32999999993,13695.914999999985,0,31912.0,14475.0,8862.6,6983.8,3377.7999999999997,9361.0,971.5,30.8,405927736797.00885,355.86477588172266,1305.7759167036386
4,147407.21999999994,193984.11000000007,40345.66444499995,19181.06737799997,2887.85116504998,73075.91999999994,174.59999999999997,0,31912.0,14475.0,8862.6,6983.8,3377.7999999999997,9361.0,971.5,30.8,392923946888.99536,36.98549474967361,732.4940593657802
5,329556.8299999998,264388.1399999999,56235.53288490003,25404.01687999998,3136.5977341499756,114783.00999999997,12067.769999999991,0,31912.0,14475.0,8862.6,6983.8,3377.7999999999997,9361.0,971.5,30.8,599227314815.6632,352.3306649553404,1297.2045196997174
6,143257.55999999982,207217.94999999984,38799.625191999745,19669.609133999966,2959.7170072999793,69675.09999999995,174.59999999999997,0,31912.0,14475.0,8862.6,6983.8,3377.7999999999997,9361.0,971.5,30.8,578765175000.4427,37.23553717561708,753.9778911140988
7,172087.31999999983,228091.5299999999,40136.2242468997,20524.78763899999,6009.983845849965,74341.76999999995,1445.3000000000009,0,31912.0,14475.0,8862.6,6983.8,3377.7999999999997,9361.0,971.5,30.8,553414569157.0117,38.892220842139565,861.7535089389393
