,contributed_CCGT,contributed_Coal,contributed_Onshore,contributed_Offshore,contributed_PV,contributed_Nuclear,contributed_Recip_gas,contributed_Biomass,total_CCGT,total_Coal,total_Onshore,total_Offshore,total_PV,total_Nuclear,total_Recip_gas,Carbon_tax,total_genco_wealth,Electricity_cost,Carbon_emitted
0,341531.5799999986,259214.66999999998,22578.79310130003,29579.745223999984,3154.551064599939,112299.81000000001,12998.484999999997,0,31912.0,14475.0,8862.6,6983.8,3377.7999999999997,9361.0,971.5,30.8,8943966756.40084,73.68074919752976,1311.09271335866
1,240470.14000000028,246556.09999999995,22470.487741600005,29235.665407999964,3120.5832869499777,106110.23999999996,2098.1100000000015,0,31912.0,14475.0,8862.6,6983.8,3377.7999999999997,9361.0,971.5,30.8,1994237217.3467317,49.73462497446014,1046.2750146478013
2,354424.6199999985,245735.25,20490.634059699867,28734.643311999986,1656.7969670999328,117182.79,13240.499999999995,0,31912.0,14475.0,8862.6,6983.8,3377.7999999999997,9361.0,971.5,30.8,11323883253.06813,85.48591161602496,1307.6789241794988
3,370114.00999999815,249787.59999999998,22532.181894999976,29580.470796000012,3184.860207349964,128192.29000000002,13289.969999999996,0,31912.0,14475.0,8862.6,6983.8,3377.7999999999997,9361.0,971.5,30.8,24634591189.980217,94.54042864057381,1350.4723453447984
4,157167.6600000003,187044.97000000018,16895.222553699983,21080.07733549999,3024.2444019499812,96735.1899999999,212.42999999999995,0,31912.0,14475.0,8862.6,6983.8,3377.7999999999997,9361.0,971.5,30.8,9602375994.33095,37.19442152613899,736.8533546680628
5,369885.8599999983,256637.68999999997,23101.070705700025,29595.668287999964,3122.2863189999775,120274.18000000002,13289.969999999996,0,31912.0,14475.0,8862.6,6983.8,3377.7999999999997,9361.0,971.5,30.8,29537869764.593433,96.02998514866107,1364.3703082906186
6,183015.30000000016,180806.13999999993,16374.012482800033,21020.575776499973,4196.97063529998,89221.56999999989,201.75999999999996,0,31912.0,14475.0,8862.6,6983.8,3377.7999999999997,9361.0,971.5,30.8,6438583735.874418,37.62127237825839,776.6829381037232
7,208044.06000000038,194754.4499999999,21121.845496500027,26344.4701305,6160.872203199962,94176.32999999991,186.23999999999998,0,31912.0,14475.0,8862.6,6983.8,3377.7999999999997,9361.0,971.5,30.8,-20688168533.482597,38.3450527320967,857.3766185811027
