,contributed_CCGT,contributed_Coal,contributed_Onshore,contributed_Offshore,contributed_PV,contributed_Nuclear,contributed_Recip_gas,contributed_Biomass,total_CCGT,total_Coal,total_Onshore,total_Offshore,total_PV,total_Nuclear,total_Recip_gas,Carbon_tax,total_genco_wealth,Electricity_cost,Carbon_emitted
0,373849.9399999985,268905.6000000001,23300.55530880004,29579.745223999984,3154.551064599939,56374.45999999999,13087.240000000002,0,31912.0,14475.0,8862.6,6983.8,3377.7999999999997,9361.0,971.5,30.8,41593945874.422386,184.58542467597889,1399.4276483087963
1,304009.75999999966,243090.77000000002,23425.22784710004,29595.668287999964,3122.2863189999775,30141.78,7546.599999999996,0,31912.0,14475.0,8862.6,6983.8,3377.7999999999997,9361.0,971.5,30.8,49892216896.35071,99.24227561140286,1187.8300443164583
2,369647.8599999986,263920.7,21601.84304159999,29224.130127999983,1658.8853725999325,61352.499999999985,13095.970000000001,0,31912.0,14475.0,8862.6,6983.8,3377.7999999999997,9361.0,971.5,30.8,113231134928.87044,241.69955399990087,1380.6688119185958
3,381566.99999999837,269909.6900000001,23278.20383160005,29656.706700000013,3188.160174599965,71010.78999999998,13930.169999999998,0,31912.0,14475.0,8862.6,6983.8,3377.7999999999997,9361.0,971.5,30.8,186414898864.2207,259.1062949146298,1419.921912426616
4,216933.84000000046,196593.82000000004,18374.18916820001,23439.413668999976,3024.2444019499812,24250.0,0.0,0,31912.0,14475.0,8862.6,6983.8,3377.7999999999997,9361.0,971.5,30.8,172455949880.13956,41.93276431020176,880.9975106803606
5,391445.57999999815,269151.29,23464.752699000044,29595.668287999964,3122.2863189999775,62582.46,13783.699999999997,0,31912.0,14475.0,8862.6,6983.8,3377.7999999999997,9361.0,971.5,30.8,285736242582.01776,258.88812330299425,1437.9858034834144
6,188305.17000000016,232198.3,18304.932050900003,22923.86634849997,2967.4109471999805,21825.0,0.0,0,31912.0,14475.0,8862.6,6983.8,3377.7999999999997,9361.0,971.5,30.8,263552394821.9363,41.37926572252922,904.1774154034008
7,234856.56000000026,221880.94000000006,25123.353943300033,31358.766809000008,7360.733250699926,21825.0,1563.1550000000002,0,31912.0,14475.0,8862.6,6983.8,3377.7999999999997,9361.0,971.5,30.8,238497440448.84293,44.532332877594996,985.2497833641208
