,contributed_CCGT,contributed_Coal,contributed_Onshore,contributed_Offshore,contributed_PV,contributed_Nuclear,contributed_Recip_gas,contributed_Biomass,total_CCGT,total_Coal,total_Onshore,total_Offshore,total_PV,total_Nuclear,total_Recip_gas,Carbon_tax,total_genco_wealth,Electricity_cost,Carbon_emitted
0,350600.1799999984,260989.8,23184.798506100044,29579.745223999984,3154.551064599939,95029.92999999996,13269.59999999999,0,31912.0,14475.0,8862.6,6983.8,3377.7999999999997,9361.0,971.5,30.8,30622657809.152966,145.3851173724546,1334.8903163403972
1,254904.3600000003,248577.70000000004,23369.18903620004,29595.668287999964,3122.1174276999777,78424.49999999997,3571.54,0,31912.0,14475.0,8862.6,6983.8,3377.7999999999997,9361.0,971.5,30.8,24769793221.420147,55.9098228815131,1090.4718957846003
2,361330.93999999855,259771.61999999994,21255.413604099915,29224.130127999983,1657.943455849933,87853.86999999997,13268.62999999999,0,31912.0,14475.0,8862.6,6983.8,3377.7999999999997,9361.0,971.5,30.8,64147023093.19725,169.2359657507178,1353.1237953047564
3,382061.1799999982,256275.83999999997,23080.128211700045,29656.706700000013,3188.032516099965,101028.40999999995,13253.109999999991,0,31912.0,14475.0,8862.6,6983.8,3377.7999999999997,9361.0,971.5,30.8,100788253216.89095,157.46783034868145,1389.1281204043157
4,158760.3300000004,211548.52999999994,17999.10409740001,23175.146639999977,3063.410029749978,66814.56999999998,192.05999999999997,0,31912.0,14475.0,8862.6,6983.8,3377.7999999999997,9361.0,971.5,30.8,85683372676.76872,39.22156907136131,794.7695281249415
5,383606.2199999982,258641.13,23464.752699000044,29595.668287999964,3122.2863189999775,96309.35999999996,13225.949999999993,0,31912.0,14475.0,8862.6,6983.8,3377.7999999999997,9361.0,971.5,30.8,140877490186.58527,156.1541804715429,1397.4873201797373
6,209064.24000000034,145664.30000000002,21164.15045569995,26890.70160549997,4428.90346369998,70724.63999999998,165.87,0,31912.0,14475.0,8862.6,6983.8,3377.7999999999997,9361.0,971.5,30.8,120711275713.78233,43.13674314031643,759.0138477914028
7,194916.7500000004,218474.49000000005,24481.82363680004,30372.850007000005,7181.681707199933,69443.26999999999,192.05999999999997,0,31912.0,14475.0,8862.6,6983.8,3377.7999999999997,9361.0,971.5,30.8,93399637569.6044,41.38027388333,891.9391611370224
