,contributed_CCGT,contributed_Coal,contributed_Onshore,contributed_Offshore,contributed_PV,contributed_Nuclear,contributed_Recip_gas,contributed_Biomass,total_CCGT,total_Coal,total_Onshore,total_Offshore,total_PV,total_Nuclear,total_Recip_gas,Carbon_tax,total_genco_wealth,Electricity_cost,Carbon_emitted
0,391832.1999999983,203121.8199999997,23300.55530880004,29579.745223999984,3154.551064599939,109512.99999999997,15020.449999999983,0,31912.0,14475.0,8862.6,6983.8,3377.7999999999997,9361.0,971.5,30.8,18154807159.675076,93.63824762433224,1291.7264572843567
1,334324.8999999997,157540.34999999998,23464.752699000044,29595.668287999964,3122.2863189999775,69252.17999999996,12939.314999999999,0,31912.0,14475.0,8862.6,6983.8,3377.7999999999997,9361.0,971.5,30.8,24219676558.70831,73.42473544576342,1072.5487035592994
2,392768.01999999786,195372.87999999966,21601.84304159999,29224.130127999983,1658.9456695999324,114241.74999999997,13509.19,0,31912.0,14475.0,8862.6,6983.8,3377.7999999999997,9361.0,971.5,30.8,39151035385.42407,94.17158630795434,1276.8589345462367
3,418027.13999999774,199210.05999999962,23278.20383160005,29656.706700000013,3188.160174599965,116631.82999999996,15082.529999999979,0,31912.0,14475.0,8862.6,6983.8,3377.7999999999997,9361.0,971.5,30.8,60789311651.94678,108.93873646715546,1339.9383138038775
4,237169.8900000003,98278.78999999994,23041.866096100028,29595.668287999968,3118.4745834499768,61432.03999999998,4496.919999999997,0,31912.0,14475.0,8862.6,6983.8,3377.7999999999997,9361.0,971.5,30.8,56314024434.606,52.09004962815673,719.8064965484195
5,422426.9099999977,196353.1699999997,23464.752699000044,29595.668287999964,3122.2863189999775,123257.89999999995,15776.56499999998,0,31912.0,14475.0,8862.6,6983.8,3377.7999999999997,9361.0,971.5,30.8,87254787488.49602,105.32758532970047,1343.951089001658
6,220388.6600000003,117502.94000000003,25325.481466600027,32302.779718999987,4462.516056199983,68938.86999999997,7343.869999999995,0,31912.0,14475.0,8862.6,6983.8,3377.7999999999997,9361.0,971.5,30.8,80467425821.11618,51.26837026205908,734.5582670501194
7,257679.45000000022,126857.37000000004,32765.485256599906,37938.60026500007,7425.450786949932,62630.95999999998,7582.004999999994,0,31912.0,14475.0,8862.6,6983.8,3377.7999999999997,9361.0,971.5,30.8,72726736418.17256,52.36267770756552,834.0727805532591
