,contributed_CCGT,contributed_Coal,contributed_Onshore,contributed_Offshore,contributed_PV,contributed_Nuclear,contributed_Recip_gas,contributed_Biomass,total_CCGT,total_Coal,total_Onshore,total_Offshore,total_PV,total_Nuclear,total_Recip_gas,Carbon_tax,total_genco_wealth,Electricity_cost,Carbon_emitted
0,378514.3499999992,147295.13999999984,61194.77898939997,28640.83497199999,3175.9143164999355,128536.63999999993,12886.934999999996,0,31912.0,14475.0,8862.6,6983.8,3377.7999999999997,9361.0,971.5,30.8,32442315669.51093,127.6141805588236,1151.1476242357176
1,291928.87,131090.0399999998,54522.404603799965,24428.613262499974,3131.141715199973,110283.17999999992,10055.01999999999,0,31912.0,14475.0,8862.6,6983.8,3377.7999999999997,9361.0,971.5,30.8,38287916213.294556,81.29700408422616,934.5573252959191
2,382194.0099999981,161871.54999999993,56679.96615599978,24830.553577000013,1662.8798215499348,127574.39999999992,13558.659999999973,0,31912.0,14475.0,8862.6,6983.8,3377.7999999999997,9361.0,971.5,30.8,76611879623.65988,123.9177740086356,1192.5067079068979
3,377297.8999999985,163752.03999999992,63478.85015319972,27092.01495600001,3202.3800229999606,151519.82,14147.449999999977,0,31912.0,14475.0,8862.6,6983.8,3377.7999999999997,9361.0,971.5,30.8,119878442738.2077,135.81023034827157,1189.1404299319179
4,193652.71999999986,107864.4999999999,45333.78167800002,19377.916174999973,3087.6420273499753,93544.85999999994,285.17999999999995,0,31912.0,14475.0,8862.6,6983.8,3377.7999999999997,9361.0,971.5,30.8,107718659605.56183,37.769514568271795,654.6562252910015
5,375236.4199999985,197573.16999999998,60989.7483046001,26644.60922599996,3137.1247591499755,129857.77999999994,14393.829999999974,0,31912.0,14475.0,8862.6,6983.8,3377.7999999999997,9361.0,971.5,30.8,164618510761.0656,129.0450827503759,1260.9241787716578
6,215809.23999999993,98617.35999999991,44238.58457339984,19008.34544599997,3767.156176149969,90388.47999999995,1477.7950000000014,0,31912.0,14475.0,8862.6,6983.8,3377.7999999999997,9361.0,971.5,30.8,146543746462.05173,39.58262375577876,680.5227177192811
7,239522.74000000002,134780.96999999986,41161.606134999776,19681.396068999973,7107.587035549938,83708.08999999995,6704.640000000002,0,31912.0,14475.0,8862.6,6983.8,3377.7999999999997,9361.0,971.5,30.8,125752848837.17732,41.71659146033806,821.1484850960588
