,contributed_CCGT,contributed_Coal,contributed_Onshore,contributed_Offshore,contributed_PV,contributed_Nuclear,contributed_Recip_gas,contributed_Biomass,total_CCGT,total_Coal,total_Onshore,total_Offshore,total_PV,total_Nuclear,total_Recip_gas,Carbon_tax,total_genco_wealth,Electricity_cost,Carbon_emitted
0,363047.00999999867,153419.65000000002,56273.18414299967,35814.012590500104,3152.0595259999395,105171.27999999994,14043.659999999982,0,31912.0,14475.0,8862.6,6983.8,3377.7999999999997,9361.0,971.5,30.8,19787987069.071125,105.37687770707271,1136.9447551506983
1,304660.99000000005,106733.02999999988,53281.80206449966,35037.17385000004,3102.9239366499773,83582.95999999998,9651.984999999979,0,31912.0,14475.0,8862.6,6983.8,3377.7999999999997,9361.0,971.5,30.8,16096754583.272388,57.13052199489322,904.0065147659369
2,399144.2999999984,117957.14999999985,54697.79039109952,34479.0882940001,1649.8472681999335,111022.31999999993,13028.069999999987,0,31912.0,14475.0,8862.6,6983.8,3377.7999999999997,9361.0,971.5,30.8,38257131523.010086,104.9580091683453,1125.4852745756975
3,400953.9699999988,147607.3600000001,59823.77364649939,35151.70493800009,3167.144788799966,107443.98999999993,14866.704999999973,0,31912.0,14475.0,8862.6,6983.8,3377.7999999999997,9361.0,971.5,30.8,63752146350.5313,107.18542746148695,1202.5971330192801
4,216386.2800000004,71087.64999999997,39677.13237459993,27536.837079000004,3048.7956090499792,72430.86999999998,1186.3100000000009,0,31912.0,14475.0,8862.6,6983.8,3377.7999999999997,9361.0,971.5,30.8,49748036877.38483,36.59145149165743,620.6180661346998
5,388380.34999999864,153085.28000000006,59421.10590789983,37328.91869400005,3123.8380404999784,121546.8199999999,14719.264999999974,0,31912.0,14475.0,8862.6,6983.8,3377.7999999999997,9361.0,971.5,30.8,89008610721.3524,107.64588784231216,1187.8153409514393
6,224434.9800000003,73394.60999999994,38554.77284499982,25401.789535999986,3506.1369612999843,64695.11999999998,1116.4700000000007,0,31912.0,14475.0,8862.6,6983.8,3377.7999999999997,9361.0,971.5,30.8,67072015969.90484,36.73069004467769,639.7888165847795
7,261949.66999999993,69354.33999999994,40389.06958789969,28762.622535000013,6955.099998749944,76340.93999999997,8340.544999999987,0,31912.0,14475.0,8862.6,6983.8,3377.7999999999997,9361.0,971.5,30.8,41045505521.97032,40.695249764696214,724.0503984973188
