,contributed_CCGT,contributed_Coal,contributed_Onshore,contributed_Offshore,contributed_PV,contributed_Nuclear,contributed_Recip_gas,contributed_Biomass,total_CCGT,total_Coal,total_Onshore,total_Offshore,total_PV,total_Nuclear,total_Recip_gas,Carbon_tax,total_genco_wealth,Electricity_cost,Carbon_emitted
0,412669.8999999974,173108.9199999999,53887.18451589961,34700.32585200008,3150.491368799939,67928.12999999992,13486.88,0,31912.0,14475.0,8862.6,6983.8,3377.7999999999997,9361.0,971.5,30.8,15840146473.96487,71.83802396933454,1280.4835561501554
1,363869.6999999986,124541.15999999993,50452.4021968998,35731.24829600006,3114.3174944499765,30392.040000000005,10755.360000000015,0,31912.0,14475.0,8862.6,6983.8,3377.7999999999997,9361.0,971.5,30.8,13725612422.03658,55.68696494465578,1065.042822661677
2,435081.13999999716,144298.25999999992,54679.25363289943,32097.222373000033,1650.2981236999346,84349.25999999997,12821.46,0,31912.0,14475.0,8862.6,6983.8,3377.7999999999997,9361.0,971.5,30.8,25093332361.110622,71.93180908576922,1254.4322216474754
3,439172.7399999975,167066.94999999984,53662.513872499425,34193.67992700005,3170.581725349963,70797.38999999993,14907.929999999973,0,31912.0,14475.0,8862.6,6983.8,3377.7999999999997,9361.0,971.5,30.8,36486499750.495285,74.56047892201548,1322.5055530760949
4,245225.57000000056,98325.16999999987,38234.55194420008,27333.107685000006,3025.1659242499777,40879.679999999986,1025.2900000000009,0,31912.0,14475.0,8862.6,6983.8,3377.7999999999997,9361.0,971.5,30.8,24290849628.299965,35.85546524135606,739.5654922076599
5,436239.3299999974,170075.88999999984,54210.129690799695,36084.86899050006,3124.371785199976,87392.14999999994,13672.635,0,31912.0,14475.0,8862.6,6983.8,3377.7999999999997,9361.0,971.5,30.8,42864692556.034195,72.10197097723947,1321.938684624214
6,253728.8100000005,99427.33999999984,34645.59122919998,25493.72934499998,4173.228422099982,42728.499999999985,888.5200000000007,0,31912.0,14475.0,8862.6,6983.8,3377.7999999999997,9361.0,971.5,30.8,23959054027.8904,36.11146919644691,760.2374759213197
7,298056.94999999984,94506.55999999987,39842.96080039984,29055.146537500008,7038.17729844994,46497.91999999997,4190.399999999993,0,31912.0,14475.0,8862.6,6983.8,3377.7999999999997,9361.0,971.5,30.8,626357293.3749968,39.32575391937398,847.4109159508799
