,contributed_CCGT,contributed_Coal,contributed_Onshore,contributed_Offshore,contributed_PV,contributed_Nuclear,contributed_Recip_gas,contributed_Biomass,total_CCGT,total_Coal,total_Onshore,total_Offshore,total_PV,total_Nuclear,total_Recip_gas,Carbon_tax,total_genco_wealth,Electricity_cost,Carbon_emitted
0,393668.169999998,208471.45999999973,23300.55530880004,29579.745223999984,3154.551064599939,106156.79999999997,15060.219999999983,0,31912.0,14475.0,8862.6,6983.8,3377.7999999999997,9361.0,971.5,30.8,18004003812.969967,94.48979315879349,1308.6528454810775
1,313862.73,158487.62999999998,23464.752699000044,29595.668287999964,3122.2863189999775,83938.94999999994,12140.035000000002,0,31912.0,14475.0,8862.6,6983.8,3377.7999999999997,9361.0,971.5,30.8,22849891910.29333,71.83632424558283,1020.8213690767378
2,393164.889999998,198131.0999999997,21601.84304159999,29224.130127999983,1658.9456695999324,103364.16999999995,15029.179999999982,0,31912.0,14475.0,8862.6,6983.8,3377.7999999999997,9361.0,971.5,30.8,42595804212.11933,107.45716803206841,1283.3604669377964
3,402023.09999999794,215260.16999999978,23278.20383160005,29656.706700000013,3188.160174599965,117220.61999999998,15009.779999999984,0,31912.0,14475.0,8862.6,6983.8,3377.7999999999997,9361.0,971.5,30.8,61695396523.07016,102.53224442912699,1344.2508637776584
4,238071.6000000003,102778.39999999992,22956.09396250002,29595.668287999968,3119.309577499977,52392.609999999986,7766.304999999994,0,31912.0,14475.0,8862.6,6983.8,3377.7999999999997,9361.0,971.5,30.8,57366308667.15502,52.6596502548812,736.0457395131994
5,415158.82999999786,206516.45999999967,23464.752699000044,29595.668287999964,3122.2863189999775,108102.61999999998,15038.879999999981,0,31912.0,14475.0,8862.6,6983.8,3377.7999999999997,9361.0,971.5,30.8,86676241411.3022,103.2607523364456,1353.827691671079
6,238693.35000000036,119854.73000000004,24331.227867900034,31007.784340499984,4463.778014699982,45670.509999999995,6612.974999999996,0,31912.0,14475.0,8862.6,6983.8,3377.7999999999997,9361.0,971.5,30.8,78379463735.74664,51.24503470929289,769.5263407225394
7,239554.61000000034,140025.34999999998,33010.639748899914,37868.13971500006,7424.222170899933,62984.03999999995,8984.139999999989,0,31912.0,14475.0,8862.6,6983.8,3377.7999999999997,9361.0,971.5,30.8,69545749974.26074,53.10546571126127,824.7356439592987
