,contributed_CCGT,contributed_Coal,contributed_Onshore,contributed_Offshore,contributed_PV,contributed_Nuclear,contributed_Recip_gas,contributed_Biomass,total_CCGT,total_Coal,total_Onshore,total_Offshore,total_PV,total_Nuclear,total_Recip_gas,Carbon_tax,total_genco_wealth,Electricity_cost,Carbon_emitted
0,311450.9799999997,237695.5900000001,53760.986041499884,30576.69818800002,3129.3210072499387,125780.86999999997,10900.86000000001,0,31912.0,14475.0,8862.6,6983.8,3377.7999999999997,9361.0,971.5,30.8,8018970313.440213,62.32573767807357,1185.4286348548196
1,219465.9199999996,202573.05000000002,50211.42887989997,32641.695355499996,3114.9490155499743,120382.81999999992,1828.4500000000016,0,31912.0,14475.0,8862.6,6983.8,3377.7999999999997,9361.0,971.5,30.8,1224994490.135888,41.66112192785101,901.4375084439007
2,302248.7899999994,249766.6800000001,48695.10417039975,29723.71430300002,1649.0321340499368,133671.81999999995,11282.070000000003,0,31912.0,14475.0,8862.6,6983.8,3377.7999999999997,9361.0,971.5,30.8,8656127039.071585,75.70670664601937,1194.4574515386387
3,331167.1499999989,242111.38000000006,56633.04937059994,32897.156357000014,3176.5791555999613,126892.48999999999,11844.670000000004,0,31912.0,14475.0,8862.6,6983.8,3377.7999999999997,9361.0,971.5,30.8,21188047081.263252,84.37210347527423,1246.6734592292403
4,127487.71000000021,175177.3799999999,36766.814806299924,22124.713041,3063.1899504999756,100962.4499999999,197.87999999999994,0,31912.0,14475.0,8862.6,6983.8,3377.7999999999997,9361.0,971.5,30.8,1326328618.0539594,17.298301106022837,650.0922030772414
5,312366.7999999994,249914.68000000005,56220.989781600176,32380.51729650001,3117.7150152999748,144939.34000000003,11922.755000000005,0,31912.0,14475.0,8862.6,6983.8,3377.7999999999997,9361.0,971.5,30.8,19464750418.442314,81.8075084474576,1220.1722292926388
6,137455.2899999999,162805.84999999983,38833.75285719986,23675.267464999968,2948.567848699975,114347.47999999992,179.44999999999996,0,31912.0,14475.0,8862.6,6983.8,3377.7999999999997,9361.0,971.5,30.8,-7494046241.769255,23.807911217273627,642.6831702783011
7,146124.34999999977,185812.07999999996,43136.333677299786,28925.902165500014,7024.644039649942,124229.8399999999,235.7099999999999,0,31912.0,14475.0,8862.6,6983.8,3377.7999999999997,9361.0,971.5,30.8,-37721809010.57123,29.513914654238473,711.7316254878413
