,contributed_CCGT,contributed_Coal,contributed_Onshore,contributed_Offshore,contributed_PV,contributed_Nuclear,contributed_Recip_gas,contributed_Biomass,total_CCGT,total_Coal,total_Onshore,total_Offshore,total_PV,total_Nuclear,total_Recip_gas,Carbon_tax,total_genco_wealth,Electricity_cost,Carbon_emitted
0,361166.52999999886,139910.7599999999,50141.36434429981,23909.79073050001,3144.2854828999402,142208.7899999999,14832.755000000005,0,31912.0,14475.0,8862.6,6983.8,3377.7999999999997,9361.0,971.5,30.8,11724504681.470526,65.80579438298209,1092.7709334724752
1,274098.7199999998,121228.82999999989,45024.92144629988,23725.761639499964,3116.652094899976,123517.85999999993,11942.640000000014,0,31912.0,14475.0,8862.6,6983.8,3377.7999999999997,9361.0,971.5,30.8,6747309793.164852,54.366487522305796,851.8346651243359
2,338015.4899999988,158738.72999999984,54822.76822719966,21407.810871999995,1656.3097896999323,151750.67999999993,14072.76,0,31912.0,14475.0,8862.6,6983.8,3377.7999999999997,9361.0,971.5,30.8,14820769271.15042,65.58209576308667,1073.2481670245343
3,373478.0999999988,178175.38999999975,48218.45591889968,22125.70765099999,3150.827170599963,144570.7399999999,15597.59999999998,0,31912.0,14475.0,8862.6,6983.8,3377.7999999999997,9361.0,971.5,30.8,22944144820.844543,68.22585414645182,1201.155294775213
4,163398.09999999977,104820.29,33576.29030190009,17750.053877999962,2593.585353249983,114188.39999999994,1996.260000000001,0,31912.0,14475.0,8862.6,6983.8,3377.7999999999997,9361.0,971.5,30.8,8254592608.409203,36.18258306565645,569.8351749854204
5,352334.83999999886,168905.7199999999,57422.704370999905,27936.49545199999,3123.861394999977,156690.88999999996,15477.319999999972,0,31912.0,14475.0,8862.6,6983.8,3377.7999999999997,9361.0,971.5,30.8,22318667924.82347,71.23384012111167,1126.6728454765548
6,178185.88999999975,96510.34999999993,33977.99026180001,17795.327229999977,2953.83318264998,115582.28999999992,1929.3300000000008,0,31912.0,14475.0,8862.6,6983.8,3377.7999999999997,9361.0,971.5,30.8,156661833.658034,37.706747802324365,581.3645760092999
7,226711.11999999968,90767.67000000003,36307.64875809986,18637.65053449996,7069.228841949935,121588.52999999991,8886.169999999995,0,31912.0,14475.0,8862.6,6983.8,3377.7999999999997,9361.0,971.5,30.8,-25895846015.16765,42.03447798087428,681.3206024826562
