,contributed_CCGT,contributed_Coal,contributed_Onshore,contributed_Offshore,contributed_PV,contributed_Nuclear,contributed_Recip_gas,contributed_Biomass,total_CCGT,total_Coal,total_Onshore,total_Offshore,total_PV,total_Nuclear,total_Recip_gas,Carbon_tax,total_genco_wealth,Electricity_cost,Carbon_emitted
0,378291.84999999864,154864.5499999998,55491.462277899824,26286.837295500005,3166.213651199937,127412.40999999993,12719.125000000004,0,31912.0,14475.0,8862.6,6983.8,3377.7999999999997,9361.0,971.5,30.8,34095483354.391678,126.08548741582122,1168.4271212708966
1,292169.5599999998,128450.65999999981,50883.76263249981,26527.901889999976,3136.193086799974,106484.65999999993,10078.29999999999,0,31912.0,14475.0,8862.6,6983.8,3377.7999999999997,9361.0,971.5,30.8,37251876381.56757,72.96521211982925,929.2036771426783
2,351149.6199999996,173866.7699999999,56156.8244561998,23240.127349000013,1672.114161199934,135163.67999999993,12697.3,0,31912.0,14475.0,8862.6,6983.8,3377.7999999999997,9361.0,971.5,30.8,71203345912.8109,124.18029711483992,1153.3226853244569
3,366508.23999999877,203193.56,53909.354088999535,26792.274780000018,3194.021900749962,139143.58999999994,14097.009999999977,0,31912.0,14475.0,8862.6,6983.8,3377.7999999999997,9361.0,971.5,30.8,108708630622.78032,131.00598754960615,1255.144755776876
4,200860.51999999947,96394.70999999992,39355.638368199965,19338.19055699997,3088.649956749975,94713.70999999995,189.14999999999995,0,31912.0,14475.0,8862.6,6983.8,3377.7999999999997,9361.0,971.5,30.8,95839605147.46887,37.53817331141422,648.2252919245814
5,378258.3899999988,179089.39999999988,56982.61084110003,26836.97150449998,3137.253701699976,135703.96999999994,13421.889999999965,0,31912.0,14475.0,8862.6,6983.8,3377.7999999999997,9361.0,971.5,30.8,152873168873.4295,130.68569990280668,1222.6596322611977
6,214506.0799999998,102378.2399999999,37194.73518539986,19248.31213999997,4324.143032099981,85655.84999999995,824.5000000000013,0,31912.0,14475.0,8862.6,6983.8,3377.7999999999997,9361.0,971.5,30.8,132831717096.63763,38.36813603700355,688.4875141795208
7,244344.84999999986,107125.5799999999,44544.41354539966,21666.26285599999,7272.163271899931,91925.92999999995,7423.410000000001,0,31912.0,14475.0,8862.6,6983.8,3377.7999999999997,9361.0,971.5,30.8,110180123475.88788,42.92209289578199,770.7334992408399
