,contributed_CCGT,contributed_Coal,contributed_Onshore,contributed_Offshore,contributed_PV,contributed_Nuclear,contributed_Recip_gas,contributed_Biomass,total_CCGT,total_Coal,total_Onshore,total_Offshore,total_PV,total_Nuclear,total_Recip_gas,Carbon_tax,total_genco_wealth,Electricity_cost,Carbon_emitted
0,415483.15999999765,186923.11999999994,23300.55530880004,29579.745223999984,3154.551064599939,96582.89999999986,13988.369999999992,0,31912.0,14475.0,8862.6,6983.8,3377.7999999999997,9361.0,971.5,30.8,13640329279.687893,93.61239196490688,1303.7137969017558
1,346183.3799999985,150712.38,23167.12341830003,29595.668287999964,3121.039424799978,79223.77999999991,7770.18499999999,0,31912.0,14475.0,8862.6,6983.8,3377.7999999999997,9361.0,971.5,30.8,11235763284.04667,66.84951499230645,1067.7634157772425
2,415835.1399999978,186810.94999999992,21019.278647099873,29147.89422399998,1657.4089020499327,100093.3299999999,13263.779999999997,0,31912.0,14475.0,8862.6,6983.8,3377.7999999999997,9361.0,971.5,30.8,29878855693.123108,118.52870195451128,1302.707102688095
3,428386.29999999795,201758.9099999997,23124.885738300047,29656.706700000013,3187.624008899965,103693.96999999991,14736.72499999997,0,31912.0,14475.0,8862.6,6983.8,3377.7999999999997,9361.0,971.5,30.8,54486851198.50333,131.07524031193876,1364.5308838861774
4,239079.95000000042,123981.72999999998,17130.56705769999,21561.833222499983,3062.1079130499784,73706.41999999991,178.48,0,31912.0,14475.0,8862.6,6983.8,3377.7999999999997,9361.0,971.5,30.8,40347660893.92628,41.68799835118448,766.9680456585434
5,432256.7199999979,195688.97999999984,23464.752699000044,29595.668287999964,3122.2863189999775,104574.72999999992,13406.369999999995,0,31912.0,14475.0,8862.6,6983.8,3377.7999999999997,9361.0,971.5,30.8,77550901454.3484,131.4527437729901,1356.1427861740356
6,226514.7200000003,150694.33999999997,17719.870410800006,22401.04964699997,3214.29076509998,67996.99999999994,210.48999999999995,0,31912.0,14475.0,8862.6,6983.8,3377.7999999999997,9361.0,971.5,30.8,54512353395.35473,40.898552413186195,797.577023907322
7,282287.27999999985,131972.01,22763.32552300004,27647.105086000003,7287.660520349929,73844.15999999992,473.3599999999999,0,31912.0,14475.0,8862.6,6983.8,3377.7999999999997,9361.0,971.5,30.8,28387111135.201447,44.08720483577511,878.6520448499823
