,contributed_CCGT,contributed_Coal,contributed_Onshore,contributed_Offshore,contributed_PV,contributed_Nuclear,contributed_Recip_gas,contributed_Biomass,total_CCGT,total_Coal,total_Onshore,total_Offshore,total_PV,total_Nuclear,total_Recip_gas,Carbon_tax,total_genco_wealth,Electricity_cost,Carbon_emitted
0,346566.3600000003,213690.0299999996,62616.85639399986,27475.875343999985,3168.703124399936,99191.22999999994,12606.119999999984,0,31912.0,14475.0,8862.6,6983.8,3377.7999999999997,9361.0,971.5,30.8,110806243975.66199,354.9685366376278,1210.2001651619394
1,268766.78,206883.93999999968,49529.6339316,24063.025607999964,3134.821474199973,79671.91999999993,8690.714999999976,0,31912.0,14475.0,8862.6,6983.8,3377.7999999999997,9361.0,971.5,30.8,128652322488.08357,111.99556354161793,1025.4456409581203
2,340456.44999999943,222581.13999999964,56991.07923209983,28383.889933000013,1666.216215499934,111901.13999999997,12730.279999999986,0,31912.0,14475.0,8862.6,6983.8,3377.7999999999997,9361.0,971.5,30.8,255768498459.3784,350.58124385545415,1225.0246674137184
3,367146.36999999895,221955.91999999963,58923.800837099676,26987.47251600001,3199.902851599961,114052.59999999998,13469.904999999979,0,31912.0,14475.0,8862.6,6983.8,3377.7999999999997,9361.0,971.5,30.8,409506090241.0676,352.68487646366265,1279.3115291061604
4,153284.40000000014,185438.65999999968,39953.85271359997,19060.234502999974,2619.4106564499803,73162.24999999994,339.49999999999983,0,31912.0,14475.0,8862.6,6983.8,3377.7999999999997,9361.0,971.5,30.8,396504512477.71375,36.15398296514414,725.6911817266808
5,376952.299999999,253311.63999999978,55927.99519970004,27251.01615199996,3142.984701949975,90781.32999999991,12948.529999999982,0,31912.0,14475.0,8862.6,6983.8,3377.7999999999997,9361.0,971.5,30.8,612043289420.7976,353.1212118655023,1358.6745866527199
6,176537.20999999982,184823.01999999967,38618.12282719981,18650.369029999973,2724.5889721999743,64949.259999999966,323.0099999999998,0,31912.0,14475.0,8862.6,6983.8,3377.7999999999997,9361.0,971.5,30.8,592213412699.7336,37.16889001556429,771.487173461959
7,206605.7999999999,197115.19999999963,42854.69115089985,20320.987416499986,6012.912760049966,65913.43999999996,964.1800000000011,0,31912.0,14475.0,8862.6,6983.8,3377.7999999999997,9361.0,971.5,30.8,566942777447.0497,38.12828422396759,861.6816192495997
