,contributed_CCGT,contributed_Coal,contributed_Onshore,contributed_Offshore,contributed_PV,contributed_Nuclear,contributed_Recip_gas,contributed_Biomass,total_CCGT,total_Coal,total_Onshore,total_Offshore,total_PV,total_Nuclear,total_Recip_gas,Carbon_tax,total_genco_wealth,Electricity_cost,Carbon_emitted
0,328176.5399999996,258512.6499999999,53129.68113549988,27142.661551999987,3168.594857699936,87925.64999999992,12440.249999999989,0,31912.0,14475.0,8862.6,6983.8,3377.7999999999997,9361.0,971.5,30.8,95831517062.37674,311.6726822775034,1272.5492190847
1,247145.34,237055.63999999998,48863.74445159994,22488.44592299996,3112.310092849974,75770.57999999994,5000.8349999999955,0,31912.0,14475.0,8862.6,6983.8,3377.7999999999997,9361.0,971.5,30.8,106959273728.24538,83.82717097357353,1041.388732394721
2,312706.9199999999,260026.81999999998,52070.54922259969,27769.455615999992,1674.747560299933,93178.19999999992,12608.059999999989,0,31912.0,14475.0,8862.6,6983.8,3377.7999999999997,9361.0,971.5,30.8,232659480545.09442,337.6737767874001,1247.1809710143586
3,363661.9199999997,263835.73,55056.64175529967,27566.269635000008,3192.0270089499613,85500.64999999992,13338.954999999978,0,31912.0,14475.0,8862.6,6983.8,3377.7999999999997,9361.0,971.5,30.8,379452143463.5179,350.158743631306,1361.878411380539
4,145037.19,206159.86999999985,37079.856979599994,18998.883806999973,3067.8357486499754,71905.12999999993,366.6599999999998,0,31912.0,14475.0,8862.6,6983.8,3377.7999999999997,9361.0,971.5,30.8,367330625518.7954,33.341026118643335,755.1945370982598
5,339877.7700000002,261791.79999999987,54491.18280639994,26927.868286999983,3101.886704799975,98321.13999999991,11982.409999999993,0,31912.0,14475.0,8862.6,6983.8,3377.7999999999997,9361.0,971.5,30.8,587328520137.2794,350.09402086445397,1299.1460095363977
6,172104.73999999985,187458.6900000001,38478.85365129982,19409.91302999997,2965.141564699978,65104.45999999996,320.09999999999985,0,31912.0,14475.0,8862.6,6983.8,3377.7999999999997,9361.0,971.5,30.8,570104466413.4893,36.2175662759474,768.5534195486201
7,193876.76999999976,213482.92,39216.55787669975,21934.9430055,6064.061363149968,68848.65999999996,311.36999999999983,0,31912.0,14475.0,8862.6,6983.8,3377.7999999999997,9361.0,971.5,30.8,548750610457.4342,37.810522201605245,870.9449623621589
