,contributed_CCGT,contributed_Coal,contributed_Onshore,contributed_Offshore,contributed_PV,contributed_Nuclear,contributed_Recip_gas,contributed_Biomass,total_CCGT,total_Coal,total_Onshore,total_Offshore,total_PV,total_Nuclear,total_Recip_gas,Carbon_tax,total_genco_wealth,Electricity_cost,Carbon_emitted
0,347851.1800000003,214827.40999999963,58275.88739709984,27445.06330399998,3176.3351320999354,100932.37999999993,12628.429999999993,0,31912.0,14475.0,8862.6,6983.8,3377.7999999999997,9361.0,971.5,30.8,106180798357.91757,357.2420507240486,1220.1646361991786
1,258715.00000000012,210352.31999999977,51415.81895240006,25763.404697999973,3139.066323049973,79215.04999999993,6778.844999999986,0,31912.0,14475.0,8862.6,6983.8,3377.7999999999997,9361.0,971.5,30.8,124054608690.47003,111.03584791905594,1008.8987676533592
2,367894.9099999998,207826.67999999961,54265.85688919977,25273.40569800002,1672.3071812499343,103722.09999999998,11969.799999999983,0,31912.0,14475.0,8862.6,6983.8,3377.7999999999997,9361.0,971.5,30.8,262563281281.49225,350.6706753205487,1235.6247542786402
3,379317.61999999895,215296.51999999967,60984.89572439955,29471.990700000017,3205.3764720999607,105129.56999999998,14051.419999999982,0,31912.0,14475.0,8862.6,6983.8,3377.7999999999997,9361.0,971.5,30.8,411905866901.4869,360.17798895597656,1279.7067302149608
4,185490.19999999975,152356.18999999986,40956.92031429999,20580.976300999973,2751.4002156999804,73463.91999999994,350.1699999999998,0,31912.0,14475.0,8862.6,6983.8,3377.7999999999997,9361.0,971.5,30.8,399983319011.6345,38.492761837421746,717.4120874736213
5,373398.8199999988,232584.8299999997,55632.20216780007,28882.17651199997,3139.883407349975,99610.26999999995,12685.659999999982,0,31912.0,14475.0,8862.6,6983.8,3377.7999999999997,9361.0,971.5,30.8,607353105136.7882,354.03468899215227,1308.2220137723393
6,189671.90999999974,157904.9599999999,38278.96177429984,19312.81710199997,2932.842055299978,79068.57999999993,340.4699999999998,0,31912.0,14475.0,8862.6,6983.8,3377.7999999999997,9361.0,971.5,30.8,587852698474.9735,36.92384469626168,738.0739433340799
7,226381.27000000008,166223.30999999982,44784.534659199926,22978.362804,7181.788243649936,72034.13999999994,3031.7350000000015,0,31912.0,14475.0,8862.6,6983.8,3377.7999999999997,9361.0,971.5,30.8,564575606225.0336,40.33010067574082,837.0908584373802
