,contributed_CCGT,contributed_Coal,contributed_Onshore,contributed_Offshore,contributed_PV,contributed_Nuclear,contributed_Recip_gas,contributed_Biomass,total_CCGT,total_Coal,total_Onshore,total_Offshore,total_PV,total_Nuclear,total_Recip_gas,Carbon_tax,total_genco_wealth,Electricity_cost,Carbon_emitted
0,374646.1499999986,188473.19999999984,48785.672294399716,32822.74330399999,3161.7651575999384,101679.28,14372.489999999972,0,31912.0,14475.0,8862.6,6983.8,3377.7999999999997,9361.0,971.5,30.8,27097217944.10749,88.69362634044757,1222.8365156135967
1,329471.46999999916,124220.24999999999,43520.32273699983,33326.39724800001,3128.7339639999773,76049.93999999996,11136.569999999994,0,31912.0,14475.0,8862.6,6983.8,3377.7999999999997,9361.0,971.5,30.8,43417996959.41844,73.45211571380608,975.2345838094969
2,386701.78999999876,174824.02999999994,48261.0935007996,30537.271887999985,1666.4085375999318,99712.11999999997,14454.939999999973,0,31912.0,14475.0,8862.6,6983.8,3377.7999999999997,9361.0,971.5,30.8,71637784797.7691,93.00306504445467,1213.4757276739394
3,392291.34999999823,184247.5299999998,56557.4462707997,32405.270700000023,3198.4683175999635,118632.93999999999,15337.639999999978,0,31912.0,14475.0,8862.6,6983.8,3377.7999999999997,9361.0,971.5,30.8,107576660453.68527,104.98115221306182,1254.777964206936
4,214743.60000000024,107333.47,34534.67908179997,30314.111143999973,3124.596749149977,61830.70999999997,5448.0049999999965,0,31912.0,14475.0,8862.6,6983.8,3377.7999999999997,9361.0,971.5,30.8,111099594910.82431,49.897309690301995,695.2821749210608
5,396254.71999999817,182754.6899999999,55307.083736999826,34304.15724800005,3132.0319639999766,112579.17,15500.114999999978,0,31912.0,14475.0,8862.6,6983.8,3377.7999999999997,9361.0,971.5,30.8,162069842263.3839,100.07942288928126,1262.2324390466165
6,241303.69000000018,94433.58999999998,38690.06816369977,34425.90629900001,4489.989026299984,51684.50999999997,7828.384999999996,0,31912.0,14475.0,8862.6,6983.8,3377.7999999999997,9361.0,971.5,30.8,167940362736.49426,52.27235663437389,728.8853619488198
7,263840.79,99641.08000000002,46442.65575349977,39452.840197000056,7439.969912249933,63974.409999999974,11382.949999999993,0,31912.0,14475.0,8862.6,6983.8,3377.7999999999997,9361.0,971.5,30.8,185651913214.39688,61.8764253307526,791.2029240298368
