,contributed_CCGT,contributed_Coal,contributed_Onshore,contributed_Offshore,contributed_PV,contributed_Nuclear,contributed_Recip_gas,contributed_Biomass,total_CCGT,total_Coal,total_Onshore,total_Offshore,total_PV,total_Nuclear,total_Recip_gas,Carbon_tax,total_genco_wealth,Electricity_cost,Carbon_emitted
0,328428.23999999894,215378.3199999996,23300.55530880004,29579.745223999984,3154.551064599939,165604.86687359976,17848.000000000015,0,31912.0,14475.0,8862.6,6983.8,3377.7999999999997,9361.0,971.5,30.8,17518207774.098145,102.94557126177433,1197.3980648913587
1,260448.3000000004,158554.57999999996,23464.752699000044,29595.668287999964,3122.2863189999775,165604.86687359976,13408.309999999992,0,31912.0,14475.0,8862.6,6983.8,3377.7999999999997,9361.0,971.5,30.8,12564351792.100609,57.6585392003248,918.092027802841
2,326281.91999999894,212088.75999999954,21601.84304159999,29224.130127999983,1658.9456695999324,165604.86687359976,17496.860000000008,0,31912.0,14475.0,8862.6,6983.8,3377.7999999999997,9361.0,971.5,30.8,21736072043.39843,90.48594922745092,1184.0637338064796
3,353627.3799999981,214757.5299999995,23278.20383160005,29656.706700000013,3188.160174599965,165604.86687359976,18430.970000000023,0,31912.0,14475.0,8862.6,6983.8,3377.7999999999997,9361.0,971.5,30.8,48449429013.28966,133.61838282421607,1249.2746883069372
4,134756.22000000006,140153.89999999988,22045.693497899996,29595.668287999968,3116.600719849977,144957.33132720008,10999.799999999997,0,31912.0,14475.0,8862.6,6983.8,3377.7999999999997,9361.0,971.5,30.8,33964456522.754826,43.30269965987761,608.6238527522011
5,352164.7199999981,218385.05999999942,23464.752699000044,29595.668287999964,3122.2863189999775,165604.86687359976,18012.415000000015,0,31912.0,14475.0,8862.6,6983.8,3377.7999999999997,9361.0,971.5,30.8,49442187315.137665,92.57322728070655,1251.7019456838775
6,139332.4200000001,144111.79999999996,25206.198219200025,33153.47029099999,4477.2553294999825,133702.20940160024,10999.799999999997,0,31912.0,14475.0,8862.6,6983.8,3377.7999999999997,9361.0,971.5,30.8,28482686547.215782,42.98777044786328,626.7451888964016
7,173649.0600000001,147660.47999999986,31091.167208999937,38204.78456500007,7411.1254933499295,141522.3409432001,12047.399999999996,0,31912.0,14475.0,8862.6,6983.8,3377.7999999999997,9361.0,971.5,30.8,1742453301.5577326,43.418172396431935,707.3772832310424
