,contributed_CCGT,contributed_Coal,contributed_Onshore,contributed_Offshore,contributed_PV,contributed_Nuclear,contributed_Recip_gas,contributed_Biomass,total_CCGT,total_Coal,total_Onshore,total_Offshore,total_PV,total_Nuclear,total_Recip_gas,Carbon_tax,total_genco_wealth,Electricity_cost,Carbon_emitted
0,375197.359999998,250907.02999999994,21767.958568000035,28236.566443999985,3154.551064599939,92054.93999999987,13162.89999999999,0,31912.0,14475.0,8862.6,6983.8,3377.7999999999997,9361.0,971.5,30.8,8618988972.90648,73.96177462026839,1361.1831482479383
1,280438.62000000005,235555.00000000017,21721.42706659999,28443.37509799997,3119.1213234999773,75927.71999999991,2249.4300000000007,0,31912.0,14475.0,8862.6,6983.8,3377.7999999999997,9361.0,971.5,30.8,1172117796.7959185,48.95007412941596,1106.8670548300013
2,379213.81999999814,246949.13000000003,19219.690259899828,26468.873818000015,1653.9607295499336,92087.91999999987,13260.86999999999,0,31912.0,14475.0,8862.6,6983.8,3377.7999999999997,9361.0,971.5,30.8,9130520618.763554,85.21579498981752,1362.5521303637381
3,398584.8799999976,252542.58999999997,22625.58421350002,29656.706700000013,3184.158085599964,102302.0199999999,13243.40999999999,0,31912.0,14475.0,8862.6,6983.8,3377.7999999999997,9361.0,971.5,30.8,21605169358.7332,93.06358030661526,1414.3211738208158
4,194623.68000000037,187588.7499999998,17507.008062400044,22172.13314399999,3101.507604649976,64105.35999999994,157.14000000000001,0,31912.0,14475.0,8862.6,6983.8,3377.7999999999997,9361.0,971.5,30.8,6105784314.0830345,37.429816216944005,813.9902261725031
5,396904.1799999977,257057.97000000003,22553.311938500014,28568.522815999968,3122.2863189999775,97925.37999999987,13221.09999999999,0,31912.0,14475.0,8862.6,6983.8,3377.7999999999997,9361.0,971.5,30.8,24412983041.98552,94.85167219027043,1419.0913340620557
6,197652.04000000027,188497.02000000002,16329.463952400034,21192.560242499974,4205.191603899979,64230.48999999994,174.6,0,31912.0,14475.0,8862.6,6983.8,3377.7999999999997,9361.0,971.5,30.8,849959818.4271953,36.23487479256584,822.1999526339632
7,248979.4000000003,179563.3399999999,19791.837620700007,25246.58041950001,7289.072087049926,67996.99999999994,165.87,0,31912.0,14475.0,8862.6,6983.8,3377.7999999999997,9361.0,971.5,30.8,-27668975192.304134,39.07779687236194,914.7597029693221
