,contributed_CCGT,contributed_Coal,contributed_Onshore,contributed_Offshore,contributed_PV,contributed_Nuclear,contributed_Recip_gas,contributed_Biomass,total_CCGT,total_Coal,total_Onshore,total_Offshore,total_PV,total_Nuclear,total_Recip_gas,Carbon_tax,total_genco_wealth,Electricity_cost,Carbon_emitted
0,402654.59999999794,190731.12999999992,23300.55530880004,29579.745223999984,3154.551064599939,105142.17999999998,14852.639999999981,0,31912.0,14475.0,8862.6,6983.8,3377.7999999999997,9361.0,971.5,30.8,18364627445.79069,94.85937390480883,1289.2510940997377
1,328709.9299999993,149205.00999999998,23464.752699000044,29595.668287999964,3122.2863189999775,82686.67999999995,11199.620000000004,0,31912.0,14475.0,8862.6,6983.8,3377.7999999999997,9361.0,971.5,30.8,23464409183.311466,73.24845296387008,1035.3804732439796
2,389436.1499999982,203428.67999999961,21601.84304159999,29224.130127999983,1658.9456695999324,110391.81999999996,15041.789999999979,0,31912.0,14475.0,8862.6,6983.8,3377.7999999999997,9361.0,971.5,30.8,39987911493.16224,98.78797968728668,1287.6377324546363
3,409486.08999999776,207549.7299999998,23278.20383160005,29656.706700000013,3188.160174599965,120618.52999999997,15086.409999999976,0,31912.0,14475.0,8862.6,6983.8,3377.7999999999997,9361.0,971.5,30.8,60659658739.08682,107.16588232488475,1342.3512319825386
4,239791.60000000024,117640.68000000008,22655.789722500038,29392.70109199997,3119.891154999978,48725.039999999986,5751.129999999996,0,31912.0,14475.0,8862.6,6983.8,3377.7999999999997,9361.0,971.5,30.8,56843260102.13504,53.37873839594414,767.3815264506397
5,415072.95999999787,202269.3899999996,23464.752699000044,29595.668287999964,3122.2863189999775,107622.46999999997,15955.04499999998,0,31912.0,14475.0,8862.6,6983.8,3377.7999999999997,9361.0,971.5,30.8,80610474266.04153,95.69386261856046,1343.7677863772176
6,229953.1200000003,121382.79000000007,25779.482216300006,32058.100825499987,4461.665012799982,49777.49,4865.034999999997,0,31912.0,14475.0,8862.6,6983.8,3377.7999999999997,9361.0,971.5,30.8,71131298409.77007,50.3195362065703,753.9607759704196
7,267921.1700000004,128495.76000000004,32500.823453199897,37702.38770500006,7422.051349549931,51620.48999999998,7645.539999999995,0,31912.0,14475.0,8862.6,6983.8,3377.7999999999997,9361.0,971.5,30.8,61820032787.294846,52.056162607929586,852.6938386924788
