,contributed_CCGT,contributed_Coal,contributed_Onshore,contributed_Offshore,contributed_PV,contributed_Nuclear,contributed_Recip_gas,contributed_Biomass,total_CCGT,total_Coal,total_Onshore,total_Offshore,total_PV,total_Nuclear,total_Recip_gas,Carbon_tax,total_genco_wealth,Electricity_cost,Carbon_emitted
0,319884.87999999925,216818.28000000012,53691.81158759983,28997.668307000014,3164.796196699937,134416.77999999997,12727.369999999995,0,31912.0,14475.0,8862.6,6983.8,3377.7999999999997,9361.0,971.5,30.8,32227003308.82384,123.13163162632962,1188.1211387354383
1,264721.50000000035,172249.7399999999,45902.90879829989,22843.43038999997,3115.0851478499744,111640.20999999995,8285.254999999988,0,31912.0,14475.0,8862.6,6983.8,3377.7999999999997,9361.0,971.5,30.8,35364017787.292465,68.11849331375879,967.4829941465191
2,339361.53999999806,197382.36,52578.26314029969,22848.617770000008,1670.7212088499327,145118.78999999998,11874.739999999993,0,31912.0,14475.0,8862.6,6983.8,3377.7999999999997,9361.0,971.5,30.8,69949955505.03331,123.80632377998928,1180.1957266192778
3,358978.95999999804,204704.85,57004.552095599654,28748.78060700001,3195.9682529499605,132170.25999999992,13536.349999999964,0,31912.0,14475.0,8862.6,6983.8,3377.7999999999997,9361.0,971.5,30.8,111722150100.91779,125.58055128069564,1242.094467060297
4,187321.66000000006,129311.71999999986,39775.58133150007,19765.934640499963,3037.922366649978,86500.71999999997,341.4399999999998,0,31912.0,14475.0,8862.6,6983.8,3377.7999999999997,9361.0,971.5,30.8,100390300669.48064,37.463356271987884,690.9571251045617
5,343692.3999999984,207246.13000000006,56096.617138199996,28825.294797999988,3131.525736199976,148525.42999999993,13751.689999999964,0,31912.0,14475.0,8862.6,6983.8,3377.7999999999997,9361.0,971.5,30.8,159961918376.3254,125.64996598596572,1215.9890375697366
6,183122.0,149230.22999999992,34968.157977999996,16969.400915999988,2932.377768649977,88578.45999999996,323.0099999999998,0,31912.0,14475.0,8862.6,6983.8,3377.7999999999997,9361.0,971.5,30.8,142192368298.92694,37.07614690958445,725.9423238615404
7,223147.5800000002,148362.52999999985,43983.71374629979,21898.250366999993,7230.902961649935,78521.49999999997,7670.274999999993,0,31912.0,14475.0,8862.6,6983.8,3377.7999999999997,9361.0,971.5,30.8,121672062944.10143,41.38066865184083,826.1275248469403
