,contributed_CCGT,contributed_Coal,contributed_Onshore,contributed_Offshore,contributed_PV,contributed_Nuclear,contributed_Recip_gas,contributed_Biomass,total_CCGT,total_Coal,total_Onshore,total_Offshore,total_PV,total_Nuclear,total_Recip_gas,Carbon_tax,total_genco_wealth,Electricity_cost,Carbon_emitted
0,318678.08999999973,249322.49999999988,58800.006944199784,27410.579911999987,3175.3980415999354,98568.48999999992,12404.35999999999,0,31912.0,14475.0,8862.6,6983.8,3377.7999999999997,9361.0,971.5,30.8,99905245854.33893,320.1217347499584,1237.460676234998
1,252213.95000000013,226400.54000000004,53065.84476619997,28302.537343999964,3137.794619399974,69441.32999999994,5747.734999999995,0,31912.0,14475.0,8862.6,6983.8,3377.7999999999997,9361.0,971.5,30.8,114003470140.66154,89.09856611617681,1031.781368864921
2,340398.3200000003,241964.94000000003,54400.13493979974,26676.589707999992,1676.5609569999317,96999.99999999991,11877.64999999999,0,31912.0,14475.0,8862.6,6983.8,3377.7999999999997,9361.0,971.5,30.8,235798847800.04498,324.4484366052318,1255.7012378061193
3,322929.8999999996,259317.5099999999,62775.9446971995,25994.478860000003,3172.751303549961,114933.35999999996,12340.339999999991,0,31912.0,14475.0,8862.6,6983.8,3377.7999999999997,9361.0,971.5,30.8,385922996786.20856,352.8961598807503,1272.9905752589787
4,146780.28000000006,199037.65000000008,39377.69143460001,18394.102910499972,2914.285805149977,68452.89999999997,376.3599999999998,0,31912.0,14475.0,8862.6,6983.8,3377.7999999999997,9361.0,971.5,30.8,373965644565.8581,33.01045073238368,742.8601933347
5,338025.80000000005,263775.25,59346.73794789981,27382.934004999992,3126.4641206999754,106122.84999999995,11949.429999999988,0,31912.0,14475.0,8862.6,6983.8,3377.7999999999997,9361.0,971.5,30.8,591858482296.868,341.6528436099232,1308.0628570794986
6,162401.7100000001,192177.05000000002,38225.441539299856,19111.55580199997,3211.8688362999783,67221.96999999994,337.55999999999983,0,31912.0,14475.0,8862.6,6983.8,3377.7999999999997,9361.0,971.5,30.8,573572851885.6201,34.04208286197158,759.1842031159002
7,204386.04000000004,203918.98000000007,41635.54600099983,21458.948165499998,6962.128126349949,59930.47999999997,321.0699999999998,0,31912.0,14475.0,8862.6,6983.8,3377.7999999999997,9361.0,971.5,30.8,552899767746.3943,38.22190347744714,871.0047245540394
