,contributed_CCGT,contributed_Coal,contributed_Onshore,contributed_Offshore,contributed_PV,contributed_Nuclear,contributed_Recip_gas,contributed_Biomass,total_CCGT,total_Coal,total_Onshore,total_Offshore,total_PV,total_Nuclear,total_Recip_gas,Carbon_tax,total_genco_wealth,Electricity_cost,Carbon_emitted
0,402760.9099999981,209048.00999999972,23300.55530880004,29579.745223999984,3154.551064599939,98916.71999999997,15057.30999999998,0,31912.0,14475.0,8862.6,6983.8,3377.7999999999997,9361.0,971.5,30.8,17166561789.610834,91.27474015675709,1326.028792897978
1,315341.15999999945,168822.1799999999,23464.752699000044,29595.668287999964,3122.2863189999775,76217.74999999997,11259.760000000004,0,31912.0,14475.0,8862.6,6983.8,3377.7999999999997,9361.0,971.5,30.8,21061305652.438248,70.17023586236398,1049.9635869676397
2,379952.71999999846,208118.4099999997,21601.84304159999,29224.130127999983,1658.9456695999324,113245.55999999997,14104.284999999994,0,31912.0,14475.0,8862.6,6983.8,3377.7999999999997,9361.0,971.5,30.8,37464811326.18036,98.9202563680556,1279.3108085471783
3,420437.0499999976,194747.96999999974,23278.20383160005,29656.706700000013,3188.160174599965,121191.79999999996,15006.86999999998,0,31912.0,14475.0,8862.6,6983.8,3377.7999999999997,9361.0,971.5,30.8,56886388768.12243,103.75587802803115,1335.8071832420585
4,231925.26000000018,104265.66999999991,23440.092165900038,29595.668287999968,3121.5528248999776,65903.73999999996,4030.349999999998,0,31912.0,14475.0,8862.6,6983.8,3377.7999999999997,9361.0,971.5,30.8,53430611838.13347,53.89799998058382,716.98766164666
5,403306.75999999786,201275.56999999963,23464.752699000044,29595.668287999964,3122.2863189999775,123372.35999999999,15045.669999999982,0,31912.0,14475.0,8862.6,6983.8,3377.7999999999997,9361.0,971.5,30.8,84780937794.44188,104.20477847909218,1315.7243418068563
6,225658.02000000025,121839.84000000003,25883.85481770001,31914.87397099998,4483.214324799983,60910.17999999997,5690.989999999997,0,31912.0,14475.0,8862.6,6983.8,3377.7999999999997,9361.0,971.5,30.8,76513872178.56752,50.87250905849811,744.4883114363195
7,273638.8800000003,115246.69000000008,33678.46333129993,38204.78456500007,7424.9506601499315,55329.769999999975,11278.190000000006,0,31912.0,14475.0,8862.6,6983.8,3377.7999999999997,9361.0,971.5,30.8,74031365819.71837,58.498454847536145,846.8369611926186
