,contributed_CCGT,contributed_Coal,contributed_Onshore,contributed_Offshore,contributed_PV,contributed_Nuclear,contributed_Recip_gas,contributed_Biomass,total_CCGT,total_Coal,total_Onshore,total_Offshore,total_PV,total_Nuclear,total_Recip_gas,Carbon_tax,total_genco_wealth,Electricity_cost,Carbon_emitted
0,386296.13999999827,207794.7599999997,23300.55530880004,29579.745223999984,3154.551064599939,105891.98999999999,15763.46999999998,0,31912.0,14475.0,8862.6,6983.8,3377.7999999999997,9361.0,971.5,30.8,16922117992.483192,91.68866881235287,1295.564704734476
1,313398.32999999955,197159.70999999958,23464.752699000044,29595.668287999964,3122.2863189999775,69613.98999999996,11286.920000000006,0,31912.0,14475.0,8862.6,6983.8,3377.7999999999997,9361.0,971.5,30.8,18366527118.131332,66.04512786002,1111.067045914579
2,385970.51999999833,204434.03999999972,21601.84304159999,29224.130127999983,1658.9456695999324,104407.88999999996,15021.419999999982,0,31912.0,14475.0,8862.6,6983.8,3377.7999999999997,9361.0,971.5,30.8,35982123387.291275,104.19916359553956,1284.9740610679141
3,418840.31999999774,211226.72999999963,23278.20383160005,29656.706700000013,3188.160174599965,109970.83999999997,15041.789999999979,0,31912.0,14475.0,8862.6,6983.8,3377.7999999999997,9361.0,971.5,30.8,57358654052.25382,111.74876702344314,1367.8224707285333
4,232690.7800000004,137866.90000000005,23132.477734300028,29595.668287999968,3117.133074699977,46576.48999999999,2340.610000000001,0,31912.0,14475.0,8862.6,6983.8,3377.7999999999997,9361.0,971.5,30.8,51488288570.87669,52.60219606581419,797.6880221462019
5,412581.7299999976,211115.19999999972,23464.752699000044,29595.668287999964,3122.2863189999775,110815.70999999996,14852.639999999981,0,31912.0,14475.0,8862.6,6983.8,3377.7999999999997,9361.0,971.5,30.8,81180592740.23335,105.17248164652428,1355.4560700695947
6,237386.69000000032,135558.80000000008,25056.15647550001,31540.592590999986,4470.384695299983,47405.83999999998,8942.914999999986,0,31912.0,14475.0,8862.6,6983.8,3377.7999999999997,9361.0,971.5,30.8,70981819814.53746,51.67111438594469,815.4731088724014
7,241761.24000000025,154658.3899999999,33029.23866469991,38204.78456500007,7428.123754949931,62833.689999999966,7595.099999999994,0,31912.0,14475.0,8862.6,6983.8,3377.7999999999997,9361.0,971.5,30.8,60687967896.525986,52.98968261508941,862.435038169221
