,contributed_CCGT,contributed_Coal,contributed_Onshore,contributed_Offshore,contributed_PV,contributed_Nuclear,contributed_Recip_gas,contributed_Biomass,total_CCGT,total_Coal,total_Onshore,total_Offshore,total_PV,total_Nuclear,total_Recip_gas,Carbon_tax,total_genco_wealth,Electricity_cost,Carbon_emitted
0,361146.96999999887,193808.24999999985,55142.85829439969,32822.74330399999,3167.0031575999374,99166.97999999998,13803.58499999999,0,31912.0,14475.0,8862.6,6983.8,3377.7999999999997,9361.0,971.5,30.8,20868593659.569492,73.53386013383842,1210.9087629634987
1,284784.1400000001,146411.25999999995,45997.70273699985,31859.757247999973,3128.9279639999772,96539.24999999996,7713.439999999995,0,31912.0,14475.0,8862.6,6983.8,3377.7999999999997,9361.0,971.5,30.8,30369288160.679455,60.484555136531945,928.2687853414759
2,368652.94999999873,160858.91999999993,55221.425500799574,32981.671888000004,1667.572537599932,120619.49999999996,13802.12999999999,0,31912.0,14475.0,8862.6,6983.8,3377.7999999999997,9361.0,971.5,30.8,50239684312.02008,76.86536191712221,1152.6198796501571
3,388248.79999999853,197765.0799999998,54332.557270799596,31427.51070000002,3200.408317599963,112353.15999999996,13660.02499999999,0,31912.0,14475.0,8862.6,6983.8,3377.7999999999997,9361.0,971.5,30.8,69954473771.0888,75.53823485831128,1269.7374736118381
4,212416.08000000007,98123.02999999994,37815.285769299844,31041.698143999976,3126.5259087499767,74708.42999999995,2273.680000000001,0,31912.0,14475.0,8862.6,6983.8,3377.7999999999997,9361.0,971.5,30.8,71543669131.03352,45.80598310184996,662.0493444159399
5,385052.43999999866,176312.60000000006,56019.25773699986,33815.27724800003,3137.0759639999756,123245.28999999995,12876.75,0,31912.0,14475.0,8862.6,6983.8,3377.7999999999997,9361.0,971.5,30.8,104648415769.21725,78.95529111199669,1219.6970935947993
6,202990.82,105346.07999999994,42685.34531109976,32607.38556899999,4483.144971899985,70279.40999999996,3520.6149999999975,0,31912.0,14475.0,8862.6,6983.8,3377.7999999999997,9361.0,971.5,30.8,104987766053.99284,45.692557241808366,665.2980627098403
7,226729.55000000016,128163.44999999995,48031.55830739973,39941.72019700005,7431.404213949933,73294.16999999995,4128.319999999997,0,31912.0,14475.0,8862.6,6983.8,3377.7999999999997,9361.0,971.5,30.8,108373046459.98138,48.06651463871457,762.1859989030996
