,contributed_CCGT,contributed_Coal,contributed_Onshore,contributed_Offshore,contributed_PV,contributed_Nuclear,contributed_Recip_gas,contributed_Biomass,total_CCGT,total_Coal,total_Onshore,total_Offshore,total_PV,total_Nuclear,total_Recip_gas,Carbon_tax,total_genco_wealth,Electricity_cost,Carbon_emitted
0,351836.04999999946,182700.7499999999,54391.01129439974,33311.62330400002,3163.143132099938,123739.01999999997,11103.590000000007,0,31912.0,14475.0,8862.6,6983.8,3377.7999999999997,9361.0,971.5,30.8,17694883259.680347,65.5598344617287,1161.6941425484965
1,275364.0500000001,147410.02999999994,49983.82073699986,30881.99724799997,3130.282083499977,99306.65999999999,4224.834999999995,0,31912.0,14475.0,8862.6,6983.8,3377.7999999999997,9361.0,971.5,30.8,26184262574.54848,56.99143173666503,908.8297891519369
2,378239.9099999986,179150.36,53063.205570799524,31515.031887999987,1667.7476667999315,101558.02999999996,12257.404999999999,0,31912.0,14475.0,8862.6,6983.8,3377.7999999999997,9361.0,971.5,30.8,40051842723.569374,65.90337161854885,1207.3981793332778
3,382268.16999999864,177999.50000000003,56586.25527079963,33871.91070000005,3199.946234749963,120339.16999999998,12909.245,0,31912.0,14475.0,8862.6,6983.8,3377.7999999999997,9361.0,971.5,30.8,57070248547.36266,70.0521794371633,1222.6009756309988
4,188831.50000000003,112495.56,40173.32653349979,29923.577923999976,3128.0814072999765,83646.97999999995,1058.2700000000004,0,31912.0,14475.0,8862.6,6983.8,3377.7999999999997,9361.0,971.5,30.8,56631477477.56747,42.43301097270049,642.4531103728805
5,369795.94999999896,185315.33000000005,56601.257736999825,35281.917248000034,3137.2699639999755,123703.12999999998,12659.469999999994,0,31912.0,14475.0,8862.6,6983.8,3377.7999999999997,9361.0,971.5,30.8,82582459719.17178,70.77948360120065,1207.1453445313382
6,204103.0800000001,114752.59,43992.811987399735,30895.38357199999,4469.687230999982,70154.27999999997,1077.6700000000008,0,31912.0,14475.0,8862.6,6983.8,3377.7999999999997,9361.0,971.5,30.8,80685247363.08025,43.006370145534056,683.49202040082
7,230621.97000000018,124538.09999999995,47819.215529799716,39522.178087000066,7421.7141045999315,77092.68999999996,4837.874999999995,0,31912.0,14475.0,8862.6,6983.8,3377.7999999999997,9361.0,971.5,30.8,82340929070.93596,46.37351526241104,763.4384094137998
