,contributed_CCGT,contributed_Coal,contributed_Onshore,contributed_Offshore,contributed_PV,contributed_Nuclear,contributed_Recip_gas,contributed_Biomass,total_CCGT,total_Coal,total_Onshore,total_Offshore,total_PV,total_Nuclear,total_Recip_gas,Carbon_tax,total_genco_wealth,Electricity_cost,Carbon_emitted
0,409250.0399999976,218188.05999999988,23222.082153600037,29579.745223999984,3154.551064599939,74366.98999999999,13057.170000000002,0,31912.0,14475.0,8862.6,6983.8,3377.7999999999997,9361.0,971.5,30.8,37817669740.44041,172.06097887189753,1358.934751887876
1,319079.759999999,203728.44999999966,23464.752699000044,29595.668287999964,3122.2863189999775,55173.600000000006,3730.62,0,31912.0,14475.0,8862.6,6983.8,3377.7999999999997,9361.0,971.5,30.8,37591047101.84018,75.7939510283333,1121.0415731131015
2,407967.71999999764,211126.82999999978,21534.647164599963,29224.130127999983,1658.081124049933,79263.54999999997,13060.080000000002,0,31912.0,14475.0,8862.6,6983.8,3377.7999999999997,9361.0,971.5,30.8,83674038263.07349,191.0542599334863,1340.5811350883364
3,418793.53999999777,222492.3899999999,23271.16948860005,29656.706700000013,3188.160174599965,89054.72999999995,14574.24999999999,0,31912.0,14475.0,8862.6,6983.8,3377.7999999999997,9361.0,971.5,30.8,143250542210.3856,224.35266645397655,1390.9924026412154
4,219143.66000000035,162766.34999999986,18608.8711525,23680.699285999977,3024.2444019499812,53961.100000000006,0.0,0,31912.0,14475.0,8862.6,6983.8,3377.7999999999997,9361.0,971.5,30.8,128431341628.4646,40.62440877471109,810.8306466973039
5,418358.11999999784,235330.7399999999,23464.752699000044,29595.668287999964,3122.2863189999775,77804.66999999998,13826.864999999998,0,31912.0,14475.0,8862.6,6983.8,3377.7999999999997,9361.0,971.5,30.8,215567289330.73804,216.04650140738295,1417.2387770045154
6,216155.36000000022,178372.80999999988,19912.72851699996,25848.66935799998,4213.110390999978,43931.3,0.0,0,31912.0,14475.0,8862.6,6983.8,3377.7999999999997,9361.0,971.5,30.8,192490130221.9655,40.996560000541855,837.7874916483831
7,271720.3700000001,169414.43999999994,24701.86213250006,30343.414751000008,7175.454788249932,43931.3,884.155,0,31912.0,14475.0,8862.6,6983.8,3377.7999999999997,9361.0,971.5,30.8,166751212194.23077,43.176736789633104,940.7071348171219
