,contributed_CCGT,contributed_Coal,contributed_Onshore,contributed_Offshore,contributed_PV,contributed_Nuclear,contributed_Recip_gas,contributed_Biomass,total_CCGT,total_Coal,total_Onshore,total_Offshore,total_PV,total_Nuclear,total_Recip_gas,Carbon_tax,total_genco_wealth,Electricity_cost,Carbon_emitted
0,363214.8699999985,175779.24999999994,62863.340833899754,34690.18511500008,3148.8170927499395,72387.21999999994,11970.769999999995,0,31912.0,14475.0,8862.6,6983.8,3377.7999999999997,9361.0,971.5,30.8,27434427173.06144,119.62544762733346,1182.9235012915
1,281831.61999999994,155824.44000000003,55833.82764819979,32434.787740999982,3105.287444699976,55972.87999999998,4432.899999999992,0,31912.0,14475.0,8862.6,6983.8,3377.7999999999997,9361.0,971.5,30.8,25180079684.67027,52.79023437610733,954.2004955271173
2,350448.0299999987,172502.51000000018,58126.169827399506,33363.26644000007,1651.5047288499327,99407.53999999995,12252.069999999994,0,31912.0,14475.0,8862.6,6983.8,3377.7999999999997,9361.0,971.5,30.8,53091058816.469666,120.53177239324297,1146.721764008979
3,369895.0199999987,191055.07999999993,65833.29170329952,36774.29543800011,3183.0480325999633,88120.61999999994,13903.494999999966,0,31912.0,14475.0,8862.6,6983.8,3377.7999999999997,9361.0,971.5,30.8,90500432269.81787,124.7838736195838,1234.5413037318401
4,170190.74999999997,129962.23999999995,49061.12397039981,30002.984241500013,3072.2791858499777,44537.55,427.7699999999997,0,31912.0,14475.0,8862.6,6983.8,3377.7999999999997,9361.0,971.5,30.8,77287031780.69547,34.10952792418146,657.6665676915208
5,376814.26999999874,204585.69999999992,61901.897223299915,35797.684418000055,3121.3421054999776,78646.62999999995,11943.609999999991,0,31912.0,14475.0,8862.6,6983.8,3377.7999999999997,9361.0,971.5,30.8,125072425310.96109,121.99939699871844,1274.8010130886012
6,178659.36999999997,144113.58,43412.233415699644,25158.224989999988,2953.85813724998,47737.57999999999,302.6399999999999,0,31912.0,14475.0,8862.6,6983.8,3377.7999999999997,9361.0,971.5,30.8,104393955773.01811,33.632889839820756,702.6367441648391
7,205822.47999999986,154928.79000000007,46263.288038599676,29608.69120750001,6469.886303999952,49133.40999999999,359.8699999999998,0,31912.0,14475.0,8862.6,6983.8,3377.7999999999997,9361.0,971.5,30.8,80493666828.54512,37.564021916143055,785.9491297684182
