,contributed_CCGT,contributed_Coal,contributed_Onshore,contributed_Offshore,contributed_PV,contributed_Nuclear,contributed_Recip_gas,contributed_Biomass,total_CCGT,total_Coal,total_Onshore,total_Offshore,total_PV,total_Nuclear,total_Recip_gas,Carbon_tax,total_genco_wealth,Electricity_cost,Carbon_emitted
0,361519.9999999997,171451.70999999988,58274.60915049971,31779.94211000001,3172.1445801499353,118975.3499999999,12846.194999999996,0,31912.0,14475.0,8862.6,6983.8,3377.7999999999997,9361.0,971.5,30.8,32558317650.885395,125.17008265028424,1164.5620135205759
1,281163.51999999996,135474.62999999983,53071.230856099864,25198.175464999968,3134.6921331499734,109022.17999999993,9710.669999999991,0,31912.0,14475.0,8862.6,6983.8,3377.7999999999997,9361.0,971.5,30.8,35562523650.32577,71.07871435724162,921.7411899727388
2,360668.3799999995,147069.00999999983,57354.57886539967,22531.700221000025,1662.3748054499345,137517.86999999994,12328.700000000004,0,31912.0,14475.0,8862.6,6983.8,3377.7999999999997,9361.0,971.5,30.8,69232255246.51645,123.3579007316681,1114.4639620559774
3,390914.7699999985,158372.6999999999,62675.22879209968,25932.669384,3199.3922821499605,126839.13999999991,14177.519999999973,0,31912.0,14475.0,8862.6,6983.8,3377.7999999999997,9361.0,971.5,30.8,108703146473.98769,131.63202592156304,1204.840269614596
4,213362.53999999986,86227.97999999995,38043.602497199994,18916.161131999972,3033.6199927499783,100115.63999999994,982.1250000000011,0,31912.0,14475.0,8862.6,6983.8,3377.7999999999997,9361.0,971.5,30.8,96240618943.38728,38.13873102130652,647.9911095060411
5,386089.33999999904,172112.6199999999,61354.244409199855,27313.027891499984,3135.378759149976,133591.30999999994,13732.774999999972,0,31912.0,14475.0,8862.6,6983.8,3377.7999999999997,9361.0,971.5,30.8,149247283490.03552,129.31894105768848,1223.6667940527589
6,208801.9999999998,96995.0699999999,37170.06500079989,17731.480845999973,2933.223816649978,105421.53999999994,996.6750000000011,0,31912.0,14475.0,8862.6,6983.8,3377.7999999999997,9361.0,971.5,30.8,129021916799.0798,37.65071373964792,662.8356225778606
7,248611.0799999998,108873.5499999999,46403.56577199977,20548.249522999988,7146.510086449939,88561.96999999994,7645.055000000001,0,31912.0,14475.0,8862.6,6983.8,3377.7999999999997,9361.0,971.5,30.8,106291729142.58388,41.56357791017775,783.6970925728996
