,contributed_CCGT,contributed_Coal,contributed_Onshore,contributed_Offshore,contributed_PV,contributed_Nuclear,contributed_Recip_gas,contributed_Biomass,total_CCGT,total_Coal,total_Onshore,total_Offshore,total_PV,total_Nuclear,total_Recip_gas,Carbon_tax,total_genco_wealth,Electricity_cost,Carbon_emitted
0,412926.5999999977,217133.40999999977,23300.55530880004,29579.745223999984,3154.551064599939,71188.29999999999,13093.06,0,31912.0,14475.0,8862.6,6983.8,3377.7999999999997,9361.0,971.5,30.8,37876472434.7891,173.1319577809883,1364.1176814871762
1,322029.6199999992,200355.35999999996,23452.794315900042,29595.668287999964,3122.2863189999775,55173.600000000006,5681.774999999997,0,31912.0,14475.0,8862.6,6983.8,3377.7999999999997,9361.0,971.5,30.8,37695872191.768845,76.80892397225894,1123.463927283281
2,388796.319999998,227372.65999999986,21403.321648499936,29224.130127999983,1658.9456695999324,81169.59999999998,13354.96,0,31912.0,14475.0,8862.6,6983.8,3377.7999999999997,9361.0,971.5,30.8,116844989973.88434,286.1068748966637,1338.512712058674
3,397211.239999998,235081.91999999993,23278.20383160005,29656.706700000013,3188.160174599965,94413.00999999995,14979.709999999988,0,31912.0,14475.0,8862.6,6983.8,3377.7999999999997,9361.0,971.5,30.8,214409637964.38977,322.2625235587285,1376.0956695041552
4,204666.51000000053,183951.74999999988,18074.32483290005,23275.92569899998,3103.770742099977,45396.0,0.0,0,31912.0,14475.0,8862.6,6983.8,3377.7999999999997,9361.0,971.5,30.8,200140609231.95724,41.85598248787803,828.0269701065016
5,400800.2799999981,225128.61999999988,23464.752699000044,29595.668287999964,3122.2863189999775,97640.19999999995,14666.884999999987,0,31912.0,14475.0,8862.6,6983.8,3377.7999999999997,9361.0,971.5,30.8,336912681619.4985,296.8186671468336,1361.460781920754
6,243397.74000000017,155111.3999999999,17153.79550220001,21773.147165999977,3253.52116739998,47898.600000000006,116.39999999999999,0,31912.0,14475.0,8862.6,6983.8,3377.7999999999997,9361.0,971.5,30.8,316259498441.3744,43.38167296845845,851.5862177772028
7,248539.47000000012,187134.58999999968,26359.684040000007,31805.52690000001,7331.290882299929,42718.8,1872.100000000001,0,31912.0,14475.0,8862.6,6983.8,3377.7999999999997,9361.0,971.5,30.8,291793907124.7676,44.9524262658357,936.073103436821
