,contributed_CCGT,contributed_Coal,contributed_Onshore,contributed_Offshore,contributed_PV,contributed_Nuclear,contributed_Recip_gas,contributed_Biomass,total_CCGT,total_Coal,total_Onshore,total_Offshore,total_PV,total_Nuclear,total_Recip_gas,Carbon_tax,total_genco_wealth,Electricity_cost,Carbon_emitted
0,400594.59999999765,228789.73999999987,23300.55530880004,29579.745223999984,3154.551064599939,75354.44999999998,13077.54,0,31912.0,14475.0,8862.6,6983.8,3377.7999999999997,9361.0,971.5,30.8,37405089912.7883,172.44663126727377,1364.1379576565157
1,330533.1299999987,191792.14999999988,23450.713927800043,29595.668287999964,3121.5261290499775,55173.600000000006,7102.339999999996,0,31912.0,14475.0,8862.6,6983.8,3377.7999999999997,9361.0,971.5,30.8,37716955301.79811,73.69857370466572,1124.5018698657013
2,395785.2999999977,228002.2299999999,21601.84304159999,29224.130127999983,1658.9433711499328,76722.14999999998,13076.570000000002,0,31912.0,14475.0,8862.6,6983.8,3377.7999999999997,9361.0,971.5,30.8,83139711265.82162,189.2065869005331,1352.6158613175357
3,426425.6199999977,220707.42999999988,23278.20383160005,29656.706700000013,3188.032516099965,83440.36999999997,14805.109999999986,0,31912.0,14475.0,8862.6,6983.8,3377.7999999999997,9361.0,971.5,30.8,143159644319.8459,222.94525999450516,1402.9712146671359
4,231439.8300000003,149575.73999999993,18562.355539699995,24344.813087999984,3072.792929499978,54087.20000000001,0.0,0,31912.0,14475.0,8862.6,6983.8,3377.7999999999997,9361.0,971.5,30.8,129481581470.79391,42.080233807546215,810.0550497445244
5,434635.7199999978,213825.3299999998,23464.752699000044,29595.668287999964,3122.2863189999775,80072.52999999997,13192.970000000001,0,31912.0,14475.0,8862.6,6983.8,3377.7999999999997,9361.0,971.5,30.8,217624874574.42245,218.97257623209543,1401.0083692913367
6,243660.91000000027,152318.13999999993,18217.59320239999,22898.61284999998,4201.487955199982,48655.2,0.0,0,31912.0,14475.0,8862.6,6983.8,3377.7999999999997,9361.0,971.5,30.8,196342375191.18378,41.61580876532166,840.2006873797234
7,272646.30000000005,165524.81999999975,22838.943502600036,27083.205929,7329.115553599923,45851.90000000001,814.8,0,31912.0,14475.0,8862.6,6983.8,3377.7999999999997,9361.0,971.5,30.8,172011466816.82654,43.837014962718456,935.5678214583625
