,contributed_CCGT,contributed_Coal,contributed_Onshore,contributed_Offshore,contributed_PV,contributed_Nuclear,contributed_Recip_gas,contributed_Biomass,total_CCGT,total_Coal,total_Onshore,total_Offshore,total_PV,total_Nuclear,total_Recip_gas,Carbon_tax,total_genco_wealth,Electricity_cost,Carbon_emitted
0,336158.45999999985,256728.73999999987,53846.33403289991,26207.195022499982,3170.2173377999366,91605.82999999991,12030.909999999989,0,31912.0,14475.0,8862.6,6983.8,3377.7999999999997,9361.0,971.5,30.8,102752748551.28471,316.92691223000634,1280.3965632785205
1,252702.18000000008,241321.13999999993,50449.767938799974,26531.516095999967,3140.265332499974,65113.18999999996,3707.3399999999974,0,31912.0,14475.0,8862.6,6983.8,3377.7999999999997,9361.0,971.5,30.8,115724879483.13687,89.05910912860101,1061.9242709137206
2,334827.47,259865.45999999993,51812.42137799954,27215.102445999997,1668.1286771499338,95849.57999999993,12180.289999999988,0,31912.0,14475.0,8862.6,6983.8,3377.7999999999997,9361.0,971.5,30.8,243522792939.20044,333.6878816334735,1286.1314160330776
3,358685.84999999986,246365.3799999998,57517.81806049968,27350.60526000001,3205.08496059996,99730.54999999994,12717.66999999998,0,31912.0,14475.0,8862.6,6983.8,3377.7999999999997,9361.0,971.5,30.8,383624331986.89264,351.079787180693,1305.6251766812393
4,150041.12000000008,193384.60000000003,38247.87645589997,19060.662002999972,3066.450261649976,73075.91999999994,347.2599999999998,0,31912.0,14475.0,8862.6,6983.8,3377.7999999999997,9361.0,971.5,30.8,371447872243.0498,33.95825318790572,736.8064210707989
5,324815.79999999976,275693.13999999996,57174.20521200001,32519.023705999978,3143.963483449975,103244.85999999991,12569.259999999991,0,31912.0,14475.0,8862.6,6983.8,3377.7999999999997,9361.0,971.5,30.8,601126106939.1132,354.45542395502144,1302.0096078897168
6,178388.83999999976,180481.24000000008,35697.50109439985,18010.247705999976,4334.4693599999855,62650.35999999996,384.1199999999998,0,31912.0,14475.0,8862.6,6983.8,3377.7999999999997,9361.0,971.5,30.8,582990021633.8098,35.9918754002793,765.8706351735193
7,197583.55999999976,205486.99999999988,44567.67299109979,24322.239036,7234.117330049934,63106.259999999966,423.8899999999997,0,31912.0,14475.0,8862.6,6983.8,3377.7999999999997,9361.0,971.5,30.8,561023906815.3485,38.88897268276002,860.9505011259987
