,contributed_CCGT,contributed_Coal,contributed_Onshore,contributed_Offshore,contributed_PV,contributed_Nuclear,contributed_Recip_gas,contributed_Biomass,total_CCGT,total_Coal,total_Onshore,total_Offshore,total_PV,total_Nuclear,total_Recip_gas,Carbon_tax,total_genco_wealth,Electricity_cost,Carbon_emitted
0,319471.7099999994,262312.24999999994,53246.6446376,23773.750228,3162.4846139499373,94846.59999999993,12339.36999999999,0,31912.0,14475.0,8862.6,6983.8,3377.7999999999997,9361.0,971.5,30.8,96594062628.53091,323.9356786920806,1260.7419179454987
1,244763.33000000005,248736.2799999999,51632.01709200007,25446.250041999974,3131.698384499975,66607.95999999996,3734.4999999999973,0,31912.0,14475.0,8862.6,6983.8,3377.7999999999997,9361.0,971.5,30.8,106960178866.17166,85.2748597703153,1059.9051197394397
2,352174.0500000002,240525.7299999999,55666.63287069987,23989.537648000005,1674.295043249933,91425.40999999992,12064.859999999995,0,31912.0,14475.0,8862.6,6983.8,3377.7999999999997,9361.0,971.5,30.8,228609864841.8816,349.64274469781185,1278.003225370539
3,353345.02999999945,254373.93,58047.27956249972,26631.527004000003,3201.158055049961,108321.83999999991,12530.459999999983,0,31912.0,14475.0,8862.6,6983.8,3377.7999999999997,9361.0,971.5,30.8,357711908732.2029,346.2817110229575,1311.092078234137
4,158359.49000000008,178601.87999999986,41225.62425319999,19928.859592999976,2720.248378099981,74341.76999999995,331.73999999999984,0,31912.0,14475.0,8862.6,6983.8,3377.7999999999997,9361.0,971.5,30.8,345358697238.05896,36.607812857200024,720.7694940882412
5,359656.65999999957,246484.08999999997,55082.9813390001,25504.916075999976,3129.7746754999757,109258.85999999997,12311.239999999989,0,31912.0,14475.0,8862.6,6983.8,3377.7999999999997,9361.0,971.5,30.8,546333357368.3473,343.5619489762639,1307.0357573378178
6,168652.38999999993,185637.83999999988,39939.154691599746,19396.957309999972,4203.552743449983,63838.60999999995,315.24999999999983,0,31912.0,14475.0,8862.6,6983.8,3377.7999999999997,9361.0,971.5,30.8,526520832438.3834,36.10565850980469,757.2834237803203
7,183264.5299999997,216326.44999999987,42743.70277119984,21203.15315099999,7008.317362749942,72111.73999999995,413.21999999999974,0,31912.0,14475.0,8862.6,6983.8,3377.7999999999997,9361.0,971.5,30.8,501257843117.27,36.9352396826386,855.8122887771017
