,contributed_CCGT,contributed_Coal,contributed_Onshore,contributed_Offshore,contributed_PV,contributed_Nuclear,contributed_Recip_gas,contributed_Biomass,total_CCGT,total_Coal,total_Onshore,total_Offshore,total_PV,total_Nuclear,total_Recip_gas,Carbon_tax,total_genco_wealth,Electricity_cost,Carbon_emitted
0,324696.7700000005,234031.59999999992,44978.256346799746,22182.1813985,3144.89992909994,97642.13999999996,6381.144999999994,0,31912.0,14475.0,8862.6,6983.8,3377.7999999999997,9361.0,971.5,30.8,7851650816.356254,59.62020031750754,1217.4144871467975
1,231111.5500000003,208779.04,37706.19492299993,18188.379422499966,3084.8355026499776,89929.66999999995,2825.609999999996,0,31912.0,14475.0,8862.6,6983.8,3377.7999999999997,9361.0,971.5,30.8,-2568422736.0627527,29.586599069088958,964.4851864579181
2,333795.49000000005,220114.42999999988,40442.75437369979,20810.716757999973,1651.1660890499368,108177.30999999994,9093.749999999985,0,31912.0,14475.0,8862.6,6983.8,3377.7999999999997,9361.0,971.5,30.8,2271400014.4245496,70.00869483087395,1209.060852233137
3,353691.57999999996,237643.0899999999,41811.06370829976,20761.3511505,3148.349356049964,103063.46999999994,10424.590000000007,0,31912.0,14475.0,8862.6,6983.8,3377.7999999999997,9361.0,971.5,30.8,11351331655.81747,71.71956747043001,1288.9964363598149
4,134837.0999999998,165181.9199999999,28831.652196599938,16479.72917299999,2575.987120449983,74932.49999999996,940.9000000000008,0,31912.0,14475.0,8862.6,6983.8,3377.7999999999997,9361.0,971.5,30.8,-11948044243.054356,8.05452121478798,651.3047059241599
5,346510.27999999974,225552.7799999999,45415.49136429995,23132.532422499982,3114.6010486499763,109078.43999999994,10556.025000000005,0,31912.0,14475.0,8862.6,6983.8,3377.7999999999997,9361.0,971.5,30.8,-2184608437.6218667,72.60629391738514,1247.7069168564346
6,136716.0299999999,156623.95999999985,26852.676160999938,15714.874767999989,2652.823228599973,85698.52999999996,960.3000000000006,0,31912.0,14475.0,8862.6,6983.8,3377.7999999999997,9361.0,971.5,30.8,-36940433275.02134,10.022317464069573,647.8767009960817
7,178118.9900000001,163534.95999999985,30888.298101299963,17456.659839499975,5932.838828149975,89325.35999999996,1086.4000000000008,0,31912.0,14475.0,8862.6,6983.8,3377.7999999999997,9361.0,971.5,30.8,-70889547330.54315,24.474355000229547,748.7833443740801
