,contributed_CCGT,contributed_Coal,contributed_Onshore,contributed_Offshore,contributed_PV,contributed_Nuclear,contributed_Recip_gas,contributed_Biomass,total_CCGT,total_Coal,total_Onshore,total_Offshore,total_PV,total_Nuclear,total_Recip_gas,Carbon_tax,total_genco_wealth,Electricity_cost,Carbon_emitted
0,404031.31999999756,201338.6599999997,23300.55530880004,29579.745223999984,3154.551064599939,96720.63999999988,13289.969999999996,0,31912.0,14475.0,8862.6,6983.8,3377.7999999999997,9361.0,971.5,30.8,13078884127.354212,91.96545659203785,1311.2156168266763
1,335137.2199999987,163713.54,23299.369066700037,29595.668287999964,3121.035544299978,80444.03999999989,5021.689999999992,0,31912.0,14475.0,8862.6,6983.8,3377.7999999999997,9361.0,971.5,30.8,10233170330.954174,66.04574252912873,1068.7710285489222
2,411621.49999999773,184368.26999999996,20753.13695349987,29224.130127999983,1657.1213569999327,105759.0999999999,13289.969999999996,0,31912.0,14475.0,8862.6,6983.8,3377.7999999999997,9361.0,971.5,30.8,29123398719.953884,119.29177947290066,1288.7559879214546
3,433593.1799999978,191799.21999999965,23266.245448500053,29656.706700000013,3188.160174599965,108284.00999999994,14203.224999999991,0,31912.0,14475.0,8862.6,6983.8,3377.7999999999997,9361.0,971.5,30.8,54807181594.19595,134.87787305941092,1351.7938129395573
4,249273.13000000038,114133.35999999997,17284.450583400027,21752.918720999987,3095.347579549977,73844.15999999992,215.33999999999992,0,31912.0,14475.0,8862.6,6983.8,3377.7999999999997,9361.0,971.5,30.8,40711708802.06106,42.97803064529552,768.5319027772837
5,425508.2799999979,199046.77999999965,23464.752699000044,29595.668287999964,3122.2863189999775,107396.45999999992,13464.569999999996,0,31912.0,14475.0,8862.6,6983.8,3377.7999999999997,9361.0,971.5,30.8,77166660609.21303,130.90730144249963,1350.0541871784362
6,235559.7600000004,141304.84999999992,17127.724104100012,21590.944157999977,3906.730070599969,71760.59999999992,187.20999999999998,0,31912.0,14475.0,8862.6,6983.8,3377.7999999999997,9361.0,971.5,30.8,54054115366.667,40.89458636397546,799.5603559003032
7,265668.53000000014,150660.3699999999,20543.060144400024,24810.977594,7076.154385249931,76969.49999999991,173.63,0,31912.0,14475.0,8862.6,6983.8,3377.7999999999997,9361.0,971.5,30.8,26350676293.453354,42.133703608961234,885.0845298972625
