,contributed_CCGT,contributed_Coal,contributed_Onshore,contributed_Offshore,contributed_PV,contributed_Nuclear,contributed_Recip_gas,contributed_Biomass,total_CCGT,total_Coal,total_Onshore,total_Offshore,total_PV,total_Nuclear,total_Recip_gas,Carbon_tax,total_genco_wealth,Electricity_cost,Carbon_emitted
0,405191.75999999815,164827.7599999999,55833.8267266997,33158.108501000046,3162.578262599937,49047.07999999995,13916.104999999996,0,31912.0,14475.0,8862.6,6983.8,3377.7999999999997,9361.0,971.5,30.8,15407766542.135078,73.02541353040066,1247.6956948384768
1,327901.0299999997,120241.41999999991,52715.3316286997,34519.23284300002,3125.9227205499737,30478.370000000006,10863.030000000013,0,31912.0,14475.0,8862.6,6983.8,3377.7999999999997,9361.0,971.5,30.8,13826429407.323051,56.14303732301587,985.0134814251595
2,410957.0599999984,152697.40999999992,56697.90174699954,33114.88681200005,1671.807591749934,61857.86999999994,13140.590000000002,0,31912.0,14475.0,8862.6,6983.8,3377.7999999999997,9361.0,971.5,30.8,26074732942.137295,72.03499285174924,1230.7573196591773
3,405919.4099999981,182365.2199999999,52538.16243819954,32027.847236000012,3180.249070199962,80452.76999999997,14679.979999999972,0,31912.0,14475.0,8862.6,6983.8,3377.7999999999997,9361.0,971.5,30.8,39996270561.62186,75.02502804699172,1288.6750837575564
4,222022.0400000004,98356.32999999989,43427.72758459999,25586.801169000006,3082.947285149975,23590.400000000005,1199.890000000001,0,31912.0,14475.0,8862.6,6983.8,3377.7999999999997,9361.0,971.5,30.8,27744450844.750618,36.89351497809365,695.249214669341
5,415308.67999999825,168643.58999999988,60893.40198759989,37800.39287000005,3133.7824842499754,65062.74999999993,14716.839999999973,0,31912.0,14475.0,8862.6,6983.8,3377.7999999999997,9361.0,971.5,30.8,51431404949.5521,76.8965997678006,1278.3731699188181
6,237264.0500000002,95921.16999999985,39623.493537699906,25841.800009999984,4234.033303799987,23590.400000000005,1080.5800000000008,0,31912.0,14475.0,8862.6,6983.8,3377.7999999999997,9361.0,971.5,30.8,32417007475.098053,37.48812440980595,718.1515645156603
7,284189.55000000005,93544.94999999987,43137.064659599775,30656.305315500013,7146.851619949939,23590.400000000005,8812.934999999994,0,31912.0,14475.0,8862.6,6983.8,3377.7999999999997,9361.0,971.5,30.8,11273001993.020664,42.77077178201832,827.7739847301012
