,contributed_CCGT,contributed_Coal,contributed_Onshore,contributed_Offshore,contributed_PV,contributed_Nuclear,contributed_Recip_gas,contributed_Biomass,total_CCGT,total_Coal,total_Onshore,total_Offshore,total_PV,total_Nuclear,total_Recip_gas,Carbon_tax,total_genco_wealth,Electricity_cost,Carbon_emitted
0,339557.27999999956,238555.71999999974,54201.81494779993,25120.348399999995,3173.0596971999357,100023.48999999995,11873.76999999999,0,31912.0,14475.0,8862.6,6983.8,3377.7999999999997,9361.0,971.5,30.8,103809721202.63718,347.3936794206672,1246.4259331965584
1,259384.14,207866.2099999996,53168.247743800064,27459.837247999963,3138.6437878499746,78678.63999999993,6117.789999999995,0,31912.0,14475.0,8862.6,6983.8,3377.7999999999997,9361.0,971.5,30.8,123849016334.65976,115.05378339040061,1006.9120593215795
2,339473.3799999998,233169.37999999968,54295.630466899696,27603.995452000006,1674.2798184999335,103428.18999999993,12255.949999999988,0,31912.0,14475.0,8862.6,6983.8,3377.7999999999997,9361.0,971.5,30.8,250478190571.3268,353.0540623890776,1235.012373293238
3,368555.869999999,245242.96999999977,59076.447661299724,26169.003828000008,3189.5769015499613,98586.91999999997,13808.434999999981,0,31912.0,14475.0,8862.6,6983.8,3377.7999999999997,9361.0,971.5,30.8,410448109912.14777,356.9887044016718,1331.2783268020576
4,165789.20999999996,170726.7799999997,39868.1370631,19060.234502999974,2912.2788765999794,75788.03999999994,347.2599999999998,0,31912.0,14475.0,8862.6,6983.8,3377.7999999999997,9361.0,971.5,30.8,397825773598.58704,36.35974125995519,718.3108488984406
5,366530.24999999994,254283.10999999987,55441.20493860004,31370.87724799997,3140.760300349975,94479.93999999992,12794.29999999999,0,31912.0,14475.0,8862.6,6983.8,3377.7999999999997,9361.0,971.5,30.8,642089194365.5862,358.8092496057414,1342.9168544677789
6,178944.23999999985,178884.00999999963,37773.47482139984,18777.011629999975,3182.6951227499776,69434.53999999995,276.4499999999999,0,31912.0,14475.0,8862.6,6983.8,3377.7999999999997,9361.0,971.5,30.8,622615861829.7764,36.599137440763634,763.1210518859797
7,208582.45999999993,200229.9199999997,39140.08006969974,19037.497164999968,5664.936536049976,70932.21999999996,925.3800000000009,0,31912.0,14475.0,8862.6,6983.8,3377.7999999999997,9361.0,971.5,30.8,598621562539.5182,38.265762703129056,872.5656550281602
