,contributed_CCGT,contributed_Coal,contributed_Onshore,contributed_Offshore,contributed_PV,contributed_Nuclear,contributed_Recip_gas,contributed_Biomass,total_CCGT,total_Coal,total_Onshore,total_Offshore,total_PV,total_Nuclear,total_Recip_gas,Carbon_tax,total_genco_wealth,Electricity_cost,Carbon_emitted
0,309076.55999999994,273337.91,61569.8493258998,29071.40419999999,3174.335048899936,75185.66999999994,12247.220000000007,0,31912.0,14475.0,8862.6,6983.8,3377.7999999999997,9361.0,971.5,30.8,116978915897.28087,355.64117876180995,1273.6014339781782
1,241560.75,242312.74999999983,56243.34386810009,27459.837247999963,3142.206871149974,54601.29999999999,8325.509999999991,0,31912.0,14475.0,8862.6,6983.8,3377.7999999999997,9361.0,971.5,30.8,140843433401.44504,137.01254118101602,1050.989149044499
2,341956.26999999955,233749.9099999998,57839.13545899985,27603.99188799998,1678.439053949932,93927.0399999999,12465.47,0,31912.0,14475.0,8862.6,6983.8,3377.7999999999997,9361.0,971.5,30.8,248792126272.89526,352.67849618316023,1255.9980887541776
3,341413.8499999995,257064.63999999987,62216.606302799526,32405.270700000023,3208.653179599961,91249.83999999991,14297.799999999987,0,31912.0,14475.0,8862.6,6983.8,3377.7999999999997,9361.0,971.5,30.8,391468865970.18665,362.05183523315094,1313.003967946719
4,151977.11999999994,203920.59000000003,44208.64007200005,20537.861272999962,3059.028743949978,45880.999999999985,193.99999999999994,0,31912.0,14475.0,8862.6,6983.8,3377.7999999999997,9361.0,971.5,30.8,378520526382.28186,38.23202833713926,764.1242090048207
5,358857.5299999998,259254.26999999987,57368.13745750011,29086.178143999972,3140.442055949975,82613.92999999993,13141.074999999997,0,31912.0,14475.0,8862.6,6983.8,3377.7999999999997,9361.0,971.5,30.8,586757590365.874,359.0548336858439,1334.4119825994578
6,160351.05999999997,216839.9099999999,39792.16999019977,19059.484933999967,2965.349464849978,46234.07999999998,174.59999999999997,0,31912.0,14475.0,8862.6,6983.8,3377.7999999999997,9361.0,971.5,30.8,566242868682.0798,37.66590635405469,810.14811841418
7,207532.0399999997,207406.5999999999,46513.67268359986,23202.418062000015,7147.972045299938,41438.39999999999,5243.819999999994,0,31912.0,14475.0,8862.6,6983.8,3377.7999999999997,9361.0,971.5,30.8,541540389239.10266,41.228468081297805,895.2609747068001
