,contributed_CCGT,contributed_Coal,contributed_Onshore,contributed_Offshore,contributed_PV,contributed_Nuclear,contributed_Recip_gas,contributed_Biomass,total_CCGT,total_Coal,total_Onshore,total_Offshore,total_PV,total_Nuclear,total_Recip_gas,Carbon_tax,total_genco_wealth,Electricity_cost,Carbon_emitted
0,361472.8599999983,251380.99999999988,23300.55530880004,29579.745223999984,3154.551064599939,95114.31999999996,13268.62999999999,0,31912.0,14475.0,8862.6,6983.8,3377.7999999999997,9361.0,971.5,30.8,31076534708.746807,148.37179804433217,1336.4430002179968
1,253941.84000000023,253789.3999999999,23464.752699000044,29595.668287999964,3122.215872999978,76975.31999999998,3075.385,0,31912.0,14475.0,8862.6,6983.8,3377.7999999999997,9361.0,971.5,30.8,25342195553.853302,56.31816809181675,1095.6323224911987
2,355795.85999999853,254014.1,21305.905111099917,29224.130127999983,1657.773609349933,98778.97999999995,13268.62999999999,0,31912.0,14475.0,8862.6,6983.8,3377.7999999999997,9361.0,971.5,30.8,64977781470.8668,168.417755706981,1330.7941842917967
3,382382.0599999983,250971.80999999994,23128.586356200045,29656.706700000013,3186.3346580499647,106686.41999999994,13371.449999999992,0,31912.0,14475.0,8862.6,6983.8,3377.7999999999997,9361.0,971.5,30.8,103026631485.59686,158.6265388375736,1378.1843350703757
4,156528.36000000028,203088.76000000007,19133.69852799997,24869.059187999985,3068.056799149978,78424.49999999997,174.6,0,31912.0,14475.0,8862.6,6983.8,3377.7999999999997,9361.0,971.5,30.8,88578373434.40329,39.779130484200856,771.3260713664828
5,382008.66999999835,253505.33999999997,23464.752699000044,29595.668287999964,3122.2863189999775,100805.30999999995,13242.439999999991,0,31912.0,14475.0,8862.6,6983.8,3377.7999999999997,9361.0,971.5,30.8,145385742982.13522,159.7638862624739,1382.817776845317
6,170122.95000000022,211460.8000000002,17967.269182400003,22604.329335999973,3725.4104245999797,67649.73999999998,148.41000000000003,0,31912.0,14475.0,8862.6,6983.8,3377.7999999999997,9361.0,971.5,30.8,124109817473.33328,40.766214287041215,817.5512766784034
7,222649.65000000029,199051.13999999998,20899.144981300036,25228.674648500008,6113.41785724997,69838.05999999997,192.05999999999997,0,31912.0,14475.0,8862.6,6983.8,3377.7999999999997,9361.0,971.5,30.8,98034498517.2149,41.148020295035785,906.6968534737204
