,contributed_CCGT,contributed_Coal,contributed_Onshore,contributed_Offshore,contributed_PV,contributed_Nuclear,contributed_Recip_gas,contributed_Biomass,total_CCGT,total_Coal,total_Onshore,total_Offshore,total_PV,total_Nuclear,total_Recip_gas,Carbon_tax,total_genco_wealth,Electricity_cost,Carbon_emitted
0,392652.33999999816,184896.33,23300.55530880004,29579.745223999984,3154.551064599939,121292.68000000008,13787.580000000004,0,31912.0,14475.0,8862.6,6983.8,3377.7999999999997,9361.0,971.5,30.8,19856409331.76597,112.07893660269688,1252.4370534493366
1,295339.06000000006,175759.64999999997,23370.71678620004,29595.668287999964,3122.2863189999775,108512.93000000004,6100.814999999992,0,31912.0,14475.0,8862.6,6983.8,3377.7999999999997,9361.0,971.5,30.8,18234646419.299637,67.70295459645484,1015.2027139006999
2,391968.0799999981,185441.17999999993,21263.63386909992,29147.89422399998,1658.8842780999325,122505.18000000008,13115.370000000004,0,31912.0,14475.0,8862.6,6983.8,3377.7999999999997,9361.0,971.5,30.8,41204390855.372955,127.36962455678876,1250.8991965496366
3,412331.75999999756,195626.11999999962,23278.20383160005,29656.706700000013,3188.160174599965,128250.49000000006,14923.449999999977,0,31912.0,14475.0,8862.6,6983.8,3377.7999999999997,9361.0,971.5,30.8,72476186740.03624,145.12936449334185,1318.634524095753
4,194215.36000000034,147601.27000000002,17441.987226100035,22114.858489499977,3048.6750747499796,98518.04999999999,19.4,0,31912.0,14475.0,8862.6,6983.8,3377.7999999999997,9361.0,971.5,30.8,59496666728.83813,41.58104365401028,727.3504201954613
5,410030.6799999979,180225.33000000002,23464.752699000044,29595.668287999964,3122.2863189999775,140740.21000000008,14732.844999999976,0,31912.0,14475.0,8862.6,6983.8,3377.7999999999997,9361.0,971.5,30.8,107725876481.23239,141.72568298691678,1280.135281221336
6,226943.7600000002,114564.24999999994,18705.027203999987,24116.357315999976,4210.790170399979,99794.56999999996,23.279999999999994,0,31912.0,14475.0,8862.6,6983.8,3377.7999999999997,9361.0,971.5,30.8,88630650862.63356,42.89686263007568,726.5473960015009
7,246496.90000000014,145422.45,20888.31882100002,25167.535698000007,7132.40319789993,99279.49999999997,1888.5900000000015,0,31912.0,14475.0,8862.6,6983.8,3377.7999999999997,9361.0,971.5,30.8,65408325318.367546,44.28260192121502,838.8837752651017
