,contributed_CCGT,contributed_Coal,contributed_Onshore,contributed_Offshore,contributed_PV,contributed_Nuclear,contributed_Recip_gas,contributed_Biomass,total_CCGT,total_Coal,total_Onshore,total_Offshore,total_PV,total_Nuclear,total_Recip_gas,Carbon_tax,total_genco_wealth,Electricity_cost,Carbon_emitted
0,397471.769999998,191171.23999999996,23300.55530880004,29579.745223999984,3154.551064599939,104219.70999999998,15032.08999999998,0,31912.0,14475.0,8862.6,6983.8,3377.7999999999997,9361.0,971.5,30.8,18635699941.76881,94.94569010454715,1282.486422953517
1,322536.6799999996,162253.6199999999,23464.752699000044,29595.668287999964,3122.2863189999775,75119.70999999995,10462.905000000004,0,31912.0,14475.0,8862.6,6983.8,3377.7999999999997,9361.0,971.5,30.8,22788652319.366653,70.07432803812713,1049.3356362307604
2,376882.22999999835,213814.4499999997,21601.84304159999,29224.130127999983,1658.9456695999324,109614.84999999998,14069.364999999994,0,31912.0,14475.0,8862.6,6983.8,3377.7999999999997,9361.0,971.5,30.8,38749214041.98837,97.6039785883366,1283.3540385110987
3,410875.4499999979,213660.84999999966,23278.20383160005,29656.706700000013,3188.160174599965,112953.58999999995,15023.35999999998,0,31912.0,14475.0,8862.6,6983.8,3377.7999999999997,9361.0,971.5,30.8,59200008946.393875,104.85752667145562,1361.0429022282967
4,253720.3600000003,102037.37999999998,22888.604786600037,29128.788887999963,3112.1835466999764,51266.43999999997,7045.109999999997,0,31912.0,14475.0,8862.6,6983.8,3377.7999999999997,9361.0,971.5,30.8,54912381996.317474,51.92559276666294,761.1980155972395
5,410573.8799999979,210086.93999999968,23464.752699000044,29595.668287999964,3122.2863189999775,110747.80999999998,14620.324999999983,0,31912.0,14475.0,8862.6,6983.8,3377.7999999999997,9361.0,971.5,30.8,81945299557.30603,100.23420313022329,1349.274818452118
6,246563.7700000004,102601.43000000002,25026.797039300014,31691.51730499998,4482.542640099983,58445.40999999997,7272.574999999995,0,31912.0,14475.0,8862.6,6983.8,3377.7999999999997,9361.0,971.5,30.8,73203671740.97182,51.571819204894325,749.5247622091393
7,272909.5800000002,109022.70000000006,31981.81409889993,37811.70663700006,7427.1928329499315,60519.26999999998,10441.565000000004,0,31912.0,14475.0,8862.6,6983.8,3377.7999999999997,9361.0,971.5,30.8,67917369369.16789,56.25982009606967,826.2727642845997
