,contributed_CCGT,contributed_Coal,contributed_Onshore,contributed_Offshore,contributed_PV,contributed_Nuclear,contributed_Recip_gas,contributed_Biomass,total_CCGT,total_Coal,total_Onshore,total_Offshore,total_PV,total_Nuclear,total_Recip_gas,Carbon_tax,total_genco_wealth,Electricity_cost,Carbon_emitted
0,362163.4399999985,249882.40000000005,23270.24605830004,29579.745223999984,3154.551064599939,93980.38999999996,13267.659999999989,0,31912.0,14475.0,8862.6,6983.8,3377.7999999999997,9361.0,971.5,30.8,30167943085.104504,145.3910246001204,1333.6219754751978
1,254329.8900000001,251104.12,23464.752699000044,29595.668287999964,3122.2824384999776,77981.20999999998,3746.1400000000003,0,31912.0,14475.0,8862.6,6983.8,3377.7999999999997,9361.0,971.5,30.8,24152283902.312313,55.59298828606628,1091.6009294997589
2,352633.4499999991,259061.4099999999,21594.808698599987,29224.130127999983,1658.6913276999326,95492.61999999997,13214.309999999992,0,31912.0,14475.0,8862.6,6983.8,3377.7999999999997,9361.0,971.5,30.8,63330526340.82379,169.92025062591244,1333.6784404711768
3,378935.17999999836,251112.39999999994,23278.20383160005,29656.706700000013,3188.160174599965,107602.09999999995,14901.624999999982,0,31912.0,14475.0,8862.6,6983.8,3377.7999999999997,9361.0,971.5,30.8,101847869215.36256,161.24073611823084,1374.6071361651952
4,188323.02000000022,170581.63999999993,19937.945413,25745.133389499977,3105.9300811499766,70757.61999999998,209.51999999999995,0,31912.0,14475.0,8862.6,6983.8,3377.7999999999997,9361.0,971.5,30.8,87928882971.87453,41.79605571847261,765.2049258927225
5,380036.4599999983,256699.31,23366.10561960004,29595.668287999964,3122.2863189999775,100769.41999999995,13270.56999999999,0,31912.0,14475.0,8862.6,6983.8,3377.7999999999997,9361.0,971.5,30.8,144940898617.13336,158.55330268360532,1385.9983127153766
6,203809.11000000034,170633.73999999993,17168.07836420001,21800.147837999975,3263.7866420999785,67580.86999999998,174.6,0,31912.0,14475.0,8862.6,6983.8,3377.7999999999997,9361.0,971.5,30.8,123953124206.24959,40.289965418570105,803.1562445885212
7,225137.7900000002,186707.02999999985,22051.682471900018,26545.379693000014,7157.255880049928,79466.27999999997,157.14000000000001,0,31912.0,14475.0,8862.6,6983.8,3377.7999999999997,9361.0,971.5,30.8,97627243401.99797,41.42624436413703,883.2080980279417
