,contributed_CCGT,contributed_Coal,contributed_Onshore,contributed_Offshore,contributed_PV,contributed_Nuclear,contributed_Recip_gas,contributed_Biomass,total_CCGT,total_Coal,total_Onshore,total_Offshore,total_PV,total_Nuclear,total_Recip_gas,Carbon_tax,total_genco_wealth,Electricity_cost,Carbon_emitted
0,388692.9699999987,190108.29000000015,49518.68138029968,36471.73073600009,3145.8662356999407,87379.53999999996,13744.899999999994,0,31912.0,14475.0,8862.6,6983.8,3377.7999999999997,9361.0,971.5,30.8,29807654384.578255,123.34565382585475,1266.7221490694205
1,331351.37999999954,155130.26000000013,44770.61393699973,36798.23167600007,3113.1259609499784,59922.71999999996,9277.079999999989,0,31912.0,14475.0,8862.6,6983.8,3377.7999999999997,9361.0,971.5,30.8,28798933608.848557,70.71002579825897,1066.6018915434788
2,386613.16999999917,193337.65999999995,49079.15200239952,31172.49454000003,1650.5844154499325,89153.66999999997,13495.61000000001,0,31912.0,14475.0,8862.6,6983.8,3377.7999999999997,9361.0,971.5,30.8,60005295457.67494,124.66471767781024,1271.5630261286803
3,401888.219999999,187678.13999999996,50930.816808699376,33818.25352500005,3157.586600499964,116709.43000000002,14905.989999999989,0,31912.0,14475.0,8862.6,6983.8,3377.7999999999997,9361.0,971.5,30.8,99588114859.52573,127.45319231406945,1293.987267419721
4,221128.76999999993,141604.31000000003,33338.65237840005,29448.83660400001,3079.0131321999784,44839.21999999999,1018.5000000000009,0,31912.0,14475.0,8862.6,6983.8,3377.7999999999997,9361.0,971.5,30.8,84674197879.72289,37.51607055537605,789.5711109453789
5,407862.49999999907,191241.4799999999,55860.56089669988,36920.52039750006,3123.1247499999786,86416.32999999994,14450.574999999984,0,31912.0,14475.0,8862.6,6983.8,3377.7999999999997,9361.0,971.5,30.8,138505715334.96927,127.58011321973781,1311.9603331190408
6,249313.01999999964,118979.10999999996,29853.422891099934,26040.70150999999,2917.5023740499805,54180.31999999997,4414.954999999996,0,31912.0,14475.0,8862.6,6983.8,3377.7999999999997,9361.0,971.5,30.8,116043019024.7823,38.78761270873257,801.0672444657774
7,278170.5599999994,139543.15000000002,34877.47983659977,29130.615643000012,6988.770918149937,45795.639999999985,7759.029999999996,0,31912.0,14475.0,8862.6,6983.8,3377.7999999999997,9361.0,971.5,30.8,88470403852.88399,40.78274098883208,911.2360400036983
