,contributed_CCGT,contributed_Coal,contributed_Onshore,contributed_Offshore,contributed_PV,contributed_Nuclear,contributed_Recip_gas,contributed_Biomass,total_CCGT,total_Coal,total_Onshore,total_Offshore,total_PV,total_Nuclear,total_Recip_gas,Carbon_tax,total_genco_wealth,Electricity_cost,Carbon_emitted
0,387513.9299999981,206885.2299999999,23300.55530880004,29579.745223999984,3154.551064599939,109916.51999999997,14078.094999999996,0,31912.0,14475.0,8862.6,6983.8,3377.7999999999997,9361.0,971.5,30.8,15644780078.997501,88.14052119793966,1291.6618140815358
1,313750.94999999955,200664.5699999999,23464.752699000044,29595.668287999964,3122.2863189999775,64983.20999999996,8608.264999999987,0,31912.0,14475.0,8862.6,6983.8,3377.7999999999997,9361.0,971.5,30.8,17388962345.156048,65.27278519625499,1114.1659324588602
2,390547.1699999979,203246.1699999997,21601.84304159999,29224.130127999983,1658.9456695999324,105586.43999999999,15407.96499999998,0,31912.0,14475.0,8862.6,6983.8,3377.7999999999997,9361.0,971.5,30.8,35604736926.15483,106.0991241359282,1293.3229058556558
3,390482.5599999981,231866.24999999977,23278.20383160005,29656.706700000013,3188.160174599965,123177.38999999996,14803.654999999982,0,31912.0,14475.0,8862.6,6983.8,3377.7999999999997,9361.0,971.5,30.8,54502970801.566414,104.38117640186032,1354.9036178474944
4,199610.99000000017,155601.78000000003,23302.877091100032,29595.668287999968,3119.294125149977,66242.26999999997,2056.4000000000005,0,31912.0,14475.0,8862.6,6983.8,3377.7999999999997,9361.0,971.5,30.8,47573329399.547745,50.875591189060685,763.987659828442
5,400557.1399999978,225330.6899999997,23464.752699000044,29595.668287999964,3122.2863189999775,117525.19999999997,14626.144999999984,0,31912.0,14475.0,8862.6,6983.8,3377.7999999999997,9361.0,971.5,30.8,76071492433.77443,103.24451345452951,1360.411234434614
6,232023.19000000026,124979.43999999997,25459.62614220002,32426.30973899999,4470.477349699983,56625.68999999998,5907.784999999994,0,31912.0,14475.0,8862.6,6983.8,3377.7999999999997,9361.0,971.5,30.8,65124232785.53735,49.898639327526816,773.8929575471213
7,258957.3200000003,130303.76000000002,33523.88001849992,38204.78456500007,7430.679153749933,68840.89999999997,8159.639999999995,0,31912.0,14475.0,8862.6,6983.8,3377.7999999999997,9361.0,971.5,30.8,55364357683.59244,53.80848515953688,845.0211840964797
