,contributed_CCGT,contributed_Coal,contributed_Onshore,contributed_Offshore,contributed_PV,contributed_Nuclear,contributed_Recip_gas,contributed_Biomass,total_CCGT,total_Coal,total_Onshore,total_Offshore,total_PV,total_Nuclear,total_Recip_gas,Carbon_tax,total_genco_wealth,Electricity_cost,Carbon_emitted
0,314799.01999999984,271229.35000000003,57707.054351699866,27933.943303999982,3175.7331575999356,81124.00999999991,11879.59,0,31912.0,14475.0,8862.6,6983.8,3377.7999999999997,9361.0,971.5,30.8,112215244785.42184,353.31147953304065,1270.3150223113
1,244361.42999999993,252634.44999999992,53756.06329150005,25578.808861999976,3136.0901208499745,52137.499999999985,7538.839999999996,0,31912.0,14475.0,8862.6,6983.8,3377.7999999999997,9361.0,971.5,30.8,133914476749.12581,136.3662473226285,1080.3779107210976
2,335989.83999999956,242846.80999999985,57671.82315629985,27344.93419599998,1678.765537699932,84286.20999999993,12291.840000000002,0,31912.0,14475.0,8862.6,6983.8,3377.7999999999997,9361.0,971.5,30.8,244826559017.19763,352.01506316856165,1254.3808914203773
3,332945.5399999995,270735.56,60566.03380669971,27381.41079600001,3202.041216799961,100096.2399999999,13528.589999999986,0,31912.0,14475.0,8862.6,6983.8,3377.7999999999997,9361.0,971.5,30.8,398166670035.1614,357.9121690127078,1308.2166258928778
4,160031.84999999986,187720.06999999998,47825.52214000002,22591.18428099998,3104.7758069499732,47413.59999999998,232.7999999999999,0,31912.0,14475.0,8862.6,6983.8,3377.7999999999997,9361.0,971.5,30.8,385565743829.0538,40.457107718990635,744.3098476178595
5,356546.6000000001,259172.05999999994,59432.41597209996,27459.837247999963,3142.984701949975,95453.8199999999,13407.82499999999,0,31912.0,14475.0,8862.6,6983.8,3377.7999999999997,9361.0,971.5,30.8,591241287478.6768,354.9293821720744,1334.8046939698786
6,159144.09999999995,211997.6599999999,39711.04396259981,19494.053237999968,4203.150280749983,47689.07999999998,184.29999999999995,0,31912.0,14475.0,8862.6,6983.8,3377.7999999999997,9361.0,971.5,30.8,570532071432.7252,38.14144112963742,796.8182742886798
7,200723.32999999958,217177.75999999992,45491.27819179979,25859.85498100001,7195.257205299936,38803.87999999998,5515.419999999995,0,31912.0,14475.0,8862.6,6983.8,3377.7999999999997,9361.0,971.5,30.8,546158247887.0513,42.15580444272151,903.7939882884787
