,contributed_CCGT,contributed_Coal,contributed_Onshore,contributed_Offshore,contributed_PV,contributed_Nuclear,contributed_Recip_gas,contributed_Biomass,total_CCGT,total_Coal,total_Onshore,total_Offshore,total_PV,total_Nuclear,total_Recip_gas,Carbon_tax,total_genco_wealth,Electricity_cost,Carbon_emitted
0,351141.33,225245.87999999968,57651.36230609991,31678.531111999993,3172.0729949999354,88677.3999999999,12220.059999999989,0,31912.0,14475.0,8862.6,6983.8,3377.7999999999997,9361.0,971.5,30.8,104045247495.6233,351.766692997116,1249.2151930402383
1,263313.39000000013,210722.84999999971,50621.93188079992,25909.91049999997,3140.4625858999734,77711.54999999994,9720.369999999977,0,31912.0,14475.0,8862.6,6983.8,3377.7999999999997,9361.0,971.5,30.8,123459943916.85622,112.61275304972872,1025.0315950042998
2,343241.32000000036,229650.7099999998,54212.91479359971,26595.05631999998,1678.3092804499329,107395.48999999998,12204.539999999994,0,31912.0,14475.0,8862.6,6983.8,3377.7999999999997,9361.0,971.5,30.8,251346235903.8526,350.3034008301908,1235.9340456725783
3,372363.8199999988,236109.44999999972,54879.00535459976,28005.350700000014,3207.3431625999606,104252.68999999994,14239.599999999977,0,31912.0,14475.0,8862.6,6983.8,3377.7999999999997,9361.0,971.5,30.8,386066325759.53973,356.89700140001395,1315.9588319910984
4,168077.46999999994,173425.2999999998,38278.34552359996,19060.234502999974,2767.911252549977,76700.80999999994,348.2299999999998,0,31912.0,14475.0,8862.6,6983.8,3377.7999999999997,9361.0,971.5,30.8,373858019646.73816,37.32347758721856,728.9322482494015
5,357183.16000000003,228463.0299999997,58091.744934799994,32348.637247999974,3137.704571399976,116466.92999999998,12755.499999999984,0,31912.0,14475.0,8862.6,6983.8,3377.7999999999997,9361.0,971.5,30.8,608906436376.605,356.68593220295725,1268.6115428959397
6,181839.5099999998,176930.67999999967,37796.976233599846,18650.369029999973,2934.6019554499776,68237.55999999995,357.9299999999998,0,31912.0,14475.0,8862.6,6983.8,3377.7999999999997,9361.0,971.5,30.8,589958254585.8232,37.82032646597796,765.0884558106397
7,230369.49000000005,170395.73999999976,42926.82279529981,21351.98451149999,7050.558858049939,67592.50999999995,1656.7600000000014,0,31912.0,14475.0,8862.6,6983.8,3377.7999999999997,9361.0,971.5,30.8,565613421761.7136,39.3867664380282,851.75330742452
