,contributed_CCGT,contributed_Coal,contributed_Onshore,contributed_Offshore,contributed_PV,contributed_Nuclear,contributed_Recip_gas,contributed_Biomass,total_CCGT,total_Coal,total_Onshore,total_Offshore,total_PV,total_Nuclear,total_Recip_gas,Carbon_tax,total_genco_wealth,Electricity_cost,Carbon_emitted
0,342814.6199999985,257195.42999999993,22385.241270400034,29234.936491999993,3154.551064599939,114614.23000000001,13036.79999999999,0,31912.0,14475.0,8862.6,6983.8,3377.7999999999997,9361.0,971.5,30.8,9399610426.253132,74.27213375779615,1309.2221262311393
1,253044.64000000028,233222.47999999995,22019.752050699994,28771.688941999968,3119.1281989499776,106110.23999999996,2057.370000000001,0,31912.0,14475.0,8862.6,6983.8,3377.7999999999997,9361.0,971.5,30.8,2769031471.1368604,49.342257112194176,1049.4065015670417
2,349406.1099999985,248360.63,20247.782900299833,28200.992895999985,1656.7980615999327,117959.76000000001,13075.599999999991,0,31912.0,14475.0,8862.6,6983.8,3377.7999999999997,9361.0,971.5,30.8,11834847990.590435,85.31177059410935,1302.9676598807384
3,364509.64999999845,258955.54999999996,22370.557458899963,29398.11639600001,3185.4410485499643,127150.51000000002,13270.56999999999,0,31912.0,14475.0,8862.6,6983.8,3377.7999999999997,9361.0,971.5,30.8,25401032802.34371,94.0146182936241,1359.5134578388981
4,186814.46000000017,169826.89000000007,17154.16008639999,21714.661840999983,2910.1713135499804,85007.8899999999,165.87,0,31912.0,14475.0,8862.6,6983.8,3377.7999999999997,9361.0,971.5,30.8,11893328763.56777,40.10619285818775,758.521452592223
5,370716.42999999813,256235.57999999993,23160.547584600034,29595.668287999964,3122.2863189999775,122511.97000000002,13269.59999999999,0,31912.0,14475.0,8862.6,6983.8,3377.7999999999997,9361.0,971.5,30.8,32336729883.23605,96.44025014826612,1366.0419165208375
6,176198.22000000023,175593.8,15751.475649300011,20304.54079799998,2664.148230449975,100247.55999999992,165.87,0,31912.0,14475.0,8862.6,6983.8,3377.7999999999997,9361.0,971.5,30.8,10175732198.14752,36.618215120508154,749.8387568324027
7,184704.1000000001,215239.45000000004,20859.19872260001,25994.259271,7307.570132049923,98622.80999999992,192.05999999999997,0,31912.0,14475.0,8862.6,6983.8,3377.7999999999997,9361.0,971.5,30.8,-17842890075.077538,37.74277509691898,856.5482527311033
