,contributed_CCGT,contributed_Coal,contributed_Onshore,contributed_Offshore,contributed_PV,contributed_Nuclear,contributed_Recip_gas,contributed_Biomass,total_CCGT,total_Coal,total_Onshore,total_Offshore,total_PV,total_Nuclear,total_Recip_gas,Carbon_tax,total_genco_wealth,Electricity_cost,Carbon_emitted
0,328171.1999999989,214691.0199999996,23300.55530880004,29579.745223999984,3154.551064599939,165604.86687359976,17364.94000000001,0,31912.0,14475.0,8862.6,6983.8,3377.7999999999997,9361.0,971.5,30.8,17240438602.92397,102.44870648007247,1193.4850620459597
1,250313.46000000043,168015.61999999997,23464.752699000044,29595.668287999964,3122.2863189999775,165604.86687359976,13759.449999999992,0,31912.0,14475.0,8862.6,6983.8,3377.7999999999997,9361.0,971.5,30.8,12617724768.155607,57.15460435766327,922.0677618967619
2,329449.9199999989,210612.24999999956,21601.84304159999,29224.130127999983,1658.9456695999324,165604.86687359976,16985.185,0,31912.0,14475.0,8862.6,6983.8,3377.7999999999997,9361.0,971.5,30.8,22000890342.275795,90.30219185794806,1186.1613920954999
3,360652.47999999824,206675.82999999958,23278.20383160005,29656.706700000013,3188.160174599965,165604.86687359976,18430.970000000023,0,31912.0,14475.0,8862.6,6983.8,3377.7999999999997,9361.0,971.5,30.8,48295081518.41325,133.17900520853402,1245.5021520903376
4,145457.58000000007,133643.50999999992,22037.377018599997,29595.668287999968,3116.600719849977,145749.00078480007,11523.599999999997,0,31912.0,14475.0,8862.6,6983.8,3377.7999999999997,9361.0,971.5,30.8,35017126128.88396,44.10327836343621,616.8836563269813
5,358785.83999999816,213536.82999999958,23464.752699000044,29595.668287999964,3122.2863189999775,165604.86687359976,17608.41000000001,0,31912.0,14475.0,8862.6,6983.8,3377.7999999999997,9361.0,971.5,30.8,51798571128.18418,92.43788894384598,1255.3526977683364
6,142359.30000000002,143222.25999999998,25203.99796820003,33280.19770699999,4477.2553294999825,132812.50266480024,12571.199999999995,0,31912.0,14475.0,8862.6,6983.8,3377.7999999999997,9361.0,971.5,30.8,32301384201.499195,42.65245653910276,634.0947795194812
7,176410.9800000002,145160.9199999999,31140.259490999935,38204.78456500007,7414.15220374993,143308.3885184001,12047.399999999996,0,31912.0,14475.0,8862.6,6983.8,3377.7999999999997,9361.0,971.5,30.8,10115500472.794586,44.262730103111586,708.6138954061619
