,contributed_CCGT,contributed_Coal,contributed_Onshore,contributed_Offshore,contributed_PV,contributed_Nuclear,contributed_Recip_gas,contributed_Biomass,total_CCGT,total_Coal,total_Onshore,total_Offshore,total_PV,total_Nuclear,total_Recip_gas,Carbon_tax,total_genco_wealth,Electricity_cost,Carbon_emitted
0,333494.399999999,208555.8799999996,23300.55530880004,29579.745223999984,3154.551064599939,165604.86687359976,16371.174999999981,0,31912.0,14475.0,8862.6,6983.8,3377.7999999999997,9361.0,971.5,30.8,17030410105.177694,102.24425521212747,1189.4608359702404
1,226505.16000000047,193988.4499999999,23464.752699000044,29595.668287999964,3122.2863189999775,165604.86687359976,13408.309999999992,0,31912.0,14475.0,8862.6,6983.8,3377.7999999999997,9361.0,971.5,30.8,11541153867.916075,54.925607164273686,923.8697202531016
2,331496.8799999989,208145.07999999952,21601.84304159999,29224.130127999983,1658.9456695999324,165604.86687359976,17189.370000000003,0,31912.0,14475.0,8862.6,6983.8,3377.7999999999997,9361.0,971.5,30.8,20574026443.42611,89.87844701644669,1185.2259782418396
3,366773.8399999982,199551.13999999966,23278.20383160005,29656.706700000013,3188.160174599965,165604.86687359976,18430.970000000023,0,31912.0,14475.0,8862.6,6983.8,3377.7999999999997,9361.0,971.5,30.8,48382581668.849655,135.1638021897837,1242.0304938737195
4,149551.38000000018,123785.09999999993,21895.013329299996,29595.668287999968,3116.600719849977,144165.6618696001,12571.199999999995,0,31912.0,14475.0,8862.6,6983.8,3377.7999999999997,9361.0,971.5,30.8,35538744845.6136,43.30768018059256,605.3226619698021
5,347624.81999999867,222081.46999999956,23464.752699000044,29595.668287999964,3122.2863189999775,165604.86687359976,18012.415000000015,0,31912.0,14475.0,8862.6,6983.8,3377.7999999999997,9361.0,971.5,30.8,51045395399.7363,92.16625320732918,1250.7341105650573
6,156364.74000000028,125642.39,25031.85691820003,32764.901290999987,4477.2553294999825,132812.50266480024,12571.199999999995,0,31912.0,14475.0,8862.6,6983.8,3377.7999999999997,9361.0,971.5,30.8,31203973037.34543,43.656749057165136,623.2981359612215
7,184980.42000000016,132561.21000000005,31207.330179799934,38204.78456500007,7414.32966199993,145014.82687440008,9952.199999999999,0,31912.0,14475.0,8862.6,6983.8,3377.7999999999997,9361.0,971.5,30.8,7414314651.478132,43.94997369660041,697.1966845915819
