,contributed_CCGT,contributed_Coal,contributed_Onshore,contributed_Offshore,contributed_PV,contributed_Nuclear,contributed_Recip_gas,contributed_Biomass,total_CCGT,total_Coal,total_Onshore,total_Offshore,total_PV,total_Nuclear,total_Recip_gas,Carbon_tax,total_genco_wealth,Electricity_cost,Carbon_emitted
0,362176.02999999863,167597.38000000012,61614.11083329973,36691.162078000096,3159.8331977999383,82842.84999999995,13139.619999999986,0,31912.0,14475.0,8862.6,6983.8,3377.7999999999997,9361.0,971.5,30.8,33913823203.648582,124.06334657507973,1164.9776229172392
1,301879.29000000004,125819.38999999997,53906.33235469963,35952.08898200008,3115.696000899976,52754.41999999999,7603.829999999991,0,31912.0,14475.0,8862.6,6983.8,3377.7999999999997,9361.0,971.5,30.8,35692316297.00502,67.37432580597893,937.9726346472174
2,356173.6999999987,183233.86000000016,58339.8369168996,35808.954382000025,1660.681480899931,83223.08999999994,12602.24,0,31912.0,14475.0,8862.6,6983.8,3377.7999999999997,9361.0,971.5,30.8,68649217879.16866,123.36154955966352,1186.593221816279
3,389120.4799999984,170804.63999999998,65855.3390854994,37017.37767600011,3188.8686463999625,90595.08999999994,14061.119999999964,0,31912.0,14475.0,8862.6,6983.8,3377.7999999999997,9361.0,971.5,30.8,106345357572.68176,126.31454947319212,1228.7021749667194
4,199517.41999999995,104703.41000000005,41975.70238059993,28088.39126400001,2871.6728185499815,44283.40999999999,392.84999999999974,0,31912.0,14475.0,8862.6,6983.8,3377.7999999999997,9361.0,971.5,30.8,94037457077.06577,36.20503214233261,659.5848574471805
5,386009.9299999984,177679.99000000022,60008.758495599715,35276.31626450005,3114.408036199978,90580.53999999995,13708.524999999969,0,31912.0,14475.0,8862.6,6983.8,3377.7999999999997,9361.0,971.5,30.8,153389340907.4038,125.44853168845793,1237.01363285602
6,238799.80000000005,79468.58999999994,41139.003156199826,27911.104505999985,3794.9022247999706,48950.07999999999,1034.9900000000018,0,31912.0,14475.0,8862.6,6983.8,3377.7999999999997,9361.0,971.5,30.8,135385241754.71608,38.36219176634679,685.88184360882
7,246382.8400000001,105900.90000000002,46108.611838599616,29374.498896000012,7060.107240149932,53800.07999999999,6378.719999999992,0,31912.0,14475.0,8862.6,6983.8,3377.7999999999997,9361.0,971.5,30.8,113305712578.34311,40.77076620822131,772.3800697381993
