,contributed_CCGT,contributed_Coal,contributed_Onshore,contributed_Offshore,contributed_PV,contributed_Nuclear,contributed_Recip_gas,contributed_Biomass,total_CCGT,total_Coal,total_Onshore,total_Offshore,total_PV,total_Nuclear,total_Recip_gas,Carbon_tax,total_genco_wealth,Electricity_cost,Carbon_emitted
0,326316.1699999997,251445.55999999988,57814.88841749964,27368.82739999998,3173.0797020499363,99938.12999999995,12173.499999999987,0,31912.0,14475.0,8862.6,6983.8,3377.7999999999997,9361.0,971.5,30.8,98042481638.57915,317.61692447280944,1248.9172949928793
1,250311.64000000013,234687.64,51986.40859990004,25461.81667199997,3135.218181199974,75269.08999999994,3672.4199999999973,0,31912.0,14475.0,8862.6,6983.8,3377.7999999999997,9361.0,971.5,30.8,109277429928.72833,86.62226654063466,1039.8356884807213
2,345990.33,239398.71999999988,54430.134304399755,26779.319199999984,1675.8671842999324,98757.63999999991,11862.129999999986,0,31912.0,14475.0,8862.6,6983.8,3377.7999999999997,9361.0,971.5,30.8,221888017932.2937,325.269044188736,1261.3896736905588
3,347970.12999999925,266158.54,56060.70713679959,28072.892436000016,3185.295495149961,104159.56999999995,12188.049999999988,0,31912.0,14475.0,8862.6,6983.8,3377.7999999999997,9361.0,971.5,30.8,367895136706.97595,352.66750537416397,1325.7820941189186
4,137450.11000000002,202729.90999999995,39867.24393560003,19060.234502999974,2617.80235784998,79197.58999999992,294.8799999999999,0,31912.0,14475.0,8862.6,6983.8,3377.7999999999997,9361.0,971.5,30.8,356243762973.76117,34.421008115279854,731.9934454141796
5,334706.79000000004,257582.33999999994,58358.469384999895,29575.058143999973,3134.1326733999767,116114.81999999995,11928.089999999987,0,31912.0,14475.0,8862.6,6983.8,3377.7999999999997,9361.0,971.5,30.8,577715363488.5403,337.11995193068276,1286.281639591318
6,153727.26000000015,201594.75999999992,37892.96117709984,17696.304321999974,2927.9604722499766,71371.62999999995,338.5299999999998,0,31912.0,14475.0,8862.6,6983.8,3377.7999999999997,9361.0,971.5,30.8,557009703196.9126,31.284888335746995,762.59169797448
7,180054.35999999975,228745.6599999999,41160.510985599845,21596.215574999995,5839.6166411999775,67299.56999999996,357.9299999999998,0,31912.0,14475.0,8862.6,6983.8,3377.7999999999997,9361.0,971.5,30.8,534589824443.84564,36.63124250142866,876.8011859726794
