,contributed_CCGT,contributed_Coal,contributed_Onshore,contributed_Offshore,contributed_PV,contributed_Nuclear,contributed_Recip_gas,contributed_Biomass,total_CCGT,total_Coal,total_Onshore,total_Offshore,total_PV,total_Nuclear,total_Recip_gas,Carbon_tax,total_genco_wealth,Electricity_cost,Carbon_emitted
0,363825.29999999853,266011.83,23202.699904600035,29579.745223999984,3154.551064599939,74685.14999999998,13269.59999999999,0,31912.0,14475.0,8862.6,6983.8,3377.7999999999997,9361.0,971.5,30.8,38813768803.63021,171.99777589072266,1372.943457638337
1,288822.72,234870.03000000017,23316.924931800044,29595.668287999964,3122.1825006999775,56547.12,6833.649999999994,0,31912.0,14475.0,8862.6,6983.8,3377.7999999999997,9361.0,971.5,30.8,36394493161.3191,66.05256558883637,1136.3323618219392
2,358210.3399999986,265205.5,21601.84304159999,29224.130127999983,1658.9433711499328,76699.83999999998,13260.86999999999,0,31912.0,14475.0,8862.6,6983.8,3377.7999999999997,9361.0,971.5,30.8,79174475667.1969,180.84611898101664,1360.652293468997
3,386487.75999999815,263350.31999999995,23271.16948860005,29656.706700000013,3188.032516099965,80098.71999999997,14017.954999999987,0,31912.0,14475.0,8862.6,6983.8,3377.7999999999997,9361.0,971.5,30.8,125866587996.00623,187.6731168872012,1415.4526936773557
4,197857.98000000019,190077.18000000002,19644.830386199963,25335.26065849999,3103.010472549977,42341.47,200.78999999999996,0,31912.0,14475.0,8862.6,6983.8,3377.7999999999997,9361.0,971.5,30.8,111632481413.16165,42.311546360629585,828.1399011176408
5,388528.13999999803,263422.99999999994,23464.752699000044,29595.668287999964,3122.2863189999775,79152.96999999997,13268.62999999999,0,31912.0,14475.0,8862.6,6983.8,3377.7999999999997,9361.0,971.5,30.8,193200702860.34457,203.51286894853652,1418.2357133339956
6,207974.25000000032,179568.02000000014,19954.78835719996,25517.53269349998,4264.204397199984,48128.490000000005,192.05999999999997,0,31912.0,14475.0,8862.6,6983.8,3377.7999999999997,9361.0,971.5,30.8,172317837194.8756,43.530211561585304,828.9519771119631
7,218800.41000000032,213622.21000000017,25072.29323060003,31174.553382500013,7339.345745599926,49616.47,200.78999999999996,0,31912.0,14475.0,8862.6,6983.8,3377.7999999999997,9361.0,971.5,30.8,145819034758.85327,43.53413669699274,931.4144746295832
