,contributed_CCGT,contributed_Coal,contributed_Onshore,contributed_Offshore,contributed_PV,contributed_Nuclear,contributed_Recip_gas,contributed_Biomass,total_CCGT,total_Coal,total_Onshore,total_Offshore,total_PV,total_Nuclear,total_Recip_gas,Carbon_tax,total_genco_wealth,Electricity_cost,Carbon_emitted
0,361407.8099999987,180851.86000000013,52619.40329439969,31844.98330399999,3167.0031575999374,120277.08999999998,12826.309999999996,0,31912.0,14475.0,8862.6,6983.8,3377.7999999999997,9361.0,971.5,30.8,21302970116.00049,74.0796915891309,1178.1806171802782
1,288550.62000000017,145896.8299999999,46732.477736999754,33815.27724800003,3129.981941749977,96878.74999999997,8197.469999999994,0,31912.0,14475.0,8862.6,6983.8,3377.7999999999997,9361.0,971.5,30.8,31203201073.798016,59.6093953943548,942.7437632083358
2,359411.939999999,192273.6799999998,52071.35050079966,33470.551888000045,1669.317443099932,106631.12999999999,14040.264999999992,0,31912.0,14475.0,8862.6,6983.8,3377.7999999999997,9361.0,971.5,30.8,47976039812.90538,72.35419700969007,1202.0799560346363
3,382342.1699999987,178596.29999999987,53153.81327079956,35338.550700000065,3200.020317599963,122374.22999999997,14648.45499999998,0,31912.0,14475.0,8862.6,6983.8,3377.7999999999997,9361.0,971.5,30.8,69706386043.64641,78.67065548907395,1224.0691102573976
4,208973.26000000018,121054.97999999995,37925.06463659986,28372.372267999974,3125.6614828499764,58278.569999999956,2211.115000000001,0,31912.0,14475.0,8862.6,6983.8,3377.7999999999997,9361.0,971.5,30.8,71577574787.50699,45.98156458849375,709.6953099120403
5,386538.0599999985,195148.5599999998,54992.60973699977,33815.27724800003,3133.7779639999762,112176.61999999998,14459.789999999975,0,31912.0,14475.0,8862.6,6983.8,3377.7999999999997,9361.0,971.5,30.8,103964607279.82722,77.24920004803467,1267.9569968668782
6,208960.65000000014,111375.34,41164.69849499979,31548.01058899999,4485.638323999986,65671.90999999997,3757.294999999997,0,31912.0,14475.0,8862.6,6983.8,3377.7999999999997,9361.0,971.5,30.8,105959688066.11732,46.759336414235975,685.4908663953205
7,241457.16000000015,113819.32999999999,47740.90262829973,38129.121331000075,7408.576918599936,72150.53999999996,5825.3349999999955,0,31912.0,14475.0,8862.6,6983.8,3377.7999999999997,9361.0,971.5,30.8,113340604731.85106,51.59606509803606,768.3408063333401
