,contributed_CCGT,contributed_Coal,contributed_Onshore,contributed_Offshore,contributed_PV,contributed_Nuclear,contributed_Recip_gas,contributed_Biomass,total_CCGT,total_Coal,total_Onshore,total_Offshore,total_PV,total_Nuclear,total_Recip_gas,Carbon_tax,total_genco_wealth,Electricity_cost,Carbon_emitted
0,344351.3199999984,255681.78999999995,21620.365860900052,28146.607105999985,3154.551064599939,117726.96,13057.169999999996,0,31912.0,14475.0,8862.6,6983.8,3377.7999999999997,9361.0,971.5,30.8,9610127255.384697,74.18204241810919,1309.0526547424192
1,246728.7600000003,242450.53000000003,22382.145078899986,29405.721487999963,3119.759188149977,102571.67999999995,2796.5100000000007,0,31912.0,14475.0,8862.6,6983.8,3377.7999999999997,9361.0,971.5,30.8,2940377854.123341,49.528780760140364,1054.0563232809418
2,351702.2999999983,247407.37999999995,20540.09901569986,28875.892047999983,1657.1853752999327,118154.73000000001,13105.669999999996,0,31912.0,14475.0,8862.6,6983.8,3377.7999999999997,9361.0,971.5,30.8,12174482034.372955,85.39825210866029,1305.5628875372392
3,372543.32999999827,250539.65,22637.677155000027,29588.653260000014,3183.8197855999642,124888.47000000003,13289.969999999996,0,31912.0,14475.0,8862.6,6983.8,3377.7999999999997,9361.0,971.5,30.8,25737493152.003353,94.0530471381939,1357.0819878106981
4,161290.38000000032,193035.72999999992,16729.143489600014,20882.451732999994,2753.12327964998,92229.53999999992,185.26999999999998,0,31912.0,14475.0,8862.6,6983.8,3377.7999999999997,9361.0,971.5,30.8,10329881259.10008,38.28935347437643,758.5351113505426
5,369760.3899999983,258039.15000000002,22412.50086029999,28681.40812399996,3122.1122934999776,122511.97000000002,13289.969999999996,0,31912.0,14475.0,8862.6,6983.8,3377.7999999999997,9361.0,971.5,30.8,31118422108.422382,95.8472557216536,1368.1669889116981
6,180378.02000000022,184902.12000000008,15774.941666200017,20410.899605999977,3168.7737736999798,89513.53999999989,197.87999999999997,0,31912.0,14475.0,8862.6,6983.8,3377.7999999999997,9361.0,971.5,30.8,9164535591.057163,36.86912550866567,779.1592977637628
7,205777.74000000022,195114.30999999994,19572.748900500024,24495.02331650001,6093.456784149971,96735.1899999999,172.66,0,31912.0,14475.0,8862.6,6983.8,3377.7999999999997,9361.0,971.5,30.8,-17259865725.1027,38.85488974577935,861.7745202253831
