,contributed_CCGT,contributed_Coal,contributed_Onshore,contributed_Offshore,contributed_PV,contributed_Nuclear,contributed_Recip_gas,contributed_Biomass,total_CCGT,total_Coal,total_Onshore,total_Offshore,total_PV,total_Nuclear,total_Recip_gas,Carbon_tax,total_genco_wealth,Electricity_cost,Carbon_emitted
0,314900.85000000015,256269.01999999984,21931.663363100026,28905.09185599999,3154.551064599939,139559.7200000001,13115.370000000004,0,31912.0,14475.0,8862.6,6983.8,3377.7999999999997,9361.0,971.5,30.8,26794427170.179768,129.14706090363723,1266.8215001699584
1,236248.82000000036,219842.27999999962,23026.622158100028,29595.668287999964,3120.9567701499777,110906.89000000003,10814.045000000011,0,31912.0,14475.0,8862.6,6983.8,3377.7999999999997,9361.0,971.5,30.8,26502358338.499325,66.14424854646562,1021.1092153774395
2,333834.8599999995,252196.1899999998,19821.715764399833,27886.513863999997,1655.530113199933,120627.26000000004,13112.460000000005,0,31912.0,14475.0,8862.6,6983.8,3377.7999999999997,9361.0,971.5,30.8,51078698266.49639,127.61938446028135,1296.1635284536178
3,359340.02999999886,255058.60999999978,21044.45612229993,27534.35236,3179.1091869499646,138703.21000000008,15031.119999999975,0,31912.0,14475.0,8862.6,6983.8,3377.7999999999997,9361.0,971.5,30.8,79352444520.60149,130.11270111585446,1358.2211016167755
4,147905.20000000013,194321.52999999985,16877.78368029998,21186.565932499987,3071.8517291499784,85008.85999999996,714.8900000000004,0,31912.0,14475.0,8862.6,6983.8,3377.7999999999997,9361.0,971.5,30.8,66272586787.846985,39.98084560796312,760.4485838589401
5,337447.37999999966,256229.48999999985,22885.858076400014,29595.668287999964,3122.2863189999775,150311.20000000007,13813.770000000002,0,31912.0,14475.0,8862.6,6983.8,3377.7999999999997,9361.0,971.5,30.8,111588286270.5911,133.72580338331684,1313.9205009070176
6,145558.97000000003,191818.75999999983,17106.608659099995,21878.676509999972,2950.1453987499813,98734.36000000003,15.520000000000003,0,31912.0,14475.0,8862.6,6983.8,3377.7999999999997,9361.0,971.5,30.8,90069141615.25938,38.48991966517576,745.0425405264805
7,181122.79999999993,210364.60999999978,18946.07586090003,24002.346125,6094.347388749962,95831.14999999998,2462.3450000000007,0,31912.0,14475.0,8862.6,6983.8,3377.7999999999997,9361.0,971.5,30.8,65124521080.699005,40.10355999541002,866.2335208547802
