,contributed_CCGT,contributed_Coal,contributed_Onshore,contributed_Offshore,contributed_PV,contributed_Nuclear,contributed_Recip_gas,contributed_Biomass,total_CCGT,total_Coal,total_Onshore,total_Offshore,total_PV,total_Nuclear,total_Recip_gas,Carbon_tax,total_genco_wealth,Electricity_cost,Carbon_emitted
0,402497.6799999978,219848.63999999987,23291.26338780004,29579.745223999984,3154.551064599939,77600.96999999999,13203.640000000001,0,31912.0,14475.0,8862.6,6983.8,3377.7999999999997,9361.0,971.5,30.8,37547409083.5434,170.4161444570651,1349.2302100787165
1,323383.5599999991,202121.00999999983,23024.12352540003,29595.668287999964,3121.5904557999775,55173.600000000006,3730.62,0,31912.0,14475.0,8862.6,6983.8,3377.7999999999997,9361.0,971.5,30.8,37211254865.900154,72.53334261398247,1126.1914487119811
2,408282.8199999977,215034.78999999986,21601.84304159999,29224.130127999983,1658.8818701999326,78867.78999999998,13101.789999999999,0,31912.0,14475.0,8862.6,6983.8,3377.7999999999997,9361.0,971.5,30.8,82267462470.50319,190.15279493578876,1349.1015038364155
3,419695.91999999783,228079.2999999998,23271.16948860005,29656.706700000013,3188.160174599965,84271.65999999997,13777.88,0,31912.0,14475.0,8862.6,6983.8,3377.7999999999997,9361.0,971.5,30.8,141593457468.3504,221.46335217703358,1403.6742227413947
4,219523.10000000033,163500.4099999997,18199.795147700017,23050.801804999977,3024.2444019499812,55173.600000000006,0.0,0,31912.0,14475.0,8862.6,6983.8,3377.7999999999997,9361.0,971.5,30.8,127704792053.12451,42.18977193396524,813.238889913182
5,424988.55999999784,225557.17999999988,23464.752699000044,29595.668287999964,3122.2863189999775,80218.02999999997,13090.150000000001,0,31912.0,14475.0,8862.6,6983.8,3377.7999999999997,9361.0,971.5,30.8,217893835211.14548,218.99898244162355,1407.3943365176356
6,236738.64000000033,157761.18999999997,18578.180721100005,23775.101868999973,4211.400125299979,47898.600000000006,0.0,0,31912.0,14475.0,8862.6,6983.8,3377.7999999999997,9361.0,971.5,30.8,196529809614.28366,42.70823640918157,834.0037095236224
7,278981.56000000006,152635.52999999997,23452.280468100038,28819.802642,7175.091842099931,53961.100000000006,1067.0,0,31912.0,14475.0,8862.6,6983.8,3377.7999999999997,9361.0,971.5,30.8,171838024298.47495,43.74886735255901,919.2550596509428
