,contributed_CCGT,contributed_Coal,contributed_Onshore,contributed_Offshore,contributed_PV,contributed_Nuclear,contributed_Recip_gas,contributed_Biomass,total_CCGT,total_Coal,total_Onshore,total_Offshore,total_PV,total_Nuclear,total_Recip_gas,Carbon_tax,total_genco_wealth,Electricity_cost,Carbon_emitted
0,364441.59999999864,250196.82,23158.583916600037,29579.745223999984,3154.551064599939,93922.18999999997,13269.59999999999,0,31912.0,14475.0,8862.6,6983.8,3377.7999999999997,9361.0,971.5,30.8,31319583713.97592,148.6302776409219,1339.829134634357
1,262159.6200000001,244206.25000000006,22618.34960430002,29471.928811999966,3119.7724116999775,78118.94999999998,3571.54,0,31912.0,14475.0,8862.6,6983.8,3377.7999999999997,9361.0,971.5,30.8,25250279967.12006,53.87021903370379,1095.4928384775
2,364908.6199999986,249428.28,21244.217427599917,29089.07022399998,1658.4248169499328,92624.32999999996,13271.53999999999,0,31912.0,14475.0,8862.6,6983.8,3377.7999999999997,9361.0,971.5,30.8,64687823700.68343,169.4034984405032,1339.066204815437
3,376472.53999999847,258462.1499999999,23278.20383160005,29656.706700000013,3187.892091749965,101756.87999999995,13269.59999999999,0,31912.0,14475.0,8862.6,6983.8,3377.7999999999997,9361.0,971.5,30.8,101411055478.08597,158.48524319342462,1382.695183665696
4,175336.08000000025,190799.88,18146.834166200035,23075.785427499974,3049.795166149979,70008.77999999997,174.6,0,31912.0,14475.0,8862.6,6983.8,3377.7999999999997,9361.0,971.5,30.8,86774963424.80466,40.22220140861168,783.9327000722407
5,380401.4199999984,254087.56999999992,23462.917653000044,29595.668287999964,3122.2863189999775,102268.06999999995,13233.709999999992,0,31912.0,14475.0,8862.6,6983.8,3377.7999999999997,9361.0,971.5,30.8,141758613255.52658,157.05461434725717,1379.9595643028558
6,187226.13000000035,196066.38000000006,17042.556784899996,21536.296547999977,3104.3397626999786,64868.74999999998,139.68000000000004,0,31912.0,14475.0,8862.6,6983.8,3377.7999999999997,9361.0,971.5,30.8,119097384491.4797,39.228658824617405,819.0621502592412
7,204797.01000000033,221608.8200000001,20056.59439680003,24290.08232450001,7069.337222349938,71562.71999999997,165.87,0,31912.0,14475.0,8862.6,6983.8,3377.7999999999997,9361.0,971.5,30.8,90277848294.31139,39.474963679034474,916.117142210362
