,contributed_CCGT,contributed_Coal,contributed_Onshore,contributed_Offshore,contributed_PV,contributed_Nuclear,contributed_Recip_gas,contributed_Biomass,total_CCGT,total_Coal,total_Onshore,total_Offshore,total_PV,total_Nuclear,total_Recip_gas,Carbon_tax,total_genco_wealth,Electricity_cost,Carbon_emitted
0,325326.7199999989,214830.0599999996,23300.55530880004,29579.745223999984,3154.551064599939,165604.86687359976,16668.479999999992,0,31912.0,14475.0,8862.6,6983.8,3377.7999999999997,9361.0,971.5,30.8,16766199109.906086,102.1848198331856,1186.55999774388
1,231890.76000000033,189647.39999999964,23464.752699000044,29595.668287999964,3122.2863189999775,165604.86687359976,13408.309999999992,0,31912.0,14475.0,8862.6,6983.8,3377.7999999999997,9361.0,971.5,30.8,10973477251.308004,55.06485819728538,924.8326198852011
2,341843.09999999916,197534.5899999998,21601.84304159999,29224.130127999983,1658.9456695999324,165604.86687359976,18430.970000000023,0,31912.0,14475.0,8862.6,6983.8,3377.7999999999997,9361.0,971.5,30.8,20394140780.468777,90.7515684886341,1185.1202363568186
3,348589.5799999986,216626.9899999995,23278.20383160005,29656.706700000013,3188.160174599965,165604.86687359976,18430.970000000023,0,31912.0,14475.0,8862.6,6983.8,3377.7999999999997,9361.0,971.5,30.8,47307534026.798386,133.5301628259738,1243.2194636120175
4,127568.34000000004,144774.60999999987,22097.382838500016,29595.668287999968,3116.600719849977,145951.70944480007,10475.999999999998,0,31912.0,14475.0,8862.6,6983.8,3377.7999999999997,9361.0,971.5,30.8,34030801936.5401,42.71177956479679,603.2797854047823
5,345525.5999999986,227549.84999999957,23464.752699000044,29595.668287999964,3122.2863189999775,165604.86687359976,18139.48500000002,0,31912.0,14475.0,8862.6,6983.8,3377.7999999999997,9361.0,971.5,30.8,50566526608.97753,93.1771347639821,1258.9327782602966
6,149791.8600000002,134104.07999999993,25288.834827800027,33248.91291499999,4477.491343499983,132812.50266480024,11523.599999999997,0,31912.0,14475.0,8862.6,6983.8,3377.7999999999997,9361.0,971.5,30.8,27841189652.133324,43.576187301038715,626.7099597038418
7,160438.50000000032,161789.62999999992,31261.26487639993,38306.24775700007,7412.233873599929,144150.18229920007,9952.199999999999,0,31912.0,14475.0,8862.6,6983.8,3377.7999999999997,9361.0,971.5,30.8,3480805707.949521,43.47462118205741,706.9101778027424
