,contributed_CCGT,contributed_Coal,contributed_Onshore,contributed_Offshore,contributed_PV,contributed_Nuclear,contributed_Recip_gas,contributed_Biomass,total_CCGT,total_Coal,total_Onshore,total_Offshore,total_PV,total_Nuclear,total_Recip_gas,Carbon_tax,total_genco_wealth,Electricity_cost,Carbon_emitted
0,396011.95999999816,205541.6199999997,23300.55530880004,29579.745223999984,3154.551064599939,103685.23999999998,15005.899999999981,0,31912.0,14475.0,8862.6,6983.8,3377.7999999999997,9361.0,971.5,30.8,18818504857.71392,94.7460632405864,1306.810040144757
1,314136.06999999983,171106.84999999992,23464.752699000044,29595.668287999964,3122.2863189999775,76589.25999999995,12006.175000000003,0,31912.0,14475.0,8862.6,6983.8,3377.7999999999997,9361.0,971.5,30.8,23429382896.342968,69.89234051439219,1053.9888557463003
2,381451.7699999985,205908.58999999965,21601.84304159999,29224.130127999983,1658.9445750999325,110546.04999999996,15014.629999999981,0,31912.0,14475.0,8862.6,6983.8,3377.7999999999997,9361.0,971.5,30.8,40241523788.88584,100.55615350676722,1280.4523524688163
3,417660.53999999777,212053.6299999997,23278.20383160005,29656.706700000013,3188.160174599965,115053.63999999997,15712.059999999981,0,31912.0,14475.0,8862.6,6983.8,3377.7999999999997,9361.0,971.5,30.8,61993600540.43024,109.2376508762643,1365.5395884347379
4,229861.23000000019,112245.56000000006,22897.121047100027,29253.57081799997,3120.2054854499765,62917.10999999998,5886.929999999995,0,31912.0,14475.0,8862.6,6983.8,3377.7999999999997,9361.0,971.5,30.8,58030035178.70632,51.90582894530218,736.6885590528799
5,419932.9799999979,203251.86999999968,23464.752699000044,29595.668287999964,3122.2863189999775,120424.52999999997,15741.159999999978,0,31912.0,14475.0,8862.6,6983.8,3377.7999999999997,9361.0,971.5,30.8,90779151313.11981,108.58394550810908,1356.4787849742572
6,239058.99000000034,107360.07999999997,24523.33720210003,31596.847049999982,4479.5007857999835,61146.85999999997,5798.659999999995,0,31912.0,14475.0,8862.6,6983.8,3377.7999999999997,9361.0,971.5,30.8,83740942133.45322,50.86413248594775,745.6024624918397
7,238180.74000000028,146847.53999999998,32269.26077549992,37337.02374700008,7409.506091049934,58273.71999999998,7336.109999999996,0,31912.0,14475.0,8862.6,6983.8,3377.7999999999997,9361.0,971.5,30.8,74591681961.5578,51.17250994648622,831.4140784009193
