,contributed_CCGT,contributed_Coal,contributed_Onshore,contributed_Offshore,contributed_PV,contributed_Nuclear,contributed_Recip_gas,contributed_Biomass,total_CCGT,total_Coal,total_Onshore,total_Offshore,total_PV,total_Nuclear,total_Recip_gas,Carbon_tax,total_genco_wealth,Electricity_cost,Carbon_emitted
0,360050.15999999794,215989.44,43351.940165399705,28749.582937000006,3123.994136249942,115199.13999999997,12930.099999999995,0,31912.0,14475.0,8862.6,6983.8,3377.7999999999997,9361.0,971.5,30.8,17206817612.1399,93.3847608273898,1265.7613877571166
1,297597.50999999954,177481.15999999986,40223.40219179979,32889.28953049999,3098.450676099979,89547.48999999992,4380.519999999996,0,31912.0,14475.0,8862.6,6983.8,3377.7999999999997,9361.0,971.5,30.8,11761014508.2879,47.90576024365737,1037.6375947616782
2,370153.97999999824,199765.48999999996,47325.110508399535,30876.026804000026,1648.426909299934,119123.75999999998,12827.279999999999,0,31912.0,14475.0,8862.6,6983.8,3377.7999999999997,9361.0,971.5,30.8,34601898479.10967,104.78094175627405,1252.224248175016
3,369251.2399999979,217520.72000000006,47963.514611599545,34083.66320100005,3146.6673905499656,122925.19,13113.430000000002,0,31912.0,14475.0,8862.6,6983.8,3377.7999999999997,9361.0,971.5,30.8,63827591929.05006,119.20271267026673,1290.685974546556
4,176740.4199999998,153820.4999999999,31226.104714099944,26317.3967835,2724.8682646499806,87969.29999999992,824.5000000000009,0,31912.0,14475.0,8862.6,6983.8,3377.7999999999997,9361.0,971.5,30.8,45420448335.83666,23.219053436847286,721.4606533390001
5,368072.1799999978,229903.04999999984,50838.64154019973,31915.494270000017,3100.060450149979,117300.15999999995,12895.179999999995,0,31912.0,14475.0,8862.6,6983.8,3377.7999999999997,9361.0,971.5,30.8,84575846863.27403,114.3987815279031,1314.203462283898
6,201999.63,133618.65999999997,33168.36992599996,25003.991957999988,4179.45417769998,84508.33999999992,970.0000000000007,0,31912.0,14475.0,8862.6,6983.8,3377.7999999999997,9361.0,971.5,30.8,58259853418.12713,27.892239792934443,726.7251995866804
7,230188.78999999986,161472.39999999988,35823.41805539972,26961.242131000014,6984.909860449937,77315.78999999994,921.5000000000009,0,31912.0,14475.0,8862.6,6983.8,3377.7999999999997,9361.0,971.5,30.8,28212659768.592255,33.63852596965653,851.1070365551993
