,contributed_CCGT,contributed_Coal,contributed_Onshore,contributed_Offshore,contributed_PV,contributed_Nuclear,contributed_Recip_gas,contributed_Biomass,total_CCGT,total_Coal,total_Onshore,total_Offshore,total_PV,total_Nuclear,total_Recip_gas,Carbon_tax,total_genco_wealth,Electricity_cost,Carbon_emitted
0,379209.7999999984,231003.2999999997,23300.55530880004,29579.745223999984,3154.551064599939,85360.96999999996,14989.409999999976,0,31912.0,14475.0,8862.6,6983.8,3377.7999999999997,9361.0,971.5,30.8,27931973257.925175,138.3350961544642,1330.4714127933923
1,334191.81999999937,200574.93999999992,23464.752699000044,29595.668287999964,3122.2863189999775,34003.34999999998,12264.19500000001,0,31912.0,14475.0,8862.6,6983.8,3377.7999999999997,9361.0,971.5,30.8,32538110252.338043,88.18762807709317,1163.8066059361186
2,398952.6499999981,212256.01999999967,21601.84304159999,29224.130127999983,1658.9456695999324,86635.54999999997,15015.599999999975,0,31912.0,14475.0,8862.6,6983.8,3377.7999999999997,9361.0,971.5,30.8,61831665914.525536,147.4707463071396,1329.694090575953
3,438736.0299999974,208067.02999999965,23278.20383160005,29656.706700000013,3188.160174599965,87232.09999999998,15713.999999999975,0,31912.0,14475.0,8862.6,6983.8,3377.7999999999997,9361.0,971.5,30.8,94655098811.54352,150.62743889300648,1402.5248000679367
4,233236.86000000034,161990.54999999996,21667.518657,27909.100075999966,3117.934517349977,24700.079999999987,8055.365000000002,0,31912.0,14475.0,8862.6,6983.8,3377.7999999999997,9361.0,971.5,30.8,83828050836.09793,51.429884185620836,865.1511512389015
5,412115.67999999766,243127.00999999978,23464.752699000044,29595.668287999964,3122.2863189999775,79228.62999999998,15024.329999999974,0,31912.0,14475.0,8862.6,6983.8,3377.7999999999997,9361.0,971.5,30.8,136144512396.93733,149.26469311997172,1425.318228719976
6,239979.5200000003,158182.74999999994,21423.146906199978,28010.683936999987,4260.773418299983,19554.229999999996,9910.004999999992,0,31912.0,14475.0,8862.6,6983.8,3377.7999999999997,9361.0,971.5,30.8,120056127406.64981,50.28678305794009,874.1069529345008
7,275984.70000000036,154957.96999999997,29489.29489179995,35460.51040700003,7404.55508049993,24700.079999999987,13536.350000000004,0,31912.0,14475.0,8862.6,6983.8,3377.7999999999997,9361.0,971.5,30.8,103955792591.81204,55.31609738336639,947.3631810420591
