,contributed_CCGT,contributed_Coal,contributed_Onshore,contributed_Offshore,contributed_PV,contributed_Nuclear,contributed_Recip_gas,contributed_Biomass,total_CCGT,total_Coal,total_Onshore,total_Offshore,total_PV,total_Nuclear,total_Recip_gas,Carbon_tax,total_genco_wealth,Electricity_cost,Carbon_emitted
0,357114.0599999998,150981.11999999982,53768.807597699735,37632.46004000005,3167.5834501499357,135613.75999999995,11856.310000000003,0,31912.0,14475.0,8862.6,6983.8,3377.7999999999997,9361.0,971.5,30.8,32078298683.00054,123.4331266457815,1112.6090855057573
1,294292.34000000014,136380.63999999984,47166.150594399835,34335.15491000003,3131.723690199973,101894.61999999994,5983.444999999991,0,31912.0,14475.0,8862.6,6983.8,3377.7999999999997,9361.0,971.5,30.8,31588444796.427902,59.64245315698128,941.6194270447181
2,372305.12999999896,178481.89999999985,50827.94928839966,32573.07878500003,1667.7088407499334,115987.74999999993,11777.740000000003,0,31912.0,14475.0,8862.6,6983.8,3377.7999999999997,9361.0,971.5,30.8,59143035129.46815,121.87322061106768,1207.0627756761965
3,383494.159999999,167911.2399999999,56383.08843129978,36953.122020000104,3199.492633249961,131021.77999999993,13828.319999999972,0,31912.0,14475.0,8862.6,6983.8,3377.7999999999997,9361.0,971.5,30.8,92295377411.63083,125.28221806707502,1210.3518343935173
4,220048.59999999986,87867.66999999993,38921.394190499996,28590.41065700001,3084.1524281499746,79684.52999999997,188.17999999999995,0,31912.0,14475.0,8862.6,6983.8,3377.7999999999997,9361.0,971.5,30.8,80223777140.62595,36.45342216061771,664.461896182661
5,406975.3199999986,157271.52999999982,54750.510152999945,35699.089127500076,3127.8952000999757,123905.85999999993,13360.29499999998,0,31912.0,14475.0,8862.6,6983.8,3377.7999999999997,9361.0,971.5,30.8,132656096244.81386,123.274454885765,1233.3270708289378
6,218946.2699999999,90713.58999999994,36035.862324099886,25679.632869999983,2962.7913310499785,95971.79999999994,191.08999999999995,0,31912.0,14475.0,8862.6,6983.8,3377.7999999999997,9361.0,971.5,30.8,113392831934.79845,35.9194319611463,668.6276634588212
7,253214.51000000027,108969.5499999999,40766.41201359976,30271.48888550001,7162.235112849938,84952.59999999996,1061.1800000000014,0,31912.0,14475.0,8862.6,6983.8,3377.7999999999997,9361.0,971.5,30.8,90080095400.25099,38.83610337392764,782.3011331108996
