,contributed_CCGT,contributed_Coal,contributed_Onshore,contributed_Offshore,contributed_PV,contributed_Nuclear,contributed_Recip_gas,contributed_Biomass,total_CCGT,total_Coal,total_Onshore,total_Offshore,total_PV,total_Nuclear,total_Recip_gas,Carbon_tax,total_genco_wealth,Electricity_cost,Carbon_emitted
0,397599.93999999756,221149.7999999999,23185.891967700034,29579.745223999984,3154.551064599939,91969.57999999987,13267.659999999989,0,31912.0,14475.0,8862.6,6983.8,3377.7999999999997,9361.0,971.5,30.8,12471772371.06799,88.29787778513179,1341.3969946203968
1,310645.67999999924,192878.13999999966,22394.873738999995,29018.028463999966,3119.3782424499773,78011.27999999991,3705.885,0,31912.0,14475.0,8862.6,6983.8,3377.7999999999997,9361.0,971.5,30.8,6128980912.827566,54.625001278451016,1079.7060283097235
2,398838.4199999977,212979.20999999988,20631.468408199864,28637.066607999983,1657.1897532999328,95798.16999999987,13269.59999999999,0,31912.0,14475.0,8862.6,6983.8,3377.7999999999997,9361.0,971.5,30.8,17057785538.461494,94.62828544490435,1326.6073787155758
3,408741.7199999978,225061.4999999999,22355.47676219996,29327.52759600001,3184.3352851499644,105729.02999999991,13444.19999999999,0,31912.0,14475.0,8862.6,6983.8,3377.7999999999997,9361.0,971.5,30.8,33462683205.44342,105.1266754176023,1374.0259134569958
4,220790.61000000034,143644.92999999993,19379.710034699987,25898.580172999973,3112.2109688999767,70769.25999999994,209.51999999999995,0,31912.0,14475.0,8862.6,6983.8,3377.7999999999997,9361.0,971.5,30.8,18894360014.832928,41.461732849634984,770.0834430921439
5,414104.6799999978,223596.8099999999,22990.247924400028,29595.668287999964,3122.2863189999775,97933.13999999988,13269.59999999999,0,31912.0,14475.0,8862.6,6983.8,3377.7999999999997,9361.0,971.5,30.8,41945378491.82026,103.82027669425639,1380.3658082403763
6,214768.4800000002,159655.56999999972,16938.78362409999,21697.595974499975,4157.353337199979,70506.38999999994,226.97999999999993,0,31912.0,14475.0,8862.6,6983.8,3377.7999999999997,9361.0,971.5,30.8,18516529060.02568,38.90202168272768,801.0134305068622
7,248538.54000000027,173250.33999999982,20106.89363040003,24533.07047450001,7082.126295649939,73731.63999999993,231.82999999999993,0,31912.0,14475.0,8862.6,6983.8,3377.7999999999997,9361.0,971.5,30.8,-9789151049.070015,40.26933405724865,899.9118403953223
