,contributed_CCGT,contributed_Coal,contributed_Onshore,contributed_Offshore,contributed_PV,contributed_Nuclear,contributed_Recip_gas,contributed_Biomass,total_CCGT,total_Coal,total_Onshore,total_Offshore,total_PV,total_Nuclear,total_Recip_gas,Carbon_tax,total_genco_wealth,Electricity_cost,Carbon_emitted
0,393043.1999999981,250034.87000000002,23300.55530880004,29579.745223999984,3154.551064599939,53536.23999999999,13085.300000000001,0,31912.0,14475.0,8862.6,6983.8,3377.7999999999997,9361.0,971.5,30.8,40704437924.304115,185.24852821334164,1397.154878728257
1,302185.9799999997,244654.91000000012,23464.752699000044,29595.668287999964,3122.2863189999775,31532.760000000002,4954.759999999997,0,31912.0,14475.0,8862.6,6983.8,3377.7999999999997,9361.0,971.5,30.8,49387272946.768425,101.74219097228638,1181.432384904178
2,375148.33999999845,265146.11999999994,21038.992655499897,28637.066607999983,1657.960530049933,57547.18999999999,13079.480000000001,0,31912.0,14475.0,8862.6,6983.8,3377.7999999999997,9361.0,971.5,30.8,110350326881.55948,234.78641952832345,1393.611541675756
3,397161.639999998,255650.98,23278.20383160005,29656.706700000013,3188.160174599965,69910.80999999998,14744.48499999999,0,31912.0,14475.0,8862.6,6983.8,3377.7999999999997,9361.0,971.5,30.8,183473716952.3285,261.7962174248666,1421.415234100036
4,192402.00000000035,208381.0899999999,19510.584558999977,25447.283195499986,3112.6475350999767,29100.0,0.0,0,31912.0,14475.0,8862.6,6983.8,3377.7999999999997,9361.0,971.5,30.8,168693347085.78128,41.28943570481859,856.528586823821
5,407368.8199999978,270335.5000000001,23464.752699000044,29595.668287999964,3122.2863189999775,54899.09,13076.570000000002,0,31912.0,14475.0,8862.6,6983.8,3377.7999999999997,9361.0,971.5,30.8,282664066149.2582,264.0589254135384,1471.5169506089946
6,231850.23000000016,172513.19999999995,19155.120143799955,24171.489501999982,3121.517124299978,29100.0,1202.8000000000002,0,31912.0,14475.0,8862.6,6983.8,3377.7999999999997,9361.0,971.5,30.8,262148473211.27335,44.03025496419887,868.3035461936012
7,264614.4000000001,181793.7800000001,24283.524829600046,30010.562092000004,7221.1932268499295,29100.0,2959.955000000001,0,31912.0,14475.0,8862.6,6983.8,3377.7999999999997,9361.0,971.5,30.8,235948692761.45776,45.37169653128061,959.9202539144397
