,contributed_CCGT,contributed_Coal,contributed_Onshore,contributed_Offshore,contributed_PV,contributed_Nuclear,contributed_Recip_gas,contributed_Biomass,total_CCGT,total_Coal,total_Onshore,total_Offshore,total_PV,total_Nuclear,total_Recip_gas,Carbon_tax,total_genco_wealth,Electricity_cost,Carbon_emitted
0,308281.02999999985,243824.98000000013,52180.27772749989,31984.132953000026,3127.791390999938,124189.09999999996,10785.430000000008,0,31912.0,14475.0,8862.6,6983.8,3377.7999999999997,9361.0,971.5,30.8,8310145213.975304,62.97901805448813,1192.4364220420398
1,211028.90999999963,225090.26000000013,47811.86777009991,30269.013649999994,3095.9433710499757,119376.92999999989,1842.0300000000016,0,31912.0,14475.0,8862.6,6983.8,3377.7999999999997,9361.0,971.5,30.8,1155999071.249812,41.13585736048941,934.5828029034798
2,315314.07999999943,239603.14000000004,49157.069105099734,29764.136195000017,1654.7658074999347,132302.17999999996,11647.275000000005,0,31912.0,14475.0,8862.6,6983.8,3377.7999999999997,9361.0,971.5,30.8,9511995642.109026,75.78460273760899,1201.4053735597195
3,336903.9099999989,250376.56000000008,53767.30954909981,31798.58519800002,3160.7356924999617,128945.00999999997,11901.900000000005,0,31912.0,14475.0,8862.6,6983.8,3377.7999999999997,9361.0,971.5,30.8,22100903255.096436,83.67135642601006,1269.7894050508808
4,111187.57000000028,182983.01999999996,38893.56833400001,25744.182741,2892.8300894499785,107696.1899999999,159.07999999999998,0,31912.0,14475.0,8862.6,6983.8,3377.7999999999997,9361.0,971.5,30.8,2188811104.3453736,17.44018895379286,634.341644361961
5,321489.75999999937,250236.08000000007,53553.311563500014,32704.38445300001,3116.7878956999753,139228.95,11863.100000000004,0,31912.0,14475.0,8862.6,6983.8,3377.7999999999997,9361.0,971.5,30.8,23587787071.245792,82.05097929190339,1240.4693697598398
6,120520.92000000026,180594.01,38700.244511299854,24072.81177999997,2920.2206790499754,112299.80999999992,146.47,0,31912.0,14475.0,8862.6,6983.8,3377.7999999999997,9361.0,971.5,30.8,-3360938432.6636615,23.988363949700084,647.9319144259812
7,171153.66999999972,195269.9699999999,42653.54869169977,23820.702897,6984.729549349942,96692.50999999991,228.9199999999999,0,31912.0,14475.0,8862.6,6983.8,3377.7999999999997,9361.0,971.5,30.8,-34223727898.662586,29.296371029078113,783.631678218061
