,contributed_CCGT,contributed_Coal,contributed_Onshore,contributed_Offshore,contributed_PV,contributed_Nuclear,contributed_Recip_gas,contributed_Biomass,total_CCGT,total_Coal,total_Onshore,total_Offshore,total_PV,total_Nuclear,total_Recip_gas,Carbon_tax,total_genco_wealth,Electricity_cost,Carbon_emitted
0,415059.9399999977,188239.92999999993,23300.55530880004,29579.745223999984,3154.551064599939,96460.67999999986,13289.969999999996,0,31912.0,14475.0,8862.6,6983.8,3377.7999999999997,9361.0,971.5,30.8,13631986817.257853,93.57619572238296,1304.375235502136
1,343140.6999999984,157909.40999999997,23109.54375270003,29595.668287999964,3121.035544299978,80314.0599999999,4079.8199999999956,0,31912.0,14475.0,8862.6,6983.8,3377.7999999999997,9361.0,971.5,30.8,10417041291.651222,65.91165150044962,1068.306433415182
2,416184.4599999979,186504.42999999993,20933.34362139988,29224.130127999983,1657.6278517999326,101483.3399999999,13289.969999999996,0,31912.0,14475.0,8862.6,6983.8,3377.7999999999997,9361.0,971.5,30.8,29197536157.254536,117.2240772214376,1302.785419873135
3,425603.0399999979,194424.86999999985,23090.631546300043,29656.706700000013,3188.160174599965,114588.03999999992,14028.62499999999,0,31912.0,14475.0,8862.6,6983.8,3377.7999999999997,9361.0,971.5,30.8,53876783758.97391,131.36539174712507,1341.078260898257
4,215756.93000000037,155273.17999999996,17040.079695899996,21473.304584499987,2943.296395849982,72113.67999999992,209.51999999999995,0,31912.0,14475.0,8862.6,6983.8,3377.7999999999997,9361.0,971.5,30.8,39191741807.609604,39.52788594496285,784.888156805642
5,431081.0199999979,194933.3499999999,23464.752699000044,29595.668287999964,3122.2863189999775,107101.57999999991,13988.369999999992,0,31912.0,14475.0,8862.6,6983.8,3377.7999999999997,9361.0,971.5,30.8,76199726432.79231,128.3929688817378,1353.2514639032975
6,227020.89000000022,147223.8699999999,18978.409200699953,23944.702281499987,4429.041490099981,65422.61999999994,212.42999999999995,0,31912.0,14475.0,8862.6,6983.8,3377.7999999999997,9361.0,971.5,30.8,53919662055.811775,41.02010109606436,793.7314157902628
7,284830.4999999998,131088.91,22018.688212900048,26428.723901500005,7321.166488649923,66176.30999999994,6302.089999999992,0,31912.0,14475.0,8862.6,6983.8,3377.7999999999997,9361.0,971.5,30.8,28863812240.85796,44.26780190104838,893.7237654561816
