,contributed_CCGT,contributed_Coal,contributed_Onshore,contributed_Offshore,contributed_PV,contributed_Nuclear,contributed_Recip_gas,contributed_Biomass,total_CCGT,total_Coal,total_Onshore,total_Offshore,total_PV,total_Nuclear,total_Recip_gas,Carbon_tax,total_genco_wealth,Electricity_cost,Carbon_emitted
0,382558.7999999984,258505.01999999984,23300.55530880004,29579.745223999984,3154.551064599939,56006.82999999999,13076.570000000002,0,31912.0,14475.0,8862.6,6983.8,3377.7999999999997,9361.0,971.5,30.8,41024796381.95736,184.89875496872006,1394.7541005979567
1,299383.29999999964,247324.03999999992,23464.752699000044,29595.668287999964,3122.2863189999775,29100.0,7178.484999999997,0,31912.0,14475.0,8862.6,6983.8,3377.7999999999997,9361.0,971.5,30.8,48884205128.04523,99.34233935931111,1187.1371672779167
2,384960.819999998,255256.04999999996,21601.84304159999,29224.130127999983,1658.9456695999324,54021.23999999999,13066.87,0,31912.0,14475.0,8862.6,6983.8,3377.7999999999997,9361.0,971.5,30.8,110610533880.9799,240.48148586020588,1392.3607650378958
3,389481.97999999806,269590.5300000001,23266.245448500053,29656.706700000013,3188.160174599965,63732.87999999999,13785.639999999998,0,31912.0,14475.0,8862.6,6983.8,3377.7999999999997,9361.0,971.5,30.8,181053854232.0139,257.2178018738393,1434.9837529409347
4,191585.8200000003,222286.15000000017,17294.6565742,21975.009340999983,2753.12327964998,27887.5,0.0,0,31912.0,14475.0,8862.6,6983.8,3377.7999999999997,9361.0,971.5,30.8,166793207429.5241,41.114859986162564,885.9938838577026
5,390220.25999999803,277524.5000000002,23464.752699000044,29595.668287999964,3122.2863189999775,58595.759999999995,13087.240000000002,0,31912.0,14475.0,8862.6,6983.8,3377.7999999999997,9361.0,971.5,30.8,284423058277.7234,262.65646328881684,1452.768554130994
6,215956.86000000034,210014.65000000002,17817.769581400014,22356.349600999973,2966.4900348999804,20612.5,0.0,0,31912.0,14475.0,8862.6,6983.8,3377.7999999999997,9361.0,971.5,30.8,262731975384.37662,42.754422222145784,913.5823029007016
7,239679.7500000002,221035.52999999997,22977.12200080006,27978.703232,6181.593824449962,27887.5,0.0,0,31912.0,14475.0,8862.6,6983.8,3377.7999999999997,9361.0,971.5,30.8,236739855414.24893,43.325070354534,989.0570385509408
