,contributed_CCGT,contributed_Coal,contributed_Onshore,contributed_Offshore,contributed_PV,contributed_Nuclear,contributed_Recip_gas,contributed_Biomass,total_CCGT,total_Coal,total_Onshore,total_Offshore,total_PV,total_Nuclear,total_Recip_gas,Carbon_tax,total_genco_wealth,Electricity_cost,Carbon_emitted
0,404841.5999999985,148055.1399999999,60956.63556009976,34046.27827600007,3158.5186094999376,74729.76999999993,13167.750000000002,0,31912.0,14475.0,8862.6,6983.8,3377.7999999999997,9361.0,971.5,30.8,15085674502.711576,71.83545557936141,1206.8578586657165
1,344076.4999999997,113434.99999999991,50891.004565199735,34313.91243050003,3118.6508410499737,28410.33000000001,10924.140000000014,0,31912.0,14475.0,8862.6,6983.8,3377.7999999999997,9361.0,971.5,30.8,14152063159.201769,55.03766132156969,1002.7386971699996
2,399444.30999999837,149052.0299999999,55988.49974509953,32801.429277000025,1664.4141467499346,71447.28999999992,13019.340000000004,0,31912.0,14475.0,8862.6,6983.8,3377.7999999999997,9361.0,971.5,30.8,27471895368.354465,72.24726164342233,1199.0060060179358
3,406139.71999999793,187177.53999999986,54892.45514179964,34123.47418600005,3180.704087299961,71097.11999999994,14237.659999999973,0,31912.0,14475.0,8862.6,6983.8,3377.7999999999997,9361.0,971.5,30.8,42319231921.68486,72.71098783432811,1300.144064680916
4,251444.10000000038,80165.80999999994,40711.784901900006,28013.71665300001,3075.423279849976,18872.320000000003,1061.1800000000007,0,31912.0,14475.0,8862.6,6983.8,3377.7999999999997,9361.0,971.5,30.8,31664429261.75908,37.564363969325484,714.2457542623815
5,447686.7099999976,140425.83999999994,59141.63553159984,36972.088820000055,3132.2448119999754,67843.73999999993,13936.474999999995,0,31912.0,14475.0,8862.6,6983.8,3377.7999999999997,9361.0,971.5,30.8,50555431670.41234,74.4078528687359,1279.5513989543197
6,246755.81000000017,95921.16999999985,39741.658122899855,26750.24015349998,4215.917775849984,24769.920000000006,1199.8900000000008,0,31912.0,14475.0,8862.6,6983.8,3377.7999999999997,9361.0,971.5,30.8,32479637250.532494,37.3212476068087,736.5749959756604
7,284754.5300000004,102963.2499999999,47144.06785569968,32953.92475300003,7225.988007649932,18872.320000000003,5963.074999999991,0,31912.0,14475.0,8862.6,6983.8,3377.7999999999997,9361.0,971.5,30.8,11220647323.266193,40.43578722609266,838.149934753501
