,contributed_CCGT,contributed_Coal,contributed_Onshore,contributed_Offshore,contributed_PV,contributed_Nuclear,contributed_Recip_gas,contributed_Biomass,total_CCGT,total_Coal,total_Onshore,total_Offshore,total_PV,total_Nuclear,total_Recip_gas,Carbon_tax,total_genco_wealth,Electricity_cost,Carbon_emitted
0,409071.25999999756,215905.7499999999,23300.55530880004,29579.745223999984,3154.551064599939,74392.20999999999,13086.27,0,31912.0,14475.0,8862.6,6983.8,3377.7999999999997,9361.0,971.5,30.8,37480231379.75084,173.9049708451851,1353.5381595184965
1,319626.77999999915,208935.54999999976,23238.471137800043,29595.668287999964,3121.990445799978,55173.600000000006,3730.62,0,31912.0,14475.0,8862.6,6983.8,3377.7999999999997,9361.0,971.5,30.8,36905617634.5846,73.81656152317292,1133.7239265589005
2,403688.6399999976,219922.54999999987,21601.84304159999,29224.130127999983,1658.9433711499328,74163.29,13076.570000000002,0,31912.0,14475.0,8862.6,6983.8,3377.7999999999997,9361.0,971.5,30.8,82340088424.78957,192.183985641581,1351.5548294048956
3,420533.3799999978,224610.64999999988,23278.20383160005,29656.706700000013,3188.160174599965,85911.92999999996,13801.159999999996,0,31912.0,14475.0,8862.6,6983.8,3377.7999999999997,9361.0,971.5,30.8,140798453435.80737,222.1000600751594,1397.6815862686963
4,242913.5100000004,151679.91,16920.28499659997,21270.084868999988,3024.2444019499812,51662.20000000001,0.0,0,31912.0,14475.0,8862.6,6983.8,3377.7999999999997,9361.0,971.5,30.8,126544711604.0333,41.09106688765072,835.2693518341833
5,428870.0399999979,219941.0699999999,23464.752699000044,29595.668287999964,3122.2863189999775,79977.46999999997,13776.909999999998,0,31912.0,14475.0,8862.6,6983.8,3377.7999999999997,9361.0,971.5,30.8,214295904485.96292,216.12336813392514,1404.1360870958556
6,236018.40000000023,150562.43999999994,17846.6157227,22545.680363999974,4206.24540839998,53000.8,0.0,0,31912.0,14475.0,8862.6,6983.8,3377.7999999999997,9361.0,971.5,30.8,191235706112.9777,41.82105906853135,823.3996066111222
7,251248.28000000023,191541.58999999973,21613.415820600054,26134.4370435,6736.390063649938,49237.20000000001,116.39999999999999,0,31912.0,14475.0,8862.6,6983.8,3377.7999999999997,9361.0,971.5,30.8,163470681937.661,41.34577012213723,946.9647277228224
