,contributed_CCGT,contributed_Coal,contributed_Onshore,contributed_Offshore,contributed_PV,contributed_Nuclear,contributed_Recip_gas,contributed_Biomass,total_CCGT,total_Coal,total_Onshore,total_Offshore,total_PV,total_Nuclear,total_Recip_gas,Carbon_tax,total_genco_wealth,Electricity_cost,Carbon_emitted
0,337984.79999999923,290026.36000000016,53678.87898499975,27007.935319999982,3169.681876549936,63245.93999999995,13302.57999999999,0,31912.0,14475.0,8862.6,6983.8,3377.7999999999997,9361.0,971.5,30.8,87825983989.1364,304.81676748848105,1362.1672262512775
1,254039.93999999948,268235.91000000015,49764.177787899804,24785.49992399997,3136.2783983499744,53221.959999999985,4427.564999999996,0,31912.0,14475.0,8862.6,6983.8,3377.7999999999997,9361.0,971.5,30.8,95703186361.22856,84.6709919828493,1123.607785692177
2,343815.9999999991,288009.4900000001,50509.06708459939,24710.601176000004,1671.8706601999343,67509.08999999994,12731.249999999987,0,31912.0,14475.0,8862.6,6983.8,3377.7999999999997,9361.0,971.5,30.8,182141018629.41333,300.9356504403533,1367.1628626670172
3,348060.1499999991,295999.0300000002,55992.613340499614,24679.513136,3195.4866333999607,84395.8199999999,13034.859999999986,0,31912.0,14475.0,8862.6,6983.8,3377.7999999999997,9361.0,971.5,30.8,313537917744.3093,348.3233169762445,1395.4513287239383
4,142457.45999999988,225569.9200000003,39795.9790637999,20788.026064999973,2763.470006249977,53311.19999999998,1157.210000000001,0,31912.0,14475.0,8862.6,6983.8,3377.7999999999997,9361.0,971.5,30.8,299660141734.7263,33.88389526446043,794.8740484481589
5,362813.8999999989,294479.0400000002,53252.21382470001,24965.60468599998,3121.7000598499767,78465.23999999993,13027.099999999986,0,31912.0,14475.0,8862.6,6983.8,3377.7999999999997,9361.0,971.5,30.8,487796481870.1722,325.469840463682,1420.76531609792
6,154627.42999999973,216067.1800000001,44180.83235449966,20118.744462499966,4208.466248599985,47060.51999999999,1188.250000000001,0,31912.0,14475.0,8862.6,6983.8,3377.7999999999997,9361.0,971.5,30.8,466099446084.1206,34.493006024957694,798.4849133976373
7,201543.48999999973,240073.8600000002,43545.10331729962,22179.161472,7093.946857049937,35403.05999999998,1354.120000000001,0,31912.0,14475.0,8862.6,6983.8,3377.7999999999997,9361.0,971.5,30.8,439704042754.07544,37.66440151859416,947.7241083962774
