,contributed_CCGT,contributed_Coal,contributed_Onshore,contributed_Offshore,contributed_PV,contributed_Nuclear,contributed_Recip_gas,contributed_Biomass,total_CCGT,total_Coal,total_Onshore,total_Offshore,total_PV,total_Nuclear,total_Recip_gas,Carbon_tax,total_genco_wealth,Electricity_cost,Carbon_emitted
0,440374.6299999979,146895.72999999975,56140.125518199915,31065.236698,3149.5073524999398,82534.38999999998,13508.219999999996,0,31912.0,14475.0,8862.6,6983.8,3377.7999999999997,9361.0,971.5,30.8,28751995610.95487,124.54118410594195,1277.0939585105423
1,359915.5999999993,128090.45999999992,47224.54881389995,25499.311759999968,3109.763059949979,56491.829999999965,9256.709999999988,0,31912.0,14475.0,8862.6,6983.8,3377.7999999999997,9361.0,971.5,30.8,28676014232.97136,68.7203835125882,1064.1621417230774
2,446628.0199999983,150222.57999999996,47496.4347213997,24697.91308900002,1651.3471729999326,77455.46999999994,13151.259999999998,0,31912.0,14475.0,8862.6,6983.8,3377.7999999999997,9361.0,971.5,30.8,57455362727.83204,123.32818057317716,1297.6686978468424
3,457957.0699999984,148953.3699999998,56216.47736099967,25565.388864000004,3185.1739250999635,94498.36999999997,14888.529999999982,0,31912.0,14475.0,8862.6,6983.8,3377.7999999999997,9361.0,971.5,30.8,90630598785.473,125.66453728781607,1317.8168347912626
4,263204.6900000001,95180.05,36019.37257629996,19061.153627999975,2764.4209872499805,52007.519999999975,1144.6000000000008,0,31912.0,14475.0,8862.6,6983.8,3377.7999999999997,9361.0,971.5,30.8,75428106952.04077,37.75394978862132,770.3743312698977
5,442941.6299999976,174728.01999999976,54181.537951400045,28098.654330499987,3112.8681434999794,82349.11999999995,13980.124999999995,0,31912.0,14475.0,8862.6,6983.8,3377.7999999999997,9361.0,971.5,30.8,129073259200.20215,126.72605698224872,1346.5493119019602
6,261892.71000000014,109748.94999999997,32811.82090529989,18029.142901999974,3123.0346783999794,51877.53999999997,999.1000000000008,0,31912.0,14475.0,8862.6,6983.8,3377.7999999999997,9361.0,971.5,30.8,105234446059.49976,36.88256357329099,798.8376205520966
7,312743.77999999945,101731.77999999993,36606.91165459974,19316.881819499966,6621.675259949937,55266.719999999965,6892.819999999996,0,31912.0,14475.0,8862.6,6983.8,3377.7999999999997,9361.0,971.5,30.8,76381576152.92917,40.15526723505775,897.6519749084372
