,contributed_CCGT,contributed_Coal,contributed_Onshore,contributed_Offshore,contributed_PV,contributed_Nuclear,contributed_Recip_gas,contributed_Biomass,total_CCGT,total_Coal,total_Onshore,total_Offshore,total_PV,total_Nuclear,total_Recip_gas,Carbon_tax,total_genco_wealth,Electricity_cost,Carbon_emitted
0,352129.25999999844,189553.21999999962,23300.55530880004,29579.745223999984,3154.551064599939,165604.86687359976,18228.24000000002,0,31912.0,14475.0,8862.6,6983.8,3377.7999999999997,9361.0,971.5,30.8,18099350310.67215,104.19165751637088,1188.6569462015602
1,235985.46000000037,184363.08999999973,23464.752699000044,29595.668287999964,3122.2863189999775,165604.86687359976,11664.249999999995,0,31912.0,14475.0,8862.6,6983.8,3377.7999999999997,9361.0,971.5,30.8,13359050562.18805,55.90608659506133,925.2063777598216
2,335136.539999999,203638.12999999983,21601.84304159999,29224.130127999983,1658.9456695999324,165604.86687359976,17324.200000000004,0,31912.0,14475.0,8862.6,6983.8,3377.7999999999997,9361.0,971.5,30.8,22931986469.91647,90.62903356443321,1184.6797330857396
3,359113.8199999981,209050.88999999958,23278.20383160005,29656.706700000013,3188.160174599965,165604.86687359976,18430.970000000023,0,31912.0,14475.0,8862.6,6983.8,3377.7999999999997,9361.0,971.5,30.8,50848039379.66634,135.08551655736667,1246.8014164242181
4,141518.46000000005,132193.06999999992,21995.525311300004,29595.668287999968,3116.600719849977,144957.33132720008,12047.399999999996,0,31912.0,14475.0,8862.6,6983.8,3377.7999999999997,9361.0,971.5,30.8,37841924142.91347,43.37202038171235,606.7140478118614
5,341945.5199999988,232966.8799999996,23464.752699000044,29595.668287999964,3122.2863189999775,165604.86687359976,17955.185000000016,0,31912.0,14475.0,8862.6,6983.8,3377.7999999999997,9361.0,971.5,30.8,54102659547.12258,90.98728415615028,1263.378636768237
6,128191.14000000009,157212.36999999988,25095.234186500027,32925.914206999994,4477.2553294999825,131916.16182640026,12571.199999999995,0,31912.0,14475.0,8862.6,6983.8,3377.7999999999997,9361.0,971.5,30.8,34743882470.710846,42.148770569568185,636.5509181932622
7,219372.7200000004,98274.41999999995,31243.286469599938,38306.24775700007,7415.083125749929,143340.0847816001,11523.599999999997,0,31912.0,14475.0,8862.6,6983.8,3377.7999999999997,9361.0,971.5,30.8,12718091040.108791,45.23255136272479,698.1747403191624
