,contributed_CCGT,contributed_Coal,contributed_Onshore,contributed_Offshore,contributed_PV,contributed_Nuclear,contributed_Recip_gas,contributed_Biomass,total_CCGT,total_Coal,total_Onshore,total_Offshore,total_PV,total_Nuclear,total_Recip_gas,Carbon_tax,total_genco_wealth,Electricity_cost,Carbon_emitted
0,342605.15999999864,200030.1999999996,23300.55530880004,29579.745223999984,3154.551064599939,165604.86687359976,16341.10499999998,0,31912.0,14475.0,8862.6,6983.8,3377.7999999999997,9361.0,971.5,30.8,17196329010.216404,103.1408608522939,1187.9934913696004
1,225153.72000000047,192185.6699999999,23464.752699000044,29595.668287999964,3122.2863189999775,165604.86687359976,13408.309999999992,0,31912.0,14475.0,8862.6,6983.8,3377.7999999999997,9361.0,971.5,30.8,11537867511.281301,55.62661589269418,918.8102876866617
2,335404.91999999894,202721.72999999963,21601.84304159999,29224.130127999983,1658.9456695999324,165604.86687359976,17127.775,0,31912.0,14475.0,8862.6,6983.8,3377.7999999999997,9361.0,971.5,30.8,20276318200.870537,90.1413547200412,1180.9326092485398
3,355926.3199999982,211543.33999999953,23278.20383160005,29656.706700000013,3188.160174599965,165604.86687359976,18430.970000000023,0,31912.0,14475.0,8862.6,6983.8,3377.7999999999997,9361.0,971.5,30.8,46004298207.732414,132.33954343453345,1245.8924393693178
4,143183.82000000007,126359.70999999999,21980.87794269999,29595.668287999968,3116.600719849977,146673.35227440007,10999.799999999997,0,31912.0,14475.0,8862.6,6983.8,3377.7999999999997,9361.0,971.5,30.8,32813463405.96519,43.75270981036052,594.9987624545823
5,362961.83999999816,206883.44999999966,23464.752699000044,29595.668287999964,3122.2863189999775,165604.86687359976,18430.970000000023,0,31912.0,14475.0,8862.6,6983.8,3377.7999999999997,9361.0,971.5,30.8,49423779047.39908,93.37318441212476,1250.6534357430971
6,141007.2000000001,142678.74,25031.85691820003,32891.62870699998,4477.2553294999825,134623.61240160023,10999.799999999997,0,31912.0,14475.0,8862.6,6983.8,3377.7999999999997,9361.0,971.5,30.8,29491891350.57558,42.53135174993805,626.9472650785218
7,174886.0200000002,146059.14999999997,31091.167208999937,38204.78456500007,7411.1254933499295,141522.3409432001,12571.199999999995,0,31912.0,14475.0,8862.6,6983.8,3377.7999999999997,9361.0,971.5,30.8,5101880936.419737,43.54871868194912,706.595880831702
