,contributed_CCGT,contributed_Coal,contributed_Onshore,contributed_Offshore,contributed_PV,contributed_Nuclear,contributed_Recip_gas,contributed_Biomass,total_CCGT,total_Coal,total_Onshore,total_Offshore,total_PV,total_Nuclear,total_Recip_gas,Carbon_tax,total_genco_wealth,Electricity_cost,Carbon_emitted
0,394330.0799999977,222255.00999999986,22883.186812800028,29579.745223999984,3154.551064599939,95569.24999999987,13289.969999999996,0,31912.0,14475.0,8862.6,6983.8,3377.7999999999997,9361.0,971.5,30.8,12475288171.495913,88.60800146141355,1337.2706315039763
1,303955.3199999993,204618.98999999976,22532.7970593,29161.719535999964,3120.3993810999773,78011.27999999991,4040.0499999999956,0,31912.0,14475.0,8862.6,6983.8,3377.7999999999997,9361.0,971.5,30.8,5726128343.022443,54.26303202652971,1092.9542519880215
2,402804.64999999764,209105.96999999983,20974.480574499885,29224.130127999983,1657.1876737499329,96758.46999999987,13287.059999999994,0,31912.0,14475.0,8862.6,6983.8,3377.7999999999997,9361.0,971.5,30.8,17147644286.591684,95.25080693087007,1326.0515294260574
3,414778.1399999979,222952.1699999999,22421.866811699972,29517.51726000001,3183.692127099964,102439.7599999999,13288.999999999995,0,31912.0,14475.0,8862.6,6983.8,3377.7999999999997,9361.0,971.5,30.8,33507943668.80124,106.623952332319,1381.258035313656
4,225454.2700000003,136027.24999999997,17701.30216640002,22746.90590599998,3024.2444019499812,73894.59999999993,211.45999999999995,0,31912.0,14475.0,8862.6,6983.8,3377.7999999999997,9361.0,971.5,30.8,19149643167.72696,41.1112115326367,762.5565351755034
5,416980.8799999977,217191.86999999985,23188.057434500035,29595.668287999964,3122.2863189999775,102645.39999999989,13289.969999999996,0,31912.0,14475.0,8862.6,6983.8,3377.7999999999997,9361.0,971.5,30.8,42726772872.413315,104.49278637188367,1372.8780447142567
6,248414.64000000022,123130.47000000004,17142.44820940001,22131.615957499973,3030.429610499978,71234.85999999993,183.32999999999998,0,31912.0,14475.0,8862.6,6983.8,3377.7999999999997,9361.0,971.5,30.8,20225882880.678223,40.51377107800817,788.6486603970628
7,259809.38000000018,147282.09999999998,22619.43712950005,27439.293308000008,7307.786435099926,76982.10999999991,1012.680000000001,0,31912.0,14475.0,8862.6,6983.8,3377.7999999999997,9361.0,971.5,30.8,-6721317539.988072,42.89413136463014,868.2796316558023
