,contributed_CCGT,contributed_Coal,contributed_Onshore,contributed_Offshore,contributed_PV,contributed_Nuclear,contributed_Recip_gas,contributed_Biomass,total_CCGT,total_Coal,total_Onshore,total_Offshore,total_PV,total_Nuclear,total_Recip_gas,Carbon_tax,total_genco_wealth,Electricity_cost,Carbon_emitted
0,399649.1799999976,227435.00999999986,23216.183971600036,29579.745223999984,3154.551064599939,76679.46999999999,13085.300000000001,0,31912.0,14475.0,8862.6,6983.8,3377.7999999999997,9361.0,971.5,30.8,37664842928.26389,170.59675139753963,1359.2587757239753
1,334228.0799999986,193490.25999999972,23163.78316510003,29595.668287999964,3120.703164549978,55173.600000000006,3730.62,0,31912.0,14475.0,8862.6,6983.8,3377.7999999999997,9361.0,971.5,30.8,37156968091.14581,73.50784660939088,1129.871355703481
2,404048.6499999977,220881.19999999992,21478.29935049995,29224.130127999983,1658.7957330499326,72363.94,13103.73,0,31912.0,14475.0,8862.6,6983.8,3377.7999999999997,9361.0,971.5,30.8,82183076379.27693,188.49863384359597,1354.479914197596
3,415739.9399999977,236048.05999999994,23090.631546300043,29656.706700000013,3188.160174599965,81162.80999999997,13208.490000000003,0,31912.0,14475.0,8862.6,6983.8,3377.7999999999997,9361.0,971.5,30.8,140774617623.03256,222.09770464965936,1412.2691967678754
4,196411.86000000034,194734.76999999973,18970.33731660001,24692.057610499975,3024.2444019499812,46686.100000000006,0.0,0,31912.0,14475.0,8862.6,6983.8,3377.7999999999997,9361.0,971.5,30.8,125965068735.88922,40.47921528286421,833.2468521084617
5,426965.8399999978,220682.87999999992,23464.752699000044,29595.668287999964,3122.2863189999775,81247.19999999998,14757.579999999993,0,31912.0,14475.0,8862.6,6983.8,3377.7999999999997,9361.0,971.5,30.8,216127202810.59146,219.61448172797836,1403.9165945462366
6,231358.08000000034,164678.09999999986,19264.304255599993,24737.776407999987,4211.400125299979,44057.399999999994,0.0,0,31912.0,14475.0,8862.6,6983.8,3377.7999999999997,9361.0,971.5,30.8,193903071648.5485,42.11076400610701,842.8531421838044
7,272903.18000000017,175276.53999999992,21266.588828600037,25794.933691,7115.848855549934,45599.70000000001,126.1,0,31912.0,14475.0,8862.6,6983.8,3377.7999999999997,9361.0,971.5,30.8,167995507039.65265,43.176100621870546,955.5742353629217
