,contributed_CCGT,contributed_Coal,contributed_Onshore,contributed_Offshore,contributed_PV,contributed_Nuclear,contributed_Recip_gas,contributed_Biomass,total_CCGT,total_Coal,total_Onshore,total_Offshore,total_PV,total_Nuclear,total_Recip_gas,Carbon_tax,total_genco_wealth,Electricity_cost,Carbon_emitted
0,359768.77999999863,251596.5599999999,23300.55530880004,29579.745223999984,3154.551064599939,95126.92999999996,13243.40999999999,0,31912.0,14475.0,8862.6,6983.8,3377.7999999999997,9361.0,971.5,30.8,30609937832.190235,145.79248108089823,1332.5365613708773
1,273271.3800000001,230579.01000000007,23263.290615100042,29595.668287999964,3122.091428349978,80337.33999999997,3931.4100000000003,0,31912.0,14475.0,8862.6,6983.8,3377.7999999999997,9361.0,971.5,30.8,25148589805.666348,54.87368559899918,1088.3252416159803
2,361205.4799999986,243670.73,21148.400003099916,29224.130127999983,1658.2850890999325,99926.48999999995,13270.56999999999,0,31912.0,14475.0,8862.6,6983.8,3377.7999999999997,9361.0,971.5,30.8,64027308620.56339,167.93405212084213,1318.6994759605368
3,370252.4999999986,263142.55,22568.253896100014,29006.897580000008,3185.1984973999643,106384.74999999994,13254.07999999999,0,31912.0,14475.0,8862.6,6983.8,3377.7999999999997,9361.0,971.5,30.8,101399412816.68315,156.0106071801415,1380.480832064896
4,169556.7300000002,201327.0000000001,17224.26061870002,21829.923801999987,3095.603563199977,74688.05999999997,200.78999999999996,0,31912.0,14475.0,8862.6,6983.8,3377.7999999999997,9361.0,971.5,30.8,86731852090.85985,39.02777680391366,793.8484307460012
5,376018.29999999824,264030.51,23457.718356000045,29595.668287999964,3122.2863189999775,97518.94999999995,13254.07999999999,0,31912.0,14475.0,8862.6,6983.8,3377.7999999999997,9361.0,971.5,30.8,140542003804.67337,155.55972047389196,1394.1667982329766
6,160277.58000000022,216946.40000000008,17580.998120100016,22570.82312099997,2918.1829042999807,70876.92999999998,165.87,0,31912.0,14475.0,8862.6,6983.8,3377.7999999999997,9361.0,971.5,30.8,116863467086.82855,36.923357450825655,809.7939665672012
7,194748.5700000004,221279.02999999997,21335.228628200028,26141.512861999996,6028.572296849974,79295.55999999997,174.6,0,31912.0,14475.0,8862.6,6983.8,3377.7999999999997,9361.0,971.5,30.8,89306191295.62326,40.69857579328096,896.896187203942
