,contributed_CCGT,contributed_Coal,contributed_Onshore,contributed_Offshore,contributed_PV,contributed_Nuclear,contributed_Recip_gas,contributed_Biomass,total_CCGT,total_Coal,total_Onshore,total_Offshore,total_PV,total_Nuclear,total_Recip_gas,Carbon_tax,total_genco_wealth,Electricity_cost,Carbon_emitted
0,351184.6799999979,190952.30999999985,23300.55530880004,29579.745223999984,3154.551064599939,165604.86687359976,17955.185000000016,0,31912.0,14475.0,8862.6,6983.8,3377.7999999999997,9361.0,971.5,30.8,17429774625.83487,103.64279734715012,1188.3829040993796
1,270446.3400000005,149120.3999999999,23464.752699000044,29595.668287999964,3122.2863189999775,165604.86687359976,13410.24999999999,0,31912.0,14475.0,8862.6,6983.8,3377.7999999999997,9361.0,971.5,30.8,11951257054.011433,58.19186517699281,916.3691974592011
2,347440.0799999983,192796.16999999955,21601.84304159999,29224.130127999983,1658.9456695999324,165604.86687359976,17400.83000000001,0,31912.0,14475.0,8862.6,6983.8,3377.7999999999997,9361.0,971.5,30.8,20995210363.291798,91.64451230167568,1183.7704109656597
3,362443.81999999814,207189.64999999962,23278.20383160005,29656.706700000013,3188.160174599965,165604.86687359976,18430.970000000023,0,31912.0,14475.0,8862.6,6983.8,3377.7999999999997,9361.0,971.5,30.8,48843274695.80271,135.4812687900246,1250.2851092106991
4,140043.90000000005,132347.11999999997,21963.9421307,29595.668287999968,3116.600719849977,144165.6618696001,12571.199999999995,0,31912.0,14475.0,8862.6,6983.8,3377.7999999999997,9361.0,971.5,30.8,35584509887.02266,42.88690380503823,605.1277518737613
5,384810.11999999767,188035.62999999992,23464.752699000044,29595.668287999964,3122.2863189999775,165604.86687359976,18430.970000000023,0,31912.0,14475.0,8862.6,6983.8,3377.7999999999997,9361.0,971.5,30.8,52967372885.76053,94.16028920092572,1252.948456290739
6,154381.14000000025,130184.89,25107.37461920003,32925.914206999994,4477.2553294999825,132812.50266480024,12571.199999999995,0,31912.0,14475.0,8862.6,6983.8,3377.7999999999997,9361.0,971.5,30.8,32898602820.12669,44.39033048210419,629.690811456222
7,182844.18000000017,135462.09000000005,31140.259490999935,38204.78456500007,7414.15220374993,143308.3885184001,11523.599999999997,0,31912.0,14475.0,8862.6,6983.8,3377.7999999999997,9361.0,971.5,30.8,9053852042.902868,44.14381355074509,705.201166901822
