,contributed_CCGT,contributed_Coal,contributed_Onshore,contributed_Offshore,contributed_PV,contributed_Nuclear,contributed_Recip_gas,contributed_Biomass,total_CCGT,total_Coal,total_Onshore,total_Offshore,total_PV,total_Nuclear,total_Recip_gas,Carbon_tax,total_genco_wealth,Electricity_cost,Carbon_emitted
0,341273.38000000024,241281.14999999988,52715.209932499936,25818.63009199998,3174.1042438499358,91843.47999999991,11962.039999999992,0,31912.0,14475.0,8862.6,6983.8,3377.7999999999997,9361.0,971.5,30.8,91403320237.9942,315.36367745202364,1262.1248330276994
1,253200.05000000008,230307.18999999994,49031.00292899989,22898.186052999954,3124.365776149973,78257.65999999993,5819.514999999996,0,31912.0,14475.0,8862.6,6983.8,3377.7999999999997,9361.0,971.5,30.8,104108804259.32698,85.8034056063729,1040.2832362616207
2,314675.73999999976,268783.34,52827.97552679974,26577.832596000015,1668.431882749933,86080.70999999992,12407.269999999986,0,31912.0,14475.0,8862.6,6983.8,3377.7999999999997,9361.0,971.5,30.8,227635573956.6829,334.33822066091795,1273.948152489318
3,357859.74999999977,264971.26,56124.73291799971,26363.26901100001,3182.1713971499626,96149.30999999994,11955.249999999989,0,31912.0,14475.0,8862.6,6983.8,3377.7999999999997,9361.0,971.5,30.8,371204830069.27936,350.05611662553787,1352.1878245014802
4,158781.03999999998,186997.40000000005,38313.197274399936,18698.521432999976,3075.1732909499756,70036.90999999995,293.90999999999985,0,31912.0,14475.0,8862.6,6983.8,3377.7999999999997,9361.0,971.5,30.8,359960515305.9408,34.92925238515505,740.3766115851994
5,343702.3699999998,257976.85999999987,56831.95135289995,26755.235737999963,3139.1455541499754,104345.80999999994,12573.139999999983,0,31912.0,14475.0,8862.6,6983.8,3377.7999999999997,9361.0,971.5,30.8,586688971255.3662,350.4269825559326,1305.5037799502795
6,152239.8900000001,206380.61,37754.39033329984,19396.957309999972,2976.159459649977,65009.39999999995,348.2299999999998,0,31912.0,14475.0,8862.6,6983.8,3377.7999999999997,9361.0,971.5,30.8,569045446581.9899,35.61766839862751,770.27116399278
7,190635.87999999968,222023.6299999999,37573.86276999968,18392.47062999996,5957.41196054997,71483.17999999995,323.0099999999998,0,31912.0,14475.0,8862.6,6983.8,3377.7999999999997,9361.0,971.5,30.8,547530802435.5644,37.2569301738649,883.4945177547387
