,contributed_CCGT,contributed_Coal,contributed_Onshore,contributed_Offshore,contributed_PV,contributed_Nuclear,contributed_Recip_gas,contributed_Biomass,total_CCGT,total_Coal,total_Onshore,total_Offshore,total_PV,total_Nuclear,total_Recip_gas,Carbon_tax,total_genco_wealth,Electricity_cost,Carbon_emitted
0,370964.6099999985,182696.7599999999,57758.0548855999,23838.034463500007,3159.279058399937,119553.46999999991,11757.370000000004,0,31912.0,14475.0,8862.6,6983.8,3377.7999999999997,9361.0,971.5,30.8,34841019958.386246,123.26860590953918,1207.7978991504774
1,271854.18000000005,159341.4699999999,54944.342682499984,24525.067341999973,3130.637831899973,110237.58999999992,6776.420000000001,0,31912.0,14475.0,8862.6,6983.8,3377.7999999999997,9361.0,971.5,30.8,37456573957.19203,67.7654333006636,944.1886116350579
2,344351.14999999903,194110.18,59805.14785199983,24835.06058100001,1673.0999400499327,121747.60999999993,13275.904999999995,0,31912.0,14475.0,8862.6,6983.8,3377.7999999999997,9361.0,971.5,30.8,70639901056.55032,123.77083139375073,1188.230383961636
3,342898.32999999885,219230.7600000001,60488.04670879974,28866.344400000005,3192.510096749961,132847.31999999995,13919.49999999997,0,31912.0,14475.0,8862.6,6983.8,3377.7999999999997,9361.0,971.5,30.8,108770009669.80351,125.34259446562471,1241.460209182477
4,174476.08999999973,142874.1599999999,43331.588265599996,18531.003258999976,3083.853908749975,80083.19999999995,193.99999999999994,0,31912.0,14475.0,8862.6,6983.8,3377.7999999999997,9361.0,971.5,30.8,96042373582.41853,36.245754119084886,695.9315569356818
5,361585.2599999984,215953.5600000001,58796.89398140009,28640.893915999965,3139.0964011499755,122969.80999999991,13650.324999999997,0,31912.0,14475.0,8862.6,6983.8,3377.7999999999997,9361.0,971.5,30.8,150949340700.27338,126.71153931890308,1272.716974306875
6,200596.39999999997,118520.32999999987,42413.38533439986,18427.121300499974,4208.462527299983,89183.73999999996,830.3200000000012,0,31912.0,14475.0,8862.6,6983.8,3377.7999999999997,9361.0,971.5,30.8,132117301985.03468,37.79758378374006,692.6905160413412
7,218793.58,138985.30999999997,45805.196779499805,20816.289628999984,6122.033734199965,97574.23999999995,3259.1999999999935,0,31912.0,14475.0,8862.6,6983.8,3377.7999999999997,9361.0,971.5,30.8,108586922810.74692,39.642694072892006,781.5028126433792
