,contributed_CCGT,contributed_Coal,contributed_Onshore,contributed_Offshore,contributed_PV,contributed_Nuclear,contributed_Recip_gas,contributed_Biomass,total_CCGT,total_Coal,total_Onshore,total_Offshore,total_PV,total_Nuclear,total_Recip_gas,Carbon_tax,total_genco_wealth,Electricity_cost,Carbon_emitted
0,317058.2599999998,286117.71000000014,52311.105148599614,24025.021436500007,3151.315743199939,91127.6199999999,11934.394999999993,0,31912.0,14475.0,8862.6,6983.8,3377.7999999999997,9361.0,971.5,30.8,42956262700.81697,167.86336187058063,1312.865811028579
1,237152.79999999946,265298.06000000023,50013.10066229974,23947.93749349996,3114.926476099976,70579.13999999996,3263.0799999999963,0,31912.0,14475.0,8862.6,6983.8,3377.7999999999997,9361.0,971.5,30.8,51977347277.50217,82.76602115768038,1080.2186356078766
2,324036.21999999974,291194.8500000002,48022.174944499566,21879.819733000004,1658.2824435999353,91048.07999999993,12714.75999999999,0,31912.0,14475.0,8862.6,6983.8,3377.7999999999997,9361.0,971.5,30.8,132434382368.33316,259.6216759384669,1335.2184908202973
3,344511.0199999995,284297.1900000001,55759.68682339951,26671.160040000002,3176.965476699964,101567.72999999992,12832.129999999983,0,31912.0,14475.0,8862.6,6983.8,3377.7999999999997,9361.0,971.5,30.8,249806142263.44354,329.27914320354023,1367.5364711916184
4,157533.6899999997,205089.82000000012,42395.784645599946,18537.350227999974,3072.2428576499774,53749.63999999997,916.6500000000008,0,31912.0,14475.0,8862.6,6983.8,3377.7999999999997,9361.0,971.5,30.8,233528643307.80838,26.135527745092332,779.2912043683589
5,354348.0599999992,290303.4300000002,52143.36123469983,27751.606135999973,3127.9171443499777,88981.00999999992,12959.199999999986,0,31912.0,14475.0,8862.6,6983.8,3377.7999999999997,9361.0,971.5,30.8,383604405618.9824,282.40324808671386,1394.077166415139
6,143556.6599999999,225899.59000000023,39163.66436839988,18955.80558199997,3178.3472390499783,65824.19999999995,1213.4700000000007,0,31912.0,14475.0,8862.6,6983.8,3377.7999999999997,9361.0,971.5,30.8,359958117502.24884,28.820188930067875,797.955257226819
7,190691.04999999984,225479.46000000005,39472.39451339979,20619.028322999988,7107.36555454994,68547.95999999993,1188.2500000000007,0,31912.0,14475.0,8862.6,6983.8,3377.7999999999997,9361.0,971.5,30.8,332100495270.123,33.28573883254031,892.649395085078
