,contributed_CCGT,contributed_Coal,contributed_Onshore,contributed_Offshore,contributed_PV,contributed_Nuclear,contributed_Recip_gas,contributed_Biomass,total_CCGT,total_Coal,total_Onshore,total_Offshore,total_PV,total_Nuclear,total_Recip_gas,Carbon_tax,total_genco_wealth,Electricity_cost,Carbon_emitted
0,351508.12999999826,248300.81999999998,22567.20220270003,29444.685319999982,3154.551064599939,116487.3,13055.229999999996,0,31912.0,14475.0,8862.6,6983.8,3377.7999999999997,9361.0,971.5,30.8,9204772525.96354,74.96173543164163,1307.10715914636
1,254689.98000000024,233968.30000000008,21943.132128999994,28464.717835999967,3118.332387999977,102589.13999999994,2098.1100000000015,0,31912.0,14475.0,8862.6,6983.8,3377.7999999999997,9361.0,971.5,30.8,2530353303.7227902,49.31294892916295,1054.446255543404
2,352957.33999999845,248201.53999999992,20172.550602399817,28306.120047999986,1656.0081708999328,116593.03000000001,13094.999999999995,0,31912.0,14475.0,8862.6,6983.8,3377.7999999999997,9361.0,971.5,30.8,11284950275.351274,85.70201739040313,1309.8610456729182
3,371912.7599999983,255379.22,21597.54395309994,28533.969796000005,3177.8900532499647,124713.87000000002,13289.969999999996,0,31912.0,14475.0,8862.6,6983.8,3377.7999999999997,9361.0,971.5,30.8,24470826205.893852,92.75665949482227,1366.6009375295582
4,154448.74000000028,195530.92999999988,16898.734758800016,21015.188972499986,3048.0436875499795,91602.91999999994,168.78,0,31912.0,14475.0,8862.6,6983.8,3377.7999999999997,9361.0,971.5,30.8,9635390115.266827,37.12319805529699,751.1522711001425
5,369248.54999999824,258911.30999999997,22763.38138530002,29445.67119199996,3122.2863189999775,120152.93000000001,13289.969999999996,0,31912.0,14475.0,8862.6,6983.8,3377.7999999999997,9361.0,971.5,30.8,29720735056.77532,96.15308268389612,1368.1499201113782
6,156830.54000000027,203071.8400000001,16719.804349000005,21467.955476499974,3198.7692128499766,91254.6899999999,178.48,0,31912.0,14475.0,8862.6,6983.8,3377.7999999999997,9361.0,971.5,30.8,6068476729.621027,35.99734910361232,771.8624082323231
7,213216.38000000032,186148.52999999977,19203.9566077,24127.79827050001,6931.706046299932,98817.77999999997,229.88999999999993,0,31912.0,14475.0,8862.6,6983.8,3377.7999999999997,9361.0,971.5,30.8,-21484527188.454903,39.03445077408966,857.0321224449426
