,contributed_CCGT,contributed_Coal,contributed_Onshore,contributed_Offshore,contributed_PV,contributed_Nuclear,contributed_Recip_gas,contributed_Biomass,total_CCGT,total_Coal,total_Onshore,total_Offshore,total_PV,total_Nuclear,total_Recip_gas,Carbon_tax,total_genco_wealth,Electricity_cost,Carbon_emitted
0,317600.95999999944,293973.00000000023,49047.71070369967,21191.161319999996,3112.6412149499397,85891.55999999992,12752.58999999999,0,31912.0,14475.0,8862.6,6983.8,3377.7999999999997,9361.0,971.5,30.8,61841590007.347015,236.03566141322435,1336.701086273999
1,244466.70999999956,240604.87000000008,52767.966961799764,26251.67964999997,3127.7665870499764,80071.55999999992,4480.429999999996,0,31912.0,14475.0,8862.6,6983.8,3377.7999999999997,9361.0,971.5,30.8,68964289665.6526,85.34556558115462,1042.5783876682597
2,342277.22999999946,272033.4800000001,53023.64783589954,24301.288540000005,1664.665075199935,86430.8799999999,13011.57999999999,0,31912.0,14475.0,8862.6,6983.8,3377.7999999999997,9361.0,971.5,30.8,157591548721.9002,281.9102289354523,1328.9121830250397
3,355225.46999999916,281088.3500000001,53925.68411659962,25804.354295999998,3180.1745144999636,93141.3399999999,13245.34999999999,0,31912.0,14475.0,8862.6,6983.8,3377.7999999999997,9361.0,971.5,30.8,280388990937.50244,343.7218515758063,1378.2868118132997
4,135169.35999999984,229561.45000000016,36546.124819800054,18755.185208999974,2876.5506555499815,66384.85999999994,1196.010000000001,0,31912.0,14475.0,8862.6,6983.8,3377.7999999999997,9361.0,971.5,30.8,264112211050.75388,27.969051940462904,789.0646615070992
5,338608.71999999945,292974.19000000024,52234.843156899835,25265.550867499984,3125.7951874499777,93157.8299999999,12908.759999999984,0,31912.0,14475.0,8862.6,6983.8,3377.7999999999997,9361.0,971.5,30.8,459505579338.3058,326.74712418072477,1373.89074153762
6,144381.0999999997,224674.25000000015,34795.67610879994,16692.09439599999,2923.6102306499774,69446.17999999995,974.8500000000008,0,31912.0,14475.0,8862.6,6983.8,3377.7999999999997,9361.0,971.5,30.8,435599534722.7074,29.932300166656173,796.4102506014995
7,187944.8099999997,215436.64000000016,41264.19559509974,22456.501090000005,6072.808404949972,74798.63999999993,1319.2000000000005,0,31912.0,14475.0,8862.6,6983.8,3377.7999999999997,9361.0,971.5,30.8,408583018412.76373,36.12862735492269,865.1196666427192
