,contributed_CCGT,contributed_Coal,contributed_Onshore,contributed_Offshore,contributed_PV,contributed_Nuclear,contributed_Recip_gas,contributed_Biomass,total_CCGT,total_Coal,total_Onshore,total_Offshore,total_PV,total_Nuclear,total_Recip_gas,Carbon_tax,total_genco_wealth,Electricity_cost,Carbon_emitted
0,406416.1799999977,224010.00999999998,23300.55530880004,29579.745223999984,3154.551064599939,71096.15,13093.06,0,31912.0,14475.0,8862.6,6983.8,3377.7999999999997,9361.0,971.5,30.8,37681125177.28814,173.3679766629564,1366.2459603739765
1,316381.79999999906,210209.0299999998,23150.885210900033,29595.668287999964,3120.777670149978,54087.20000000001,5127.419999999997,0,31912.0,14475.0,8862.6,6983.8,3377.7999999999997,9361.0,971.5,30.8,37220813816.28774,72.79574437293674,1132.8609715639404
2,403349.31999999774,217116.81999999983,21601.84304159999,29224.130127999983,1658.9433711499328,79732.05999999998,13067.840000000002,0,31912.0,14475.0,8862.6,6983.8,3377.7999999999997,9361.0,971.5,30.8,82705071896.2008,190.12478479138792,1344.5875875943561
3,433963.5199999979,216871.53999999983,23278.20383160005,29656.706700000013,3188.160174599965,79708.77999999997,14581.03999999999,0,31912.0,14475.0,8862.6,6983.8,3377.7999999999997,9361.0,971.5,30.8,141918255930.1615,222.546269508054,1409.258892292916
4,213812.37000000037,168789.2999999998,17918.42421160005,23187.803480499977,2774.975628849979,53000.8,0.0,0,31912.0,14475.0,8862.6,6983.8,3377.7999999999997,9361.0,971.5,30.8,127240542288.48126,41.60809333430646,811.6465969014035
5,411723.8599999977,234640.62999999986,23464.752699000044,29595.668287999964,3122.2863189999775,82417.98999999996,13079.480000000001,0,31912.0,14475.0,8862.6,6983.8,3377.7999999999997,9361.0,971.5,30.8,216610327286.99985,215.8764967957461,1400.7141275807353
6,228025.16000000038,172308.0899999999,17035.537544799998,21491.495117999977,3168.8072653999798,50828.0,0.0,0,31912.0,14475.0,8862.6,6983.8,3377.7999999999997,9361.0,971.5,30.8,194182614041.47656,40.30491034078839,851.9998506098221
7,275256.57000000007,167144.53999999992,20360.32487080003,24716.446989000004,7005.173672249942,54087.20000000001,300.7,0,31912.0,14475.0,8862.6,6983.8,3377.7999999999997,9361.0,971.5,30.8,168030993377.38736,42.155655424357796,940.6647774869217
