,contributed_CCGT,contributed_Coal,contributed_Onshore,contributed_Offshore,contributed_PV,contributed_Nuclear,contributed_Recip_gas,contributed_Biomass,total_CCGT,total_Coal,total_Onshore,total_Offshore,total_PV,total_Nuclear,total_Recip_gas,Carbon_tax,total_genco_wealth,Electricity_cost,Carbon_emitted
0,407001.7399999977,221379.65999999992,23300.55530880004,29579.745223999984,3154.551064599939,74337.88999999998,13105.67,0,31912.0,14475.0,8862.6,6983.8,3377.7999999999997,9361.0,971.5,30.8,38687467460.24479,174.74986541961118,1360.7139277446759
1,320249.75999999914,208722.2499999998,23464.752699000044,29595.668287999964,3122.130233349978,50701.90000000001,4108.919999999999,0,31912.0,14475.0,8862.6,6983.8,3377.7999999999997,9361.0,971.5,30.8,38431184879.636505,74.68424848739669,1135.2805677655008
2,407087.09999999765,212751.27999999977,21594.808698599987,29224.130127999983,1658.9456695999324,80109.38999999998,13076.570000000002,0,31912.0,14475.0,8862.6,6983.8,3377.7999999999997,9361.0,971.5,30.8,84824000314.92621,192.76247862972423,1342.4517456694361
3,424129.4399999979,223460.9599999999,23278.20383160005,29656.706700000013,3188.160174599965,81062.89999999998,14138.234999999999,0,31912.0,14475.0,8862.6,6983.8,3377.7999999999997,9361.0,971.5,30.8,142897714684.67557,221.61175497750227,1403.1004343520754
4,227293.8400000005,155794.79999999996,18438.911661600017,23623.51870999998,2603.510064849983,54087.20000000001,0.0,0,31912.0,14475.0,8862.6,6983.8,3377.7999999999997,9361.0,971.5,30.8,128637788602.71835,42.08985797157393,810.0180796904021
5,422172.51999999763,229449.1599999999,23464.752699000044,29595.668287999964,3122.2863189999775,80382.92999999998,13077.54,0,31912.0,14475.0,8862.6,6983.8,3377.7999999999997,9361.0,971.5,30.8,217212103873.97308,219.03059981447623,1410.3367334056761
6,238588.64000000028,159369.75999999992,16716.325929000002,20905.65610999997,2918.1839987999806,53000.8,0.0,0,31912.0,14475.0,8862.6,6983.8,3377.7999999999997,9361.0,971.5,30.8,195325813324.41785,40.86035994470713,845.5917403644837
7,280530.72999999986,157711.46999999997,23899.74587190003,29450.737979000012,7182.393629699933,46356.3,174.6,0,31912.0,14475.0,8862.6,6983.8,3377.7999999999997,9361.0,971.5,30.8,169589762487.06036,43.90109316418082,931.9147451150626
