,contributed_CCGT,contributed_Coal,contributed_Onshore,contributed_Offshore,contributed_PV,contributed_Nuclear,contributed_Recip_gas,contributed_Biomass,total_CCGT,total_Coal,total_Onshore,total_Offshore,total_PV,total_Nuclear,total_Recip_gas,Carbon_tax,total_genco_wealth,Electricity_cost,Carbon_emitted
0,350723.74,224563.7999999996,56759.536158099945,26538.32873599998,3175.2410803499356,112601.47999999998,12051.279999999992,0,31912.0,14475.0,8862.6,6983.8,3377.7999999999997,9361.0,971.5,30.8,120884763145.04886,348.2724186366509,1238.2798596723972
1,262989.88,210304.97999999966,48601.08653239992,25205.52186599997,3140.3418479999727,82195.85999999993,6068.319999999995,0,31912.0,14475.0,8862.6,6983.8,3377.7999999999997,9361.0,971.5,30.8,141387701716.04037,111.88387449995963,1017.2102339220393
2,350253.94999999984,207302.3899999996,57448.7315273997,30013.90849599999,1678.4293128999318,115259.28000000001,12461.589999999995,0,31912.0,14475.0,8862.6,6983.8,3377.7999999999997,9361.0,971.5,30.8,272083030221.51425,355.299266426895,1202.0049595212176
3,347010.41000000015,254008.39999999982,57563.646069399714,27893.285856000017,3202.538532599961,100913.94999999992,13674.089999999971,0,31912.0,14475.0,8862.6,6983.8,3377.7999999999997,9361.0,971.5,30.8,417238255565.7661,357.7081705731073,1316.2791656231987
4,175066.5499999998,172330.9999999997,38288.96096109996,19060.234502999974,2614.7509969499797,69003.85999999996,340.4699999999998,0,31912.0,14475.0,8862.6,6983.8,3377.7999999999997,9361.0,971.5,30.8,404711128966.3086,37.4652127750745,740.9457670980004
5,361685.97999999975,233021.40999999974,59740.80736400004,28437.597247999965,3144.0928334499745,99428.87999999993,12798.179999999986,0,31912.0,14475.0,8862.6,6983.8,3377.7999999999997,9361.0,971.5,30.8,601971031368.0061,352.6855874336904,1286.829007911181
6,177814.34999999977,182396.24999999968,38958.99993619983,19415.215397999968,2964.3790117499784,64742.64999999995,295.84999999999985,0,31912.0,14475.0,8862.6,6983.8,3377.7999999999997,9361.0,971.5,30.8,581995073637.918,37.28646176200848,768.8455915374994
7,225824.99999999985,176721.7999999997,45285.37707749995,22174.06704,7098.137056249938,64622.36999999995,1626.6900000000012,0,31912.0,14475.0,8862.6,6983.8,3377.7999999999997,9361.0,971.5,30.8,557946660977.9242,40.42830704765803,856.5829082563996
