,contributed_CCGT,contributed_Coal,contributed_Onshore,contributed_Offshore,contributed_PV,contributed_Nuclear,contributed_Recip_gas,contributed_Biomass,total_CCGT,total_Coal,total_Onshore,total_Offshore,total_PV,total_Nuclear,total_Recip_gas,Carbon_tax,total_genco_wealth,Electricity_cost,Carbon_emitted
0,382403.7999999985,204381.4399999997,23300.55530880004,29579.745223999984,3154.551064599939,108553.66999999998,15014.629999999981,0,31912.0,14475.0,8862.6,6983.8,3377.7999999999997,9361.0,971.5,30.8,17631897348.056026,92.26731139756764,1275.385704233119
1,325505.1899999992,140599.55,23464.752699000044,29595.668287999964,3122.2863189999775,94734.07999999997,11187.980000000007,0,31912.0,14475.0,8862.6,6983.8,3377.7999999999997,9361.0,971.5,30.8,22045886291.395954,72.1765390017691,1006.2462646508983
2,400674.1399999979,200126.89999999973,21601.84304159999,29224.130127999983,1658.9456695999324,101103.09999999996,14233.294999999995,0,31912.0,14475.0,8862.6,6983.8,3377.7999999999997,9361.0,971.5,30.8,36744686852.62093,95.70594461386911,1301.442022016197
3,407121.96999999805,206033.8499999997,23278.20383160005,29656.706700000013,3188.160174599965,123764.23999999996,15027.239999999978,0,31912.0,14475.0,8862.6,6983.8,3377.7999999999997,9361.0,971.5,30.8,57615836594.36601,107.82093770379856,1336.4123416822977
4,217908.53000000006,135383.18000000002,23228.21205890003,29595.668287999968,3118.779869349977,48580.50999999998,4503.709999999998,0,31912.0,14475.0,8862.6,6983.8,3377.7999999999997,9361.0,971.5,30.8,52319943649.39973,51.42229320884002,755.2913707656394
5,421542.1299999978,198216.6199999997,23464.752699000044,29595.668287999964,3122.2863189999775,115758.82999999997,15000.07999999998,0,31912.0,14475.0,8862.6,6983.8,3377.7999999999997,9361.0,971.5,30.8,82153606917.06528,103.71217984630033,1344.5951906147584
6,228496.4000000003,130300.99000000003,23935.27410070003,31077.27492149999,4457.0660829999815,52749.56999999998,7254.144999999996,0,31912.0,14475.0,8862.6,6983.8,3377.7999999999997,9361.0,971.5,30.8,74070582302.10587,50.42612807448071,779.4395903540192
7,245427.01000000027,129440.95,32611.314572099916,37290.83307500007,7422.838225399928,71604.42999999996,10250.475000000006,0,31912.0,14475.0,8862.6,6983.8,3377.7999999999997,9361.0,971.5,30.8,66950242554.66559,55.6487172785919,820.3823166980999
