,contributed_CCGT,contributed_Coal,contributed_Onshore,contributed_Offshore,contributed_PV,contributed_Nuclear,contributed_Recip_gas,contributed_Biomass,total_CCGT,total_Coal,total_Onshore,total_Offshore,total_PV,total_Nuclear,total_Recip_gas,Carbon_tax,total_genco_wealth,Electricity_cost,Carbon_emitted
0,328445.46999999986,261821.42999999993,51503.33540789993,26692.388113999983,3170.256637549936,86373.6499999999,11959.129999999983,0,31912.0,14475.0,8862.6,6983.8,3377.7999999999997,9361.0,971.5,30.8,90152961388.24896,310.5722776440398,1275.9572984591375
1,253548.74000000005,230864.27000000002,48980.65824119988,27317.948337999973,3134.191878249974,74597.84999999995,3658.8399999999983,0,31912.0,14475.0,8862.6,6983.8,3377.7999999999997,9361.0,971.5,30.8,101019874558.3968,85.6974075098647,1037.8479739094614
2,333805.0899999995,247309.69999999992,52378.586564499674,25070.219446000003,1674.1554403999328,104869.60999999997,12713.789999999988,0,31912.0,14475.0,8862.6,6983.8,3377.7999999999997,9361.0,971.5,30.8,227541285824.31378,337.40525071068123,1257.1220918806002
3,360048.9699999997,250268.45999999993,54923.69767779966,28524.838236000003,3203.9209605999604,111910.83999999995,12813.699999999986,0,31912.0,14475.0,8862.6,6983.8,3377.7999999999997,9361.0,971.5,30.8,364147977971.6151,354.39978014837624,1318.4780360870775
4,139061.84000000005,223926.89000000004,38377.59797029994,19805.324252999962,2615.6618760499805,56641.20999999997,313.30999999999983,0,31912.0,14475.0,8862.6,6983.8,3377.7999999999997,9361.0,971.5,30.8,353407176581.88446,36.677229510169646,782.6015689922199
5,358581.40000000026,265582.98,53227.55674479998,24185.174451499977,3132.9429054999764,93571.04999999994,12217.149999999989,0,31912.0,14475.0,8862.6,6983.8,3377.7999999999997,9361.0,971.5,30.8,578618555453.389,349.3329316785559,1355.5022121060392
6,151874.56000000017,209919.40000000002,39075.950469399824,19318.80073399997,3382.677210749974,60273.859999999964,376.3599999999998,0,31912.0,14475.0,8862.6,6983.8,3377.7999999999997,9361.0,971.5,30.8,560050194689.6958,34.556021861426565,777.4830969212
7,190811.86999999968,218837.23999999996,38596.37447659975,19650.45274499997,5906.850636549976,68719.64999999995,591.6999999999998,0,31912.0,14475.0,8862.6,6983.8,3377.7999999999997,9361.0,971.5,30.8,537950126802.7378,37.24509218678557,877.2871138815203
