,contributed_CCGT,contributed_Coal,contributed_Onshore,contributed_Offshore,contributed_PV,contributed_Nuclear,contributed_Recip_gas,contributed_Biomass,total_CCGT,total_Coal,total_Onshore,total_Offshore,total_PV,total_Nuclear,total_Recip_gas,Carbon_tax,total_genco_wealth,Electricity_cost,Carbon_emitted
0,302784.1400000002,262853.2999999999,22368.873694100028,29423.653687999984,3154.551064599939,122393.63000000005,13215.280000000008,0,31912.0,14475.0,8862.6,6983.8,3377.7999999999997,9361.0,971.5,30.8,25536286536.67345,127.40077903852227,1257.1195453933967
1,225953.2000000003,232691.29999999978,22466.84557589999,29216.606431999964,3120.9280544499775,109638.13000000003,7371.515000000001,0,31912.0,14475.0,8862.6,6983.8,3377.7999999999997,9361.0,971.5,30.8,23990972140.076733,64.30930815253164,1021.7976290473994
2,340900.9499999997,238319.5799999998,20276.236812399828,28510.606863999987,1657.6164689999327,128433.82000000007,13106.640000000005,0,31912.0,14475.0,8862.6,6983.8,3377.7999999999997,9361.0,971.5,30.8,48184920006.34025,129.0225608945395,1274.8057967528375
3,349007.27999999945,258458.22999999984,21329.991617599935,28001.10066,3181.751717899964,136126.89000000007,15024.329999999974,0,31912.0,14475.0,8862.6,6983.8,3377.7999999999997,9361.0,971.5,30.8,77068749471.89102,131.38418503903213,1344.8177406855384
4,130422.66999999997,201492.77999999965,16920.66735119997,21270.084868999988,2601.5606011499826,96556.71,16.490000000000002,0,31912.0,14475.0,8862.6,6983.8,3377.7999999999997,9361.0,971.5,30.8,63672959259.1503,39.93792287070207,734.6757398264405
5,340489.98999999976,262103.65999999986,22833.97193250001,29328.39779599997,3122.2863189999775,129543.50000000004,13990.795000000002,0,31912.0,14475.0,8862.6,6983.8,3377.7999999999997,9361.0,971.5,30.8,106002439555.28029,131.85220844563761,1333.5639711466754
6,133405.26999999996,213656.75999999975,15880.496358100017,20536.583389999978,3275.9754617499793,91213.94999999998,15.520000000000003,0,31912.0,14475.0,8862.6,6983.8,3377.7999999999997,9361.0,971.5,30.8,83620012050.62082,37.079320187550714,768.9581700104806
7,176282.96,216481.3999999997,19257.979322100015,24368.292366500005,7112.33288374993,88126.43999999997,2460.4050000000007,0,31912.0,14475.0,8862.6,6983.8,3377.7999999999997,9361.0,971.5,30.8,57999387045.645645,39.63436265393569,871.2351604272001
