,contributed_CCGT,contributed_Coal,contributed_Onshore,contributed_Offshore,contributed_PV,contributed_Nuclear,contributed_Recip_gas,contributed_Biomass,total_CCGT,total_Coal,total_Onshore,total_Offshore,total_PV,total_Nuclear,total_Recip_gas,Carbon_tax,total_genco_wealth,Electricity_cost,Carbon_emitted
0,380652.17999999836,241600.52999999997,23300.55530880004,29579.745223999984,3154.551064599939,73428.02999999998,13094.03,0,31912.0,14475.0,8862.6,6983.8,3377.7999999999997,9361.0,971.5,30.8,53339453554.96756,223.70656389451153,1353.1984606209357
1,300234.7199999998,216555.09999999977,23452.794315900042,29595.668287999964,3122.211992499978,58574.42000000001,7497.129999999995,0,31912.0,14475.0,8862.6,6983.8,3377.7999999999997,9361.0,971.5,30.8,62221806879.68173,99.1242011958352,1119.0063086897999
2,370620.6799999986,236505.05999999997,21594.808698599987,29224.130127999983,1658.8842780999325,84682.93999999997,13102.759999999998,0,31912.0,14475.0,8862.6,6983.8,3377.7999999999997,9361.0,971.5,30.8,142290069551.99008,284.58643148202594,1321.4822159538746
3,400840.91999999795,233268.83999999985,23278.20383160005,29656.706700000013,3188.160174599965,89937.42999999996,14962.249999999989,0,31912.0,14475.0,8862.6,6983.8,3377.7999999999997,9361.0,971.5,30.8,241420223115.82352,326.3069758559894,1379.3827730183148
4,197059.23000000045,191348.6999999998,17898.797493500013,23041.883527999984,3074.9631239999776,47568.8,0.0,0,31912.0,14475.0,8862.6,6983.8,3377.7999999999997,9361.0,971.5,30.8,227836718472.86215,41.78164791252102,830.7020221026022
5,397761.9599999981,239653.55999999982,23464.752699000044,29595.668287999964,3122.2863189999775,89299.16999999995,13102.759999999998,0,31912.0,14475.0,8862.6,6983.8,3377.7999999999997,9361.0,971.5,30.8,359998069262.74,289.3695768433451,1383.6045709568748
6,239855.46000000022,150857.85999999984,18377.265785100004,23390.531912999966,4211.639323299979,46104.100000000006,1989.9550000000004,0,31912.0,14475.0,8862.6,6983.8,3377.7999999999997,9361.0,971.5,30.8,337204391307.0667,43.82701828256825,836.8590260182808
7,238618.47000000012,191354.80999999974,24125.843327100036,29653.522898499996,7344.421917199925,55173.600000000006,873.0,0,31912.0,14475.0,8862.6,6983.8,3377.7999999999997,9361.0,971.5,30.8,311998698714.5891,43.6344148365037,923.3222909043825
