,contributed_CCGT,contributed_Coal,contributed_Onshore,contributed_Offshore,contributed_PV,contributed_Nuclear,contributed_Recip_gas,contributed_Biomass,total_CCGT,total_Coal,total_Onshore,total_Offshore,total_PV,total_Nuclear,total_Recip_gas,Carbon_tax,total_genco_wealth,Electricity_cost,Carbon_emitted
0,420037.5899999981,177577.0899999999,54269.27277329972,25071.174559500003,3151.7093507999393,79301.37999999993,12872.870000000003,0,31912.0,14475.0,8862.6,6983.8,3377.7999999999997,9361.0,971.5,30.8,29031331178.14657,122.909188742652,1300.5722024718236
1,340360.14999999903,159104.3800000001,47762.34567139961,23546.463611499963,3103.4617642499775,50328.449999999975,9364.864999999987,0,31912.0,14475.0,8862.6,6983.8,3377.7999999999997,9361.0,971.5,30.8,26622546599.963383,60.77954718791538,1093.9357416132393
2,423880.89999999857,189287.66999999984,51951.23015309961,26764.06521900003,1652.0666651999331,73091.43999999994,12996.060000000001,0,31912.0,14475.0,8862.6,6983.8,3377.7999999999997,9361.0,971.5,30.8,54849713396.86858,121.42461033367154,1338.3467519426626
3,426646.7499999982,197632.5400000001,53897.368225799524,26659.596520000003,3179.497896249965,84070.86999999997,14491.314999999979,0,31912.0,14475.0,8862.6,6983.8,3377.7999999999997,9361.0,971.5,30.8,87992268060.67847,123.7980363914349,1365.617521320924
4,216972.07,143567.99,36744.727217599924,17905.322884999965,3007.760973249981,48748.31999999998,1096.1000000000008,0,31912.0,14475.0,8862.6,6983.8,3377.7999999999997,9361.0,971.5,30.8,72660535989.6165,33.22370324080487,783.1677405300193
5,409432.54999999836,205159.05000000008,52954.16924819984,28611.725010499988,3118.3041971499792,96290.92999999998,12865.11,0,31912.0,14475.0,8862.6,6983.8,3377.7999999999997,9361.0,971.5,30.8,121016433852.3258,124.52698023783584,1341.803218531904
6,257236.41,122505.00999999995,35266.05877139986,17775.118449999976,3197.4824091999812,43752.819999999985,1096.1000000000008,0,31912.0,14475.0,8862.6,6983.8,3377.7999999999997,9361.0,971.5,30.8,98328396258.18889,36.40951398442662,815.5415392839772
7,278655.0499999998,141700.34000000003,40086.86790179967,19761.82564349997,7146.737237549932,46445.53999999998,892.4000000000008,0,31912.0,14475.0,8862.6,6983.8,3377.7999999999997,9361.0,971.5,30.8,70261815543.11807,37.96619959627961,903.0466355753173
