,contributed_CCGT,contributed_Coal,contributed_Onshore,contributed_Offshore,contributed_PV,contributed_Nuclear,contributed_Recip_gas,contributed_Biomass,total_CCGT,total_Coal,total_Onshore,total_Offshore,total_PV,total_Nuclear,total_Recip_gas,Carbon_tax,total_genco_wealth,Electricity_cost,Carbon_emitted
0,337880.9200000009,235693.57999999984,41602.88871999987,22089.665331499997,3140.2803874999404,86785.89999999997,5223.934999999996,0,31912.0,14475.0,8862.6,6983.8,3377.7999999999997,9361.0,971.5,30.8,8027390796.4256525,58.04156488538009,1246.6247548348356
1,240025.00000000017,220543.14999999994,36647.614299899964,18075.179645499968,3087.080118549977,60417.41999999999,2641.309999999996,0,31912.0,14475.0,8862.6,6983.8,3377.7999999999997,9361.0,971.5,30.8,-1907585107.9380832,28.388432823906612,1012.0001524836973
2,368484.4999999991,223244.1699999998,40111.78911269974,19534.58369599996,1646.0766152999374,57175.67999999998,10981.370000000006,0,31912.0,14475.0,8862.6,6983.8,3377.7999999999997,9361.0,971.5,30.8,5598418529.186565,72.52301112325297,1293.9339060696552
3,391953.4899999991,235735.0999999999,46630.7517708997,23620.996091999998,3179.6907309499643,61208.93999999998,12761.32,0,31912.0,14475.0,8862.6,6983.8,3377.7999999999997,9361.0,971.5,30.8,16734918817.531605,75.43001331564615,1375.4244104897966
4,166034.2799999998,176622.79999999996,27661.723934899994,15616.902217999988,2834.8015446999825,41700.299999999996,989.4000000000008,0,31912.0,14475.0,8862.6,6983.8,3377.7999999999997,9361.0,971.5,30.8,-5655272719.724574,9.766921300225691,744.9884330743985
5,371070.68999999954,247666.9199999999,42768.5485355,20290.08244399998,3086.460346099978,67307.32999999997,11646.305000000002,0,31912.0,14475.0,8862.6,6983.8,3377.7999999999997,9361.0,971.5,30.8,10431409550.67544,73.04399282602357,1350.304725324156
6,173693.9399999998,179645.12,30032.934864399955,16911.22753299999,3160.8525779499814,39482.87999999999,970.0000000000007,0,31912.0,14475.0,8862.6,6983.8,3377.7999999999997,9361.0,971.5,30.8,-19499773410.67011,17.531540030721438,775.5123796777588
7,194435.44999999992,193799.0399999999,32311.32271089995,18456.060646999962,6933.26275674994,40480.039999999986,1018.5000000000007,0,31912.0,14475.0,8862.6,6983.8,3377.7999999999997,9361.0,971.5,30.8,-52730086451.91511,24.581391362945208,846.9362087579174
