,contributed_CCGT,contributed_Coal,contributed_Onshore,contributed_Offshore,contributed_PV,contributed_Nuclear,contributed_Recip_gas,contributed_Biomass,total_CCGT,total_Coal,total_Onshore,total_Offshore,total_PV,total_Nuclear,total_Recip_gas,Carbon_tax,total_genco_wealth,Electricity_cost,Carbon_emitted
0,326876.1099999996,283268.0500000001,53443.964540199595,22528.791577499996,3160.2794838999375,87016.75999999992,12948.529999999988,0,31912.0,14475.0,8862.6,6983.8,3377.7999999999997,9361.0,971.5,30.8,42739298696.726105,166.2894716210482,1326.133094953899
1,243723.89999999953,262330.94000000024,44106.8631129998,21524.16216949999,3084.9771370499784,74313.63999999994,2977.8999999999965,0,31912.0,14475.0,8862.6,6983.8,3377.7999999999997,9361.0,971.5,30.8,48390607403.40603,77.8151697054024,1088.9099862941173
2,334222.7699999996,279729.9800000002,48438.93923719958,22182.53773400001,1654.3613274499373,87603.6099999999,13233.70999999999,0,31912.0,14475.0,8862.6,6983.8,3377.7999999999997,9361.0,971.5,30.8,135895338311.56418,262.605747983831,1330.1865078320382
3,350515.9099999993,282068.7500000001,53208.54765479947,25260.737568,3163.3258778999634,91395.33999999992,13077.539999999985,0,31912.0,14475.0,8862.6,6983.8,3377.7999999999997,9361.0,971.5,30.8,258906380247.56332,334.6372640733252,1374.1650029924986
4,150372.50999999978,216558.09000000014,39800.68321459997,17972.878391999966,3062.106266049978,57953.619999999966,1343.450000000001,0,31912.0,14475.0,8862.6,6983.8,3377.7999999999997,9361.0,971.5,30.8,243618944426.13074,28.106334083270767,791.2106877098187
5,356542.1499999992,275361.10000000015,50462.02417979972,25284.061149499976,3128.9306906499774,100800.4599999999,12959.199999999984,0,31912.0,14475.0,8862.6,6983.8,3377.7999999999997,9361.0,971.5,30.8,404455998642.5466,283.6025176902931,1369.9147238377977
6,156019.22999999995,207317.08000000007,37899.89472739989,17995.12324999998,4166.542981299984,71461.83999999994,1222.2000000000007,0,31912.0,14475.0,8862.6,6983.8,3377.7999999999997,9361.0,971.5,30.8,381623149463.77026,29.733612583473008,781.8070205778387
7,198144.17999999973,206689.62000000008,42938.618732499715,21873.454749499997,7085.205075249934,74862.65999999993,1136.8400000000008,0,31912.0,14475.0,8862.6,6983.8,3377.7999999999997,9361.0,971.5,30.8,354718647869.33264,34.733861829734174,865.7472752887578
