,contributed_CCGT,contributed_Coal,contributed_Onshore,contributed_Offshore,contributed_PV,contributed_Nuclear,contributed_Recip_gas,contributed_Biomass,total_CCGT,total_Coal,total_Onshore,total_Offshore,total_PV,total_Nuclear,total_Recip_gas,Carbon_tax,total_genco_wealth,Electricity_cost,Carbon_emitted
0,394762.93999999756,221937.42999999985,22652.687313300044,29444.685319999982,3154.551064599939,93312.05999999987,13289.969999999996,0,31912.0,14475.0,8862.6,6983.8,3377.7999999999997,9361.0,971.5,30.8,12363558614.137493,88.15411073799366,1337.4406899271366
1,303882.59999999934,203003.4399999997,22686.573914100016,29519.432383999963,3120.3993810999773,76982.10999999991,4030.349999999996,0,31912.0,14475.0,8862.6,6983.8,3377.7999999999997,9361.0,971.5,30.8,5924015609.26488,52.664098058069875,1088.2578346691218
2,406994.81999999774,208854.99999999977,20426.736279699864,28791.751839999983,1657.1779326999326,95667.21999999987,13289.969999999996,0,31912.0,14475.0,8862.6,6983.8,3377.7999999999997,9361.0,971.5,30.8,17551950584.697647,94.50789188274602,1334.0034678699967
3,420638.49999999785,215681.79999999984,23080.742813400044,29656.706700000013,3185.9006191499643,105115.0199999999,13464.569999999996,0,31912.0,14475.0,8862.6,6983.8,3377.7999999999997,9361.0,971.5,30.8,34514490372.63942,108.06064566325851,1377.2878841363959
4,215543.95000000045,155243.1299999999,18421.591632600022,23946.291241999974,3101.925375299977,70731.42999999992,232.7999999999999,0,31912.0,14475.0,8862.6,6983.8,3377.7999999999997,9361.0,971.5,30.8,20451370156.984024,41.225610747874875,784.4360122957436
5,412908.59999999765,223726.36999999988,23122.301619500035,29595.668287999964,3122.2863189999775,101395.06999999988,13289.969999999996,0,31912.0,14475.0,8862.6,6983.8,3377.7999999999997,9361.0,971.5,30.8,44302210230.48993,104.49913437029018,1379.1923865452563
6,219786.41000000032,163361.33999999994,16791.409778099987,21698.896514999975,2964.9711275999803,69263.81999999992,198.84999999999997,0,31912.0,14475.0,8862.6,6983.8,3377.7999999999997,9361.0,971.5,30.8,22352816258.337204,39.78185755982491,814.7909238733224
7,238427.94000000032,182876.60999999967,22293.97018740003,27256.690093500012,7296.128806149925,63579.61999999996,184.29999999999998,0,31912.0,14475.0,8862.6,6983.8,3377.7999999999997,9361.0,971.5,30.8,-4534077161.15385,40.724519552323194,900.770876120782
