,contributed_CCGT,contributed_Coal,contributed_Onshore,contributed_Offshore,contributed_PV,contributed_Nuclear,contributed_Recip_gas,contributed_Biomass,total_CCGT,total_Coal,total_Onshore,total_Offshore,total_PV,total_Nuclear,total_Recip_gas,Carbon_tax,total_genco_wealth,Electricity_cost,Carbon_emitted
0,417906.77999999776,209813.67999999982,23300.55530880004,29579.745223999984,3154.551064599939,74324.31,13085.300000000001,0,31912.0,14475.0,8862.6,6983.8,3377.7999999999997,9361.0,971.5,30.8,37469144037.84082,173.5270050775476,1357.8784632046365
1,316150.0199999991,210509.22999999972,23358.64109130004,29595.668287999964,3121.4063708499775,54087.20000000001,3730.62,0,31912.0,14475.0,8862.6,6983.8,3377.7999999999997,9361.0,971.5,30.8,36816383489.59104,72.67587492077658,1130.1776101635407
2,406193.5599999977,213614.36999999985,21594.808698599987,29224.130127999983,1658.8179513999326,78699.00999999998,13066.87,0,31912.0,14475.0,8862.6,6983.8,3377.7999999999997,9361.0,971.5,30.8,82172026964.8119,190.55587940831205,1342.5440657692561
3,423694.4399999979,230150.67999999996,23271.16948860005,29656.706700000013,3188.160174599965,77993.81999999998,13774.969999999998,0,31912.0,14475.0,8862.6,6983.8,3377.7999999999997,9361.0,971.5,30.8,139148477143.1247,218.46974647973843,1416.4073842306345
4,225880.7000000004,157562.1599999998,17868.276647200004,23051.915575499974,2926.8179819499805,50828.0,0.0,0,31912.0,14475.0,8862.6,6983.8,3377.7999999999997,9361.0,971.5,30.8,124438311297.31973,41.938685677256125,813.8655980996816
5,429120.6599999978,218058.49999999965,23464.752699000044,29595.668287999964,3122.2863189999775,81412.09999999998,14036.384999999997,0,31912.0,14475.0,8862.6,6983.8,3377.7999999999997,9361.0,971.5,30.8,213386109265.5147,218.18508264100578,1401.0180266929956
6,215887.11000000034,177326.39999999982,19070.362552599956,24600.228719999985,4209.785538799979,46812.20000000001,0.0,0,31912.0,14475.0,8862.6,6983.8,3377.7999999999997,9361.0,971.5,30.8,190871909644.13986,41.15838938606742,838.5574560072039
7,267078.6700000002,162375.56999999992,26842.747881199986,32935.79427350002,7347.546635099927,45725.8,0.0,0,31912.0,14475.0,8862.6,6983.8,3377.7999999999997,9361.0,971.5,30.8,164314712231.2782,43.38732828329222,914.6600887268621
