,contributed_CCGT,contributed_Coal,contributed_Onshore,contributed_Offshore,contributed_PV,contributed_Nuclear,contributed_Recip_gas,contributed_Biomass,total_CCGT,total_Coal,total_Onshore,total_Offshore,total_PV,total_Nuclear,total_Recip_gas,Carbon_tax,total_genco_wealth,Electricity_cost,Carbon_emitted
0,323193.7399999997,260574.01,52983.53076019991,27368.82739999998,3171.606176199936,101064.29999999993,11830.119999999986,0,31912.0,14475.0,8862.6,6983.8,3377.7999999999997,9361.0,971.5,30.8,93019471831.64145,314.2595110855205,1262.2509057659802
1,243792.36000000025,237547.4599999999,48480.40298329985,24388.675689999964,3131.651364899973,82626.53999999992,3707.3399999999974,0,31912.0,14475.0,8862.6,6983.8,3377.7999999999997,9361.0,971.5,30.8,103271162431.66586,85.9904820307598,1032.9594149490804
2,334489.34999999957,259323.67999999996,52869.6505388996,26467.15426600001,1671.6101915999332,87087.56999999992,12315.119999999992,0,31912.0,14475.0,8862.6,6983.8,3377.7999999999997,9361.0,971.5,30.8,221000661266.48056,335.38221127628094,1283.328350524639
3,332411.4699999996,265447.02999999997,56266.89135529971,30437.322812000013,3192.1495592499623,114792.70999999998,12259.82999999999,0,31912.0,14475.0,8862.6,6983.8,3377.7999999999997,9361.0,971.5,30.8,366443969840.1714,353.16744526010007,1292.7560657279384
4,155903.50000000012,190382.65000000005,42590.612938300015,20558.928358999972,3074.9869662499755,63683.40999999995,330.7699999999998,0,31912.0,14475.0,8862.6,6983.8,3377.7999999999997,9361.0,971.5,30.8,355695577131.67914,37.208178607147914,742.0222422247002
5,355804.14999999997,270373.11999999994,52171.13246080002,25702.22503999998,3133.324881149976,103873.41999999995,12214.239999999983,0,31912.0,14475.0,8862.6,6983.8,3377.7999999999997,9361.0,971.5,30.8,567764212657.8923,347.105234316353,1357.0500258017591
6,164060.83999999985,177809.40000000002,39515.99821529981,19940.71511799997,3954.081437349966,75943.23999999993,303.60999999999984,0,31912.0,14475.0,8862.6,6983.8,3377.7999999999997,9361.0,971.5,30.8,548998038344.528,35.23869412609814,730.4705827211997
7,188537.93999999974,233172.28,39138.32837579973,20736.57212699999,6017.533796649966,60386.379999999976,241.52999999999992,0,31912.0,14475.0,8862.6,6983.8,3377.7999999999997,9361.0,971.5,30.8,525369963555.23505,37.1393319383589,903.9001607874394
