,contributed_CCGT,contributed_Coal,contributed_Onshore,contributed_Offshore,contributed_PV,contributed_Nuclear,contributed_Recip_gas,contributed_Biomass,total_CCGT,total_Coal,total_Onshore,total_Offshore,total_PV,total_Nuclear,total_Recip_gas,Carbon_tax,total_genco_wealth,Electricity_cost,Carbon_emitted
0,436398.9999999979,145043.7099999999,50526.448989900025,25923.65066599999,3139.824432399941,98724.66000000008,14115.440000000004,0,31912.0,14475.0,8862.6,6983.8,3377.7999999999997,9361.0,971.5,30.8,30885580345.689636,122.80169590174712,1259.0347324865804
1,359910.40999999933,111062.39999999998,50413.37965950007,25814.84950999997,3115.172157299978,78404.13000000003,8703.32499999999,0,31912.0,14475.0,8862.6,6983.8,3377.7999999999997,9361.0,971.5,30.8,28855999327.189922,61.48454411965739,1019.1245554451954
2,429524.48999999824,146241.72999999998,50615.84754609968,25020.277552000014,1651.4778606499326,100172.87000000001,13776.910000000002,0,31912.0,14475.0,8862.6,6983.8,3377.7999999999997,9361.0,971.5,30.8,53992637981.38895,121.3976444409198,1249.428440718541
3,446312.48999999784,150684.81000000003,55189.094265899774,23796.041989999998,3157.1042461499637,119018.03000000007,15212.024999999989,0,31912.0,14475.0,8862.6,6983.8,3377.7999999999997,9361.0,971.5,30.8,91255693575.48836,124.40992410532408,1302.2429439943821
4,265471.24000000017,69306.79999999994,37328.27560919992,18374.220616999974,3071.627396449979,72332.9,2201.8999999999974,0,31912.0,14475.0,8862.6,6983.8,3377.7999999999997,9361.0,971.5,30.8,76379431280.78113,36.297381042967096,719.3410187863982
5,460914.1799999986,147856.0999999999,52442.904587300014,27626.174294499982,3111.6922922999793,103257.47000000009,14597.529999999999,0,31912.0,14475.0,8862.6,6983.8,3377.7999999999997,9361.0,971.5,30.8,127463388832.82942,124.72956710985382,1324.324972007801
6,261289.23000000024,103700.19999999995,33909.16171959992,17709.895021999975,4156.660767449978,56969.069999999956,2017.6000000000008,0,31912.0,14475.0,8862.6,6983.8,3377.7999999999997,9361.0,971.5,30.8,104248260662.59291,36.11858380934806,785.0486921795961
7,300926.7699999998,99302.05000000002,36134.34611369976,18508.749461499963,6994.879700749937,71735.38,2677.199999999997,0,31912.0,14475.0,8862.6,6983.8,3377.7999999999997,9361.0,971.5,30.8,75799923453.35135,38.33728462287748,859.6368316658958
