,contributed_CCGT,contributed_Coal,contributed_Onshore,contributed_Offshore,contributed_PV,contributed_Nuclear,contributed_Recip_gas,contributed_Biomass,total_CCGT,total_Coal,total_Onshore,total_Offshore,total_PV,total_Nuclear,total_Recip_gas,Carbon_tax,total_genco_wealth,Electricity_cost,Carbon_emitted
0,326229.0599999991,162004.85999999964,48495.93072389975,24465.4142415,3165.8391575999376,157173.94999999992,15015.114999999996,0,31912.0,14475.0,8862.6,6983.8,3377.7999999999997,9361.0,971.5,30.8,9082916784.548698,71.36600640193326,1059.7041907242751
1,250277.3299999996,126212.56999999993,46180.413993399896,25089.970083999968,3108.5711174499766,133751.3599999999,12336.460000000008,0,31912.0,14475.0,8862.6,6983.8,3377.7999999999997,9361.0,971.5,30.8,5346383367.137237,58.20139610869751,815.3974054928555
2,324750.4999999988,169163.66999999975,51985.41440809959,23809.234552000016,1663.0335744499318,158267.13999999993,15621.849999999971,0,31912.0,14475.0,8862.6,6983.8,3377.7999999999997,9361.0,971.5,30.8,8298606626.088534,66.92855905559988,1072.7270802906548
3,357750.45999999886,169388.28999999983,52511.25879949948,25473.565961000008,3178.8159636499636,155559.86999999994,15738.249999999969,0,31912.0,14475.0,8862.6,6983.8,3377.7999999999997,9361.0,971.5,30.8,17845928212.97742,72.44976082146235,1147.5432677094136
4,153663.88999999998,105051.30999999995,35519.300221600024,18086.15005549997,2597.824102749982,120896.91999999991,2773.714999999997,0,31912.0,14475.0,8862.6,6983.8,3377.7999999999997,9361.0,971.5,30.8,3229766217.3133783,38.02769857320988,552.4045083013812
5,337306.1699999989,170799.11999999988,59715.96144449996,27277.47546199998,3125.6348684499776,159112.97999999995,15673.259999999977,0,31912.0,14475.0,8862.6,6983.8,3377.7999999999997,9361.0,971.5,30.8,17660644136.270294,73.15555400891016,1104.3317125497558
6,170864.1499999997,98183.55,33383.48525460001,17558.428617999984,2953.04525259998,122202.53999999992,4673.944999999992,0,31912.0,14475.0,8862.6,6983.8,3377.7999999999997,9361.0,971.5,30.8,-4571925493.195402,38.805717725867716,575.8537970729002
7,206993.23999999973,93733.69000000002,36102.34381549982,20291.59779849998,5209.985722449979,125038.8199999999,10674.365000000007,0,31912.0,14475.0,8862.6,6983.8,3377.7999999999997,9361.0,971.5,30.8,-28512341283.990406,45.446793837591066,651.7305517486193
