,contributed_CCGT,contributed_Coal,contributed_Onshore,contributed_Offshore,contributed_PV,contributed_Nuclear,contributed_Recip_gas,contributed_Biomass,total_CCGT,total_Coal,total_Onshore,total_Offshore,total_PV,total_Nuclear,total_Recip_gas,Carbon_tax,total_genco_wealth,Electricity_cost,Carbon_emitted
0,346962.9599999982,193891.89999999964,23300.55530880004,29579.745223999984,3154.551064599939,165604.86687359976,15263.919999999982,0,31912.0,14475.0,8862.6,6983.8,3377.7999999999997,9361.0,971.5,30.8,16091908377.527887,101.8779248095409,1180.9561494761997
1,249655.74000000043,167043.9199999999,23464.752699000044,29595.668287999964,3122.2863189999775,165604.86687359976,13408.309999999992,0,31912.0,14475.0,8862.6,6983.8,3377.7999999999997,9361.0,971.5,30.8,10301049366.809662,56.829008275224716,912.400927940161
2,336377.3399999989,206757.04999999946,21601.84304159999,29224.130127999983,1658.9456695999324,165604.86687359976,16584.08999999999,0,31912.0,14475.0,8862.6,6983.8,3377.7999999999997,9361.0,971.5,30.8,18967002111.09219,88.77016160482056,1190.8073462758978
3,358511.0399999982,209287.09999999954,23278.20383160005,29656.706700000013,3188.160174599965,165604.86687359976,18325.24000000002,0,31912.0,14475.0,8862.6,6983.8,3377.7999999999997,9361.0,971.5,30.8,40351767233.37485,121.64488161058715,1246.767179645797
4,146148.34000000005,126069.77999999998,21817.9096201,29595.668287999968,3116.4668724499766,141667.55405600014,12571.199999999995,0,31912.0,14475.0,8862.6,6983.8,3377.7999999999997,9361.0,971.5,30.8,27002740328.503574,41.47377811486696,603.5125211524414
5,360312.4799999982,212766.57999999955,23464.752699000044,29595.668287999964,3122.2863189999775,165604.86687359976,17527.415000000008,0,31912.0,14475.0,8862.6,6983.8,3377.7999999999997,9361.0,971.5,30.8,42794816367.71215,91.39079266544297,1256.5686228088384
6,200058.96000000052,87141.74000000014,24800.818360600035,32540.941450999988,4476.910721199983,130369.67903120027,11523.599999999997,0,31912.0,14475.0,8862.6,6983.8,3377.7999999999997,9361.0,971.5,30.8,22652306739.59074,43.95090710293589,624.0077108325218
7,184939.90000000023,138988.6499999999,30834.03175199994,38056.671205000064,7411.1254933499295,139809.26848560013,10999.799999999997,0,31912.0,14475.0,8862.6,6983.8,3377.7999999999997,9361.0,971.5,30.8,-1468552352.3150556,43.1918508785594,708.9151756727018
