,contributed_CCGT,contributed_Coal,contributed_Onshore,contributed_Offshore,contributed_PV,contributed_Nuclear,contributed_Recip_gas,contributed_Biomass,total_CCGT,total_Coal,total_Onshore,total_Offshore,total_PV,total_Nuclear,total_Recip_gas,Carbon_tax,total_genco_wealth,Electricity_cost,Carbon_emitted
0,354600.55999999854,256884.16999999995,23298.29773080004,29579.745223999984,3154.551064599939,96200.71999999996,13268.62999999999,0,31912.0,14475.0,8862.6,6983.8,3377.7999999999997,9361.0,971.5,30.8,31265522136.054855,146.94233966212428,1332.9708640696565
1,266476.74000000017,236730.86000000002,23457.71835600004,29595.668287999964,3122.1383823999777,78118.94999999998,2930.37,0,31912.0,14475.0,8862.6,6983.8,3377.7999999999997,9361.0,971.5,30.8,25587964190.241936,56.32480882000934,1086.2272370022802
2,370341.63999999856,241636.80000000002,21601.84304159999,29224.130127999983,1658.8830741499328,93988.14999999997,13268.62999999999,0,31912.0,14475.0,8862.6,6983.8,3377.7999999999997,9361.0,971.5,30.8,65318395256.6794,172.6565241720939,1332.7034352263972
3,374870.03999999847,259066.14999999997,23271.16948860005,29656.706700000013,3188.160174599965,106458.46999999994,13269.59999999999,0,31912.0,14475.0,8862.6,6983.8,3377.7999999999997,9361.0,971.5,30.8,103241854222.9112,159.6625322608394,1380.7898730576962
4,179126.6700000002,180510.9,17627.920841900006,22354.62934099999,3024.2444019499812,79364.42999999998,148.41000000000003,0,31912.0,14475.0,8862.6,6983.8,3377.7999999999997,9361.0,971.5,30.8,89322286345.7682,39.97516235684278,767.6442433182016
5,374555.2999999984,261336.61,23225.939707800037,29595.668287999964,3122.2863189999775,100862.53999999995,13271.53999999999,0,31912.0,14475.0,8862.6,6983.8,3377.7999999999997,9361.0,971.5,30.8,146943894442.47568,158.4859046660538,1385.2211889607772
6,192789.06000000032,184677.30000000002,17372.007875900003,22105.193597999976,3122.258876899975,71188.29999999996,174.6,0,31912.0,14475.0,8862.6,6983.8,3377.7999999999997,9361.0,971.5,30.8,124944487340.54317,40.03445725903406,804.9650057454019
7,207048.12000000017,211520.87000000017,24159.679905000045,29525.1775945,7338.394824099925,67395.59999999998,192.05999999999997,0,31912.0,14475.0,8862.6,6983.8,3377.7999999999997,9361.0,971.5,30.8,98408873397.38103,41.510955420339435,894.6275703962618
