,contributed_CCGT,contributed_Coal,contributed_Onshore,contributed_Offshore,contributed_PV,contributed_Nuclear,contributed_Recip_gas,contributed_Biomass,total_CCGT,total_Coal,total_Onshore,total_Offshore,total_PV,total_Nuclear,total_Recip_gas,Carbon_tax,total_genco_wealth,Electricity_cost,Carbon_emitted
0,434770.88999999815,188246.0499999999,20912.90468349999,27162.81461799999,3154.551064599939,84469.53999999998,13961.209999999994,0,31912.0,14475.0,8862.6,6983.8,3377.7999999999997,9361.0,971.5,30.8,23649617018.96312,122.88927991223905,1360.0884173578988
1,357085.3199999991,159528.42999999996,20836.5472729,26684.453508499973,3116.3078017999765,57548.15999999999,7177.0299999999925,0,31912.0,14475.0,8862.6,6983.8,3377.7999999999997,9361.0,971.5,30.8,19791501373.440243,59.71264968071612,1124.3455463051382
2,449565.18999999826,167396.45999999993,18913.220602899863,26138.855560000018,1653.6690552499335,96249.21999999996,13289.969999999996,0,31912.0,14475.0,8862.6,6983.8,3377.7999999999997,9361.0,971.5,30.8,42280409844.28269,126.96980235888218,1342.2344957310818
3,458634.469999998,195552.3799999999,20609.521857499923,26545.27566800001,3174.5836980999647,93438.15999999996,15155.279999999968,0,31912.0,14475.0,8862.6,6983.8,3377.7999999999997,9361.0,971.5,30.8,68246136281.680305,127.48926647319188,1423.7143970072395
4,262232.4400000005,120209.1199999999,16890.323364999982,21164.965240999984,3072.9400800499784,50465.219999999994,170.72,0,31912.0,14475.0,8862.6,6983.8,3377.7999999999997,9361.0,971.5,30.8,53004578981.5619,39.14305440026861,824.5892144297609
5,447537.06999999814,195047.0199999999,22285.4615899,28433.772041999964,3119.2060676499777,92893.98999999996,13988.369999999992,0,31912.0,14475.0,8862.6,6983.8,3377.7999999999997,9361.0,971.5,30.8,92009060798.99782,132.13778370419138,1401.2345684139586
6,284290.70000000024,103552.8199999999,16155.87201520003,20767.193533999973,4157.330024349979,49935.6,282.27,0,31912.0,14475.0,8862.6,6983.8,3377.7999999999997,9361.0,971.5,30.8,69548772352.70728,38.510436302951774,831.6705213423602
7,323140.59,111226.78999999986,18647.045269700015,23597.003468999996,7181.07616014993,43343.48,7565.999999999993,0,31912.0,14475.0,8862.6,6983.8,3377.7999999999997,9361.0,971.5,30.8,43206145557.163536,41.47340104239148,948.4471706124205
