,contributed_CCGT,contributed_Coal,contributed_Onshore,contributed_Offshore,contributed_PV,contributed_Nuclear,contributed_Recip_gas,contributed_Biomass,total_CCGT,total_Coal,total_Onshore,total_Offshore,total_PV,total_Nuclear,total_Recip_gas,Carbon_tax,total_genco_wealth,Electricity_cost,Carbon_emitted
0,326741.3999999999,261986.21999999994,48356.05727679979,23513.962478999994,3141.3441139999377,101136.07999999994,12424.729999999987,0,31912.0,14475.0,8862.6,6983.8,3377.7999999999997,9361.0,971.5,30.8,107337673925.92285,312.0494566036784,1276.1738364355572
1,243215.92000000022,242556.3999999999,49119.982183300024,26189.27806399997,3137.3679085499743,75742.44999999994,3682.119999999997,0,31912.0,14475.0,8862.6,6983.8,3377.7999999999997,9361.0,971.5,30.8,118566662434.13405,88.16482486461598,1043.0094032072006
2,330112.05999999953,250585.59999999986,52103.40811809974,23792.265937000015,1672.194399249934,98855.60999999991,12555.679999999991,0,31912.0,14475.0,8862.6,6983.8,3377.7999999999997,9361.0,971.5,30.8,236842128835.9002,334.48945632552346,1259.071453748798
3,348843.0699999996,263264.6,57758.8675612997,28331.783568000003,3197.5615364999608,100269.86999999994,11817.50999999999,0,31912.0,14475.0,8862.6,6983.8,3377.7999999999997,9361.0,971.5,30.8,383567350224.2845,356.36530346831705,1327.4331941907978
4,163604.45999999996,196508.58000000005,38722.26612059993,19341.828752999972,3056.787452349978,58431.82999999997,355.9899999999998,0,31912.0,14475.0,8862.6,6983.8,3377.7999999999997,9361.0,971.5,30.8,372186283218.9752,35.820903657904005,771.3285658948402
5,360687.0399999997,252948.08999999985,57074.76692299994,27874.956055999963,3139.127545399975,105143.1499999999,12784.599999999993,0,31912.0,14475.0,8862.6,6983.8,3377.7999999999997,9361.0,971.5,30.8,578914136908.3092,353.5868308543488,1323.3306462098176
6,156051.4800000001,203903.46000000005,37052.459969799835,17731.943191999973,3282.81033609998,63648.489999999954,347.2599999999998,0,31912.0,14475.0,8862.6,6983.8,3377.7999999999997,9361.0,971.5,30.8,558079109988.3556,32.284372387647146,772.5264247170797
7,213856.3500000001,196316.93000000014,41603.423325799784,21704.770478999995,7013.308954749943,60773.40999999997,1796.9250000000015,0,31912.0,14475.0,8862.6,6983.8,3377.7999999999997,9361.0,971.5,30.8,537352472731.2651,39.01497871035165,876.3566596981391
