,contributed_CCGT,contributed_Coal,contributed_Onshore,contributed_Offshore,contributed_PV,contributed_Nuclear,contributed_Recip_gas,contributed_Biomass,total_CCGT,total_Coal,total_Onshore,total_Offshore,total_PV,total_Nuclear,total_Recip_gas,Carbon_tax,total_genco_wealth,Electricity_cost,Carbon_emitted
0,315466.3199999999,241199.3899999998,22085.744400200034,29241.299287999987,3154.551064599939,139670.3000000001,14082.945,0,31912.0,14475.0,8862.6,6983.8,3377.7999999999997,9361.0,971.5,30.8,27186477003.412567,130.86865682817137,1236.307239277218
1,220191.08000000034,249318.66999999987,21115.34016239999,27135.444129999978,3117.105045549977,103933.56000000001,7366.665000000003,0,31912.0,14475.0,8862.6,6983.8,3377.7999999999997,9361.0,971.5,30.8,25148510683.431335,62.129554446190355,1047.1929601106608
2,339881.50999999995,241328.43999999983,20401.992530299853,28690.94939199998,1657.0670896999327,123086.21000000004,14248.815,0,31912.0,14475.0,8862.6,6983.8,3377.7999999999997,9361.0,971.5,30.8,50160211400.75582,130.9109764219662,1286.4947529891174
3,356532.109999999,246692.59999999983,20958.478057699915,27149.75208000001,3182.0198007499644,136832.0800000001,15024.329999999974,0,31912.0,14475.0,8862.6,6983.8,3377.7999999999997,9361.0,971.5,30.8,78130974887.00703,131.2218835081868,1333.839342334795
4,134258.87999999986,193210.05999999968,16873.65537969998,21202.022622499982,2702.4603969999835,98643.18000000004,19.4,0,31912.0,14475.0,8862.6,6983.8,3377.7999999999997,9361.0,971.5,30.8,63624022511.33719,39.09422587345065,726.2083995438805
5,332141.47000000003,250519.80999999985,22851.327094900018,29595.668287999964,3122.2863189999775,149609.8900000001,15033.059999999974,0,31912.0,14475.0,8862.6,6983.8,3377.7999999999997,9361.0,971.5,30.8,108012965900.7345,135.0311210169906,1292.8840937743764
6,150587.70000000007,191151.5599999998,16171.230355000036,21069.90677799997,2948.1719356499807,94901.88999999997,19.4,0,31912.0,14475.0,8862.6,6983.8,3377.7999999999997,9361.0,971.5,30.8,86625865631.57243,38.22561774435173,752.7773288008793
7,184968.22999999995,203916.46999999977,19124.919319900026,24357.826425500007,7129.156085049931,92559.33999999997,3353.289999999995,0,31912.0,14475.0,8862.6,6983.8,3377.7999999999997,9361.0,971.5,30.8,61037966312.93339,40.60664396455734,859.0970754050599
