,contributed_CCGT,contributed_Coal,contributed_Onshore,contributed_Offshore,contributed_PV,contributed_Nuclear,contributed_Recip_gas,contributed_Biomass,total_CCGT,total_Coal,total_Onshore,total_Offshore,total_PV,total_Nuclear,total_Recip_gas,Carbon_tax,total_genco_wealth,Electricity_cost,Carbon_emitted
0,331629.2399999997,250922.6699999999,55165.07079969975,26440.213267999985,3173.058303699936,101236.95999999993,12020.239999999989,0,31912.0,14475.0,8862.6,6983.8,3377.7999999999997,9361.0,971.5,30.8,90684444808.59258,310.288255341286,1259.359183912661
1,237621.65000000014,257527.00000000006,47481.49269589996,21683.11292999997,3105.3332972499743,72269.84999999995,4427.079999999997,0,31912.0,14475.0,8862.6,6983.8,3377.7999999999997,9361.0,971.5,30.8,101215522559.90564,83.41835901830893,1066.476251446
2,332015.3599999996,248767.57999999993,59518.500319599676,25912.403223999983,1676.8804517499325,97901.12999999995,12061.949999999992,0,31912.0,14475.0,8862.6,6983.8,3377.7999999999997,9361.0,971.5,30.8,223434886379.64554,328.29602015510227,1254.331774656838
3,359434.03999999916,254226.76999999984,57321.42508019972,28856.336796000007,3190.6064979499615,99435.66999999993,12743.859999999988,0,31912.0,14475.0,8862.6,6983.8,3377.7999999999997,9361.0,971.5,30.8,371099137609.76575,352.62163256925743,1327.1019780044574
4,155628.3300000002,184182.43000000002,40470.69760020001,19298.22375299997,2886.8421192499795,73428.99999999994,341.4399999999998,0,31912.0,14475.0,8862.6,6983.8,3377.7999999999997,9361.0,971.5,30.8,359913085210.1923,35.19095780159322,727.6973583971413
5,329609.3099999997,256961.89999999988,57717.77558709977,32489.27916799998,3140.961528649975,119683.44999999998,13025.159999999993,0,31912.0,14475.0,8862.6,6983.8,3377.7999999999997,9361.0,971.5,30.8,583704263599.8594,346.28096975112794,1274.3190193562
6,145681.18000000008,211412.46999999988,39922.40885409992,18710.963221999973,2965.917564699978,65500.21999999996,359.8699999999998,0,31912.0,14475.0,8862.6,6983.8,3377.7999999999997,9361.0,971.5,30.8,564422788336.8037,33.59270267774112,768.2086942330599
7,188810.38999999966,225133.8199999999,40978.30522529978,19688.84786899997,5978.480911549972,61031.429999999964,351.1399999999998,0,31912.0,14475.0,8862.6,6983.8,3377.7999999999997,9361.0,971.5,30.8,541339229319.3294,36.47307224724505,886.3610615803595
