,contributed_CCGT,contributed_Coal,contributed_Onshore,contributed_Offshore,contributed_PV,contributed_Nuclear,contributed_Recip_gas,contributed_Biomass,total_CCGT,total_Coal,total_Onshore,total_Offshore,total_PV,total_Nuclear,total_Recip_gas,Carbon_tax,total_genco_wealth,Electricity_cost,Carbon_emitted
0,339797.2700000002,233790.1799999997,58124.097519399795,28911.703303999984,3169.7841395499363,99257.18999999993,12523.66999999999,0,31912.0,14475.0,8862.6,6983.8,3377.7999999999997,9361.0,971.5,30.8,110258882116.90771,353.4838015142811,1237.598593471637
1,265459.03,206736.16999999966,52486.83227890007,26189.27806399997,3141.8362336499745,79459.48999999993,5933.489999999995,0,31912.0,14475.0,8862.6,6983.8,3377.7999999999997,9361.0,971.5,30.8,127656426842.33572,112.54105523114445,1012.8512177056592
2,352438.9699999998,230437.72999999978,52579.160817099684,25681.242902000013,1664.5350634999354,95840.84999999993,12059.039999999992,0,31912.0,14475.0,8862.6,6983.8,3377.7999999999997,9361.0,971.5,30.8,248856625003.51843,345.46110682200225,1261.9733650265393
3,369286.2799999998,241268.87999999974,59067.00668039973,27729.681168000006,3195.7676211499606,97612.0699999999,14184.309999999981,0,31912.0,14475.0,8862.6,6983.8,3377.7999999999997,9361.0,971.5,30.8,384786737409.7951,353.1548818751468,1327.0192288742405
4,176218.7199999998,170415.24999999968,40174.01828900001,19181.06737799997,2618.39582534998,69434.53999999995,339.49999999999983,0,31912.0,14475.0,8862.6,6983.8,3377.7999999999997,9361.0,971.5,30.8,372700894919.8404,37.89971406359766,738.8662733395012
5,369619.6499999989,229461.41999999966,57322.299923199964,26872.773727999964,3141.9697223499747,101160.32999999993,14216.319999999976,0,31912.0,14475.0,8862.6,6983.8,3377.7999999999997,9361.0,971.5,30.8,574336857044.731,357.45971092501094,1291.9621276451603
6,174827.20999999985,185198.3699999998,36427.82070979985,18678.712849999974,3918.982838349965,64543.79999999996,305.54999999999984,0,31912.0,14475.0,8862.6,6983.8,3377.7999999999997,9361.0,971.5,30.8,554708599673.2607,37.198456862055956,769.1012429812602
7,225409.91999999995,181310.66999999966,43347.8024848999,22565.219090000002,6089.703608149972,60300.04999999996,1547.150000000001,0,31912.0,14475.0,8862.6,6983.8,3377.7999999999997,9361.0,971.5,30.8,531294288533.8582,40.38950038105532,865.8184249966602
