,contributed_CCGT,contributed_Coal,contributed_Onshore,contributed_Offshore,contributed_PV,contributed_Nuclear,contributed_Recip_gas,contributed_Biomass,total_CCGT,total_Coal,total_Onshore,total_Offshore,total_PV,total_Nuclear,total_Recip_gas,Carbon_tax,total_genco_wealth,Electricity_cost,Carbon_emitted
0,395770.839999998,224361.93999999994,23300.55530880004,29579.745223999984,3154.551064599939,71050.56,13970.424999999997,0,31912.0,14475.0,8862.6,6983.8,3377.7999999999997,9361.0,971.5,30.8,52565613367.34587,224.8889117025009,1347.202267022116
1,304770.8399999996,214775.6799999998,23464.752699000044,29595.668287999964,3122.2863189999775,57690.750000000015,7053.8399999999965,0,31912.0,14475.0,8862.6,6983.8,3377.7999999999997,9361.0,971.5,30.8,61364375616.63673,100.63082060712736,1123.3913690406387
2,380695.17999999836,221675.90999999986,21482.08590069995,29224.130127999983,1658.9456695999324,88328.19999999997,13114.4,0,31912.0,14475.0,8862.6,6983.8,3377.7999999999997,9361.0,971.5,30.8,140843171881.72064,287.889598525199,1308.8673445021732
3,395077.339999998,231063.8899999999,23278.20383160005,29656.706700000013,3188.160174599965,96262.79999999994,14773.099999999988,0,31912.0,14475.0,8862.6,6983.8,3377.7999999999997,9361.0,971.5,30.8,235806977424.63193,324.83442905099383,1362.378610098215
4,224406.3900000004,163217.90999999995,18149.96959420005,23300.56147899998,3053.3456445499787,44891.600000000006,0.0,0,31912.0,14475.0,8862.6,6983.8,3377.7999999999997,9361.0,971.5,30.8,222134800007.13574,43.172624327581396,828.066616758183
5,390664.71999999805,239555.21999999983,23464.752699000044,29595.668287999964,3122.2863189999775,94524.55999999994,13830.744999999999,0,31912.0,14475.0,8862.6,6983.8,3377.7999999999997,9361.0,971.5,30.8,358196494900.9018,295.9908407215948,1370.4555476275546
6,235757.70000000022,148018.40999999995,19595.795188699965,25304.148747499985,4429.01474449998,52748.600000000006,0.0,0,31912.0,14475.0,8862.6,6983.8,3377.7999999999997,9361.0,971.5,30.8,337806154246.57056,43.54189126498656,818.1178118371809
7,241405.4400000001,181000.8599999998,28565.947866299946,34126.320109000044,7394.903441199927,50323.600000000006,873.0,0,31912.0,14475.0,8862.6,6983.8,3377.7999999999997,9361.0,971.5,30.8,312972784912.0952,46.31677310181002,906.8002263622824
