,contributed_CCGT,contributed_Coal,contributed_Onshore,contributed_Offshore,contributed_PV,contributed_Nuclear,contributed_Recip_gas,contributed_Biomass,total_CCGT,total_Coal,total_Onshore,total_Offshore,total_PV,total_Nuclear,total_Recip_gas,Carbon_tax,total_genco_wealth,Electricity_cost,Carbon_emitted
0,441702.55999999837,147974.6399999999,53072.09696909985,31399.141159999992,3144.885912449941,78020.97999999997,14084.399999999998,0,31912.0,14475.0,8862.6,6983.8,3377.7999999999997,9361.0,971.5,30.8,25129868761.301582,123.92290533683847,1284.5482394267203
1,371279.7899999993,114445.23999999993,47141.33265939996,25423.63059199997,3110.5963721999774,53301.49999999997,10206.340000000011,0,31912.0,14475.0,8862.6,6983.8,3377.7999999999997,9361.0,971.5,30.8,23594061906.760838,68.48014893220589,1056.4427790655168
2,437671.9899999979,150709.3399999997,51454.88043529974,26095.33592500002,1646.6467652499334,81758.38999999994,14107.679999999998,0,31912.0,14475.0,8862.6,6983.8,3377.7999999999997,9361.0,971.5,30.8,57621193765.48366,124.14719912793578,1280.1527248373209
3,465072.76999999833,161260.02999999985,50215.74256689971,28474.560156000018,3170.8646804999657,93187.89999999997,15417.179999999984,0,31912.0,14475.0,8862.6,6983.8,3377.7999999999997,9361.0,971.5,30.8,88525833434.62035,124.80360550447058,1360.7959218019407
4,284150.5200000002,88270.39999999995,35101.99720060001,18270.282408999967,3030.696161049982,39407.219999999994,1998.2000000000007,0,31912.0,14475.0,8862.6,6983.8,3377.7999999999997,9361.0,971.5,30.8,72997171530.16191,36.35368737892442,797.9803252991965
5,441163.359999998,150691.87999999977,54632.19676980005,25623.51418999997,3122.7328903999787,106916.31000000001,14844.395,0,31912.0,14475.0,8862.6,6983.8,3377.7999999999997,9361.0,971.5,30.8,128157500408.99377,127.20121087970551,1291.0596971782406
6,286262.42,97329.95000000001,34798.099236699876,18657.741257999973,4186.072808249978,34541.700000000004,1969.1000000000008,0,31912.0,14475.0,8862.6,6983.8,3377.7999999999997,9361.0,971.5,30.8,104193383949.97958,36.942230912046476,823.6997504100957
7,326751.3999999996,86047.79999999996,35290.71682129976,20041.286012999975,7092.005073549934,48488.35999999998,8145.574999999996,0,31912.0,14475.0,8862.6,6983.8,3377.7999999999997,9361.0,971.5,30.8,75501305257.79526,40.49844122970896,892.4518745543957
