,contributed_CCGT,contributed_Coal,contributed_Onshore,contributed_Offshore,contributed_PV,contributed_Nuclear,contributed_Recip_gas,contributed_Biomass,total_CCGT,total_Coal,total_Onshore,total_Offshore,total_PV,total_Nuclear,total_Recip_gas,Carbon_tax,total_genco_wealth,Electricity_cost,Carbon_emitted
0,378634.34999999875,167352.44999999995,51000.18229439977,31844.98330399999,3165.4511575999377,112967.16999999998,14589.769999999971,0,31912.0,14475.0,8862.6,6983.8,3377.7999999999997,9361.0,971.5,30.8,29546789666.031487,94.61023599834088,1183.1105903850969
1,341734.4699999994,132975.91999999995,41653.36373699987,32348.637247999974,3128.7300834999774,71006.90999999997,13240.499999999985,0,31912.0,14475.0,8862.6,6983.8,3377.7999999999997,9361.0,971.5,30.8,45851848191.74104,73.38795656563808,1025.1655059161565
2,374391.2199999988,180326.49999999997,52453.72450079959,31026.151887999986,1670.6765375999319,101355.29999999997,13885.06499999999,0,31912.0,14475.0,8862.6,6983.8,3377.7999999999997,9361.0,971.5,30.8,73219248417.48492,93.35930620825081,1200.788084876997
3,395489.2199999983,175634.46000000002,54785.256270799604,33383.03070000004,3198.4683175999635,121151.05999999995,14625.659999999969,0,31912.0,14475.0,8862.6,6983.8,3377.7999999999997,9361.0,971.5,30.8,107579825408.72304,101.32872032816454,1238.2422137350773
4,212256.41,123592.21999999997,34404.512531399974,29339.12134399997,3121.9002419499775,61357.34999999996,4946.029999999994,0,31912.0,14475.0,8862.6,6983.8,3377.7999999999997,9361.0,971.5,30.8,112053625973.8886,51.41774637545391,725.4939122035603
5,397286.7699999982,196194.63999999984,51460.06373699981,32837.51724799998,3132.0319639999766,106943.46999999999,15402.144999999971,0,31912.0,14475.0,8862.6,6983.8,3377.7999999999997,9361.0,971.5,30.8,161408643907.21042,97.33095909633732,1288.2111989967166
6,233509.31000000014,103205.66,35519.61907999982,32631.003816999975,4485.595097099986,61573.65999999998,6549.924999999996,0,31912.0,14475.0,8862.6,6983.8,3377.7999999999997,9361.0,971.5,30.8,166597711190.86844,50.403401549183116,725.2212168426804
7,239350.7400000002,105733.29000000001,45899.25141329972,38475.08019700007,7445.532373549934,80743.76999999995,10311.100000000006,0,31912.0,14475.0,8862.6,6983.8,3377.7999999999997,9361.0,971.5,30.8,179843310967.4963,57.85696346520633,754.0878722394186
