,contributed_CCGT,contributed_Coal,contributed_Onshore,contributed_Offshore,contributed_PV,contributed_Nuclear,contributed_Recip_gas,contributed_Biomass,total_CCGT,total_Coal,total_Onshore,total_Offshore,total_PV,total_Nuclear,total_Recip_gas,Carbon_tax,total_genco_wealth,Electricity_cost,Carbon_emitted
0,337845.8399999994,193696.54999999996,57817.819844799684,32215.290498500024,3149.479437999939,87818.94999999995,12165.739999999993,0,31912.0,14475.0,8862.6,6983.8,3377.7999999999997,9361.0,971.5,30.8,26909828338.752464,115.9039003509785,1171.8007868768987
1,260680.49000000005,169936.30000000013,55584.127027799645,33705.53947700003,3112.2625385999763,56008.76999999998,3942.079999999993,0,31912.0,14475.0,8862.6,6983.8,3377.7999999999997,9361.0,971.5,30.8,24802755175.608196,52.624739038094766,944.1194332073969
2,361780.55999999866,173222.28000000014,56492.94507319943,33365.64506900008,1661.351860399932,88529.95999999993,12200.659999999993,0,31912.0,14475.0,8862.6,6983.8,3377.7999999999997,9361.0,971.5,30.8,52990585927.16717,121.25232495973262,1173.6386606274398
3,379453.6299999984,177309.18000000017,62655.26334999944,34179.28355100005,3168.687563749964,99275.61999999994,13252.624999999989,0,31912.0,14475.0,8862.6,6983.8,3377.7999999999997,9361.0,971.5,30.8,85738763068.93639,122.66526320970836,1219.5885221636406
4,171488.79999999993,123550.49999999991,44432.91656559983,26952.343803000007,2766.5019558499794,48654.229999999996,386.0599999999998,0,31912.0,14475.0,8862.6,6983.8,3377.7999999999997,9361.0,971.5,30.8,73749420163.0284,35.183608433936136,644.6811243990002
5,355568.5699999985,222695.19,61601.88641799991,34752.77707250003,3121.2578182999773,85925.50999999995,12711.849999999993,0,31912.0,14475.0,8862.6,6983.8,3377.7999999999997,9361.0,971.5,30.8,126564479446.79247,124.18610308955924,1267.7339490556199
6,187141.10000000012,136951.3,43745.193908499634,26358.647103999985,3230.752727899981,44833.399999999994,330.7699999999998,0,31912.0,14475.0,8862.6,6983.8,3377.7999999999997,9361.0,971.5,30.8,106318074846.86461,33.72031923436388,707.8991298173992
7,210169.28999999983,151596.53000000003,42578.365611599605,27907.27209900001,5739.394487399966,46525.07999999999,352.1099999999998,0,31912.0,14475.0,8862.6,6983.8,3377.7999999999997,9361.0,971.5,30.8,82853664369.41315,37.21770022513217,783.7302132889382
