,contributed_CCGT,contributed_Coal,contributed_Onshore,contributed_Offshore,contributed_PV,contributed_Nuclear,contributed_Recip_gas,contributed_Biomass,total_CCGT,total_Coal,total_Onshore,total_Offshore,total_PV,total_Nuclear,total_Recip_gas,Carbon_tax,total_genco_wealth,Electricity_cost,Carbon_emitted
0,367596.77999999846,244387.16000000003,23300.55530880004,29579.745223999984,3154.551064599939,94267.50999999995,13267.659999999989,0,31912.0,14475.0,8862.6,6983.8,3377.7999999999997,9361.0,971.5,30.8,31329371158.60266,147.97139661515106,1333.2665481296774
1,259726.80000000016,246661.95,22953.67565550002,29266.489183999965,3121.031275749978,81549.83999999997,2729.5799999999995,0,31912.0,14475.0,8862.6,6983.8,3377.7999999999997,9361.0,971.5,30.8,25097899232.41515,53.20603476801335,1094.3246791460988
2,364357.8599999986,252147.84000000003,21258.948769099916,29147.89422399998,1658.4225184999327,91786.24999999997,13269.59999999999,0,31912.0,14475.0,8862.6,6983.8,3377.7999999999997,9361.0,971.5,30.8,64307194967.808784,169.81107698314892,1344.012644560317
3,372843.1199999986,262741.36,23278.20383160005,29656.706700000013,3187.892091749965,102752.09999999995,13967.999999999987,0,31912.0,14475.0,8862.6,6983.8,3377.7999999999997,9361.0,971.5,30.8,102226357546.36974,158.93292604432156,1386.2938337012763
4,203758.9200000004,156278.12999999995,18238.468494800032,23529.39057249998,3097.2942671999776,74257.37999999998,192.05999999999997,0,31912.0,14475.0,8862.6,6983.8,3377.7999999999997,9361.0,971.5,30.8,88451922992.91376,42.13225882182837,766.6719232457423
5,370503.55999999854,267324.94000000006,23432.91406890004,29595.668287999964,3122.2863189999775,98596.61999999995,13260.86999999999,0,31912.0,14475.0,8862.6,6983.8,3377.7999999999997,9361.0,971.5,30.8,143627064744.8035,156.84529008127572,1389.4126745661167
6,173582.73000000027,199525.6200000001,17719.59405780001,22355.677380999972,3005.6718413999797,72361.99999999997,104.76000000000003,0,31912.0,14475.0,8862.6,6983.8,3377.7999999999997,9361.0,971.5,30.8,120724932396.11409,39.332983560820075,798.7308437967621
7,193628.04000000007,208375.66000000015,25661.118431900024,32317.45742800002,7348.631085599926,75487.33999999997,157.14000000000001,0,31912.0,14475.0,8862.6,6983.8,3377.7999999999997,9361.0,971.5,30.8,93061727065.94618,41.11216577705816,866.6704734926836
