,contributed_CCGT,contributed_Coal,contributed_Onshore,contributed_Offshore,contributed_PV,contributed_Nuclear,contributed_Recip_gas,contributed_Biomass,total_CCGT,total_Coal,total_Onshore,total_Offshore,total_PV,total_Nuclear,total_Recip_gas,Carbon_tax,total_genco_wealth,Electricity_cost,Carbon_emitted
0,324232.4799999995,285108.2200000002,54627.3195903997,24830.469788,3161.1385489999375,79647.66999999993,12131.304999999993,0,31912.0,14475.0,8862.6,6983.8,3377.7999999999997,9361.0,971.5,30.8,42155854196.602554,168.76219484415728,1320.8507909615585
1,240493.75999999972,265895.33000000025,49336.74870409975,22881.21356199998,3067.949095099979,69684.79999999994,4594.404999999996,0,31912.0,14475.0,8862.6,6983.8,3377.7999999999997,9361.0,971.5,30.8,49121275237.49524,79.37330270001205,1091.177750281336
2,325457.8899999997,275283.6000000002,48323.93359279958,22960.970128000015,1655.2578520499362,104214.85999999996,13095.969999999985,0,31912.0,14475.0,8862.6,6983.8,3377.7999999999997,9361.0,971.5,30.8,136335467522.92923,261.4749886115437,1303.3740057927973
3,346827.8499999993,284929.90000000014,55696.97326789943,25811.619820000004,3191.333970449962,96156.09999999995,13254.079999999989,0,31912.0,14475.0,8862.6,6983.8,3377.7999999999997,9361.0,971.5,30.8,257360020572.1841,335.1498929249066,1373.3737721001987
4,132812.03999999986,216577.5500000002,39697.6809031,19060.234502999974,3029.40165544998,74247.67999999993,1054.3900000000008,0,31912.0,14475.0,8862.6,6983.8,3377.7999999999997,9361.0,971.5,30.8,242374997953.3231,30.05234902122683,755.0195648148997
5,356268.84999999934,278482.04000000015,55708.557163100006,25357.288878499985,3109.077415599977,88296.1899999999,13122.159999999985,0,31912.0,14475.0,8862.6,6983.8,3377.7999999999997,9361.0,971.5,30.8,403116637503.278,286.19821213290663,1375.4733329119183
6,159838.84999999998,198752.52000000002,43949.94636819977,19093.266040999973,4226.670954549989,62543.65999999996,1295.920000000001,0,31912.0,14475.0,8862.6,6983.8,3377.7999999999997,9361.0,971.5,30.8,379043440302.27423,29.344299427032666,770.5995587229588
7,184496.95000000004,231693.5500000001,39688.234422299785,19423.02342899997,7109.2973210499395,67923.27999999994,1113.5600000000009,0,31912.0,14475.0,8862.6,6983.8,3377.7999999999997,9361.0,971.5,30.8,351031707706.2885,33.925320316112646,893.7898593828962
