,contributed_CCGT,contributed_Coal,contributed_Onshore,contributed_Offshore,contributed_PV,contributed_Nuclear,contributed_Recip_gas,contributed_Biomass,total_CCGT,total_Coal,total_Onshore,total_Offshore,total_PV,total_Nuclear,total_Recip_gas,Carbon_tax,total_genco_wealth,Electricity_cost,Carbon_emitted
0,321324.60999999946,273825.88000000024,51202.42059169959,24045.921123999997,3153.693990099939,98104.82999999991,12076.984999999991,0,31912.0,14475.0,8862.6,6983.8,3377.7999999999997,9361.0,971.5,30.8,48064545535.02802,168.78093691175775,1294.3879943502393
1,249393.49999999953,262694.39000000025,47374.75589409981,22484.606963499962,3072.7123055999764,66115.19999999994,3113.6999999999966,0,31912.0,14475.0,8862.6,6983.8,3377.7999999999997,9361.0,971.5,30.8,55857747901.85898,79.41884195240492,1098.9541911772162
2,333561.2599999996,278308.0600000001,52365.012568799575,24226.373275000016,1654.4254061999366,83247.33999999991,12718.639999999985,0,31912.0,14475.0,8862.6,6983.8,3377.7999999999997,9361.0,971.5,30.8,141882823463.61594,258.8997907049304,1328.1695609878766
3,342615.61999999924,294860.41000000015,50451.65648999959,23752.099435,3155.403836649963,100534.67999999993,12749.679999999988,0,31912.0,14475.0,8862.6,6983.8,3377.7999999999997,9361.0,971.5,30.8,268000766396.75043,331.6388386777923,1383.547803673179
4,158295.16999999966,191418.5900000001,42939.36906629995,19181.06737799997,3076.6603254499782,68780.75999999994,1118.410000000001,0,31912.0,14475.0,8862.6,6983.8,3377.7999999999997,9361.0,971.5,30.8,253082156218.01566,28.607914146596737,750.7406262888187
5,341400.4799999994,284105.1200000001,57232.220184499965,26496.645433999962,3131.905541399977,102435.87999999995,12700.209999999985,0,31912.0,14475.0,8862.6,6983.8,3377.7999999999997,9361.0,971.5,30.8,402906663447.5262,284.9816620334506,1354.6183927777583
6,162450.69999999975,191477.39999999997,44451.88295619982,19863.706141999974,4326.029306349987,65775.69999999995,1102.890000000001,0,31912.0,14475.0,8862.6,6983.8,3377.7999999999997,9361.0,971.5,30.8,380060822557.2836,30.29512523326908,759.2760751051985
7,180748.37999999983,227774.8600000001,47990.97259559967,22889.79600450001,7218.100346049936,63511.71999999996,1160.120000000001,0,31912.0,14475.0,8862.6,6983.8,3377.7999999999997,9361.0,971.5,30.8,353102265681.10675,34.63226370715325,877.5306220542761
