,contributed_CCGT,contributed_Coal,contributed_Onshore,contributed_Offshore,contributed_PV,contributed_Nuclear,contributed_Recip_gas,contributed_Biomass,total_CCGT,total_Coal,total_Onshore,total_Offshore,total_PV,total_Nuclear,total_Recip_gas,Carbon_tax,total_genco_wealth,Electricity_cost,Carbon_emitted
0,397122.37999999773,216956.44999999987,22872.33775080003,29579.745223999984,3154.551064599939,94410.09999999986,13271.53999999999,0,31912.0,14475.0,8862.6,6983.8,3377.7999999999997,9361.0,971.5,30.8,11837473309.379333,86.60594107082159,1331.0783914170968
1,299414.3399999995,206291.41999999978,22423.0219265,28990.95756799996,3120.0251217999776,74885.93999999992,3755.84,0,31912.0,14475.0,8862.6,6983.8,3377.7999999999997,9361.0,971.5,30.8,4936736191.892199,53.48352664535637,1084.995424205162
2,394209.6199999979,209660.00999999983,21180.487069599898,29224.130127999983,1657.527406549933,100163.1699999999,13259.89999999999,0,31912.0,14475.0,8862.6,6983.8,3377.7999999999997,9361.0,971.5,30.8,16489122866.23094,95.31173510520073,1309.7847674739764
3,415049.1999999978,216037.29999999978,22469.651999299964,29164.702764000012,3184.687863399964,108307.28999999994,14852.154999999982,0,31912.0,14475.0,8862.6,6983.8,3377.7999999999997,9361.0,971.5,30.8,33896368285.221264,107.84868442715769,1369.5516646753958
4,221567.80000000028,153388.13999999993,17640.952190500007,22609.719388999983,3024.2444019499812,63641.69999999993,209.51999999999995,0,31912.0,14475.0,8862.6,6983.8,3377.7999999999997,9361.0,971.5,30.8,19384097746.903038,39.86693535246673,792.5723677797235
5,414479.0399999977,228947.50999999986,23114.112268400033,29595.668287999964,3122.2863189999775,94287.87999999987,13270.56999999999,0,31912.0,14475.0,8862.6,6983.8,3377.7999999999997,9361.0,971.5,30.8,42435164240.81044,103.91271170697284,1393.9914390989763
6,225066.03000000035,154852.22999999986,16407.614369200022,21018.73711799997,4157.351038749979,69589.73999999993,148.41000000000003,0,31912.0,14475.0,8862.6,6983.8,3377.7999999999997,9361.0,971.5,30.8,19005211136.472324,38.09106291073774,803.6464391975431
7,297843.70999999944,129610.57000000004,21749.58062790004,26508.5628325,7151.495576299929,58383.329999999965,2194.140000000001,0,31912.0,14475.0,8862.6,6983.8,3377.7999999999997,9361.0,971.5,30.8,-6402667612.447505,42.59916545741941,908.4554686568616
