,contributed_CCGT,contributed_Coal,contributed_Onshore,contributed_Offshore,contributed_PV,contributed_Nuclear,contributed_Recip_gas,contributed_Biomass,total_CCGT,total_Coal,total_Onshore,total_Offshore,total_PV,total_Nuclear,total_Recip_gas,Carbon_tax,total_genco_wealth,Electricity_cost,Carbon_emitted
0,364590.19999999856,177628.34000000014,60626.98671519984,34110.29957650006,3144.91454839994,80960.07999999996,12427.63999999999,0,31912.0,14475.0,8862.6,6983.8,3377.7999999999997,9361.0,971.5,30.8,28485549905.901604,118.631658659038,1187.22454301932
1,270446.08,165993.30000000008,57289.6128728998,34089.96457950003,3107.2254811999765,50052.96999999999,4371.789999999993,0,31912.0,14475.0,8862.6,6983.8,3377.7999999999997,9361.0,971.5,30.8,26908013271.14112,52.96185294470249,950.1101898933973
2,367999.59999999864,191326.9,58057.87427109947,31836.446828000026,1653.7178155499341,77585.44999999995,11906.749999999998,0,31912.0,14475.0,8862.6,6983.8,3377.7999999999997,9361.0,971.5,30.8,59076407860.60535,120.35270572863855,1226.065287386201
3,379381.6199999988,188226.72,58307.85576469963,36532.628928000115,3186.530905849964,95964.03999999995,12862.199999999992,0,31912.0,14475.0,8862.6,6983.8,3377.7999999999997,9361.0,971.5,30.8,94336606164.53151,122.95657851607238,1243.01115603456
4,175798.14,125314.65999999989,47369.017393499875,26569.814944500005,3069.6829134499776,45016.729999999996,357.9299999999998,0,31912.0,14475.0,8862.6,6983.8,3377.7999999999997,9361.0,971.5,30.8,81906304106.07143,34.78432063385059,658.5371934746803
5,381561.77999999863,195428.34999999995,57273.98540659979,33961.97509200005,3116.2255694999785,87388.26999999996,12538.219999999992,0,31912.0,14475.0,8862.6,6983.8,3377.7999999999997,9361.0,971.5,30.8,134921537176.71243,121.91324816383603,1265.2118242132988
6,188967.78000000006,147490.65000000002,43484.457045199706,25328.323249999987,4193.501205099977,35866.72,401.57999999999976,0,31912.0,14475.0,8862.6,6983.8,3377.7999999999997,9361.0,971.5,30.8,114345790244.10635,33.18282810005742,733.6621719086984
7,236282.10000000003,132514.58999999997,48609.8703091996,26921.652445000007,6976.690637549934,36712.56,385.08999999999975,0,31912.0,14475.0,8862.6,6983.8,3377.7999999999997,9361.0,971.5,30.8,91012796666.07237,38.47825845595296,797.8655635968182
