,contributed_CCGT,contributed_Coal,contributed_Onshore,contributed_Offshore,contributed_PV,contributed_Nuclear,contributed_Recip_gas,contributed_Biomass,total_CCGT,total_Coal,total_Onshore,total_Offshore,total_PV,total_Nuclear,total_Recip_gas,Carbon_tax,total_genco_wealth,Electricity_cost,Carbon_emitted
0,322845.9799999999,252900.8699999998,21712.736923900047,28606.695487999987,3154.551064599939,130292.34000000007,13097.910000000007,0,31912.0,14475.0,8862.6,6983.8,3377.7999999999997,9361.0,971.5,30.8,26016359753.432438,128.70661300324974,1275.3989870962598
1,222539.4000000001,245993.2199999998,20642.416468400006,26202.35762599997,3115.842181599976,107123.89000000003,7416.620000000003,0,31912.0,14475.0,8862.6,6983.8,3377.7999999999997,9361.0,971.5,30.8,24785726125.325832,62.12321246443432,1044.641055881561
2,316924.2499999998,259542.6999999998,20159.103618499827,28330.75430799999,1656.8463190999328,136607.0400000001,13185.210000000001,0,31912.0,14475.0,8862.6,6983.8,3377.7999999999997,9361.0,971.5,30.8,50528138655.11631,129.68466184272037,1278.3756603745976
3,348394.4499999995,258069.28999999986,22213.460361999965,29618.293260000013,3183.8197855999642,135943.56000000008,14968.06999999998,0,31912.0,14475.0,8862.6,6983.8,3377.7999999999997,9361.0,971.5,30.8,78897484981.15614,129.5588885590572,1342.5916080474149
4,129351.82999999996,196958.07999999984,16931.94555089997,21336.210758999983,3066.706484649978,98342.48,18.43,0,31912.0,14475.0,8862.6,6983.8,3377.7999999999997,9361.0,971.5,30.8,65764517471.25716,39.58074980820246,727.2546213558409
5,328728.9799999998,263247.38999999984,22382.864246599995,28667.658697999963,3122.2863189999775,151754.56000000014,14025.715,0,31912.0,14475.0,8862.6,6983.8,3377.7999999999997,9361.0,971.5,30.8,110071325586.96872,132.6282581253117,1309.949205281215
6,145286.9100000001,192475.17999999985,16758.746735300014,21535.98095799998,3198.8033015499805,96472.32,19.4,0,31912.0,14475.0,8862.6,6983.8,3377.7999999999997,9361.0,971.5,30.8,88879884240.80003,38.37315318690054,749.6016687616409
7,174905.0199999999,206165.68999999977,19225.744223900027,24428.494313000007,6855.318035649935,96392.78000000001,3813.069999999996,0,31912.0,14475.0,8862.6,6983.8,3377.7999999999997,9361.0,971.5,30.8,64109082518.18102,40.350846593080945,848.16539751462
