,contributed_CCGT,contributed_Coal,contributed_Onshore,contributed_Offshore,contributed_PV,contributed_Nuclear,contributed_Recip_gas,contributed_Biomass,total_CCGT,total_Coal,total_Onshore,total_Offshore,total_PV,total_Nuclear,total_Recip_gas,Carbon_tax,total_genco_wealth,Electricity_cost,Carbon_emitted
0,362505.12999999855,169467.89000000016,59793.21038209977,36477.6590970001,3156.0067175999384,94638.04999999996,12058.069999999996,0,31912.0,14475.0,8862.6,6983.8,3377.7999999999997,9361.0,971.5,30.8,31578842457.114326,122.58812419349529,1166.442541690219
1,294463.41000000003,128191.45999999998,56104.746785799725,35296.440316500055,3113.6882299499766,58453.169999999984,8001.52999999999,0,31912.0,14475.0,8862.6,6983.8,3377.7999999999997,9361.0,971.5,30.8,35328452059.985054,67.8301025796015,928.9715518210778
2,365223.9199999987,167660.4300000002,59004.1903727995,35801.93220400002,1665.3339401999306,88220.52999999997,12537.249999999998,0,31912.0,14475.0,8862.6,6983.8,3377.7999999999997,9361.0,971.5,30.8,67570248838.94215,123.83353496781301,1170.0827181611396
3,383113.20999999886,184174.14000000016,57989.1636032994,33308.17591600004,3162.504849049963,108693.34999999996,13725.499999999969,0,31912.0,14475.0,8862.6,6983.8,3377.7999999999997,9361.0,971.5,30.8,106597959606.53064,125.15765800583222,1243.2958638277216
4,214296.27999999994,88029.87999999993,43602.32659519993,27309.843807000005,2621.9285354499802,48654.229999999996,320.09999999999985,0,31912.0,14475.0,8862.6,6983.8,3377.7999999999997,9361.0,971.5,30.8,95284004200.51329,37.467692030173545,653.6032779722407
5,402433.3899999971,153497.8200000001,59798.21375849984,38023.781047500044,3125.1786279999783,91849.29999999993,13679.424999999988,0,31912.0,14475.0,8862.6,6983.8,3377.7999999999997,9361.0,971.5,30.8,146846833979.9966,126.60506833776712,1216.3341378823611
6,209620.64999999985,105724.98000000003,42705.75287919981,27286.304725999984,4192.654908099977,41745.89,350.1699999999998,0,31912.0,14475.0,8862.6,6983.8,3377.7999999999997,9361.0,971.5,30.8,128050665661.03516,36.80979524797599,681.34189160204
7,259859.36999999997,93802.11999999995,48382.86846479962,29624.451724000006,7170.044152849928,40166.729999999996,8383.224999999988,0,31912.0,14475.0,8862.6,6983.8,3377.7999999999997,9361.0,971.5,30.8,108207845819.5451,42.52180772717121,774.4464572937577
