,contributed_CCGT,contributed_Coal,contributed_Onshore,contributed_Offshore,contributed_PV,contributed_Nuclear,contributed_Recip_gas,contributed_Biomass,total_CCGT,total_Coal,total_Onshore,total_Offshore,total_PV,total_Nuclear,total_Recip_gas,Carbon_tax,total_genco_wealth,Electricity_cost,Carbon_emitted
0,345326.69999999873,194087.0299999996,23300.55530880004,29579.745223999984,3154.551064599939,165604.86687359976,17886.800000000014,0,31912.0,14475.0,8862.6,6983.8,3377.7999999999997,9361.0,971.5,30.8,17405199248.86096,103.93567282693152,1183.3471910879384
1,267109.02000000054,150534.5,23464.752699000044,29595.668287999964,3122.2863189999775,165604.86687359976,12884.509999999993,0,31912.0,14475.0,8862.6,6983.8,3377.7999999999997,9361.0,971.5,30.8,12069318656.87194,57.58332940518931,911.8714442910017
2,336340.31999999896,202724.88999999958,21601.84304159999,29224.130127999983,1658.9456695999324,165604.86687359976,17209.740000000005,0,31912.0,14475.0,8862.6,6983.8,3377.7999999999997,9361.0,971.5,30.8,21070045592.84659,90.65041669857662,1183.0993307762187
3,352806.61999999837,215069.10999999955,23278.20383160005,29656.706700000013,3188.160174599965,165604.86687359976,18430.970000000023,0,31912.0,14475.0,8862.6,6983.8,3377.7999999999997,9361.0,971.5,30.8,48380444817.74801,135.16209812721328,1248.3038044957768
4,146233.62000000008,127028.84,21895.013329299996,29595.668287999968,3116.600719849977,144165.6618696001,12571.199999999995,0,31912.0,14475.0,8862.6,6983.8,3377.7999999999997,9361.0,971.5,30.8,35398299932.11189,43.12986210608465,605.8256841183221
5,354577.91999999835,217675.63999999966,23464.752699000044,29595.668287999964,3122.2863189999775,165604.86687359976,18129.785000000018,0,31912.0,14475.0,8862.6,6983.8,3377.7999999999997,9361.0,971.5,30.8,51685442216.92979,92.8827029002007,1255.3504237747172
6,142212.42000000013,140281.88,25577.32932750004,33535.97722699999,4482.611414499983,134655.30866480022,10475.999999999998,0,31912.0,14475.0,8862.6,6983.8,3377.7999999999997,9361.0,971.5,30.8,31979561048.618782,43.00523003948684,622.9821990682424
7,177447.06000000023,146286.66999999998,31091.167208999937,38204.78456500007,7411.1254933499295,140632.63420640014,12571.199999999995,0,31912.0,14475.0,8862.6,6983.8,3377.7999999999997,9361.0,971.5,30.8,7756548717.938735,43.28792641073948,712.2552700246628
