,contributed_CCGT,contributed_Coal,contributed_Onshore,contributed_Offshore,contributed_PV,contributed_Nuclear,contributed_Recip_gas,contributed_Biomass,total_CCGT,total_Coal,total_Onshore,total_Offshore,total_PV,total_Nuclear,total_Recip_gas,Carbon_tax,total_genco_wealth,Electricity_cost,Carbon_emitted
0,323457.5899999997,254263.50999999983,20671.405025100004,26613.79787599999,3154.551064599939,134096.68000000005,13124.100000000004,0,31912.0,14475.0,8862.6,6983.8,3377.7999999999997,9361.0,971.5,30.8,26462103432.075066,129.16996444816547,1279.7343132669769
1,226588.9500000003,232813.81999999975,21696.43201929999,28358.038573999973,3117.342920199977,113014.70000000006,7591.220000000002,0,31912.0,14475.0,8862.6,6983.8,3377.7999999999997,9361.0,971.5,30.8,25251784200.719097,63.5882601156207,1023.8075935803599
2,332928.85999999964,249892.21999999986,19093.31588569983,26287.463680000004,1655.1157752999327,133936.63000000006,13114.400000000005,0,31912.0,14475.0,8862.6,6983.8,3377.7999999999997,9361.0,971.5,30.8,51390032195.13345,128.78341746333876,1289.1872126035578
3,338680.2599999999,257988.2499999998,21714.806176399943,28711.335024000004,3183.692127099964,132816.28000000003,15033.059999999974,0,31912.0,14475.0,8862.6,6983.8,3377.7999999999997,9361.0,971.5,30.8,79559809958.35414,131.32117001168857,1322.8228995534946
4,129188.93999999996,198947.53999999963,16659.532438700036,20957.211298999988,2751.006377349979,98340.54000000001,17.46,0,31912.0,14475.0,8862.6,6983.8,3377.7999999999997,9361.0,971.5,30.8,66114786276.33221,38.93666576625642,729.9437542209206
5,344866.4799999997,264898.71999999986,22723.96092480002,29345.472145999967,3122.2863189999775,136960.12000000005,13844.325000000003,0,31912.0,14475.0,8862.6,6983.8,3377.7999999999997,9361.0,971.5,30.8,110137472923.09244,132.33400704187872,1346.024883040556
6,140461.85000000003,207866.34999999971,16473.270448800013,21096.893693999973,3168.78395254998,91535.01999999997,21.339999999999996,0,31912.0,14475.0,8862.6,6983.8,3377.7999999999997,9361.0,971.5,30.8,88777447614.01627,37.971544554932784,770.6573907973004
7,172778.83999999994,216109.88999999972,19811.261152900035,24754.095042500005,7093.458201399936,90219.69999999992,3348.439999999996,0,31912.0,14475.0,8862.6,6983.8,3377.7999999999997,9361.0,971.5,30.8,63674868034.828476,40.16781055296971,863.8668515262195
