,contributed_CCGT,contributed_Coal,contributed_Onshore,contributed_Offshore,contributed_PV,contributed_Nuclear,contributed_Recip_gas,contributed_Biomass,total_CCGT,total_Coal,total_Onshore,total_Offshore,total_PV,total_Nuclear,total_Recip_gas,Carbon_tax,total_genco_wealth,Electricity_cost,Carbon_emitted
0,409915.9299999979,204605.15999999986,23300.55530880004,29579.745223999984,3154.551064599939,75260.35999999996,15008.809999999985,0,31912.0,14475.0,8862.6,6983.8,3377.7999999999997,9361.0,971.5,30.8,52489132866.484856,206.62901822608902,1335.8822406136749
1,351303.6199999991,166925.99,23464.752699000044,29595.668287999964,3122.2863189999775,38102.569999999985,13928.229999999998,0,31912.0,14475.0,8862.6,6983.8,3377.7999999999997,9361.0,971.5,30.8,69635205396.06175,113.63614237237711,1129.6098602940199
2,385695.09999999835,208441.87999999974,21601.84304159999,29224.130127999983,1658.9456695999324,95424.71999999997,15022.389999999981,0,31912.0,14475.0,8862.6,6983.8,3377.7999999999997,9361.0,971.5,30.8,141661224000.92834,242.97710118794907,1294.284183408236
3,406204.069999998,223964.70999999964,23278.20383160005,29656.706700000013,3188.160174599965,97971.93999999994,15880.354999999981,0,31912.0,14475.0,8862.6,6983.8,3377.7999999999997,9361.0,971.5,30.8,204973249310.1687,215.58603943603666,1373.2208429545733
4,241640.5600000003,140855.45,23464.75269900004,29595.668287999968,3122.2863189999775,25928.09999999999,8509.809999999989,0,31912.0,14475.0,8862.6,6983.8,3377.7999999999997,9361.0,971.5,30.8,199862477916.93933,58.99953597846246,835.0954057191
5,412562.99999999773,218679.65999999963,23464.752699000044,29595.668287999964,3122.2863189999775,93344.06999999996,15893.934999999983,0,31912.0,14475.0,8862.6,6983.8,3377.7999999999997,9361.0,971.5,30.8,303955863619.5489,221.27137669968798,1374.4111979346737
6,260058.19000000032,131021.86000000007,26977.29771609999,33015.299858999984,4475.945650799984,15988.510000000002,11463.460000000006,0,31912.0,14475.0,8862.6,6983.8,3377.7999999999997,9361.0,971.5,30.8,295188928159.2624,56.37698525006215,857.41341106028
7,262537.12000000034,151252.15000000005,34545.34440639985,38306.24775700007,7445.762229399933,29600.519999999993,11163.730000000007,0,31912.0,14475.0,8862.6,6983.8,3377.7999999999997,9361.0,971.5,30.8,292669314858.22656,65.10890206780736,906.9790157057015
