,contributed_CCGT,contributed_Coal,contributed_Onshore,contributed_Offshore,contributed_PV,contributed_Nuclear,contributed_Recip_gas,contributed_Biomass,total_CCGT,total_Coal,total_Onshore,total_Offshore,total_PV,total_Nuclear,total_Recip_gas,Carbon_tax,total_genco_wealth,Electricity_cost,Carbon_emitted
0,324450.8099999995,268891.28,54319.10915199991,27731.649739999986,3168.6380936999367,80054.09999999993,12332.579999999989,0,31912.0,14475.0,8862.6,6983.8,3377.7999999999997,9361.0,971.5,30.8,98043978182.21307,314.37686509760897,1287.9734809894387
1,228649.33000000002,257219.61999999994,46359.65853769981,25065.31262949997,3123.328662149974,74938.31999999993,3707.3399999999974,0,31912.0,14475.0,8862.6,6983.8,3377.7999999999997,9361.0,971.5,30.8,110283515414.31712,85.8174663333462,1046.209901888761
2,320041.98999999964,254703.65999999992,52930.85280529957,26112.81659199998,1679.0366999499322,108829.14999999995,12060.979999999989,0,31912.0,14475.0,8862.6,6983.8,3377.7999999999997,9361.0,971.5,30.8,236921907236.33444,338.64857195954573,1244.4038718166792
3,381898.4299999994,251308.29999999996,57294.084805699735,28691.81118000001,3201.4320290499604,81144.37999999993,13713.859999999973,0,31912.0,14475.0,8862.6,6983.8,3377.7999999999997,9361.0,971.5,30.8,387151675345.557,354.8121910224117,1369.3429815834013
4,136033.70999999996,212527.99999999997,37871.06114759996,18599.400104999975,2610.5601574499806,72034.13999999994,329.79999999999984,0,31912.0,14475.0,8862.6,6983.8,3377.7999999999997,9361.0,971.5,30.8,375569103650.97186,33.99415724676222,751.052479444
5,357990.5300000001,253453.73999999987,56762.868961700035,25986.600205999974,3134.9684116999765,103873.41999999994,12463.529999999984,0,31912.0,14475.0,8862.6,6983.8,3377.7999999999997,9361.0,971.5,30.8,592732760319.4646,349.6008178913027,1324.1461458485196
6,153744.51000000013,211848.73000000007,36524.851924399845,17062.69623599999,2962.911123949978,60257.36999999997,341.4399999999998,0,31912.0,14475.0,8862.6,6983.8,3377.7999999999997,9361.0,971.5,30.8,573846642563.9751,33.53500933637599,785.5133109245397
7,205552.40999999992,199940.9599999999,38865.559874999744,21016.43528699999,6914.106818949952,69925.35999999996,375.38999999999976,0,31912.0,14475.0,8862.6,6983.8,3377.7999999999997,9361.0,971.5,30.8,552656209408.5399,38.161639296638214,864.6533890620788
