,contributed_CCGT,contributed_Coal,contributed_Onshore,contributed_Offshore,contributed_PV,contributed_Nuclear,contributed_Recip_gas,contributed_Biomass,total_CCGT,total_Coal,total_Onshore,total_Offshore,total_PV,total_Nuclear,total_Recip_gas,Carbon_tax,total_genco_wealth,Electricity_cost,Carbon_emitted
0,337137.4799999988,202637.1999999997,23300.55530880004,29579.745223999984,3154.551064599939,165604.86687359976,16400.27499999998,0,31912.0,14475.0,8862.6,6983.8,3377.7999999999997,9361.0,971.5,30.8,16919625937.677118,102.12528871901013,1182.7842609756003
1,250776.48000000036,165156.61,23464.752699000044,29595.668287999964,3122.2863189999775,165604.86687359976,13408.309999999992,0,31912.0,14475.0,8862.6,6983.8,3377.7999999999997,9361.0,971.5,30.8,11834337321.698599,56.69556058520639,913.1427800607819
2,326977.97999999893,211978.15999999963,21601.84304159999,29224.130127999983,1658.9456695999324,165604.86687359976,17129.715,0,31912.0,14475.0,8862.6,6983.8,3377.7999999999997,9361.0,971.5,30.8,21011821074.116924,90.17998784608078,1184.4846386376798
3,346123.5799999986,222439.80999999956,23278.20383160005,29656.706700000013,3188.160174599965,165604.86687359976,18373.740000000023,0,31912.0,14475.0,8862.6,6983.8,3377.7999999999997,9361.0,971.5,30.8,48577842091.41662,134.51036373990743,1251.0680216343774
4,153549.66000000018,119129.63000000006,22147.29470260001,29595.668287999968,3116.600719849977,145853.67216560006,9952.199999999999,0,31912.0,14475.0,8862.6,6983.8,3377.7999999999997,9361.0,971.5,30.8,36116846043.73478,44.535377915951095,597.8288132827412
5,368936.2799999981,199083.77999999965,23464.752699000044,29595.668287999964,3122.2863189999775,165604.86687359976,17889.225000000017,0,31912.0,14475.0,8862.6,6983.8,3377.7999999999997,9361.0,971.5,30.8,53213832082.92778,93.39177025593744,1244.2776385544394
6,157812.0000000003,130220.43999999993,25487.044501700027,33512.490376999995,4481.354669799984,134623.61240160023,5761.800000000001,0,31912.0,14475.0,8862.6,6983.8,3377.7999999999997,9361.0,971.5,30.8,33749849025.70369,43.3901697187784,622.6284433751222
7,195821.58000000013,124406.04000000008,31091.167208999937,38204.78456500007,7411.1254933499295,140632.63420640014,12571.199999999995,0,31912.0,14475.0,8862.6,6983.8,3377.7999999999997,9361.0,971.5,30.8,10569504344.805408,44.25799731594784,701.6553212839217
