,contributed_CCGT,contributed_Coal,contributed_Onshore,contributed_Offshore,contributed_PV,contributed_Nuclear,contributed_Recip_gas,contributed_Biomass,total_CCGT,total_Coal,total_Onshore,total_Offshore,total_PV,total_Nuclear,total_Recip_gas,Carbon_tax,total_genco_wealth,Electricity_cost,Carbon_emitted
0,398759.59999999875,185286.65,53722.195295299716,26247.42126799999,3145.9135091499406,79826.14999999995,12884.510000000002,0,31912.0,14475.0,8862.6,6983.8,3377.7999999999997,9361.0,971.5,30.8,26600786441.260033,122.49182725581437,1278.1489887367018
1,346921.5699999995,154880.7200000001,48782.87699689964,24040.223251999967,3110.925895299978,56397.73999999997,6730.344999999995,0,31912.0,14475.0,8862.6,6983.8,3377.7999999999997,9361.0,971.5,30.8,23790165449.22813,61.038190363289324,1092.4826821365598
2,408708.2599999985,192618.87999999998,47365.064439799426,22885.562623000005,1647.9857377499338,84740.16999999995,12785.569999999998,0,31912.0,14475.0,8862.6,6983.8,3377.7999999999997,9361.0,971.5,30.8,47456319031.67871,120.7664978497525,1306.2820333742436
3,431626.80999999854,186003.2100000001,53061.90332639958,29588.23723200001,3157.4690413999665,92966.73999999995,14493.254999999985,0,31912.0,14475.0,8862.6,6983.8,3377.7999999999997,9361.0,971.5,30.8,75398121812.08214,123.75692866638383,1349.7813176175835
4,231436.94999999995,134445.18,39981.30061929988,18600.118095999973,3062.2693418499794,41450.03999999999,1173.700000000001,0,31912.0,14475.0,8862.6,6983.8,3377.7999999999997,9361.0,971.5,30.8,59974581468.889694,35.743143469285826,795.9239446216388
5,424146.80999999825,176339.22000000018,53403.60150159989,29738.097411499995,3115.009541949979,99008.86999999998,13512.09999999999,0,31912.0,14475.0,8862.6,6983.8,3377.7999999999997,9361.0,971.5,30.8,109371133556.20947,123.97252125931045,1311.0409650095635
6,234477.7499999999,134950.19999999998,35956.583186199845,17149.260235999984,3320.427683749981,55266.719999999965,970.0000000000007,0,31912.0,14475.0,8862.6,6983.8,3377.7999999999997,9361.0,971.5,30.8,85572665087.05554,35.72736892745686,799.3129879195974
7,286057.4399999997,138156.53000000003,44092.545437699635,21899.7979075,7182.459140499928,38190.84,1746.000000000001,0,31912.0,14475.0,8862.6,6983.8,3377.7999999999997,9361.0,971.5,30.8,56531214594.72001,39.372933449088855,916.6716944089372
