,contributed_CCGT,contributed_Coal,contributed_Onshore,contributed_Offshore,contributed_PV,contributed_Nuclear,contributed_Recip_gas,contributed_Biomass,total_CCGT,total_Coal,total_Onshore,total_Offshore,total_PV,total_Nuclear,total_Recip_gas,Carbon_tax,total_genco_wealth,Electricity_cost,Carbon_emitted
0,368931.999999999,160420.00999999992,59200.56186759973,32166.928669999994,3171.7915240499356,121820.35999999994,13227.405000000002,0,31912.0,14475.0,8862.6,6983.8,3377.7999999999997,9361.0,971.5,30.8,33676798597.814137,125.97064892842722,1156.947576503976
1,289220.2899999999,122917.83999999985,53814.80397919987,24287.274703999967,3132.0950540499734,111613.04999999993,9757.229999999994,0,31912.0,14475.0,8862.6,6983.8,3377.7999999999997,9361.0,971.5,30.8,37495921709.420296,71.0048640188286,910.2189634603187
2,365900.70999999886,173079.55999999985,55912.26623259964,26064.571708000014,1672.7286843999334,126033.06999999993,12776.840000000002,0,31912.0,14475.0,8862.6,6983.8,3377.7999999999997,9361.0,971.5,30.8,68685962044.12843,123.63568665178543,1182.8537454048756
3,356294.66999999963,182309.17999999996,63695.99364509969,25678.250910000002,3198.047579949961,146233.32,13980.609999999973,0,31912.0,14475.0,8862.6,6983.8,3377.7999999999997,9361.0,971.5,30.8,103984553808.7193,132.1151347842883,1186.3920929136368
4,200196.62999999977,99826.7299999999,44703.89911209995,18694.852437999976,3089.058531749976,88931.53999999995,241.5299999999999,0,31912.0,14475.0,8862.6,6983.8,3377.7999999999997,9361.0,971.5,30.8,91206744267.07869,36.439532283410905,651.0977491885417
5,364813.1999999995,173610.9699999999,61432.71585719998,29647.81991599998,3134.272120649976,141319.29999999993,13506.764999999974,0,31912.0,14475.0,8862.6,6983.8,3377.7999999999997,9361.0,971.5,30.8,146059590489.02234,130.1025980426904,1184.4950950660568
6,229724.82999999993,74963.7,42567.97717349988,18244.267817999975,3908.0636968999743,93171.40999999995,2134.485000000002,0,31912.0,14475.0,8862.6,6983.8,3377.7999999999997,9361.0,971.5,30.8,127616621431.55702,39.454126848602975,658.5523861826009
7,250176.15999999983,107064.71999999988,43293.43686579973,21230.47424849999,7230.83784784993,90352.58999999995,7210.010000000002,0,31912.0,14475.0,8862.6,6983.8,3377.7999999999997,9361.0,971.5,30.8,105272642129.4271,42.40860964273128,786.7278936585593
