,contributed_CCGT,contributed_Coal,contributed_Onshore,contributed_Offshore,contributed_PV,contributed_Nuclear,contributed_Recip_gas,contributed_Biomass,total_CCGT,total_Coal,total_Onshore,total_Offshore,total_PV,total_Nuclear,total_Recip_gas,Carbon_tax,total_genco_wealth,Electricity_cost,Carbon_emitted
0,313773.23999999923,227220.4199999996,23300.55530880004,29579.745223999984,3154.551064599939,165604.86687359976,16546.744999999988,0,31912.0,14475.0,8862.6,6983.8,3377.7999999999997,9361.0,971.5,30.8,16516445830.070599,100.846842918431,1190.5071358171585
1,208171.92000000042,210130.51999999952,23464.752699000044,29595.668287999964,3122.2863189999775,165604.86687359976,13408.309999999992,0,31912.0,14475.0,8862.6,6983.8,3377.7999999999997,9361.0,971.5,30.8,10293437150.950974,54.85137683829249,925.2090864069613
2,343434.47999999864,194641.60999999955,21601.84304159999,29224.130127999983,1658.9456695999324,165604.86687359976,17658.850000000017,0,31912.0,14475.0,8862.6,6983.8,3377.7999999999997,9361.0,971.5,30.8,18855318755.00083,90.93285362883559,1180.3751540507792
3,351825.99999999825,215136.72999999954,23278.20383160005,29656.706700000013,3188.160174599965,165604.86687359976,17907.170000000016,0,31912.0,14475.0,8862.6,6983.8,3377.7999999999997,9361.0,971.5,30.8,45941124979.65034,134.97631368339395,1245.4007190285388
4,123751.02000000009,147628.87999999992,21976.508373999994,29595.668287999968,3116.600719849977,145749.00078480007,9952.199999999999,0,31912.0,14475.0,8862.6,6983.8,3377.7999999999997,9361.0,971.5,30.8,31865361610.044582,42.05732404211838,600.8363241742414
5,363875.3999999982,206942.69999999952,23464.752699000044,29595.668287999964,3122.2863189999775,165604.86687359976,17879.525000000016,0,31912.0,14475.0,8862.6,6983.8,3377.7999999999997,9361.0,971.5,30.8,47535282015.70403,93.03400409940996,1251.5207395245982
6,149113.68000000017,133542.38999999998,25107.37461920003,32925.914206999994,4477.2553294999825,133702.20940160024,12047.399999999996,0,31912.0,14475.0,8862.6,6983.8,3377.7999999999997,9361.0,971.5,30.8,27275168827.40622,43.737064423661614,625.1904240412214
7,194722.02000000046,125579.19000000005,31091.167208999937,38204.78456500007,7411.1254933499295,141522.3409432001,12047.399999999996,0,31912.0,14475.0,8862.6,6983.8,3377.7999999999997,9361.0,971.5,30.8,2526012367.5084157,43.16570766555052,699.9590760076227
