,contributed_CCGT,contributed_Coal,contributed_Onshore,contributed_Offshore,contributed_PV,contributed_Nuclear,contributed_Recip_gas,contributed_Biomass,total_CCGT,total_Coal,total_Onshore,total_Offshore,total_PV,total_Nuclear,total_Recip_gas,Carbon_tax,total_genco_wealth,Electricity_cost,Carbon_emitted
0,325445.92999999947,240581.49999999977,55042.055380300066,30528.777367999992,3172.344222049935,107277.14999999997,12011.509999999993,0,31912.0,14475.0,8862.6,6983.8,3377.7999999999997,9361.0,971.5,30.8,113847928049.74333,353.14641862201006,1223.7612863369984
1,264549.4999999999,208059.51999999964,50031.46525519995,25520.72662199997,3141.395119799973,81372.32999999993,5912.149999999996,0,31912.0,14475.0,8862.6,6983.8,3377.7999999999997,9361.0,971.5,30.8,131047989964.91832,112.70630454867688,1013.8672624689598
2,344260.6399999998,221344.22999999963,53915.75284919972,28994.39598399998,1678.5518114499323,106788.26999999999,12198.719999999985,0,31912.0,14475.0,8862.6,6983.8,3377.7999999999997,9361.0,971.5,30.8,263702988502.9964,350.3433601591268,1230.08952781354
3,361694.87,237561.9799999997,56762.20634499977,28100.261316000007,3182.767445549962,105005.40999999993,14098.94999999998,0,31912.0,14475.0,8862.6,6983.8,3377.7999999999997,9361.0,971.5,30.8,403661069441.9213,353.9643312078631,1300.8008965280399
4,179401.53999999978,162718.45999999988,39843.59902159995,19060.234502999974,2887.134982949979,73472.64999999994,323.97999999999985,0,31912.0,14475.0,8862.6,6983.8,3377.7999999999997,9361.0,971.5,30.8,391011209631.4772,37.2408382644796,728.1212905270812
5,372673.50999999925,236533.41999999972,61091.3059757,27230.978035999964,3143.145344699974,101102.12999999993,12589.629999999985,0,31912.0,14475.0,8862.6,6983.8,3377.7999999999997,9361.0,971.5,30.8,607016071153.2737,355.7359161539118,1310.639729401162
6,188268.26999999973,163818.67999999982,38531.49398959981,18548.35137999997,4173.387234049982,67350.97999999995,375.38999999999976,0,31912.0,14475.0,8862.6,6983.8,3377.7999999999997,9361.0,971.5,30.8,587219222767.005,37.370543187540235,748.6801434346401
7,229086.73000000013,157159.37999999992,41548.91609639984,22726.882756000003,7110.684844549936,76718.26999999993,6944.7149999999865,0,31912.0,14475.0,8862.6,6983.8,3377.7999999999997,9361.0,971.5,30.8,563804342214.8262,40.737232917168484,830.3482660432401
