,contributed_CCGT,contributed_Coal,contributed_Onshore,contributed_Offshore,contributed_PV,contributed_Nuclear,contributed_Recip_gas,contributed_Biomass,total_CCGT,total_Coal,total_Onshore,total_Offshore,total_PV,total_Nuclear,total_Recip_gas,Carbon_tax,total_genco_wealth,Electricity_cost,Carbon_emitted
0,425098.6999999981,134385.73999999985,59802.16936999971,24986.98219399999,3171.4598905499356,75098.36999999995,12974.234999999993,0,31912.0,14475.0,8862.6,6983.8,3377.7999999999997,9361.0,971.5,30.8,20292749995.69483,85.61121860388089,1195.8187843945204
1,370513.2599999991,82061.86999999994,51315.18705899977,25223.42282549996,3125.361090199974,54190.98999999999,9940.559999999985,0,31912.0,14475.0,8862.6,6983.8,3377.7999999999997,9361.0,971.5,30.8,18652615128.55388,59.13140804422536,956.0476730342597
2,436789.1699999978,147649.16999999998,52698.96412029956,24513.55370700001,1668.3185953999343,73129.26999999997,12489.719999999998,0,31912.0,14475.0,8862.6,6983.8,3377.7999999999997,9361.0,971.5,30.8,33946650710.86252,82.297624634625,1252.8887042196654
3,445278.42999999784,127961.4,59856.28489399962,26033.918039000007,3185.901171799962,108242.29999999994,14196.91999999998,0,31912.0,14475.0,8862.6,6983.8,3377.7999999999997,9361.0,971.5,30.8,55707708673.6434,88.96284866717758,1219.0231274172054
4,268670.6699999998,63171.56999999997,40001.8329099999,18143.534852999972,3061.2910366499755,48547.529999999984,795.4000000000007,0,31912.0,14475.0,8862.6,6983.8,3377.7999999999997,9361.0,971.5,30.8,43362602400.55992,37.58251769563506,688.1658757748592
5,429084.969999998,152912.69999999992,54540.4122172999,29404.242426499994,3127.9750980999756,91947.26999999995,13823.469999999987,0,31912.0,14475.0,8862.6,6983.8,3377.7999999999997,9361.0,971.5,30.8,70202545509.44572,87.41800780457946,1255.246101034603
6,272001.3699999997,62485.65999999998,39043.14139309981,17837.02263499998,4204.057784799983,45551.19999999999,834.2000000000008,0,31912.0,14475.0,8862.6,6983.8,3377.7999999999997,9361.0,971.5,30.8,50223453202.91014,37.46948296690364,693.7114709726798
7,313085.7099999993,63345.96999999998,41474.66531239971,19101.71431499997,6966.471837149946,51930.889999999985,7656.694999999996,0,31912.0,14475.0,8862.6,6983.8,3377.7999999999997,9361.0,971.5,30.8,28377158629.37206,41.991822526675044,792.9764593960598
