,contributed_CCGT,contributed_Coal,contributed_Onshore,contributed_Offshore,contributed_PV,contributed_Nuclear,contributed_Recip_gas,contributed_Biomass,total_CCGT,total_Coal,total_Onshore,total_Offshore,total_PV,total_Nuclear,total_Recip_gas,Carbon_tax,total_genco_wealth,Electricity_cost,Carbon_emitted
0,367972.8699999986,165270.60999999996,54341.832294399734,35267.14330400005,3166.2271575999375,113522.00999999995,13891.854999999996,0,31912.0,14475.0,8862.6,6983.8,3377.7999999999997,9361.0,971.5,30.8,18982743533.425632,69.47277824305492,1161.2184855627772
1,278147.65000000026,141861.98999999985,49840.35165509983,31859.757247999973,3130.378090799977,99901.26999999995,6828.314999999992,0,31912.0,14475.0,8862.6,6983.8,3377.7999999999997,9361.0,971.5,30.8,27303112460.528522,56.23490999017033,905.0227561920161
2,369897.38999999897,172298.55999999997,53626.16350079952,32981.671888000004,1668.9282391499319,108668.12999999998,12763.26,0,31912.0,14475.0,8862.6,6983.8,3377.7999999999997,9361.0,971.5,30.8,41067535588.149445,66.5577727620484,1179.6506172068782
3,374784.56999999937,195381.5,55044.2115059996,34849.67070000006,3199.3106590999632,115720.02999999997,13418.979999999994,0,31912.0,14475.0,8862.6,6983.8,3377.7999999999997,9361.0,971.5,30.8,56969690050.98826,69.51475087708775,1238.9599697169995
4,190353.79000000012,112049.15999999996,41280.64797849984,31882.80030199998,3127.1080934499773,75777.36999999995,994.2500000000007,0,31912.0,14475.0,8862.6,6983.8,3377.7999999999997,9361.0,971.5,30.8,57128648409.89845,43.87551950086441,644.6061411256808
5,378444.9699999988,183804.07999999987,57680.77073699977,33815.27724800003,3133.7779639999762,119499.14999999998,14638.269999999979,0,31912.0,14475.0,8862.6,6983.8,3377.7999999999997,9361.0,971.5,30.8,84383661692.17609,72.32282750685614,1224.2133685838369
6,190491.45000000024,114915.27999999988,41813.06924149976,30901.761744999985,4474.881022299984,69289.03999999995,1070.8800000000008,0,31912.0,14475.0,8862.6,6983.8,3377.7999999999997,9361.0,971.5,30.8,80374541879.62196,41.67405370542057,654.933774581441
7,237137.20000000022,117665.8299999999,47011.63300879969,37723.80183700006,7427.53775364993,78230.49999999996,2417.724999999999,0,31912.0,14475.0,8862.6,6983.8,3377.7999999999997,9361.0,971.5,30.8,77637046563.9964,44.53741521594018,757.3148542003396
