,contributed_CCGT,contributed_Coal,contributed_Onshore,contributed_Offshore,contributed_PV,contributed_Nuclear,contributed_Recip_gas,contributed_Biomass,total_CCGT,total_Coal,total_Onshore,total_Offshore,total_PV,total_Nuclear,total_Recip_gas,Carbon_tax,total_genco_wealth,Electricity_cost,Carbon_emitted
0,345353.33999999834,196872.5699999997,23300.55530880004,29579.745223999984,3154.551064599939,165604.86687359976,17518.68500000001,0,31912.0,14475.0,8862.6,6983.8,3377.7999999999997,9361.0,971.5,30.8,16976228398.068579,102.62603519561306,1188.8696452228603
1,241268.04000000033,175703.89999999967,23464.752699000044,29595.668287999964,3122.2863189999775,165604.86687359976,13408.309999999992,0,31912.0,14475.0,8862.6,6983.8,3377.7999999999997,9361.0,971.5,30.8,11307226409.947123,55.83876239458416,912.943838992201
2,345950.15999999864,190676.59999999963,21601.84304159999,29224.130127999983,1658.9456695999324,165604.86687359976,18130.75500000002,0,31912.0,14475.0,8862.6,6983.8,3377.7999999999997,9361.0,971.5,30.8,20969356105.09973,91.73950954820232,1178.4221865368004
3,360020.9599999982,207306.56999999954,23278.20383160005,29656.706700000013,3188.160174599965,165604.86687359976,18430.970000000023,0,31912.0,14475.0,8862.6,6983.8,3377.7999999999997,9361.0,971.5,30.8,48447142382.83857,135.3807811124658,1244.750638464859
4,162443.16000000027,111321.26999999995,22120.655350100016,29595.668287999968,3116.600719849977,146876.06093440004,9428.4,0,31912.0,14475.0,8862.6,6983.8,3377.7999999999997,9361.0,971.5,30.8,36112215148.76719,44.89067280235489,597.3013260354606
5,353589.2999999982,215722.75999999957,23464.752699000044,29595.668287999964,3122.2863189999775,165604.86687359976,18139.48500000002,0,31912.0,14475.0,8862.6,6983.8,3377.7999999999997,9361.0,971.5,30.8,51676180556.57047,92.84968612937217,1249.8353139684773
6,150377.2200000002,132358.17999999996,25206.198219200025,33153.47029099999,4477.2553294999825,133702.20940160024,11523.599999999997,0,31912.0,14475.0,8862.6,6983.8,3377.7999999999997,9361.0,971.5,30.8,31337189297.35681,43.136644483193,624.0496524156417
7,168749.58000000028,155450.66999999984,31261.26487639993,38306.24775700007,7412.233873599929,143260.4755624001,10475.999999999998,0,31912.0,14475.0,8862.6,6983.8,3377.7999999999997,9361.0,971.5,30.8,7074395460.845278,43.9655021348878,710.7474512166622
