,contributed_CCGT,contributed_Coal,contributed_Onshore,contributed_Offshore,contributed_PV,contributed_Nuclear,contributed_Recip_gas,contributed_Biomass,total_CCGT,total_Coal,total_Onshore,total_Offshore,total_PV,total_Nuclear,total_Recip_gas,Carbon_tax,total_genco_wealth,Electricity_cost,Carbon_emitted
0,398163.85999999783,204395.0699999996,23300.55530880004,29579.745223999984,3154.551064599939,99592.80999999997,14288.584999999994,0,31912.0,14475.0,8862.6,6983.8,3377.7999999999997,9361.0,971.5,30.8,18592651779.392136,95.74275993339602,1305.9351686378566
1,329509.07999999943,170631.86999999997,23464.752699000044,29595.668287999964,3122.2863189999775,72291.18999999996,11007.075000000006,0,31912.0,14475.0,8862.6,6983.8,3377.7999999999997,9361.0,971.5,30.8,24001147609.374786,71.09587803621747,1082.155233304259
2,399542.92999999813,197918.95999999964,21601.84304159999,29224.130127999983,1658.9456695999324,103548.46999999997,14088.764999999996,0,31912.0,14475.0,8862.6,6983.8,3377.7999999999997,9361.0,971.5,30.8,41244666403.19943,100.82510209239746,1295.059727236077
3,415249.79999999766,202594.75999999978,23278.20383160005,29656.706700000013,3188.160174599965,118996.68999999997,15011.719999999983,0,31912.0,14475.0,8862.6,6983.8,3377.7999999999997,9361.0,971.5,30.8,60761548310.82395,103.02676939320013,1339.2990524344787
4,233524.3200000004,112971.11000000009,22596.027314400017,29519.432383999967,3117.787943899977,57520.02999999996,5399.504999999996,0,31912.0,14475.0,8862.6,6983.8,3377.7999999999997,9361.0,971.5,30.8,56828220828.245155,52.347712005850575,744.7069401417798
5,420337.43999999773,204439.32999999975,23464.752699000044,29595.668287999964,3122.2863189999775,111545.14999999998,15024.32999999998,0,31912.0,14475.0,8862.6,6983.8,3377.7999999999997,9361.0,971.5,30.8,85848534096.72029,102.921487119181,1356.1314497433386
6,232995.88000000032,110244.93,25658.19265970004,32913.872158999984,4485.709207699983,54431.54999999998,7399.159999999994,0,31912.0,14475.0,8862.6,6983.8,3377.7999999999997,9361.0,971.5,30.8,76921461009.69547,49.35714319281794,741.6575236721397
7,260791.70000000022,110396.36000000006,33968.8375454999,38158.13439700007,7433.8266272999335,73113.74999999996,11028.415000000006,0,31912.0,14475.0,8862.6,6983.8,3377.7999999999997,9361.0,971.5,30.8,71637820453.74965,57.54750345537669,805.8827458812802
