,contributed_CCGT,contributed_Coal,contributed_Onshore,contributed_Offshore,contributed_PV,contributed_Nuclear,contributed_Recip_gas,contributed_Biomass,total_CCGT,total_Coal,total_Onshore,total_Offshore,total_PV,total_Nuclear,total_Recip_gas,Carbon_tax,total_genco_wealth,Electricity_cost,Carbon_emitted
0,343299.68999999843,257857.44999999998,21573.282458600046,28057.626419999986,3154.551064599939,115529.91000000002,13224.009999999997,0,31912.0,14475.0,8862.6,6983.8,3377.7999999999997,9361.0,971.5,30.8,9256513510.885195,74.94779733825374,1312.0640847350994
1,237847.68000000028,247288.83000000002,22263.4782859,29245.34651599997,3118.0176296999775,103901.54999999996,2796.5100000000007,0,31912.0,14475.0,8862.6,6983.8,3377.7999999999997,9361.0,971.5,30.8,2552030287.1693425,48.736625560966566,1048.6250335043428
2,353553.67999999854,247390.50999999998,20378.535699299857,28239.033783999985,1656.7352372999326,115786.96,13241.469999999996,0,31912.0,14475.0,8862.6,6983.8,3377.7999999999997,9361.0,971.5,30.8,11540466611.499435,84.61564807546084,1309.559219252979
3,377871.2099999977,246807.68999999997,22769.931484900044,29656.706700000013,3185.9006191499643,123606.13000000003,13464.569999999996,0,31912.0,14475.0,8862.6,6983.8,3377.7999999999997,9361.0,971.5,30.8,24880442601.41265,95.45009880061828,1359.9245341306175
4,133178.06000000014,220623.12000000014,17507.08970730001,22323.61174599998,2753.12327964998,89272.00999999992,210.48999999999995,0,31912.0,14475.0,8862.6,6983.8,3377.7999999999997,9361.0,971.5,30.8,9822249131.2546,37.134144077290124,763.0767452217623
5,369621.8199999984,262602.98000000004,22292.663995099996,28428.51268999996,3122.2863189999775,121173.37000000002,13289.969999999996,0,31912.0,14475.0,8862.6,6983.8,3377.7999999999997,9361.0,971.5,30.8,30222500176.396175,95.35972650424753,1377.145243266038
6,168803.6600000003,188426.90999999983,16523.815975100017,21179.753206999972,3171.7903848499764,92718.41999999991,179.45,0,31912.0,14475.0,8862.6,6983.8,3377.7999999999997,9361.0,971.5,30.8,7987226751.2637005,37.28529550089791,763.538353100183
7,200475.74000000028,208766.73999999996,20236.57339600001,25247.51207500001,7219.398256799929,88567.7899999999,220.18999999999994,0,31912.0,14475.0,8862.6,6983.8,3377.7999999999997,9361.0,971.5,30.8,-18923055975.3981,38.37284636656711,877.1399414425231
