,contributed_CCGT,contributed_Coal,contributed_Onshore,contributed_Offshore,contributed_PV,contributed_Nuclear,contributed_Recip_gas,contributed_Biomass,total_CCGT,total_Coal,total_Onshore,total_Offshore,total_PV,total_Nuclear,total_Recip_gas,Carbon_tax,total_genco_wealth,Electricity_cost,Carbon_emitted
0,416371.77999999904,174572.07000000012,50290.73550759964,37722.51707600004,3160.019157599939,75586.27999999994,14842.939999999988,0,31912.0,14475.0,8862.6,6983.8,3377.7999999999997,9361.0,971.5,30.8,30334604087.143215,128.51642463512795,1294.0160443338611
1,351069.4699999994,134457.26999999996,41730.13493019977,36241.49025600006,3111.510299849978,60564.85999999996,11183.130000000003,0,31912.0,14475.0,8862.6,6983.8,3377.7999999999997,9361.0,971.5,30.8,34203027158.777576,83.10771867918685,1064.416436883459
2,383402.70999999874,165257.13000000012,48064.27787209941,35848.62265200002,1652.3022431499326,121050.18,14408.86499999998,0,31912.0,14475.0,8862.6,6983.8,3377.7999999999997,9361.0,971.5,30.8,62138723654.002045,124.81773260443812,1205.422321497743
3,419612.0999999989,177666.2600000001,52486.933643899545,37213.668120000126,3181.1698883999643,107282.00000000001,14730.41999999998,0,31912.0,14475.0,8862.6,6983.8,3377.7999999999997,9361.0,971.5,30.8,100540646427.83128,138.9458654983163,1304.9069277114813
4,261485.5099999999,106835.64999999997,33035.14485889993,27116.783984,3067.4557992499795,40363.63999999999,1920.6000000000008,0,31912.0,14475.0,8862.6,6983.8,3377.7999999999997,9361.0,971.5,30.8,85284392940.87196,38.573616577190066,792.3410867986989
5,431478.59999999957,155892.00000000006,52917.42628839983,38813.895392000064,3118.31268164998,113696.61000000003,14688.709999999981,0,31912.0,14475.0,8862.6,6983.8,3377.7999999999997,9361.0,971.5,30.8,139450967372.32898,131.79176697863417,1282.6871311960024
6,270075.8399999997,101232.84,31696.87502749994,27120.046742499984,4197.66619999998,44579.25999999999,2048.155000000001,0,31912.0,14475.0,8862.6,6983.8,3377.7999999999997,9361.0,971.5,30.8,116512613940.5894,39.89785537063603,801.2695130403167
7,296527.02999999945,110118.38,34037.51833729982,29546.158551000015,6985.020663649938,50921.11999999997,9871.204999999987,0,31912.0,14475.0,8862.6,6983.8,3377.7999999999997,9361.0,971.5,30.8,89801153981.93571,44.73030492308547,889.5863557852365
