,contributed_CCGT,contributed_Coal,contributed_Onshore,contributed_Offshore,contributed_PV,contributed_Nuclear,contributed_Recip_gas,contributed_Biomass,total_CCGT,total_Coal,total_Onshore,total_Offshore,total_PV,total_Nuclear,total_Recip_gas,Carbon_tax,total_genco_wealth,Electricity_cost,Carbon_emitted
0,428133.22999999824,108151.28999999989,61018.15628719972,28298.734238000015,3161.8128580999364,88890.79999999994,12453.829999999998,0,31912.0,14475.0,8862.6,6983.8,3377.7999999999997,9361.0,971.5,30.8,19251781817.72906,83.23797150075013,1151.8346388834207
1,382876.1699999991,78845.39999999994,51476.116121499756,23750.982261999965,3126.818760099973,53146.29999999999,9713.579999999985,0,31912.0,14475.0,8862.6,6983.8,3377.7999999999997,9361.0,971.5,30.8,18396198542.21493,58.69582073705519,978.2794358891986
2,435412.84999999776,122205.80999999988,58712.63088649964,25292.617813000015,1668.452725999934,82654.66999999994,12407.269999999997,0,31912.0,14475.0,8862.6,6983.8,3377.7999999999997,9361.0,971.5,30.8,34751882722.796295,82.85742902333641,1182.5199985023798
3,427065.32999999804,153141.14000000004,59338.85776489974,25689.794952999997,3181.1636180999617,99138.84999999993,13781.759999999984,0,31912.0,14475.0,8862.6,6983.8,3377.7999999999997,9361.0,971.5,30.8,55058806743.1299,85.01456145920345,1237.3937810937246
4,278502.4,61014.379999999976,40901.68214139992,17882.514429999967,3056.635706149976,43864.36999999998,155.2,0,31912.0,14475.0,8862.6,6983.8,3377.7999999999997,9361.0,971.5,30.8,42744574052.79782,37.394067135363464,702.2471806232404
5,455242.6599999974,144068.37,60279.32418459993,30183.80135899999,3132.481373249976,73760.73999999996,13490.27499999999,0,31912.0,14475.0,8862.6,6983.8,3377.7999999999997,9361.0,971.5,30.8,68291637904.90388,85.73602194657973,1273.7570856112643
6,279681.62999999995,58084.71999999998,38223.83295919979,17317.47160599998,4205.979740849983,41522.78999999998,145.5,0,31912.0,14475.0,8862.6,6983.8,3377.7999999999997,9361.0,971.5,30.8,48486137253.44051,36.80205994820821,697.9424600185591
7,304343.34999999945,72781.91999999998,39555.57633959973,18815.436564999967,6960.924265149946,47505.749999999985,6019.819999999995,0,31912.0,14475.0,8862.6,6983.8,3377.7999999999997,9361.0,971.5,30.8,24730295026.952984,39.94074367309006,792.9147626241596
