,contributed_CCGT,contributed_Coal,contributed_Onshore,contributed_Offshore,contributed_PV,contributed_Nuclear,contributed_Recip_gas,contributed_Biomass,total_CCGT,total_Coal,total_Onshore,total_Offshore,total_PV,total_Nuclear,total_Recip_gas,Carbon_tax,total_genco_wealth,Electricity_cost,Carbon_emitted
0,319340.1599999989,222347.69999999963,23300.55530880004,29579.745223999984,3154.551064599939,165604.86687359976,17820.355000000014,0,31912.0,14475.0,8862.6,6983.8,3377.7999999999997,9361.0,971.5,30.8,17026156122.614363,100.60929323854447,1193.5204340545988
1,239273.04000000042,181290.77999999985,23464.752699000044,29595.668287999964,3122.2863189999775,165604.86687359976,13408.309999999992,0,31912.0,14475.0,8862.6,6983.8,3377.7999999999997,9361.0,971.5,30.8,11691513989.842968,56.07377137945942,921.2661224904417
2,348872.63999999844,190404.04999999964,21601.84304159999,29224.130127999983,1658.9456695999324,165604.86687359976,18430.970000000023,0,31912.0,14475.0,8862.6,6983.8,3377.7999999999997,9361.0,971.5,30.8,21437588796.832024,91.99831406874898,1183.4319201819003
3,361638.21999999817,205631.44999999952,23278.20383160005,29656.706700000013,3188.160174599965,165604.86687359976,18373.740000000023,0,31912.0,14475.0,8862.6,6983.8,3377.7999999999997,9361.0,971.5,30.8,48806089247.438225,134.57446469086338,1244.132430267099
4,138605.34000000008,136049.8499999999,21936.901683199998,29595.668287999968,3116.600719849977,144957.33132720008,11523.599999999997,0,31912.0,14475.0,8862.6,6983.8,3377.7999999999997,9361.0,971.5,30.8,35453804946.28729,43.18946357723346,608.3431113903018
5,367234.91999999806,204009.42999999961,23464.752699000044,29595.668287999964,3122.2863189999775,165604.86687359976,18013.385000000017,0,31912.0,14475.0,8862.6,6983.8,3377.7999999999997,9361.0,971.5,30.8,51487902033.91436,92.8458886315584,1250.218668753138
6,147207.18000000008,137136.10000000003,25312.70320070002,32997.19396099999,4481.354669799984,132812.50266480024,10999.799999999997,0,31912.0,14475.0,8862.6,6983.8,3377.7999999999997,9361.0,971.5,30.8,30731621086.439167,43.29751290095545,627.1653886678016
7,177864.7200000003,140258.18000000002,31171.142738999937,38204.78456500007,7414.15220374993,143343.03327120008,10999.799999999997,0,31912.0,14475.0,8862.6,6983.8,3377.7999999999997,9361.0,971.5,30.8,8056000647.478347,44.616675833375034,702.0534450556429
