,contributed_CCGT,contributed_Coal,contributed_Onshore,contributed_Offshore,contributed_PV,contributed_Nuclear,contributed_Recip_gas,contributed_Biomass,total_CCGT,total_Coal,total_Onshore,total_Offshore,total_PV,total_Nuclear,total_Recip_gas,Carbon_tax,total_genco_wealth,Electricity_cost,Carbon_emitted
0,358991.889999999,242776.6199999997,55434.630986699776,28076.969311999987,3175.4788605999356,77510.75999999992,13173.569999999985,0,31912.0,14475.0,8862.6,6983.8,3377.7999999999997,9361.0,971.5,30.8,97590206358.73561,356.831656444731,1302.708342994758
1,276248.4699999993,244199.04999999993,46079.29921459989,24591.79420199997,3132.809483699973,52722.40999999999,6037.279999999995,0,31912.0,14475.0,8862.6,6983.8,3377.7999999999997,9361.0,971.5,30.8,107469184235.96188,99.90722168371786,1118.5118604318964
2,363200.58999999944,242489.9499999998,51133.02433759977,23575.785301000014,1662.5842019499341,76386.52999999994,13113.429999999986,0,31912.0,14475.0,8862.6,6983.8,3377.7999999999997,9361.0,971.5,30.8,232092278774.84613,349.2791059169658,1311.671704930099
3,367386.34999999916,257060.90999999992,54882.6899771998,26893.348188000007,3203.895140349961,104691.12999999995,14838.08999999998,0,31912.0,14475.0,8862.6,6983.8,3377.7999999999997,9361.0,971.5,30.8,357881612301.2038,353.16205842183473,1362.0907685321795
4,176036.82000000007,211852.8599999999,35758.35109559995,19060.234502999974,2766.342018149977,41929.21999999998,1145.5700000000006,0,31912.0,14475.0,8862.6,6983.8,3377.7999999999997,9361.0,971.5,30.8,343132698562.5137,37.31291043292656,832.5499288382783
5,362805.55999999976,272455.0,57182.448776399855,27678.93325799997,3140.5218136499752,86491.98999999992,13155.139999999992,0,31912.0,14475.0,8862.6,6983.8,3377.7999999999997,9361.0,971.5,30.8,565437859953.2753,354.8285170110037,1374.2740379699967
6,176167.33999999988,212218.69999999992,33365.11777109995,17424.10566699998,2759.680627599973,51089.89999999998,1050.510000000001,0,31912.0,14475.0,8862.6,6983.8,3377.7999999999997,9361.0,971.5,30.8,541811252067.93335,35.72254615708885,833.5326666425987
7,204513.42999999967,231775.82999999984,37551.70538979969,21051.04431899999,5899.340432399977,49910.37999999998,1414.2600000000007,0,31912.0,14475.0,8862.6,6983.8,3377.7999999999997,9361.0,971.5,30.8,512752968487.8293,38.35775841682477,935.6894310103377
