,contributed_CCGT,contributed_Coal,contributed_Onshore,contributed_Offshore,contributed_PV,contributed_Nuclear,contributed_Recip_gas,contributed_Biomass,total_CCGT,total_Coal,total_Onshore,total_Offshore,total_PV,total_Nuclear,total_Recip_gas,Carbon_tax,total_genco_wealth,Electricity_cost,Carbon_emitted
0,368896.8799999985,243809.78,23293.520965800042,29579.745223999984,3154.551064599939,96387.92999999996,13268.62999999999,0,31912.0,14475.0,8862.6,6983.8,3377.7999999999997,9361.0,971.5,30.8,31105816192.4277,147.3569866745208,1334.6193556524383
1,245860.44000000018,258835.12999999995,23434.82279610004,29595.668287999964,3121.031275749978,81549.83999999997,3462.9,0,31912.0,14475.0,8862.6,6983.8,3377.7999999999997,9361.0,971.5,30.8,24715438633.219784,53.57423021297186,1092.9322684117387
2,363774.9399999986,249737.94,21542.611834599968,29224.130127999983,1658.8144489999327,95175.42999999996,13260.86999999999,0,31912.0,14475.0,8862.6,6983.8,3377.7999999999997,9361.0,971.5,30.8,63661519257.8727,169.5844296640008,1335.5858096601166
3,386067.63999999815,251279.25,23126.818337200046,29656.706700000013,3186.0793410499646,102208.89999999995,13395.69999999999,0,31912.0,14475.0,8862.6,6983.8,3377.7999999999997,9361.0,971.5,30.8,100266319384.37718,156.23693618646655,1386.4013109714963
4,182034.18000000014,176843.54999999984,18611.399961900002,23707.11593599998,3024.2444019499812,76975.31999999998,148.41000000000003,0,31912.0,14475.0,8862.6,6983.8,3377.7999999999997,9361.0,971.5,30.8,86514079723.86507,41.12002775849745,766.3345505229024
5,386417.81999999814,252329.02999999994,23081.328392700027,29595.668287999964,3122.2863189999775,96246.30999999997,13251.169999999991,0,31912.0,14475.0,8862.6,6983.8,3377.7999999999997,9361.0,971.5,30.8,140185346835.236,154.88464629229946,1389.161257463937
6,175558.08000000016,197696.10000000003,18502.948675399977,23455.06317099997,2972.2307868999796,74688.05999999997,165.87,0,31912.0,14475.0,8862.6,6983.8,3377.7999999999997,9361.0,971.5,30.8,118720881410.64493,40.957300893821035,797.905510327803
7,200805.45000000042,218679.95000000004,20586.02399550004,25728.59771800002,6013.513409649972,73544.42999999996,183.32999999999998,0,31912.0,14475.0,8862.6,6983.8,3377.7999999999997,9361.0,971.5,30.8,90524566471.74396,39.636978264676415,904.2867535901023
