,contributed_CCGT,contributed_Coal,contributed_Onshore,contributed_Offshore,contributed_PV,contributed_Nuclear,contributed_Recip_gas,contributed_Biomass,total_CCGT,total_Coal,total_Onshore,total_Offshore,total_PV,total_Nuclear,total_Recip_gas,Carbon_tax,total_genco_wealth,Electricity_cost,Carbon_emitted
0,361184.2399999986,255575.13999999996,23300.55530880004,29579.745223999984,3154.551064599939,90829.82999999996,13269.59999999999,0,31912.0,14475.0,8862.6,6983.8,3377.7999999999997,9361.0,971.5,30.8,30884797073.221207,147.04824173523696,1343.3695269657171
1,270406.7700000002,231109.63000000003,23439.381543900043,29595.668287999964,3121.7586008499775,81549.83999999997,5774.894999999997,0,31912.0,14475.0,8862.6,6983.8,3377.7999999999997,9361.0,971.5,30.8,25398583355.074993,55.86066260484038,1087.4363822727394
2,361706.8399999986,252605.52999999997,20518.723348799864,28166.004015999984,1657.4068224999328,95975.67999999996,13268.62999999999,0,31912.0,14475.0,8862.6,6983.8,3377.7999999999997,9361.0,971.5,30.8,65284136259.13675,168.92258559237237,1339.6503934109367
3,385229.7799999981,253946.94999999998,22873.413073400043,29380.46919600001,3188.160174599965,101984.82999999994,13444.19999999999,0,31912.0,14475.0,8862.6,6983.8,3377.7999999999997,9361.0,971.5,30.8,102265124362.86436,159.25479949744343,1390.751610616096
4,192541.59000000032,163305.40999999995,19192.674091499975,24242.584898999987,3106.251993499977,76340.93999999997,165.87,0,31912.0,14475.0,8862.6,6983.8,3377.7999999999997,9361.0,971.5,30.8,88509654826.61794,43.030046816291,756.6613077831817
5,365961.3799999985,266463.71,23112.87842840003,29519.432383999963,3122.2863189999775,102978.10999999994,13269.59999999999,0,31912.0,14475.0,8862.6,6983.8,3377.7999999999997,9361.0,971.5,30.8,143696535894.51016,154.58356613564987,1379.2121938465762
6,177277.32000000015,197681.11,17945.345048400002,22856.731966999974,4157.353337199979,67802.99999999999,174.6,0,31912.0,14475.0,8862.6,6983.8,3377.7999999999997,9361.0,971.5,30.8,118972554644.08678,40.119319492482866,802.3984298117821
7,191950.7700000001,232978.24,21827.85082030004,26597.802308,6101.227953049972,63826.96999999998,157.14000000000001,0,31912.0,14475.0,8862.6,6983.8,3377.7999999999997,9361.0,971.5,30.8,91058589971.72385,39.23861021625814,915.3912541595213
