,contributed_CCGT,contributed_Coal,contributed_Onshore,contributed_Offshore,contributed_PV,contributed_Nuclear,contributed_Recip_gas,contributed_Biomass,total_CCGT,total_Coal,total_Onshore,total_Offshore,total_PV,total_Nuclear,total_Recip_gas,Carbon_tax,total_genco_wealth,Electricity_cost,Carbon_emitted
0,321583.0499999997,250933.43999999986,22358.899067700026,29503.509319999983,3154.551064599939,134037.5100000001,13150.290000000003,0,31912.0,14475.0,8862.6,6983.8,3377.7999999999997,9361.0,971.5,30.8,27556365720.670868,129.96142646154598,1268.5514512291172
1,222494.2000000003,236936.35999999987,21008.74627069999,26854.801285999976,3116.974272699977,112714.00000000004,7416.620000000003,0,31912.0,14475.0,8862.6,6983.8,3377.7999999999997,9361.0,971.5,30.8,26312000535.8971,63.42380100446248,1024.3870502712805
2,321037.1299999998,261234.83999999985,19950.300050799822,28052.49307599999,1656.6944621999328,126624.77000000005,13124.100000000004,0,31912.0,14475.0,8862.6,6983.8,3377.7999999999997,9361.0,971.5,30.8,52390097138.48286,128.37397662441185,1290.3765912863173
3,334897.1499999997,250516.22999999984,21253.743622999937,27849.579384000004,3182.224054349964,150109.44000000012,14930.239999999978,0,31912.0,14475.0,8862.6,6983.8,3377.7999999999997,9361.0,971.5,30.8,81006465209.70914,130.85551331880097,1298.261411169538
4,156131.18000000023,171494.84999999995,17607.529628000008,22784.052435499976,3022.1274996499806,92880.40999999999,23.279999999999994,0,31912.0,14475.0,8862.6,6983.8,3377.7999999999997,9361.0,971.5,30.8,68446624868.8646,40.834379297515476,725.9894068603002
5,349637.8199999997,244523.59999999983,23114.94669150003,29595.668287999964,3122.2863189999775,132257.56000000006,14043.175,0,31912.0,14475.0,8862.6,6983.8,3377.7999999999997,9361.0,971.5,30.8,112834473221.41338,133.49770748456044,1313.012286722798
6,143457.98000000007,200480.19999999966,17023.987289199995,21917.348302499977,4202.45866724998,87963.47999999998,19.4,0,31912.0,14475.0,8862.6,6983.8,3377.7999999999997,9361.0,971.5,30.8,91223063786.21622,38.12956787362995,759.9236883996005
7,177544.44999999992,214590.46999999974,20514.31594040001,25423.920330000008,7146.218315199929,88127.40999999996,2643.735000000001,0,31912.0,14475.0,8862.6,6983.8,3377.7999999999997,9361.0,971.5,30.8,66440651253.62392,40.401888667997106,865.2228876070598
