,contributed_CCGT,contributed_Coal,contributed_Onshore,contributed_Offshore,contributed_PV,contributed_Nuclear,contributed_Recip_gas,contributed_Biomass,total_CCGT,total_Coal,total_Onshore,total_Offshore,total_PV,total_Nuclear,total_Recip_gas,Carbon_tax,total_genco_wealth,Electricity_cost,Carbon_emitted
0,324668.3999999999,252467.86999999985,23053.785359100035,29579.745223999984,3154.551064599939,126304.67000000007,13124.100000000004,0,31912.0,14475.0,8862.6,6983.8,3377.7999999999997,9361.0,971.5,30.8,27377950551.38746,130.3270268584622,1278.1854700622573
1,226559.80000000034,239066.9499999998,20853.893453099998,26403.159467999976,3114.5459751999765,108469.28000000003,7380.245000000001,0,31912.0,14475.0,8862.6,6983.8,3377.7999999999997,9361.0,971.5,30.8,25691289377.36853,63.061306311408515,1037.320571286101
2,321746.8499999996,261681.62999999986,20094.73273069982,28143.08659599999,1656.7969670999328,127761.61000000007,13115.370000000004,0,31912.0,14475.0,8862.6,6983.8,3377.7999999999997,9361.0,971.5,30.8,51528488836.16172,128.60169626046184,1292.7965672987368
3,333700.4300000001,259540.68999999983,22240.412432799956,29258.29038000001,3183.481495549964,136754.48000000004,15015.599999999975,0,31912.0,14475.0,8862.6,6983.8,3377.7999999999997,9361.0,971.5,30.8,79177095392.85551,130.43079649514922,1316.1425123646145
4,157878.95000000016,175405.80999999985,16852.656043699975,21086.751522499988,3023.0005723499808,92525.38999999998,197.88,0,31912.0,14475.0,8862.6,6983.8,3377.7999999999997,9361.0,971.5,30.8,66154144495.155495,40.567088132524226,735.1687656423802
5,356522.559999999,266265.8699999998,22739.313027500022,29386.84719199996,3122.2863189999775,129284.51000000004,13982.065000000002,0,31912.0,14475.0,8862.6,6983.8,3377.7999999999997,9361.0,971.5,30.8,109593101011.92645,132.4157050481745,1375.379913416257
6,144243.94999999995,196394.31999999983,15975.981906800014,20550.280109999978,3179.046611399976,93907.63999999994,21.339999999999996,0,31912.0,14475.0,8862.6,6983.8,3377.7999999999997,9361.0,971.5,30.8,88352008975.56438,38.17759135146019,753.8706393193597
7,184090.68999999997,197725.50999999963,18331.08519090001,23254.282703999994,5773.507370149973,103768.66000000002,7130.955000000001,0,31912.0,14475.0,8862.6,6983.8,3377.7999999999997,9361.0,971.5,30.8,64597324092.41525,41.15384950342965,850.0355830729798
