,contributed_CCGT,contributed_Coal,contributed_Onshore,contributed_Offshore,contributed_PV,contributed_Nuclear,contributed_Recip_gas,contributed_Biomass,total_CCGT,total_Coal,total_Onshore,total_Offshore,total_PV,total_Nuclear,total_Recip_gas,Carbon_tax,total_genco_wealth,Electricity_cost,Carbon_emitted
0,320627.0799999998,277573.42000000016,54950.38745089965,26876.34648799999,3163.0471707999372,90202.23999999992,12165.254999999996,0,31912.0,14475.0,8862.6,6983.8,3377.7999999999997,9361.0,971.5,30.8,44157653836.792694,168.94489342847615,1301.5134498111584
1,233193.09999999954,263434.1200000002,48185.26472079978,23594.870338999957,3110.455492849977,81287.93999999992,3124.369999999998,0,31912.0,14475.0,8862.6,6983.8,3377.7999999999997,9361.0,971.5,30.8,50487976205.11543,80.81092392833489,1070.1025913197573
2,342750.37999999925,284490.90000000014,50707.881291599544,21178.431622999997,1644.1570727499368,77940.46999999991,12779.749999999985,0,31912.0,14475.0,8862.6,6983.8,3377.7999999999997,9361.0,971.5,30.8,127156796771.11009,260.3940760192557,1363.1068246982
3,350335.9399999991,279328.2900000002,53218.989355599486,29919.54564800001,3166.639449899962,91079.11999999991,13060.079999999989,0,31912.0,14475.0,8862.6,6983.8,3377.7999999999997,9361.0,971.5,30.8,253751095119.1912,336.88098952379323,1367.6491631294184
4,152032.48999999976,202678.7400000001,40861.38354959998,18955.890302999975,3056.0628602999777,71888.63999999994,1008.8000000000008,0,31912.0,14475.0,8862.6,6983.8,3377.7999999999997,9361.0,971.5,30.8,238445794230.6467,28.282071013528594,762.930753778519
5,358733.36999999924,284641.51000000024,55041.54631459982,26486.410503499985,3125.3184494999778,83463.6499999999,12985.389999999994,0,31912.0,14475.0,8862.6,6983.8,3377.7999999999997,9361.0,971.5,30.8,392173486020.97205,285.58886542414876,1393.990104130979
6,165836.12999999998,196087.54999999996,39987.82583839986,19912.776149999972,2955.9528594999797,66458.57999999994,1192.1300000000008,0,31912.0,14475.0,8862.6,6983.8,3377.7999999999997,9361.0,971.5,30.8,369222343004.6937,31.261133587944936,776.6167346948989
7,179365.84000000008,233513.4200000001,43541.40578399973,21632.665003999988,7072.609252449941,66072.51999999995,1162.0600000000006,0,31912.0,14475.0,8862.6,6983.8,3377.7999999999997,9361.0,971.5,30.8,341177131136.80023,33.58719426942128,887.5802250411575
