,contributed_CCGT,contributed_Coal,contributed_Onshore,contributed_Offshore,contributed_PV,contributed_Nuclear,contributed_Recip_gas,contributed_Biomass,total_CCGT,total_Coal,total_Onshore,total_Offshore,total_PV,total_Nuclear,total_Recip_gas,Carbon_tax,total_genco_wealth,Electricity_cost,Carbon_emitted
0,395816.829999999,188976.80000000016,46501.44014939958,35777.728244000115,3155.5571575999397,88706.49999999997,14196.434999999994,0,31912.0,14475.0,8862.6,6983.8,3377.7999999999997,9361.0,971.5,30.8,29038220699.581623,129.3885623995724,1280.7568563963994
1,347181.40999999933,134362.63999999996,41307.54621429974,35866.24880600007,3108.0141780499775,63652.36999999996,11174.400000000001,0,31912.0,14475.0,8862.6,6983.8,3377.7999999999997,9361.0,971.5,30.8,32312732827.50838,82.47219285730986,1056.2947959907192
2,409777.7299999985,151389.39000000004,51092.24169639942,36767.573308,1658.2190576499315,99410.44999999995,14215.834999999975,0,31912.0,14475.0,8862.6,6983.8,3377.7999999999997,9361.0,971.5,30.8,68276824693.14799,124.62784958780611,1227.627313897223
3,417013.9299999993,183668.48000000019,49218.33207409944,38019.032748000085,3176.1998962499656,111218.25999999998,15001.049999999977,0,31912.0,14475.0,8862.6,6983.8,3377.7999999999997,9361.0,971.5,30.8,103436963561.18715,138.3340210366937,1315.9382832150418
4,243888.17999999982,119705.83,34703.14922499996,29782.631397000005,3067.9443641499793,42406.45999999999,1755.7,0,31912.0,14475.0,8862.6,6983.8,3377.7999999999997,9361.0,971.5,30.8,88052802457.53004,38.13344733157348,788.4994241303392
5,429604.52999999915,175670.67000000016,54603.07389719987,37836.00061800005,3119.1915988499795,85597.64999999995,14720.719999999965,0,31912.0,14475.0,8862.6,6983.8,3377.7999999999997,9361.0,971.5,30.8,144498507375.6043,131.9964101138046,1323.0818340766627
6,257410.81999999966,113877.35,31388.615633199923,28136.898821999985,3329.99047949998,48358.37999999998,2348.855,0,31912.0,14475.0,8862.6,6983.8,3377.7999999999997,9361.0,971.5,30.8,120830618241.8304,39.64185210969441,802.0219577652973
7,302150.12999999966,119318.71999999997,33554.53427859987,28870.73586350001,7030.313521349935,42796.39999999999,9132.549999999992,0,31912.0,14475.0,8862.6,6983.8,3377.7999999999997,9361.0,971.5,30.8,93927348578.23463,44.63232777598605,919.9369800505581
