,contributed_CCGT,contributed_Coal,contributed_Onshore,contributed_Offshore,contributed_PV,contributed_Nuclear,contributed_Recip_gas,contributed_Biomass,total_CCGT,total_Coal,total_Onshore,total_Offshore,total_PV,total_Nuclear,total_Recip_gas,Carbon_tax,total_genco_wealth,Electricity_cost,Carbon_emitted
0,452789.08999999776,130062.94999999991,49764.43233529985,28951.724123,3149.0288465499398,89170.15999999996,14848.274999999996,0,31912.0,14475.0,8862.6,6983.8,3377.7999999999997,9361.0,971.5,30.8,31312387978.522243,123.58583428706147,1266.273532334103
1,385173.85999999905,110814.33999999998,46303.103007799924,23551.120482999962,3110.354607349978,49704.739999999976,12210.360000000008,0,31912.0,14475.0,8862.6,6983.8,3377.7999999999997,9361.0,971.5,30.8,30113517156.2734,68.9742364652215,1081.7953787673168
2,463166.36999999825,143248.71999999988,48265.3451659997,21738.95588700001,1645.1707801499342,74927.64999999994,14108.650000000001,0,31912.0,14475.0,8862.6,6983.8,3377.7999999999997,9361.0,971.5,30.8,59709580245.96902,122.09645195710597,1317.6235927905605
3,437262.69999999815,167520.05999999988,55617.13511899972,25524.75563400001,3178.1067955499634,86839.24999999996,15588.869999999984,0,31912.0,14475.0,8862.6,6983.8,3377.7999999999997,9361.0,971.5,30.8,96229549747.33717,126.58962447587469,1321.0215488238814
4,255390.20000000022,103105.05,37508.477630799935,18765.903602999973,3043.9181090999823,49444.77999999998,2240.6999999999966,0,31912.0,14475.0,8862.6,6983.8,3377.7999999999997,9361.0,971.5,30.8,80772265856.58604,36.65397761674452,774.5142480798985
5,441954.01999999804,162891.90999999995,56774.58388449991,27746.88982999996,3123.8837918499785,94633.19999999997,14824.024999999998,0,31912.0,14475.0,8862.6,6983.8,3377.7999999999997,9361.0,971.5,30.8,136542389771.35768,127.72053007422159,1319.8465084201805
6,271612.24000000005,105209.81,37226.151904299826,19077.74302199997,4186.662703949978,34541.700000000004,1746.000000000001,0,31912.0,14475.0,8862.6,6983.8,3377.7999999999997,9361.0,971.5,30.8,112955885113.28448,37.51974368542334,811.3261442543758
7,322961.37999999925,89872.43,36884.718451799745,19988.624406499977,7040.4863018499345,50661.159999999974,7290.519999999995,0,31912.0,14475.0,8862.6,6983.8,3377.7999999999997,9361.0,971.5,30.8,84085822187.43372,40.21023147680236,893.9195640371354
