,contributed_CCGT,contributed_Coal,contributed_Onshore,contributed_Offshore,contributed_PV,contributed_Nuclear,contributed_Recip_gas,contributed_Biomass,total_CCGT,total_Coal,total_Onshore,total_Offshore,total_PV,total_Nuclear,total_Recip_gas,Carbon_tax,total_genco_wealth,Electricity_cost,Carbon_emitted
0,356025.14999999845,261320.80999999994,22915.71004950003,29579.745223999984,3154.551064599939,94329.58999999987,13268.62999999999,0,31912.0,14475.0,8862.6,6983.8,3377.7999999999997,9361.0,971.5,30.8,12599294655.751188,87.14550422550694,1347.5638210723782
1,276040.26000000007,230145.04000000015,23139.064965500034,29595.668287999964,3120.5832869499777,74923.76999999993,4764.6399999999985,0,31912.0,14475.0,8862.6,6983.8,3377.7999999999997,9361.0,971.5,30.8,7043618180.910678,55.40104667094777,1094.7635844859224
2,360932.5999999985,252709.01999999996,19853.495408799834,27417.796708000005,1655.1536449999335,96635.27999999987,13271.53999999999,0,31912.0,14475.0,8862.6,6983.8,3377.7999999999997,9361.0,971.5,30.8,19135653520.86649,95.79950759266485,1338.315520889958
3,372445.14999999857,264206.68,22754.195456200043,29656.706700000013,3184.955946249964,104853.1199999999,13271.53999999999,0,31912.0,14475.0,8862.6,6983.8,3377.7999999999997,9361.0,971.5,30.8,38022471618.065704,110.8789891213142,1387.3418529186374
4,166990.7800000002,212433.7700000002,16549.41808720002,20565.030493999988,2874.6311871499825,67268.52999999996,183.32999999999998,0,31912.0,14475.0,8862.6,6983.8,3377.7999999999997,9361.0,971.5,30.8,23501669688.65475,39.366814580455674,813.3877328104636
5,372915.0699999984,259421.65,23292.168368700037,29595.668287999964,3122.2863189999775,103613.45999999992,13269.59999999999,0,31912.0,14475.0,8862.6,6983.8,3377.7999999999997,9361.0,971.5,30.8,50350992425.72542,109.69169565500215,1377.6145459466989
6,175414.8200000001,202196.75999999998,16593.658390400007,21131.932733999973,2664.179642599975,76969.49999999991,165.87,0,31912.0,14475.0,8862.6,6983.8,3377.7999999999997,9361.0,971.5,30.8,27675221780.89557,39.078887574358525,808.5344162504828
7,209020.3400000003,214045.05,21415.360590100023,25906.145441000008,6857.005247199927,67631.30999999994,200.78999999999996,0,31912.0,14475.0,8862.6,6983.8,3377.7999999999997,9361.0,971.5,30.8,1547605053.467551,40.760328641508075,910.7033271799037
