,contributed_CCGT,contributed_Coal,contributed_Onshore,contributed_Offshore,contributed_PV,contributed_Nuclear,contributed_Recip_gas,contributed_Biomass,total_CCGT,total_Coal,total_Onshore,total_Offshore,total_PV,total_Nuclear,total_Recip_gas,Carbon_tax,total_genco_wealth,Electricity_cost,Carbon_emitted
0,378934.4999999979,249906.88999999998,21946.620763100032,28822.846859999987,3154.551064599939,92216.92999999986,13252.13999999999,0,31912.0,14475.0,8862.6,6983.8,3377.7999999999997,9361.0,971.5,30.8,9368005060.33474,75.22226892293405,1367.6431589322162
1,279036.7800000001,235907.65000000002,22615.54398600002,29337.077983999963,3120.0406437999777,74923.76999999993,2074.830000000001,0,31912.0,14475.0,8862.6,6983.8,3377.7999999999997,9361.0,971.5,30.8,2123006816.2125053,49.366605193526546,1104.5954131747005
2,376641.5399999981,245691.37,20087.356026199817,28346.000211999988,1656.6312100499326,94356.74999999987,13065.89999999999,0,31912.0,14475.0,8862.6,6983.8,3377.7999999999997,9361.0,971.5,30.8,10251651876.173912,84.42821264931459,1352.279710355258
3,399769.5599999976,246247.96,22636.423604600033,29656.706700000013,3185.1984973999643,103648.37999999992,13271.53999999999,0,31912.0,14475.0,8862.6,6983.8,3377.7999999999997,9361.0,971.5,30.8,23153178441.474773,94.64649830727278,1402.7373533280754
4,170211.1700000002,206311.68000000005,16981.057417199998,21314.009125999983,3024.2444019499812,64243.09999999994,174.6,0,31912.0,14475.0,8862.6,6983.8,3377.7999999999997,9361.0,971.5,30.8,5939302660.156955,37.950731762415096,806.2465832286412
5,395862.07999999763,260527.64999999997,22881.31592530001,29345.472145999967,3122.2863189999775,93141.33999999987,13220.12999999999,0,31912.0,14475.0,8862.6,6983.8,3377.7999999999997,9361.0,971.5,30.8,23910723714.149258,95.41936821018142,1425.640308654696
6,221752.69000000038,165696.9,16089.133929700021,20498.35265399998,3301.254153149979,62400.09999999996,139.68000000000004,0,31912.0,14475.0,8862.6,6983.8,3377.7999999999997,9361.0,971.5,30.8,-1167782611.6994026,37.8850311451887,825.7222604462025
7,241060.3200000002,188280.4899999999,18605.36365190001,23695.587951999998,6970.167860849944,76969.49999999991,200.78999999999996,0,31912.0,14475.0,8862.6,6983.8,3377.7999999999997,9361.0,971.5,30.8,-30354334924.577236,37.48498141982997,910.1720202050221
