,contributed_CCGT,contributed_Coal,contributed_Onshore,contributed_Offshore,contributed_PV,contributed_Nuclear,contributed_Recip_gas,contributed_Biomass,total_CCGT,total_Coal,total_Onshore,total_Offshore,total_PV,total_Nuclear,total_Recip_gas,Carbon_tax,total_genco_wealth,Electricity_cost,Carbon_emitted
0,359221.5999999986,271869.1300000001,23300.55530880004,29579.745223999984,3154.551064599939,76902.56999999998,13267.659999999989,0,31912.0,14475.0,8862.6,6983.8,3377.7999999999997,9361.0,971.5,30.8,37529978917.946495,169.6528439265696,1376.7111856237368
1,278284.68000000005,244356.74,23464.752699000044,29595.668287999964,3122.278169949978,55403.490000000005,5016.839999999997,0,31912.0,14475.0,8862.6,6983.8,3377.7999999999997,9361.0,971.5,30.8,34618436226.655556,64.92386873220202,1131.4492626825183
2,378637.2199999982,249551.38999999998,20947.65506929988,28938.728619999987,1658.1788628999325,73427.05999999998,13270.56999999999,0,31912.0,14475.0,8862.6,6983.8,3377.7999999999997,9361.0,971.5,30.8,76166783188.64313,179.29846449166553,1367.2080011232172
3,386834.1999999981,260968.43999999992,23032.068543200043,29656.706700000013,3185.9006191499643,83576.16999999997,15067.979999999983,0,31912.0,14475.0,8862.6,6983.8,3377.7999999999997,9361.0,971.5,30.8,123765138501.58453,186.80140824981058,1412.9725953591155
4,202371.2700000001,185261.8799999999,17390.291716299995,22149.166798999984,3031.214556049981,49272.12,200.78999999999996,0,31912.0,14475.0,8862.6,6983.8,3377.7999999999997,9361.0,971.5,30.8,108825496181.91934,42.353129258126636,832.0076277482419
5,373036.1599999986,272656.74000000005,23464.752699000044,29595.668287999964,3122.2863189999775,84193.08999999997,13268.62999999999,0,31912.0,14475.0,8862.6,6983.8,3377.7999999999997,9361.0,971.5,30.8,193376275319.76102,207.6323266852015,1406.5141829025163
6,196468.83000000037,197982.95999999985,17279.66765890001,22038.413309999974,3675.349407499972,55403.490000000005,192.05999999999997,0,31912.0,14475.0,8862.6,6983.8,3377.7999999999997,9361.0,971.5,30.8,170375363589.0119,39.70966190669665,841.9245573580815
7,226751.28000000017,194604.41999999987,24460.922629700046,30016.147579,6192.204802949964,55334.62,3249.5,0,31912.0,14475.0,8862.6,6983.8,3377.7999999999997,9361.0,971.5,30.8,144853927710.0661,43.66540098523392,911.3073634591623
