,contributed_CCGT,contributed_Coal,contributed_Onshore,contributed_Offshore,contributed_PV,contributed_Nuclear,contributed_Recip_gas,contributed_Biomass,total_CCGT,total_Coal,total_Onshore,total_Offshore,total_PV,total_Nuclear,total_Recip_gas,Carbon_tax,total_genco_wealth,Electricity_cost,Carbon_emitted
0,385308.4699999992,164592.4899999999,59627.76873409967,35794.51290000012,3164.2427276999365,71746.04999999993,13854.025000000001,0,31912.0,14475.0,8862.6,6983.8,3377.7999999999997,9361.0,971.5,30.8,16534015923.032337,72.55062791645906,1206.681612731015
1,332652.1999999995,114306.6899999999,52079.7630197997,33126.862604500006,3123.888110849973,36272.18,10714.620000000014,0,31912.0,14475.0,8862.6,6983.8,3377.7999999999997,9361.0,971.5,30.8,15216598963.733118,55.824648984617944,981.1143395726194
2,405300.3599999979,148293.40999999992,56969.943795399515,32580.251215000022,1672.1146242499335,76519.41999999993,13485.909999999998,0,31912.0,14475.0,8862.6,6983.8,3377.7999999999997,9361.0,971.5,30.8,25001679185.689945,71.8612233126788,1210.1481414671757
3,421061.6299999979,155436.3399999999,57300.63346969945,33930.34090400005,3191.598073649961,88044.95999999989,14631.479999999976,0,31912.0,14475.0,8862.6,6983.8,3377.7999999999997,9361.0,971.5,30.8,39498656248.47837,75.79633668227878,1260.407746383317
4,227138.65000000043,102214.83999999988,40909.27092669998,27559.073564000013,3081.2929287499755,21231.360000000004,1239.660000000001,0,31912.0,14475.0,8862.6,6983.8,3377.7999999999997,9361.0,971.5,30.8,27774278603.661224,36.97250914778736,710.7821575663207
5,430724.8099999977,167146.17999999988,56397.09688029974,35191.41967850006,3122.5757249999756,62648.41999999993,13853.054999999998,0,31912.0,14475.0,8862.6,6983.8,3377.7999999999997,9361.0,971.5,30.8,47834110799.21462,73.67126636744722,1304.5731125896395
6,250342.08000000042,84279.33999999991,38705.75825319991,26095.02827299999,4232.065488199986,27128.960000000006,1202.8000000000009,0,31912.0,14475.0,8862.6,6983.8,3377.7999999999997,9361.0,971.5,30.8,29921338466.501575,36.37884211819154,718.0251042373206
7,291822.50000000047,92628.5399999999,42671.679815299794,28111.778909000008,7116.916305049937,25949.440000000006,9348.374999999995,0,31912.0,14475.0,8862.6,6983.8,3377.7999999999997,9361.0,971.5,30.8,11479392000.300581,42.94559269894628,836.3564313089213
