,contributed_CCGT,contributed_Coal,contributed_Onshore,contributed_Offshore,contributed_PV,contributed_Nuclear,contributed_Recip_gas,contributed_Biomass,total_CCGT,total_Coal,total_Onshore,total_Offshore,total_PV,total_Nuclear,total_Recip_gas,Carbon_tax,total_genco_wealth,Electricity_cost,Carbon_emitted
0,363687.2199999985,265018.00999999995,23300.55530880004,29579.745223999984,3154.551064599939,74204.99999999999,13259.89999999999,0,31912.0,14475.0,8862.6,6983.8,3377.7999999999997,9361.0,971.5,30.8,37256309997.027214,171.4286197929904,1371.3500259579764
1,266957.3100000001,256502.25999999995,23046.09384110004,29471.928811999966,3119.883005949978,54122.12,4754.939999999999,0,31912.0,14475.0,8862.6,6983.8,3377.7999999999997,9361.0,971.5,30.8,34130375072.23454,63.770096364153495,1134.1475736194786
2,368560.2399999986,252684.12,21525.94322849996,29224.130127999983,1657.865169249933,80975.59999999998,13268.62999999999,0,31912.0,14475.0,8862.6,6983.8,3377.7999999999997,9361.0,971.5,30.8,77573320865.03535,180.81457840119825,1353.738160979756
3,396093.739999998,252900.19999999995,23273.706135600052,29656.706700000013,3187.0623114999644,82085.27999999997,13569.32999999999,0,31912.0,14475.0,8862.6,6983.8,3377.7999999999997,9361.0,971.5,30.8,125050714194.72856,190.58241681853406,1410.7237474595954
4,191772.48000000019,205608.88999999993,17586.218330300006,22546.246468999983,3069.3844475499786,46915.990000000005,157.14000000000001,0,31912.0,14475.0,8862.6,6983.8,3377.7999999999997,9361.0,971.5,30.8,110821379216.8245,40.30942703866164,850.2607338882215
5,374263.71999999846,275029.68000000017,23464.752699000044,29595.668287999964,3122.2863189999775,83126.08999999997,13271.53999999999,0,31912.0,14475.0,8862.6,6983.8,3377.7999999999997,9361.0,971.5,30.8,194796116803.7677,206.82072666220915,1415.183970572636
6,220661.25000000032,164197.51999999993,18942.71165839996,24137.88490499998,3117.221669499978,51972.6,148.41000000000003,0,31912.0,14475.0,8862.6,6983.8,3377.7999999999997,9361.0,971.5,30.8,173484104541.50412,42.418028801622874,823.0455740129622
7,248532.66000000018,179767.56,25415.116421500024,30805.094972000006,7261.85522519993,50828.97,544.17,0,31912.0,14475.0,8862.6,6983.8,3377.7999999999997,9361.0,971.5,30.8,148189394127.8183,44.45285961951907,916.9248052288816
