,contributed_CCGT,contributed_Coal,contributed_Onshore,contributed_Offshore,contributed_PV,contributed_Nuclear,contributed_Recip_gas,contributed_Biomass,total_CCGT,total_Coal,total_Onshore,total_Offshore,total_PV,total_Nuclear,total_Recip_gas,Carbon_tax,total_genco_wealth,Electricity_cost,Carbon_emitted
0,339293.9999999989,200132.89999999967,23300.55530880004,29579.745223999984,3154.551064599939,165604.86687359976,17546.33000000001,0,31912.0,14475.0,8862.6,6983.8,3377.7999999999997,9361.0,971.5,30.8,16778151178.307442,102.82037240845317,1183.900398214198
1,230344.32000000044,191608.17999999985,23464.752699000044,29595.668287999964,3122.2863189999775,165604.86687359976,10789.309999999996,0,31912.0,14475.0,8862.6,6983.8,3377.7999999999997,9361.0,971.5,30.8,12075524423.905104,55.64815720738593,926.297075335643
2,334277.519999999,204740.96999999954,21601.84304159999,29224.130127999983,1658.9456695999324,165604.86687359976,17350.875000000007,0,31912.0,14475.0,8862.6,6983.8,3377.7999999999997,9361.0,971.5,30.8,20966064789.900295,90.91952541452042,1183.602608346059
3,375265.5799999981,196674.7499999995,23278.20383160005,29656.706700000013,3188.160174599965,165604.86687359976,18430.970000000023,0,31912.0,14475.0,8862.6,6983.8,3377.7999999999997,9361.0,971.5,30.8,48973304907.219925,137.33727345183328,1252.8503551804972
4,128223.66000000006,146737.75999999986,22191.845221500018,29595.668287999968,3116.600719849977,148459.39984960004,9428.4,0,31912.0,14475.0,8862.6,6983.8,3377.7999999999997,9361.0,971.5,30.8,33812592585.10322,42.48784387920117,606.8640259884817
5,349972.13999999856,219356.75999999957,23464.752699000044,29595.668287999964,3122.2863189999775,165604.86687359976,18373.740000000023,0,31912.0,14475.0,8862.6,6983.8,3377.7999999999997,9361.0,971.5,30.8,49772266213.26684,92.3223850886305,1251.0769171504774
6,165175.3800000002,119161.23000000005,25107.37461920003,32925.914206999994,4477.2553294999825,132812.50266480024,12571.199999999995,0,31912.0,14475.0,8862.6,6983.8,3377.7999999999997,9361.0,971.5,30.8,29924375987.82192,43.087859334321166,626.7216876995417
7,158742.24000000037,163738.55999999988,31140.259490999935,38204.78456500007,7414.15220374993,142418.6817816001,12571.199999999995,0,31912.0,14475.0,8862.6,6983.8,3377.7999999999997,9361.0,971.5,30.8,6270364917.032418,44.113673447521755,722.373875306883
