,contributed_CCGT,contributed_Coal,contributed_Onshore,contributed_Offshore,contributed_PV,contributed_Nuclear,contributed_Recip_gas,contributed_Biomass,total_CCGT,total_Coal,total_Onshore,total_Offshore,total_PV,total_Nuclear,total_Recip_gas,Carbon_tax,total_genco_wealth,Electricity_cost,Carbon_emitted
0,363020.95999999833,248998.01999999996,23300.55530880004,29579.745223999984,3154.551064599939,96396.65999999996,13967.029999999986,0,31912.0,14475.0,8862.6,6983.8,3377.7999999999997,9361.0,971.5,30.8,31022630411.516922,147.62744230619737,1335.6860184119575
1,277254.18000000017,228328.91,23464.752699000044,29595.668287999964,3122.060891799978,78050.07999999997,3755.84,0,31912.0,14475.0,8862.6,6983.8,3377.7999999999997,9361.0,971.5,30.8,25372727290.83015,57.65287227601857,1091.0802595561804
2,357748.91999999864,250660.12999999998,20847.588627699883,29147.89422399998,1657.5153670499326,97603.33999999995,13268.62999999999,0,31912.0,14475.0,8862.6,6983.8,3377.7999999999997,9361.0,971.5,30.8,65102230330.21573,168.2151193903908,1325.5209341417367
3,380803.27999999817,258303.00999999992,23250.34171650005,29656.706700000013,3187.892091749965,98677.12999999996,13269.59999999999,0,31912.0,14475.0,8862.6,6983.8,3377.7999999999997,9361.0,971.5,30.8,102092532520.81737,158.89803565323453,1391.131481187976
4,175451.94000000038,207171.40000000005,16647.587868400034,20802.962192999996,3024.2444019499812,66371.27999999997,148.41000000000003,0,31912.0,14475.0,8862.6,6983.8,3377.7999999999997,9361.0,971.5,30.8,88079859289.97163,39.89648565901236,818.7505581172014
5,380456.5599999982,257516.16999999998,23456.714406000046,29595.668287999964,3122.2863189999775,99683.01999999996,13259.89999999999,0,31912.0,14475.0,8862.6,6983.8,3377.7999999999997,9361.0,971.5,30.8,144650087239.38684,157.98595290991832,1388.652195385657
6,206418.5700000004,172101.76999999993,18040.322889400002,23000.56805649998,4396.1142137999805,64218.84999999998,148.41000000000003,0,31912.0,14475.0,8862.6,6983.8,3377.7999999999997,9361.0,971.5,30.8,122460240769.23308,40.3947153532423,811.676041894461
7,230399.01000000027,185324.71000000002,25854.125084000025,32248.384790000015,7325.922638399928,63075.21999999997,209.51999999999995,0,31912.0,14475.0,8862.6,6983.8,3377.7999999999997,9361.0,971.5,30.8,96056388198.94016,43.453310042419865,890.9101999445836
