,contributed_CCGT,contributed_Coal,contributed_Onshore,contributed_Offshore,contributed_PV,contributed_Nuclear,contributed_Recip_gas,contributed_Biomass,total_CCGT,total_Coal,total_Onshore,total_Offshore,total_PV,total_Nuclear,total_Recip_gas,Carbon_tax,total_genco_wealth,Electricity_cost,Carbon_emitted
0,353454.1599999986,261051.41999999995,23130.090855300044,29579.745223999984,3154.551064599939,95310.25999999997,13269.59999999999,0,31912.0,14475.0,8862.6,6983.8,3377.7999999999997,9361.0,971.5,30.8,30534168488.17651,144.64270580040377,1340.8213944851577
1,250717.6800000002,252248.11000000002,23383.41938240004,29595.668287999964,3122.130233349978,79262.57999999997,3057.9249999999997,0,31912.0,14475.0,8862.6,6983.8,3377.7999999999997,9361.0,971.5,30.8,24749156062.205055,54.84409563193969,1089.12044246778
2,363079.03999999864,246792.37,21272.83191349993,29224.130127999983,1658.7876337499324,95140.50999999997,13242.439999999991,0,31912.0,14475.0,8862.6,6983.8,3377.7999999999997,9361.0,971.5,30.8,65228624205.009155,170.30537798871467,1329.4113201132568
3,380163.0399999983,254657.47999999992,22581.00862980002,28629.56122800001,3186.0793410499646,103189.56999999995,13967.999999999987,0,31912.0,14475.0,8862.6,6983.8,3377.7999999999997,9361.0,971.5,30.8,102444229471.94449,157.0707467105486,1383.1149176370361
4,201296.01000000045,165087.40999999986,17057.323880599986,21509.199298999985,2874.6311871499825,72910.04999999999,183.32999999999998,0,31912.0,14475.0,8862.6,6983.8,3377.7999999999997,9361.0,971.5,30.8,88660581789.34006,41.447857553870925,780.1984954191812
5,370563.1599999985,262821.02,23464.752699000044,29595.668287999964,3122.2863189999775,101817.01999999995,13268.62999999999,0,31912.0,14475.0,8862.6,6983.8,3377.7999999999997,9361.0,971.5,30.8,144491328764.0246,157.61527002608145,1379.5465869659565
6,158573.43000000028,219846.58000000005,16816.683351199983,21142.338520999972,4157.353337199979,71970.11999999998,209.51999999999995,0,31912.0,14475.0,8862.6,6983.8,3377.7999999999997,9361.0,971.5,30.8,121492114712.12839,38.41316740572974,813.8187770988415
7,215378.6100000003,209389.22000000006,20410.59348150002,24792.1177,6093.349622649969,73574.49999999997,209.51999999999995,0,31912.0,14475.0,8862.6,6983.8,3377.7999999999997,9361.0,971.5,30.8,93981255721.34364,41.35925090866914,915.0404571095626
