,contributed_CCGT,contributed_Coal,contributed_Onshore,contributed_Offshore,contributed_PV,contributed_Nuclear,contributed_Recip_gas,contributed_Biomass,total_CCGT,total_Coal,total_Onshore,total_Offshore,total_PV,total_Nuclear,total_Recip_gas,Carbon_tax,total_genco_wealth,Electricity_cost,Carbon_emitted
0,394218.9799999981,215822.9899999997,23300.55530880004,29579.745223999984,3154.551064599939,92465.24999999996,14106.224999999995,0,31912.0,14475.0,8862.6,6983.8,3377.7999999999997,9361.0,971.5,30.8,17095071148.089493,92.8382694564799,1325.2738692700132
1,297663.5400000001,201958.8099999999,23464.752699000044,29595.668287999964,3122.2863189999775,82010.58999999994,7530.109999999996,0,31912.0,14475.0,8862.6,6983.8,3377.7999999999997,9361.0,971.5,30.8,19549929774.104202,67.81341333695254,1082.2078000563818
2,371592.99999999837,217855.1699999997,21601.84304159999,29224.130127999983,1658.9456695999324,117818.13999999998,13162.899999999998,0,31912.0,14475.0,8862.6,6983.8,3377.7999999999997,9361.0,971.5,30.8,37084219979.295555,102.99960112405215,1281.9627825076552
3,399347.009999998,230179.82999999973,23278.20383160005,29656.706700000013,3188.160174599965,109417.93999999994,15054.399999999981,0,31912.0,14475.0,8862.6,6983.8,3377.7999999999997,9361.0,971.5,30.8,59821413033.89349,113.56160311647095,1370.5685591623349
4,222912.56000000043,138177.48999999996,23294.32024580003,29595.668287999968,3119.6618074999774,57391.019999999975,1911.8700000000003,0,31912.0,14475.0,8862.6,6983.8,3377.7999999999997,9361.0,971.5,30.8,51509140990.58624,51.55893152946027,776.7839832510231
5,413146.9099999976,223034.55999999968,23464.752699000044,29595.668287999964,3122.2863189999775,100359.10999999996,15022.389999999981,0,31912.0,14475.0,8862.6,6983.8,3377.7999999999997,9361.0,971.5,30.8,80365161815.16953,104.4465426563414,1382.5734346748748
6,231581.89000000022,145163.25999999998,25933.617641300014,32741.740594999985,4482.950231899983,39993.09999999999,3800.459999999999,0,31912.0,14475.0,8862.6,6983.8,3377.7999999999997,9361.0,971.5,30.8,70168333485.4327,49.74508959080873,814.6815540574819
7,241101.12000000034,153419.28999999998,33936.00788579991,38126.49506500007,7429.396071399935,64233.39999999997,4837.874999999997,0,31912.0,14475.0,8862.6,6983.8,3377.7999999999997,9361.0,971.5,30.8,59967823862.81253,53.23764184588696,852.6856928774231
