,contributed_CCGT,contributed_Coal,contributed_Onshore,contributed_Offshore,contributed_PV,contributed_Nuclear,contributed_Recip_gas,contributed_Biomass,total_CCGT,total_Coal,total_Onshore,total_Offshore,total_PV,total_Nuclear,total_Recip_gas,Carbon_tax,total_genco_wealth,Electricity_cost,Carbon_emitted
0,356243.01999999845,254969.21000000002,23259.24340650004,29579.745223999984,3154.551064599939,94037.61999999997,13267.659999999989,0,31912.0,14475.0,8862.6,6983.8,3377.7999999999997,9361.0,971.5,30.8,30979205563.045643,145.15459537592457,1333.8311805355768
1,256939.08000000022,245868.44999999992,23433.54416150004,29595.668287999964,3122.0696975499777,80406.20999999998,3834.4100000000003,0,31912.0,14475.0,8862.6,6983.8,3377.7999999999997,9361.0,971.5,30.8,25110334952.47057,55.14159371997851,1085.582748453098
2,363241.09999999864,249075.53999999995,21586.027482599984,29224.130127999983,1658.7409085499326,95033.80999999997,13269.59999999999,0,31912.0,14475.0,8862.6,6983.8,3377.7999999999997,9361.0,971.5,30.8,63638727318.07944,167.81130950195117,1334.0131376849167
3,374679.0199999985,259126.18999999994,23271.16948860005,29656.706700000013,3188.032516099965,105271.18999999994,13269.59999999999,0,31912.0,14475.0,8862.6,6983.8,3377.7999999999997,9361.0,971.5,30.8,100573625761.76566,158.7084190895541,1380.5360755936165
4,175159.47000000023,189783.32999999996,16940.992508099975,21168.909298999988,2603.330168849983,78424.49999999997,130.95000000000005,0,31912.0,14475.0,8862.6,6983.8,3377.7999999999997,9361.0,971.5,30.8,86560489025.16975,39.174698117027184,779.3216955953422
5,383206.6199999983,253553.53,23165.835122500033,29595.668287999964,3122.2863189999775,100769.41999999995,13271.53999999999,0,31912.0,14475.0,8862.6,6983.8,3377.7999999999997,9361.0,971.5,30.8,143503783167.15637,158.2499878919674,1385.416219414937
6,185090.85000000006,196313.04999999996,17067.62223480001,21575.485757999977,3168.8072653999798,70724.63999999998,183.32999999999998,0,31912.0,14475.0,8862.6,6983.8,3377.7999999999997,9361.0,971.5,30.8,121131856260.09799,38.99796428475269,815.0833022239018
7,225682.65000000029,191283.16000000003,19275.304967400007,23896.868670000003,6542.103915949947,76170.21999999997,209.51999999999995,0,31912.0,14475.0,8862.6,6983.8,3377.7999999999997,9361.0,971.5,30.8,94148983501.37503,40.59818123307132,894.6316625576815
