,contributed_CCGT,contributed_Coal,contributed_Onshore,contributed_Offshore,contributed_PV,contributed_Nuclear,contributed_Recip_gas,contributed_Biomass,total_CCGT,total_Coal,total_Onshore,total_Offshore,total_PV,total_Nuclear,total_Recip_gas,Carbon_tax,total_genco_wealth,Electricity_cost,Carbon_emitted
0,388783.01999999915,155464.11999999982,55303.511469499776,22759.893869000007,3156.5928561499377,117183.75999999995,11872.800000000001,0,31912.0,14475.0,8862.6,6983.8,3377.7999999999997,9361.0,971.5,30.8,33696486059.301468,122.79659829511502,1186.9811159197557
1,305808.8000000003,128130.67999999982,51026.257359099836,23684.13761149997,3130.2135192499727,99672.34999999993,7533.020000000001,0,31912.0,14475.0,8862.6,6983.8,3377.7999999999997,9361.0,971.5,30.8,35370553183.27398,67.08246761080665,945.055903530638
2,370337.8699999999,146996.59999999983,53265.879320499625,27396.852771000016,1672.254396499934,146455.44999999995,11981.440000000013,0,31912.0,14475.0,8862.6,6983.8,3377.7999999999997,9361.0,971.5,30.8,67525420423.16037,123.17690652507815,1133.2265134267957
3,378143.22999999917,185254.6499999999,60292.03459899963,31516.29074400002,3195.917030599961,132212.93999999992,13873.909999999974,0,31912.0,14475.0,8862.6,6983.8,3377.7999999999997,9361.0,971.5,30.8,107684266361.2652,125.1845898419313,1232.3747445806957
4,225270.97000000006,75406.62999999999,44831.29981419993,18444.88478049998,3080.923867449975,88931.53999999995,362.77999999999986,0,31912.0,14475.0,8862.6,6983.8,3377.7999999999997,9361.0,971.5,30.8,95555048595.53302,37.177851593895106,648.9352945887412
5,387035.84999999887,179013.1299999999,59677.31502459986,27043.160185999965,3138.4160951499757,127343.5399999999,12922.825000000003,0,31912.0,14475.0,8862.6,6983.8,3377.7999999999997,9361.0,971.5,30.8,143713702085.52014,125.80067538581085,1240.4760453857364
6,211446.0300000001,101612.6999999999,40529.30753189986,18029.142901999974,4346.632982399984,89313.71999999994,183.32999999999996,0,31912.0,14475.0,8862.6,6983.8,3377.7999999999997,9361.0,971.5,30.8,124005660864.0076,36.40808789845934,674.4455537946009
7,253993.6800000001,106282.8099999999,43407.156338699766,18745.156277499966,7108.407631449937,96038.72999999994,3561.3549999999937,0,31912.0,14475.0,8862.6,6983.8,3377.7999999999997,9361.0,971.5,30.8,100077964658.27371,39.30922019276615,780.5528875183797
