,contributed_CCGT,contributed_Coal,contributed_Onshore,contributed_Offshore,contributed_PV,contributed_Nuclear,contributed_Recip_gas,contributed_Biomass,total_CCGT,total_Coal,total_Onshore,total_Offshore,total_PV,total_Nuclear,total_Recip_gas,Carbon_tax,total_genco_wealth,Electricity_cost,Carbon_emitted
0,392221.38999999844,190996.0699999997,23300.55530880004,29579.745223999984,3154.551064599939,115581.31999999993,14125.624999999995,0,31912.0,14475.0,8862.6,6983.8,3377.7999999999997,9361.0,971.5,30.8,20304639064.219856,101.92971972877835,1262.508393615859
1,328639.9899999994,147209.58,23464.752699000044,29595.668287999964,3122.2863189999775,82077.51999999995,13163.869999999999,0,31912.0,14475.0,8862.6,6983.8,3377.7999999999997,9361.0,971.5,30.8,26071860962.217003,73.26261589914405,1031.370573072839
2,390322.2899999982,199412.50999999966,21601.84304159999,29224.130127999983,1658.9456695999324,107669.02999999998,15032.08999999998,0,31912.0,14475.0,8862.6,6983.8,3377.7999999999997,9361.0,971.5,30.8,44425256398.90431,104.20711670061131,1281.6366919489765
3,411797.669999998,206117.76999999976,23278.20383160005,29656.706700000013,3188.160174599965,116949.98999999996,15054.399999999981,0,31912.0,14475.0,8862.6,6983.8,3377.7999999999997,9361.0,971.5,30.8,65961390545.943375,108.41868720267063,1340.2863160824575
4,217835.31000000023,126325.93000000004,23256.033133300032,29595.668287999968,3120.771341949978,61580.44999999997,1849.3050000000007,0,31912.0,14475.0,8862.6,6983.8,3377.7999999999997,9361.0,971.5,30.8,60685501716.4023,53.46586843764887,731.9068824801403
5,409620.0599999978,203445.75999999972,23464.752699000044,29595.668287999964,3122.2863189999775,122611.87999999996,14794.924999999983,0,31912.0,14475.0,8862.6,6983.8,3377.7999999999997,9361.0,971.5,30.8,89016052259.56612,101.83573021512628,1329.3295060824769
6,244301.1300000003,91018.59999999993,26640.243920299992,33440.534603,4485.463283499984,55203.66999999997,7486.944999999994,0,31912.0,14475.0,8862.6,6983.8,3377.7999999999997,9361.0,971.5,30.8,80404874700.35506,50.31513537100998,725.4753800927996
7,256261.34000000017,124210.36000000004,32837.66056069988,37868.13971500006,7426.927217699934,59557.02999999996,10003.12499999999,0,31912.0,14475.0,8862.6,6983.8,3377.7999999999997,9361.0,971.5,30.8,73923015888.90639,55.567183873433066,828.9264786732784
