,contributed_CCGT,contributed_Coal,contributed_Onshore,contributed_Offshore,contributed_PV,contributed_Nuclear,contributed_Recip_gas,contributed_Biomass,total_CCGT,total_Coal,total_Onshore,total_Offshore,total_PV,total_Nuclear,total_Recip_gas,Carbon_tax,total_genco_wealth,Electricity_cost,Carbon_emitted
0,378398.52999999886,157746.67999999988,59521.718362499916,25958.675158999977,3171.4598905499356,126649.01999999992,13116.824999999997,0,31912.0,14475.0,8862.6,6983.8,3377.7999999999997,9361.0,971.5,30.8,35976223600.5062,126.83666410270457,1175.882191788636
1,296552.4999999999,125350.10999999984,52676.06079069997,25672.895265999974,3134.8856958499737,113712.12999999995,10271.330000000009,0,31912.0,14475.0,8862.6,6983.8,3377.7999999999997,9361.0,971.5,30.8,41239239755.70695,77.4688931992972,930.3928751737783
2,356290.95999999956,163318.01999999993,56640.47052049984,28495.20186400001,1672.6443394999333,130274.87999999992,12564.41,0,31912.0,14475.0,8862.6,6983.8,3377.7999999999997,9361.0,971.5,30.8,70897248312.6031,123.98663760474817,1142.314299171957
3,366158.2999999997,171540.85999999993,62339.11353919991,30617.80074000001,3201.4330424499612,143430.01999999996,14089.24999999998,0,31912.0,14475.0,8862.6,6983.8,3377.7999999999997,9361.0,971.5,30.8,113541965629.80954,133.57383905074684,1183.788853302276
4,195220.26999999955,103321.2399999999,41773.295196599924,18649.495352999973,3085.1537578499756,101768.51999999995,182.35999999999996,0,31912.0,14475.0,8862.6,6983.8,3377.7999999999997,9361.0,971.5,30.8,101446947351.86383,37.68174897222155,649.9963549535213
5,369675.9399999995,171548.61999999988,66615.66853180014,30521.994367999974,3139.816024949975,135973.62999999995,13891.369999999972,0,31912.0,14475.0,8862.6,6983.8,3377.7999999999997,9361.0,971.5,30.8,167985390008.32565,132.6313805555162,1185.8194417507561
6,205558.53999999975,106346.5299999999,40020.895136599866,18093.221009999976,3245.7053109999792,93176.25999999995,825.4700000000013,0,31912.0,14475.0,8862.6,6983.8,3377.7999999999997,9361.0,971.5,30.8,148732564628.41098,37.88900028268116,679.1808114489407
7,248078.79999999996,110545.7199999999,40934.43345419973,21235.198550999994,7117.89902674994,95754.51999999995,8153.335000000003,0,31912.0,14475.0,8862.6,6983.8,3377.7999999999997,9361.0,971.5,30.8,127539617250.69476,43.06837245083958,788.6555287265589
