,contributed_CCGT,contributed_Coal,contributed_Onshore,contributed_Offshore,contributed_PV,contributed_Nuclear,contributed_Recip_gas,contributed_Biomass,total_CCGT,total_Coal,total_Onshore,total_Offshore,total_PV,total_Nuclear,total_Recip_gas,Carbon_tax,total_genco_wealth,Electricity_cost,Carbon_emitted
0,403672.8299999978,230804.9799999997,23300.55530880004,29579.745223999984,3154.551064599939,61708.48999999994,14954.489999999978,0,31912.0,14475.0,8862.6,6983.8,3377.7999999999997,9361.0,971.5,30.8,27677165070.168907,138.32106967738875,1380.5421149220351
1,338921.2299999993,193198.70999999993,23464.752699000044,29595.668287999964,3122.2863189999775,32634.67999999998,13080.450000000008,0,31912.0,14475.0,8862.6,6983.8,3377.7999999999997,9361.0,971.5,30.8,32313817642.301495,88.93558181227316,1160.4533403765786
2,393315.2699999983,214869.33999999968,21601.84304159999,29224.130127999983,1658.9456695999324,90356.46999999996,14998.139999999976,0,31912.0,14475.0,8862.6,6983.8,3377.7999999999997,9361.0,971.5,30.8,62906158229.29752,148.02948120318027,1324.0461223973143
3,420193.69999999786,217673.89999999962,23278.20383160005,29656.706700000013,3188.160174599965,96527.60999999997,14989.409999999976,0,31912.0,14475.0,8862.6,6983.8,3377.7999999999997,9361.0,971.5,30.8,95269374589.33253,149.5190144593242,1384.8497029721939
4,230356.92000000025,161916.39999999997,22230.097220000018,28924.39171399997,3118.110632349977,24700.079999999987,7133.8650000000025,0,31912.0,14475.0,8862.6,6983.8,3377.7999999999997,9361.0,971.5,30.8,83960759277.3268,51.977133645310865,856.3446001972018
5,424270.02999999776,226740.40999999968,23464.752699000044,29595.668287999964,3122.2863189999775,78944.41999999995,14989.409999999976,0,31912.0,14475.0,8862.6,6983.8,3377.7999999999997,9361.0,971.5,30.8,132888521803.41873,149.47229929854515,1414.279814833176
6,241813.86000000025,154909.77999999997,21080.301114299946,26794.25749149997,4427.43735109998,24700.079999999987,9986.149999999992,0,31912.0,14475.0,8862.6,6983.8,3377.7999999999997,9361.0,971.5,30.8,115599126577.80225,50.03438408811447,869.8049787724391
7,268494.98000000033,164865.35999999993,30837.92390609993,37415.780647000065,7417.716263899929,21612.569999999992,11155.000000000013,0,31912.0,14475.0,8862.6,6983.8,3377.7999999999997,9361.0,971.5,30.8,98862627377.20232,54.88636229514989,949.4322391732795
