,contributed_CCGT,contributed_Coal,contributed_Onshore,contributed_Offshore,contributed_PV,contributed_Nuclear,contributed_Recip_gas,contributed_Biomass,total_CCGT,total_Coal,total_Onshore,total_Offshore,total_PV,total_Nuclear,total_Recip_gas,Carbon_tax,total_genco_wealth,Electricity_cost,Carbon_emitted
0,371842.26999999856,181611.62000000002,50575.807294399725,32822.74330399999,3162.929157599938,108889.28999999998,14359.879999999974,0,31912.0,14475.0,8862.6,6983.8,3377.7999999999997,9361.0,971.5,30.8,26635633354.618725,88.78586321253617,1200.7210843847568
1,297015.39999999985,144365.24999999997,43677.85073699984,31370.87724799997,3126.7939639999777,92336.23999999993,11618.175000000001,0,31912.0,14475.0,8862.6,6983.8,3377.7999999999997,9361.0,971.5,30.8,38905223949.814865,69.6428583858359,958.8695222494957
2,379287.63999999856,180443.99999999997,49874.00950079959,32003.911887999988,1671.450239149932,101977.06999999996,14657.669999999978,0,31912.0,14475.0,8862.6,6983.8,3377.7999999999997,9361.0,971.5,30.8,65665310970.24737,92.06450504242575,1216.1499845719964
3,399783.4699999983,175801.04000000004,53542.20127079956,34849.67070000006,3198.2743175999635,115364.03999999998,15259.554999999975,0,31912.0,14475.0,8862.6,6983.8,3377.7999999999997,9361.0,971.5,30.8,98238627736.68123,99.41274282659225,1258.116944043918
4,226593.19000000006,108561.98999999996,34198.92945099994,28146.29772799997,3122.0315743499764,62322.49999999996,6229.339999999996,0,31912.0,14475.0,8862.6,6983.8,3377.7999999999997,9361.0,971.5,30.8,103369115190.90482,51.795345103077274,721.3485594220193
5,407795.7699999981,172171.56000000003,52023.14873699979,32837.51724799998,3134.553963999976,108811.68999999997,14568.429999999977,0,31912.0,14475.0,8862.6,6983.8,3377.7999999999997,9361.0,971.5,30.8,156092135854.17737,101.35251559549056,1254.246974880877
6,236831.63000000015,97814.89000000003,36990.5605837998,34115.51701700001,4491.1092982999835,55638.229999999974,6067.8349999999955,0,31912.0,14475.0,8862.6,6983.8,3377.7999999999997,9361.0,971.5,30.8,159777970851.49692,51.71298315674513,722.6439393862198
7,267490.0399999998,95575.11999999997,42632.035992899684,39452.840197000056,7438.893441649931,66045.35999999996,11394.104999999992,0,31912.0,14475.0,8862.6,6983.8,3377.7999999999997,9361.0,971.5,30.8,169086086599.20825,56.12029737575961,794.3338208477576
