,contributed_CCGT,contributed_Coal,contributed_Onshore,contributed_Offshore,contributed_PV,contributed_Nuclear,contributed_Recip_gas,contributed_Biomass,total_CCGT,total_Coal,total_Onshore,total_Offshore,total_PV,total_Nuclear,total_Recip_gas,Carbon_tax,total_genco_wealth,Electricity_cost,Carbon_emitted
0,360232.0799999986,270255.7100000001,23300.55530880004,29579.745223999984,3154.551064599939,74472.71999999997,13268.62999999999,0,31912.0,14475.0,8862.6,6983.8,3377.7999999999997,9361.0,971.5,30.8,38753978621.65701,172.38863406821596,1375.117037282577
1,276699.7500000002,245615.38000000006,23464.752699000044,29595.668287999964,3122.2863189999775,56547.12,4008.0400000000004,0,31912.0,14475.0,8862.6,6983.8,3377.7999999999997,9361.0,971.5,30.8,35791337238.5666,67.34582255977664,1129.0397272412388
2,368896.79999999853,256786.21,21071.207674699897,28845.068271999986,1657.6519307999329,75611.49999999997,13270.56999999999,0,31912.0,14475.0,8862.6,6983.8,3377.7999999999997,9361.0,971.5,30.8,79271238294.98836,180.39014282070048,1362.701751401576
3,378015.77999999846,263506.74,23275.03588920005,29656.706700000013,3187.2537992499647,89300.13999999996,13969.939999999988,0,31912.0,14475.0,8862.6,6983.8,3377.7999999999997,9361.0,971.5,30.8,128415785368.63388,189.72352063889835,1398.5061391025165
4,189367.83000000007,200193.3500000002,18224.983923400032,23046.488909499974,3078.525044899978,47053.729999999996,174.6,0,31912.0,14475.0,8862.6,6983.8,3377.7999999999997,9361.0,971.5,30.8,114609306504.04921,41.63816122416278,834.3018924233024
5,384990.3699999982,263891.4699999999,23464.752699000044,29595.668287999964,3122.2863189999775,79052.08999999997,13268.62999999999,0,31912.0,14475.0,8862.6,6983.8,3377.7999999999997,9361.0,971.5,30.8,197734401397.3011,206.95704967957417,1412.0993832550564
6,183985.83000000016,210478.95999999993,17837.756712700004,22800.584344999967,3215.5943941999803,50691.229999999996,148.41000000000003,0,31912.0,14475.0,8862.6,6983.8,3377.7999999999997,9361.0,971.5,30.8,175908581811.49307,39.58059162357073,845.3031769460813
7,214767.00000000026,215180.33,26872.806561300004,33089.818505000025,7388.209061299928,47122.6,209.51999999999995,0,31912.0,14475.0,8862.6,6983.8,3377.7999999999997,9361.0,971.5,30.8,150136506245.7895,42.919201434272374,924.920030401342
