,contributed_CCGT,contributed_Coal,contributed_Onshore,contributed_Offshore,contributed_PV,contributed_Nuclear,contributed_Recip_gas,contributed_Biomass,total_CCGT,total_Coal,total_Onshore,total_Offshore,total_PV,total_Nuclear,total_Recip_gas,Carbon_tax,total_genco_wealth,Electricity_cost,Carbon_emitted
0,349167.0699999986,248272.37999999998,22338.15185410003,29308.87689199999,3154.551064599939,116571.69000000002,12465.955,0,31912.0,14475.0,8862.6,6983.8,3377.7999999999997,9361.0,971.5,30.8,9385663389.22975,75.18163702135524,1301.0479084572385
1,253629.24000000034,237434.37,21091.783508699995,26859.423662999976,3117.2816082999775,102722.02999999996,2080.6500000000015,0,31912.0,14475.0,8862.6,6983.8,3377.7999999999997,9361.0,971.5,30.8,2704527967.3322372,50.624700616411495,1058.237771209262
2,347351.45999999833,256689.82999999993,19846.135339799835,27837.04242399999,1656.8506970999329,114561.84999999999,13241.469999999996,0,31912.0,14475.0,8862.6,6983.8,3377.7999999999997,9361.0,971.5,30.8,11888137429.950914,85.47911264798302,1317.7664063823386
3,377301.0499999979,249097.52999999994,22063.68735679994,29069.64318000001,3184.253824499964,122385.87000000002,13289.969999999996,0,31912.0,14475.0,8862.6,6983.8,3377.7999999999997,9361.0,971.5,30.8,24930562098.341785,93.93018175459461,1363.5222157269384
4,145029.06000000014,198898.9800000001,16947.14409289997,21348.531118999985,2603.1322832499827,104026.67999999996,167.81,0,31912.0,14475.0,8862.6,6983.8,3377.7999999999997,9361.0,971.5,30.8,9918405872.947052,37.3108203015959,738.5724322740429
5,370034.00999999826,257090.36,22314.519113599996,28433.772041999964,3121.9208654499776,122374.23000000003,12531.914999999999,0,31912.0,14475.0,8862.6,6983.8,3377.7999999999997,9361.0,971.5,30.8,29232346892.071945,94.92272499806693,1363.3125377532788
6,179698.26000000024,183894.1700000002,16093.220103200021,20905.65610999997,4157.323566799979,88154.56999999989,185.26999999999998,0,31912.0,14475.0,8862.6,6983.8,3377.7999999999997,9361.0,971.5,30.8,6736556420.521389,36.731460638301215,775.504649049663
7,187038.14000000013,221375.5600000001,18264.028305200016,22921.883964499997,6952.061646849946,93409.05999999992,193.02999999999997,0,31912.0,14475.0,8862.6,6983.8,3377.7999999999997,9361.0,971.5,30.8,-21402051584.74863,37.06701822910561,877.7529356528845
