,contributed_CCGT,contributed_Coal,contributed_Onshore,contributed_Offshore,contributed_PV,contributed_Nuclear,contributed_Recip_gas,contributed_Biomass,total_CCGT,total_Coal,total_Onshore,total_Offshore,total_PV,total_Nuclear,total_Recip_gas,Carbon_tax,total_genco_wealth,Electricity_cost,Carbon_emitted
0,392935.2999999982,224307.91999999963,23300.55530880004,29579.745223999984,3154.551064599939,78302.27999999996,14971.949999999977,0,31912.0,14475.0,8862.6,6983.8,3377.7999999999997,9361.0,971.5,30.8,26900328285.851185,138.27966913575645,1343.3586764521524
1,323792.41999999975,203666.20999999967,23464.752699000044,29595.668287999964,3122.2863189999775,38726.27999999996,12322.395000000011,0,31912.0,14475.0,8862.6,6983.8,3377.7999999999997,9361.0,971.5,30.8,31385219506.22482,88.20587760832815,1149.7590333115775
2,400812.61999999796,221161.36999999965,21601.84304159999,29224.130127999983,1658.9456695999324,73094.34999999996,14971.949999999977,0,31912.0,14475.0,8862.6,6983.8,3377.7999999999997,9361.0,971.5,30.8,60282105053.97135,147.22400787033578,1353.2526003552557
3,418570.17999999784,232870.9899999997,23278.20383160005,29656.706700000013,3188.160174599965,77686.32999999996,14971.949999999977,0,31912.0,14475.0,8862.6,6983.8,3377.7999999999997,9361.0,971.5,30.8,93210272487.92418,149.9860054193247,1415.4292698040153
4,229607.34000000023,167747.2799999999,20579.49366449999,26789.54415199998,3108.9428714999767,24700.079999999987,3587.544999999995,0,31912.0,14475.0,8862.6,6983.8,3377.7999999999997,9361.0,971.5,30.8,81614272720.96968,49.71192881511565,860.6821468474409
5,392750.44999999844,244135.76999999981,23464.752699000044,29595.668287999964,3122.2863189999775,96774.95999999998,15059.249999999973,0,31912.0,14475.0,8862.6,6983.8,3377.7999999999997,9361.0,971.5,30.8,134410077041.4858,148.71882245151872,1388.3286444664554
6,239190.60000000027,160898.42999999996,20459.891451999967,26309.829643999994,4257.988453099982,24700.079999999987,8669.374999999995,0,31912.0,14475.0,8862.6,6983.8,3377.7999999999997,9361.0,971.5,30.8,117006302561.66386,49.53070761647802,874.2455996751402
7,275555.58000000037,160288.88999999996,28894.046835499936,34331.96109900004,7402.23788469993,23670.90999999999,11030.840000000013,0,31912.0,14475.0,8862.6,6983.8,3377.7999999999997,9361.0,971.5,30.8,101164178609.23213,54.8082157712166,953.3012863682196
