,contributed_CCGT,contributed_Coal,contributed_Onshore,contributed_Offshore,contributed_PV,contributed_Nuclear,contributed_Recip_gas,contributed_Biomass,total_CCGT,total_Coal,total_Onshore,total_Offshore,total_PV,total_Nuclear,total_Recip_gas,Carbon_tax,total_genco_wealth,Electricity_cost,Carbon_emitted
0,391284.56999999884,183923.45,49284.9096633996,35558.605784000116,3145.6796744499406,103083.83999999997,13177.449999999999,0,31912.0,14475.0,8862.6,6983.8,3377.7999999999997,9361.0,971.5,30.8,27504334296.770966,124.41461329488591,1260.5747139631023
1,322499.5499999999,167801.70000000016,41831.999489899725,35904.06899950007,3106.658351499977,55480.119999999966,9354.194999999987,0,31912.0,14475.0,8862.6,6983.8,3377.7999999999997,9361.0,971.5,30.8,25884835873.869263,68.63690965984097,1074.7013259665985
2,406316.60999999905,203158.91000000003,49445.19491749947,32618.080873000024,1642.871312499934,76408.83999999995,12896.149999999996,0,31912.0,14475.0,8862.6,6983.8,3377.7999999999997,9361.0,971.5,30.8,57867239799.31746,122.54198399601114,1332.2592231361823
3,403513.25999999925,184187.92000000016,55671.48658579948,36006.78328800012,3179.251550649964,108884.43999999999,15102.89999999998,0,31912.0,14475.0,8862.6,6983.8,3377.7999999999997,9361.0,971.5,30.8,93155004426.94756,128.07292871997686,1288.7162959921613
4,228534.8499999999,129976.23999999993,35435.80052639995,28566.13189050001,3064.7028730499787,45229.15999999998,1241.6000000000008,0,31912.0,14475.0,8862.6,6983.8,3377.7999999999997,9361.0,971.5,30.8,77446301761.67581,36.09645719755196,780.1513251635175
5,432444.5099999988,190477.38999999998,50794.49494869972,37378.82915400006,3117.32181014998,81470.29999999994,14957.884999999984,0,31912.0,14475.0,8862.6,6983.8,3377.7999999999997,9361.0,971.5,30.8,125013841064.0572,126.96243021803888,1360.0052038212211
6,234754.43999999992,133425.0199999999,31585.28354059994,27667.20001799999,3168.131660399981,48358.37999999998,1057.3000000000009,0,31912.0,14475.0,8862.6,6983.8,3377.7999999999997,9361.0,971.5,30.8,101400657094.2512,37.34246892435897,794.5689420979578
7,272143.4799999995,147243.98000000007,31593.441075699917,28942.69875900001,6890.541214749946,49574.75999999998,7409.829999999995,0,31912.0,14475.0,8862.6,6983.8,3377.7999999999997,9361.0,971.5,30.8,72994547231.30168,40.7689503614395,916.657268264038
