,contributed_CCGT,contributed_Coal,contributed_Onshore,contributed_Offshore,contributed_PV,contributed_Nuclear,contributed_Recip_gas,contributed_Biomass,total_CCGT,total_Coal,total_Onshore,total_Offshore,total_PV,total_Nuclear,total_Recip_gas,Carbon_tax,total_genco_wealth,Electricity_cost,Carbon_emitted
0,337556.3700000001,256641.35999999996,51361.38373579979,25978.913806000004,3167.238615999937,88049.80999999991,11993.07999999999,0,31912.0,14475.0,8862.6,6983.8,3377.7999999999997,9361.0,971.5,30.8,93429287102.28679,314.2143732271959,1282.9625461212786
1,244375.1400000002,239081.89,51880.63373740003,26100.365473999966,3135.522172849974,70115.47999999995,3775.239999999997,0,31912.0,14475.0,8862.6,6983.8,3377.7999999999997,9361.0,971.5,30.8,106638207957.74332,87.27913838890554,1038.9800987422211
2,324367.0099999997,251011.98999999993,51610.46810549968,29021.083864000007,1674.7086139999337,92521.50999999991,11865.039999999985,0,31912.0,14475.0,8862.6,6983.8,3377.7999999999997,9361.0,971.5,30.8,239012214396.55728,335.1628159664997,1245.682569482018
3,358217.1500000001,252303.3199999999,56336.52597719974,28917.593196000013,3197.8474517499612,97804.12999999995,13532.954999999984,0,31912.0,14475.0,8862.6,6983.8,3377.7999999999997,9361.0,971.5,30.8,387552181055.0709,352.83537609751676,1324.3044916713586
4,140322.69000000003,208187.38,39025.25987959996,18998.883806999973,2612.8988549499804,70873.04999999994,323.0099999999998,0,31912.0,14475.0,8862.6,6983.8,3377.7999999999997,9361.0,971.5,30.8,375781166048.4727,33.963478093295286,750.0596743572395
5,362176.36999999976,261316.75999999992,57851.93769359994,30350.012953999973,3136.521197999976,83495.65999999993,12056.129999999992,0,31912.0,14475.0,8862.6,6983.8,3377.7999999999997,9361.0,971.5,30.8,591620849434.9507,355.7657567705799,1343.5018158304792
6,165252.2199999999,193762.56000000008,37816.80955199984,19396.957309999972,3185.036694549977,65456.569999999956,323.0099999999998,0,31912.0,14475.0,8862.6,6983.8,3377.7999999999997,9361.0,971.5,30.8,573567190901.0967,35.35834215812608,768.6679444788799
7,207864.23999999985,200545.04000000004,44345.012876399844,23855.283379500004,7121.232161949937,58716.03999999997,346.2899999999998,0,31912.0,14475.0,8862.6,6983.8,3377.7999999999997,9361.0,971.5,30.8,551753944223.0264,38.908955290121014,870.6352738659193
