,contributed_CCGT,contributed_Coal,contributed_Onshore,contributed_Offshore,contributed_PV,contributed_Nuclear,contributed_Recip_gas,contributed_Biomass,total_CCGT,total_Coal,total_Onshore,total_Offshore,total_PV,total_Nuclear,total_Recip_gas,Carbon_tax,total_genco_wealth,Electricity_cost,Carbon_emitted
0,333042.5999999989,209043.30999999956,23300.55530880004,29579.745223999984,3154.551064599939,165604.86687359976,17848.000000000015,0,31912.0,14475.0,8862.6,6983.8,3377.7999999999997,9361.0,971.5,30.8,17357282303.480858,102.38941232826203,1191.7051173673783
1,245050.9800000004,175515.08999999997,23464.752699000044,29595.668287999964,3122.2863189999775,165604.86687359976,13652.74999999999,0,31912.0,14475.0,8862.6,6983.8,3377.7999999999997,9361.0,971.5,30.8,12557362351.187624,56.963686361552675,923.5178288558225
2,324915.95999999903,213539.9899999996,21601.84304159999,29224.130127999983,1658.9456695999324,165604.86687359976,17302.375000000007,0,31912.0,14475.0,8862.6,6983.8,3377.7999999999997,9361.0,971.5,30.8,21812443408.013954,89.28584628311103,1184.1343021760197
3,361892.4199999983,208695.3899999996,23278.20383160005,29656.706700000013,3188.160174599965,165604.86687359976,18430.970000000023,0,31912.0,14475.0,8862.6,6983.8,3377.7999999999997,9361.0,971.5,30.8,49328421355.21681,135.85925643039025,1252.5256724352175
4,145538.94000000006,127223.97000000003,22077.69610650001,29595.668287999968,3116.600719849977,144165.6618696001,12047.399999999996,0,31912.0,14475.0,8862.6,6983.8,3377.7999999999997,9361.0,971.5,30.8,36256198436.41289,43.544658514611285,603.7875824100611
5,353011.9799999981,219625.35999999964,23464.752699000044,29595.668287999964,3122.2863189999775,165604.86687359976,17956.155000000017,0,31912.0,14475.0,8862.6,6983.8,3377.7999999999997,9361.0,971.5,30.8,52815135782.418976,92.65935452470029,1256.0752786232772
6,157559.34000000026,130875.34999999996,25107.37461920003,32925.914206999994,4477.2553294999825,132812.50266480024,12571.199999999995,0,31912.0,14475.0,8862.6,6983.8,3377.7999999999997,9361.0,971.5,30.8,33808163926.769,43.60559813394633,637.3999904393022
7,170136.90000000005,149291.03999999992,31140.259490999935,38204.78456500007,7414.15220374993,142418.6817816001,11523.599999999997,0,31912.0,14475.0,8862.6,6983.8,3377.7999999999997,9361.0,971.5,30.8,11102888430.965162,44.27596343431994,708.5093598739214
