,contributed_CCGT,contributed_Coal,contributed_Onshore,contributed_Offshore,contributed_PV,contributed_Nuclear,contributed_Recip_gas,contributed_Biomass,total_CCGT,total_Coal,total_Onshore,total_Offshore,total_PV,total_Nuclear,total_Recip_gas,Carbon_tax,total_genco_wealth,Electricity_cost,Carbon_emitted
0,312371.69999999995,255001.16999999993,56589.86987879984,27284.134183999984,3176.093770099935,105100.46999999996,11762.22,0,31912.0,14475.0,8862.6,6983.8,3377.7999999999997,9361.0,971.5,30.8,101834307902.64668,350.4549994480206,1241.9338332156578
1,228424.70999999988,236004.80000000002,53770.61667680009,28038.572167999966,3138.6617769499744,78430.31999999992,6181.324999999995,0,31912.0,14475.0,8862.6,6983.8,3377.7999999999997,9361.0,971.5,30.8,119344910786.09969,113.14688907234965,1003.4374059203983
2,317043.2699999997,248513.92999999982,55289.2075196998,28239.420615999985,1678.9143496499328,99789.71999999993,12218.12,0,31912.0,14475.0,8862.6,6983.8,3377.7999999999997,9361.0,971.5,30.8,245069773575.9369,350.61800291599076,1226.005173274137
3,348588.2500000001,263124.30999999994,56751.17787179966,28517.623720000014,3198.964805399961,106446.82999999993,13484.45499999999,0,31912.0,14475.0,8862.6,6983.8,3377.7999999999997,9361.0,971.5,30.8,393375109842.27875,351.56412752675095,1325.260925115378
4,140911.71000000008,206109.55999999982,44921.24955350007,19796.579920999964,3090.031784649975,58431.82999999997,213.39999999999992,0,31912.0,14475.0,8862.6,6983.8,3377.7999999999997,9361.0,971.5,30.8,380317944937.7392,36.824961846962545,746.4436429448791
5,326732.68999999977,256653.7899999999,59652.606864500085,26116.21249999996,3137.6323841499757,98821.6599999999,12106.570000000002,0,31912.0,14475.0,8862.6,6983.8,3377.7999999999997,9361.0,971.5,30.8,579063147937.5555,353.30585964677994,1269.566026378417
6,171838.56999999983,174290.82999999975,39016.469021799734,18650.369029999973,3122.0677628499748,75943.23999999993,174.59999999999997,0,31912.0,14475.0,8862.6,6983.8,3377.7999999999997,9361.0,971.5,30.8,558799000287.0522,36.89217129766639,738.3349929803405
7,189617.58999999953,194581.66999999987,45914.7418185998,22284.668434000003,7185.589605949935,75512.55999999994,863.300000000001,0,31912.0,14475.0,8862.6,6983.8,3377.7999999999997,9361.0,971.5,30.8,532819772183.01337,38.47562193165235,821.3374527746599
