,contributed_CCGT,contributed_Coal,contributed_Onshore,contributed_Offshore,contributed_PV,contributed_Nuclear,contributed_Recip_gas,contributed_Biomass,total_CCGT,total_Coal,total_Onshore,total_Offshore,total_PV,total_Nuclear,total_Recip_gas,Carbon_tax,total_genco_wealth,Electricity_cost,Carbon_emitted
0,372789.77999999805,253756.55999999997,21887.866417800047,28637.77063399999,3154.551064599939,94283.99999999987,13026.61499999999,0,31912.0,14475.0,8862.6,6983.8,3377.7999999999997,9361.0,971.5,30.8,8761426554.718035,73.7914202098406,1362.4247475208779
1,279390.0000000001,238169.62999999998,22753.052010500018,29540.781391999964,3120.525467499977,78011.27999999991,2200.9300000000007,0,31912.0,14475.0,8862.6,6983.8,3377.7999999999997,9361.0,971.5,30.8,1463372071.6681836,50.7242098151498,1108.7202613827403
2,382348.8499999981,236997.1,21132.933488899886,29224.130127999983,1657.641970849933,94540.07999999987,13077.539999999992,0,31912.0,14475.0,8862.6,6983.8,3377.7999999999997,9361.0,971.5,30.8,9873236545.445156,87.13368249311138,1344.488802165798
3,407870.79999999783,245715.15,22385.211122799956,29327.52759600001,3185.1984973999643,96148.33999999987,13269.59999999999,0,31912.0,14475.0,8862.6,6983.8,3377.7999999999997,9361.0,971.5,30.8,22522563275.48411,94.42196650707247,1417.9900211596953
4,210889.27000000046,170098.68999999983,16840.411277799976,20996.92147949999,3059.312191899978,68685.69999999994,200.78999999999996,0,31912.0,14475.0,8862.6,6983.8,3377.7999999999997,9361.0,971.5,30.8,7319341999.135662,39.59726159651097,808.1179081486235
5,406161.93999999773,249170.61,22363.583081299996,28618.714697999963,3122.2863189999775,96755.55999999987,13270.56999999999,0,31912.0,14475.0,8862.6,6983.8,3377.7999999999997,9361.0,971.5,30.8,26801341304.09693,96.52667935758087,1421.309341312775
6,184710.2500000004,211486.11000000004,16718.234578600004,21114.756733999973,4157.335496849979,58946.899999999965,174.6,0,31912.0,14475.0,8862.6,6983.8,3377.7999999999997,9361.0,971.5,30.8,1912066856.567232,36.28191830947676,847.225928381782
7,219458.07000000036,203339.58000000016,20064.328226200014,25354.443419500007,7084.023382549934,73856.76999999992,209.51999999999995,0,31912.0,14475.0,8862.6,6983.8,3377.7999999999997,9361.0,971.5,30.8,-27613154096.652267,38.03553813593977,903.3534185528433
