,contributed_CCGT,contributed_Coal,contributed_Onshore,contributed_Offshore,contributed_PV,contributed_Nuclear,contributed_Recip_gas,contributed_Biomass,total_CCGT,total_Coal,total_Onshore,total_Offshore,total_PV,total_Nuclear,total_Recip_gas,Carbon_tax,total_genco_wealth,Electricity_cost,Carbon_emitted
0,327696.0299999997,178767.96000000005,62283.1875295997,36244.90330400009,3164.420860599938,122462.49999999994,8052.454999999993,0,31912.0,14475.0,8862.6,6983.8,3377.7999999999997,9361.0,971.5,30.8,13396161310.442034,56.53293396066596,1095.2631387980764
1,257830.39000000022,153688.97999999986,54853.13707449976,33326.39724800001,3132.4027752499765,107970.69999999998,2359.5249999999987,0,31912.0,14475.0,8862.6,6983.8,3377.7999999999997,9361.0,971.5,30.8,17744839348.54101,49.321548559291124,884.4533378040369
2,345978.7699999995,199713.56999999986,55169.375873099605,33470.551888000045,1670.2141506499327,109647.82999999999,8988.989999999987,0,31912.0,14475.0,8862.6,6983.8,3377.7999999999997,9361.0,971.5,30.8,24846848376.59826,53.862527584110985,1183.3791793108571
3,364387.1599999995,199825.6699999999,58559.34918759968,33871.91070000005,3197.2284720999623,127308.61999999997,8656.279999999988,0,31912.0,14475.0,8862.6,6983.8,3377.7999999999997,9361.0,971.5,30.8,33741975095.830845,55.63392378388343,1220.322949426659
4,182544.05,108465.32999999993,43375.07754629983,33095.306828,3125.1457927499755,78997.76999999995,1010.7400000000007,0,31912.0,14475.0,8862.6,6983.8,3377.7999999999997,9361.0,971.5,30.8,30588103911.76163,37.4649948299235,622.9629738113405
5,348263.2499999995,192413.29,59832.84979099996,35770.79724800007,3137.4639639999755,136387.82,8835.729999999983,0,31912.0,14475.0,8862.6,6983.8,3377.7999999999997,9361.0,971.5,30.8,46588759698.54046,58.86782573341202,1171.368516039418
6,175546.12000000014,120601.19999999995,43818.54997419977,33698.480075000014,4465.160890299983,80748.61999999995,1078.6400000000008,0,31912.0,14475.0,8862.6,6983.8,3377.7999999999997,9361.0,971.5,30.8,39766861508.44999,39.015382296108136,638.337888957601
7,207951.53000000014,144301.90999999986,52189.80815209971,39751.75948900005,7433.152168999931,73388.25999999995,1168.8500000000008,0,31912.0,14475.0,8862.6,6983.8,3377.7999999999997,9361.0,971.5,30.8,33322584418.530445,40.82868972480796,758.4655938101798
