,contributed_CCGT,contributed_Coal,contributed_Onshore,contributed_Offshore,contributed_PV,contributed_Nuclear,contributed_Recip_gas,contributed_Biomass,total_CCGT,total_Coal,total_Onshore,total_Offshore,total_PV,total_Nuclear,total_Recip_gas,Carbon_tax,total_genco_wealth,Electricity_cost,Carbon_emitted
0,360215.3999999984,251367.6,23279.942876700043,29579.745223999984,3154.551064599939,97417.09999999996,13268.62999999999,0,31912.0,14475.0,8862.6,6983.8,3377.7999999999997,9361.0,971.5,30.8,30778256168.55358,146.95054833017284,1332.9834956847976
1,259656.5700000001,244435.73,23422.86441300004,29595.668287999964,3121.031275749978,80337.33999999997,3571.54,0,31912.0,14475.0,8862.6,6983.8,3377.7999999999997,9361.0,971.5,30.8,24759743131.467438,54.65696691534316,1090.8764985105392
2,365598.0399999985,247443.31999999992,21591.317571599986,29224.130127999983,1658.5043174499328,95180.27999999997,13266.68999999999,0,31912.0,14475.0,8862.6,6983.8,3377.7999999999997,9361.0,971.5,30.8,63371974528.05345,169.08062331145865,1336.0266461413567
3,376355.9799999984,259050.34999999998,22553.0742885,29656.706700000013,3184.496375649964,104513.61999999994,13271.53999999999,0,31912.0,14475.0,8862.6,6983.8,3377.7999999999997,9361.0,971.5,30.8,100214254703.43626,156.2572436943114,1383.775013369296
4,153318.0600000003,212752.86000000002,17936.236525300006,23234.869396999973,2603.510064849983,70826.48999999999,183.32999999999998,0,31912.0,14475.0,8862.6,6983.8,3377.7999999999997,9361.0,971.5,30.8,84922902187.71841,38.996189946259996,786.3441279982814
5,376511.33999999845,259679.18999999997,23427.266787100045,29595.668287999964,3122.2863189999775,100768.44999999995,13269.59999999999,0,31912.0,14475.0,8862.6,6983.8,3377.7999999999997,9361.0,971.5,30.8,139975960362.3271,157.77343578111993,1384.6126882876158
6,164793.21000000025,206962.9500000001,18813.306848999986,24240.384185999977,3501.0536256999826,69936.99999999997,148.41000000000003,0,31912.0,14475.0,8862.6,6983.8,3377.7999999999997,9361.0,971.5,30.8,117077158838.79938,39.36511850313515,797.5723709841027
7,206290.80000000037,216803.70999999996,23308.827856800046,28558.36376299999,7168.258042799928,61931.589999999975,183.32999999999998,0,31912.0,14475.0,8862.6,6983.8,3377.7999999999997,9361.0,971.5,30.8,88424185641.32399,40.941970905324375,906.8033662265814
