,contributed_CCGT,contributed_Coal,contributed_Onshore,contributed_Offshore,contributed_PV,contributed_Nuclear,contributed_Recip_gas,contributed_Biomass,total_CCGT,total_Coal,total_Onshore,total_Offshore,total_PV,total_Nuclear,total_Recip_gas,Carbon_tax,total_genco_wealth,Electricity_cost,Carbon_emitted
0,350386.8799999991,263430.14999999985,23300.55530880004,29579.745223999984,3154.551064599939,96351.06999999996,13268.62999999999,0,31912.0,14475.0,8862.6,6983.8,3377.7999999999997,9361.0,971.5,30.8,31105197440.055473,146.13187893327984,1339.947950029697
1,249572.85000000018,256719.06000000003,22907.11518020002,29337.077983999963,3120.717134349978,81549.83999999997,3571.54,0,31912.0,14475.0,8862.6,6983.8,3377.7999999999997,9361.0,971.5,30.8,24651870890.564987,52.347250870634845,1095.0430358658793
2,358435.6199999987,255100.04999999993,21515.80735899996,29224.130127999983,1658.2137774499329,93970.68999999997,13261.839999999991,0,31912.0,14475.0,8862.6,6983.8,3377.7999999999997,9361.0,971.5,30.8,63388566292.68271,167.88246565989928,1336.7611703698958
3,379861.2999999983,252995.89999999997,23278.20383160005,29656.706700000013,3188.160174599965,106533.15999999995,13269.59999999999,0,31912.0,14475.0,8862.6,6983.8,3377.7999999999997,9361.0,971.5,30.8,101456048511.21613,160.7499804786193,1377.3769871481966
4,153103.02000000028,208036.72000000012,18072.29230460001,22892.80008499998,3024.2444019499812,77280.86999999998,209.51999999999995,0,31912.0,14475.0,8862.6,6983.8,3377.7999999999997,9361.0,971.5,30.8,86834144621.20653,38.838022560531364,776.3613468145626
5,375854.7999999985,262379.4099999999,23147.581468500033,29595.668287999964,3122.2863189999775,98820.68999999996,13271.53999999999,0,31912.0,14475.0,8862.6,6983.8,3377.7999999999997,9361.0,971.5,30.8,141939650977.06885,156.03905086004414,1389.3091157951762
6,191058.1200000002,181462.1799999999,17229.059975000007,21878.676509999972,2918.1839987999806,76170.21999999997,183.32999999999998,0,31912.0,14475.0,8862.6,6983.8,3377.7999999999997,9361.0,971.5,30.8,120700597562.11621,40.809094212676904,801.4520161476433
7,215619.0600000003,195421.80999999988,21681.390995600064,26864.942935000006,6128.817372749969,81549.83999999997,157.14000000000001,0,31912.0,14475.0,8862.6,6983.8,3377.7999999999997,9361.0,971.5,30.8,94332961915.1887,40.881565987803995,883.3784284703819
