,contributed_CCGT,contributed_Coal,contributed_Onshore,contributed_Offshore,contributed_PV,contributed_Nuclear,contributed_Recip_gas,contributed_Biomass,total_CCGT,total_Coal,total_Onshore,total_Offshore,total_PV,total_Nuclear,total_Recip_gas,Carbon_tax,total_genco_wealth,Electricity_cost,Carbon_emitted
0,340116.0899999992,150773.63999999978,53915.23530569977,27260.933922,3164.093157599938,149909.61999999988,15096.595000000007,0,31912.0,14475.0,8862.6,6983.8,3377.7999999999997,9361.0,971.5,30.8,11323417527.26538,71.6695183614099,1059.4545641787145
1,244171.32999999973,139383.16999999972,45163.53986859991,23407.75763599997,3117.728128449976,134291.6499999999,12185.140000000014,0,31912.0,14475.0,8862.6,6983.8,3377.7999999999997,9361.0,971.5,30.8,7756531800.14421,58.13413954173526,832.0838963916553
2,315224.93999999895,172010.33999999988,53390.513310999704,26449.32509600001,1660.6858780499313,165262.77999999997,15657.739999999974,0,31912.0,14475.0,8862.6,6983.8,3377.7999999999997,9361.0,971.5,30.8,17941325780.754856,67.6626257029142,1056.2707239353142
3,340455.3899999991,165357.99999999988,50870.28988539963,24140.31692400001,3172.538041249964,177718.55000000005,15790.62999999998,0,31912.0,14475.0,8862.6,6983.8,3377.7999999999997,9361.0,971.5,30.8,28604007365.076305,73.06710232871127,1103.5946356439943
4,181731.39999999967,79538.93000000001,36176.32391130007,18830.279440999977,2781.824219299979,111778.91999999994,2807.179999999997,0,31912.0,14475.0,8862.6,6983.8,3377.7999999999997,9361.0,971.5,30.8,14447263919.269882,39.26536083656507,552.6628428841415
5,336751.2599999995,187458.64999999973,54642.096812899996,28478.14266999999,3120.1419624999776,155555.98999999993,15671.319999999972,0,31912.0,14475.0,8862.6,6983.8,3377.7999999999997,9361.0,971.5,30.8,26576938901.369034,73.70217854732886,1135.6495089726927
6,177335.37999999974,88443.61999999997,33398.605789200046,17246.356163999983,2953.8165462499796,124198.79999999992,4752.514999999991,0,31912.0,14475.0,8862.6,6983.8,3377.7999999999997,9361.0,971.5,30.8,4814325871.635367,39.68473090338782,567.5106501107607
7,206501.63999999972,105212.17000000001,38122.68594729988,19747.749645499967,7038.227776949933,109554.70999999993,10140.380000000012,0,31912.0,14475.0,8862.6,6983.8,3377.7999999999997,9361.0,971.5,30.8,-20061759323.304985,44.60106141618379,675.0728327936562
