,contributed_CCGT,contributed_Coal,contributed_Onshore,contributed_Offshore,contributed_PV,contributed_Nuclear,contributed_Recip_gas,contributed_Biomass,total_CCGT,total_Coal,total_Onshore,total_Offshore,total_PV,total_Nuclear,total_Recip_gas,Carbon_tax,total_genco_wealth,Electricity_cost,Carbon_emitted
0,328154.6099999994,298501.1700000002,47226.02394139958,25623.010101500004,3134.5911937999404,70039.81999999995,12947.559999999987,0,31912.0,14475.0,8862.6,6983.8,3377.7999999999997,9361.0,971.5,30.8,86689460559.81808,300.3454749808392,1362.7176343556584
1,252579.8399999994,285881.5100000003,43672.46024329977,22995.292554499963,3103.3561479499763,40085.249999999985,4467.3349999999955,0,31912.0,14475.0,8862.6,6983.8,3377.7999999999997,9361.0,971.5,30.8,94887852361.45238,82.93758364030218,1160.1932917009765
2,364950.0699999995,281919.0200000002,45091.89102229953,24140.197994000013,1643.7488020999385,61788.99999999997,13086.269999999984,0,31912.0,14475.0,8862.6,6983.8,3377.7999999999997,9361.0,971.5,30.8,189359416981.16235,297.4958033167017,1400.6926231099585
3,355557.4099999992,280343.4600000002,57994.332063999536,28417.994796000014,3197.613262099963,77183.86999999992,13190.059999999992,0,31912.0,14475.0,8862.6,6983.8,3377.7999999999997,9361.0,971.5,30.8,328976733506.16327,354.52514165365886,1377.2334749370775
4,165342.46999999986,203184.79999999996,40579.76648569994,20476.141159999966,3081.6657158499775,50185.859999999986,1441.4200000000008,0,31912.0,14475.0,8862.6,6983.8,3377.7999999999997,9361.0,971.5,30.8,314881285955.0741,35.03708215492882,791.9574530503988
5,346327.9999999991,297938.3000000002,57136.801488199926,27749.615689999962,3135.610313699976,67490.65999999996,13677.969999999998,0,31912.0,14475.0,8862.6,6983.8,3377.7999999999997,9361.0,971.5,30.8,517015117050.5147,333.13632425704327,1398.7493207233974
6,156686.87999999977,233794.4700000001,34801.61883319989,17342.52340999998,2671.629271999974,53311.19999999998,1059.2400000000007,0,31912.0,14475.0,8862.6,6983.8,3377.7999999999997,9361.0,971.5,30.8,494887066044.5721,34.403187253568554,841.9603460490576
7,210251.07999999958,230018.3800000002,41160.536244399664,22051.961411999997,7075.78731304994,44012.77999999998,1184.3700000000008,0,31912.0,14475.0,8862.6,6983.8,3377.7999999999997,9361.0,971.5,30.8,468505693666.8226,38.27270816307931,942.9958230752381
