,contributed_CCGT,contributed_Coal,contributed_Onshore,contributed_Offshore,contributed_PV,contributed_Nuclear,contributed_Recip_gas,contributed_Biomass,total_CCGT,total_Coal,total_Onshore,total_Offshore,total_PV,total_Nuclear,total_Recip_gas,Carbon_tax,total_genco_wealth,Electricity_cost,Carbon_emitted
0,345760.1399999986,254250.30999999997,22358.784442800035,29064.380635999987,3154.551064599939,116532.89,13047.469999999996,0,31912.0,14475.0,8862.6,6983.8,3377.7999999999997,9361.0,971.5,30.8,9368017057.418594,74.6457990394885,1309.5756267333795
1,253147.5600000002,233074.36000000016,21141.749091399994,27020.37898049998,3116.5727901999767,104930.71999999996,3679.6949999999956,0,31912.0,14475.0,8862.6,6983.8,3377.7999999999997,9361.0,971.5,30.8,2972420215.4687653,50.40505299797985,1052.5310245652838
2,355893.4999999983,245901.05999999994,19433.20338129982,27043.416756000006,1653.6151063499337,117691.07,13215.279999999997,0,31912.0,14475.0,8862.6,6983.8,3377.7999999999997,9361.0,971.5,30.8,11597254718.7619,84.51577758483782,1311.0267517618786
3,377333.119999998,253513.24,22582.16417140002,29329.28350000001,3180.5006645999642,119922.07000000002,13289.969999999996,0,31912.0,14475.0,8862.6,6983.8,3377.7999999999997,9361.0,971.5,30.8,24653197890.022224,95.3419139582494,1373.4405242895182
4,167218.5400000003,191197.61000000004,17193.094188899995,21624.19698899999,3070.7759251999787,83432.6099999999,232.7999999999999,0,31912.0,14475.0,8862.6,6983.8,3377.7999999999997,9361.0,971.5,30.8,9456637407.609251,38.0995037821473,766.6113944387831
5,375041.1099999981,253162.48,22923.66964640002,29595.668287999964,3122.2863189999775,120086.97000000002,13289.969999999996,0,31912.0,14475.0,8862.6,6983.8,3377.7999999999997,9361.0,971.5,30.8,28911547521.788284,97.0776139853707,1368.0050588270387
6,172501.14000000022,183037.7699999998,16337.761031700029,21414.689280499977,2957.799655149981,95243.3299999999,150.35000000000002,0,31912.0,14475.0,8862.6,6983.8,3377.7999999999997,9361.0,971.5,30.8,4979285634.111326,36.106402201517895,758.9126386024624
7,200529.1800000003,206038.15000000017,19059.948516200027,23885.386618499997,7078.202771849938,94801.00999999991,210.48999999999995,0,31912.0,14475.0,8862.6,6983.8,3377.7999999999997,9361.0,971.5,30.8,-22849412396.991875,38.184266486365765,872.9885027337049
