,contributed_CCGT,contributed_Coal,contributed_Onshore,contributed_Offshore,contributed_PV,contributed_Nuclear,contributed_Recip_gas,contributed_Biomass,total_CCGT,total_Coal,total_Onshore,total_Offshore,total_PV,total_Nuclear,total_Recip_gas,Carbon_tax,total_genco_wealth,Electricity_cost,Carbon_emitted
0,362062.1899999984,233068.01000000007,22926.48972740003,29579.745223999984,3154.551064599939,117658.09000000001,13289.969999999996,0,31912.0,14475.0,8862.6,6983.8,3377.7999999999997,9361.0,971.5,30.8,10255836994.77328,75.99619948471916,1295.8949213779763
1,247947.72000000032,245384.14,21411.24874069999,27487.682735999977,3118.693155099977,101843.20999999995,2098.1100000000015,0,31912.0,14475.0,8862.6,6983.8,3377.7999999999997,9361.0,971.5,30.8,3540876090.8341055,49.567594046977355,1061.611901887723
2,351707.3799999984,249340.59000000005,19172.943631899823,26291.622248000007,1655.2383194999331,118781.35000000002,13272.509999999997,0,31912.0,14475.0,8862.6,6983.8,3377.7999999999997,9361.0,971.5,30.8,12374283552.203537,84.94701628501629,1310.2256460648193
3,367941.8899999984,254475.45999999993,21504.90500519992,28464.169800000003,3183.8197855999642,128261.16000000002,13289.969999999996,0,31912.0,14475.0,8862.6,6983.8,3377.7999999999997,9361.0,971.5,30.8,25538408843.604473,93.17352691118026,1356.5234231730774
4,159645.22000000032,192021.18999999977,16485.07410720001,20542.742942999987,2603.510064849983,95072.60999999991,164.9,0,31912.0,14475.0,8862.6,6983.8,3377.7999999999997,9361.0,971.5,30.8,11476357251.003225,38.50046475195369,752.890242923623
5,367764.5499999983,260582.94999999998,23181.855273900033,29595.668287999964,3121.9208654499776,121356.70000000003,13289.969999999996,0,31912.0,14475.0,8862.6,6983.8,3377.7999999999997,9361.0,971.5,30.8,31301042045.67534,95.47931519775534,1367.9433245840985
6,181509.14000000025,178937.84999999998,16440.280574200027,21041.008537999973,3464.3072906499833,90720.21999999994,192.05999999999997,0,31912.0,14475.0,8862.6,6983.8,3377.7999999999997,9361.0,971.5,30.8,8660803469.781254,36.855452538322304,768.134996614303
7,196219.22000000032,209622.33000000002,21073.55485160002,25733.967089499998,7298.502697049925,88754.02999999988,232.7999999999999,0,31912.0,14475.0,8862.6,6983.8,3377.7999999999997,9361.0,971.5,30.8,-19532273880.218143,38.64983602587754,872.0934665973444
