,contributed_CCGT,contributed_Coal,contributed_Onshore,contributed_Offshore,contributed_PV,contributed_Nuclear,contributed_Recip_gas,contributed_Biomass,total_CCGT,total_Coal,total_Onshore,total_Offshore,total_PV,total_Nuclear,total_Recip_gas,Carbon_tax,total_genco_wealth,Electricity_cost,Carbon_emitted
0,314583.1699999999,257389.6899999998,22553.81341880003,29499.889591999985,3154.551064599939,136557.57000000007,13132.830000000004,0,31912.0,14475.0,8862.6,6983.8,3377.7999999999997,9361.0,971.5,30.8,28338145662.71925,130.69983439869253,1266.3497943666164
1,221978.14000000022,238969.63999999975,22873.173231200017,29337.077983999963,3120.703164549978,110727.44000000005,7425.350000000002,0,31912.0,14475.0,8862.6,6983.8,3377.7999999999997,9361.0,971.5,30.8,27080013877.26486,63.8139162227236,1027.8942272967201
2,315205.85999999987,260385.00999999986,20091.42981279981,28278.734283999987,1656.304402299933,129436.80000000005,13124.100000000004,0,31912.0,14475.0,8862.6,6983.8,3377.7999999999997,9361.0,971.5,30.8,50927250141.60699,125.87340139730617,1276.6428042239766
3,326677.6299999997,268984.75999999983,21837.021132399932,28923.79158000001,3184.496375649964,135926.10000000012,14995.229999999978,0,31912.0,14475.0,8862.6,6983.8,3377.7999999999997,9361.0,971.5,30.8,77954516747.07271,129.68277732604028,1322.918356174476
4,133867.78999999995,203902.1199999997,16713.53391010002,20995.686298999986,3022.1274996499806,89614.41999999995,22.309999999999995,0,31912.0,14475.0,8862.6,6983.8,3377.7999999999997,9361.0,971.5,30.8,64477245312.95504,39.27494764163554,749.2786354437602
5,333688.0499999995,267281.8099999998,23009.577589700028,29595.668287999964,3122.2863189999775,137366.5500000001,13848.69,0,31912.0,14475.0,8862.6,6983.8,3377.7999999999997,9361.0,971.5,30.8,109620733293.44041,132.82361596384712,1329.840613350376
6,142201.2100000002,202346.8899999996,16400.143254600032,21499.68122999998,3461.5660158999835,94167.59999999998,23.279999999999994,0,31912.0,14475.0,8862.6,6983.8,3377.7999999999997,9361.0,971.5,30.8,88582534111.5897,38.16844266005789,758.2845281122202
7,173595.38,222962.47999999986,20247.82849030002,24553.599414000004,7104.767799249932,86302.83999999997,3347.469999999996,0,31912.0,14475.0,8862.6,6983.8,3377.7999999999997,9361.0,971.5,30.8,63666520765.942314,41.17508687361791,879.6790639270409
