,contributed_CCGT,contributed_Coal,contributed_Onshore,contributed_Offshore,contributed_PV,contributed_Nuclear,contributed_Recip_gas,contributed_Biomass,total_CCGT,total_Coal,total_Onshore,total_Offshore,total_PV,total_Nuclear,total_Recip_gas,Carbon_tax,total_genco_wealth,Electricity_cost,Carbon_emitted
0,368487.729999999,136887.02,57802.09526209966,35327.048788000124,3140.678440899941,117498.03999999992,13324.889999999987,0,31912.0,14475.0,8862.6,6983.8,3377.7999999999997,9361.0,971.5,30.8,21388897287.921185,105.3176486334652,1103.7321361339577
1,294246.6400000005,117459.94999999997,52582.61068999968,34105.131253500025,3100.591040499977,81549.83999999997,7303.614999999995,0,31912.0,14475.0,8862.6,6983.8,3377.7999999999997,9361.0,971.5,30.8,18714626608.663807,56.76730581600669,902.0342210000967
2,384237.3599999989,144996.87000000005,56978.91750789951,33780.6773200001,1651.3381422499333,103006.23999999995,13471.359999999982,0,31912.0,14475.0,8862.6,6983.8,3377.7999999999997,9361.0,971.5,30.8,44223913427.66305,105.26864522874007,1160.0048222042612
3,392375.84999999835,158879.45000000013,55637.32375809945,33476.34281900005,3165.6368142999654,119070.40999999992,14827.419999999978,0,31912.0,14475.0,8862.6,6983.8,3377.7999999999997,9361.0,971.5,30.8,68577800797.525665,105.94129428119273,1204.3490199510998
4,201963.16000000038,89920.28999999994,42636.89487809988,27781.144355,3018.4661185499817,70008.77999999997,1287.1900000000007,0,31912.0,14475.0,8862.6,6983.8,3377.7999999999997,9361.0,971.5,30.8,54570845134.47539,35.790693212724015,631.0152754454188
5,406412.37999999913,139446.11,58229.293223999666,35448.27690200006,3114.13619824998,113546.25999999994,14373.944999999978,0,31912.0,14475.0,8862.6,6983.8,3377.7999999999997,9361.0,971.5,30.8,93389137926.07352,105.61747801383977,1193.2849455917808
6,219457.7700000003,73780.69999999994,37732.21198169984,24636.510968999984,2917.4092320999807,75897.64999999998,1057.3000000000006,0,31912.0,14475.0,8862.6,6983.8,3377.7999999999997,9361.0,971.5,30.8,72452297191.43782,37.29126282024597,632.7894056385992
7,252539.9000000001,99277.86999999991,44186.08886209973,31502.847269500016,7142.399773849933,71868.26999999999,2182.500000000001,0,31912.0,14475.0,8862.6,6983.8,3377.7999999999997,9361.0,971.5,30.8,45338164701.52022,38.60563211108933,759.1718293622584
