,contributed_CCGT,contributed_Coal,contributed_Onshore,contributed_Offshore,contributed_PV,contributed_Nuclear,contributed_Recip_gas,contributed_Biomass,total_CCGT,total_Coal,total_Onshore,total_Offshore,total_PV,total_Nuclear,total_Recip_gas,Carbon_tax,total_genco_wealth,Electricity_cost,Carbon_emitted
0,425228.22999999835,154838.97000000006,54408.8913625999,26348.697493999985,3143.094505249941,91582.54999999996,12881.599999999997,0,31912.0,14475.0,8862.6,6983.8,3377.7999999999997,9361.0,971.5,30.8,28863049733.8012,124.18009879303241,1263.9335080800627
1,368423.31999999925,124070.81999999993,46478.49803920002,26981.806063999964,3115.058300449979,54009.59999999997,9016.149999999989,0,31912.0,14475.0,8862.6,6983.8,3377.7999999999997,9361.0,971.5,30.8,26875579573.856094,69.52712776998028,1071.9750598663577
2,425957.4899999979,165624.47999999978,48224.784567499686,24896.183284,1653.4832272999333,88573.60999999994,12885.48,0,31912.0,14475.0,8862.6,6983.8,3377.7999999999997,9361.0,971.5,30.8,55062945684.18751,124.86681669411458,1282.4469974030403
3,458439.9199999981,164764.28999999966,54066.18673479981,23322.132083999997,3167.0487955499657,98657.73000000003,14364.729999999985,0,31912.0,14475.0,8862.6,6983.8,3377.7999999999997,9361.0,971.5,30.8,86073049380.95166,124.50621366310156,1356.558541557422
4,261925.25000000017,103932.95,36522.127950999966,19284.477670999968,3067.0096014499795,42276.479999999996,1047.6000000000008,0,31912.0,14475.0,8862.6,6983.8,3377.7999999999997,9361.0,971.5,30.8,70450386252.66519,37.1206073837239,786.0243209840967
5,439359.5699999981,164080.2499999998,51485.67568489998,30786.043775999988,3114.29268264998,91959.87999999996,13625.10499999999,0,31912.0,14475.0,8862.6,6983.8,3377.7999999999997,9361.0,971.5,30.8,117217114987.53023,125.8105517421369,1314.7976268195016
6,268501.48000000016,102272.49999999993,34035.31864889991,18567.18174799997,4186.064708949978,47968.43999999998,1115.5000000000007,0,31912.0,14475.0,8862.6,6983.8,3377.7999999999997,9361.0,971.5,30.8,92795118768.4948,36.636323513643106,797.0826594349979
7,318786.27999999933,99250.55,35854.07965839974,20707.955723499985,7032.136042949935,48748.31999999998,5581.864999999995,0,31912.0,14475.0,8862.6,6983.8,3377.7999999999997,9361.0,971.5,30.8,62968682435.755875,39.66223726509863,901.7203995988965
