,contributed_CCGT,contributed_Coal,contributed_Onshore,contributed_Offshore,contributed_PV,contributed_Nuclear,contributed_Recip_gas,contributed_Biomass,total_CCGT,total_Coal,total_Onshore,total_Offshore,total_PV,total_Nuclear,total_Recip_gas,Carbon_tax,total_genco_wealth,Electricity_cost,Carbon_emitted
0,394552.6599999977,218080.61999999982,22440.19569890003,28979.69778799999,3154.551064599939,96460.67999999986,13289.969999999996,0,31912.0,14475.0,8862.6,6983.8,3377.7999999999997,9361.0,971.5,30.8,12497548623.776651,87.43258329696692,1328.4077434067572
1,320310.8399999991,183022.75999999992,23211.81067810004,29595.668287999964,3120.722567049978,76969.49999999991,4661.819999999994,0,31912.0,14475.0,8862.6,6983.8,3377.7999999999997,9361.0,971.5,30.8,6261943850.881469,54.869254284414474,1079.1811565784835
2,408801.4799999977,206449.8599999998,20089.083314899814,27697.809891999994,1656.3145910999328,91835.71999999987,13263.779999999997,0,31912.0,14475.0,8862.6,6983.8,3377.7999999999997,9361.0,971.5,30.8,17941457508.64846,95.06413434721922,1332.2509973842768
3,418046.49999999785,221041.97999999992,22089.70344549995,28888.05942000001,3183.8197855999642,102660.9199999999,13404.429999999995,0,31912.0,14475.0,8862.6,6983.8,3377.7999999999997,9361.0,971.5,30.8,34544965038.455864,107.03720872048184,1383.8647348680358
4,209420.7800000005,167988.1299999998,16869.388087799984,21183.845996999986,3024.2444019499812,68660.47999999992,184.29999999999998,0,31912.0,14475.0,8862.6,6983.8,3377.7999999999997,9361.0,971.5,30.8,19045107437.3967,40.512690254212494,800.3466897057424
5,409849.4799999977,228249.93999999986,23033.65870300003,29595.668287999964,3122.2863189999775,95500.37999999987,13272.509999999997,0,31912.0,14475.0,8862.6,6983.8,3377.7999999999997,9361.0,971.5,30.8,40739431643.7724,103.21984900289205,1383.0408141961157
6,200033.89000000033,171699.4199999999,17305.523416300002,22105.193597999976,2918.1839987999806,72389.15999999992,192.05999999999997,0,31912.0,14475.0,8862.6,6983.8,3377.7999999999997,9361.0,971.5,30.8,17479238747.045998,38.90062693538743,794.2092692891626
7,238299.35000000036,175192.9299999997,23782.216403900064,29465.537534999996,7350.006265149926,67946.55999999992,232.7999999999999,0,31912.0,14475.0,8862.6,6983.8,3377.7999999999997,9361.0,971.5,30.8,-10658164211.495998,41.54501020111846,884.4343245961422
