,contributed_CCGT,contributed_Coal,contributed_Onshore,contributed_Offshore,contributed_PV,contributed_Nuclear,contributed_Recip_gas,contributed_Biomass,total_CCGT,total_Coal,total_Onshore,total_Offshore,total_PV,total_Nuclear,total_Recip_gas,Carbon_tax,total_genco_wealth,Electricity_cost,Carbon_emitted
0,381932.9499999989,156555.25000000012,60092.60083359969,35987.963516000105,3146.3225041499404,78142.22999999995,14000.97999999999,0,31912.0,14475.0,8862.6,6983.8,3377.7999999999997,9361.0,971.5,30.8,25636742628.48933,107.13543183783433,1182.1933445195
1,313178.86000000004,123495.02999999994,55922.06622989969,33307.448143500005,3109.2826639999776,55962.209999999985,10865.939999999999,0,31912.0,14475.0,8862.6,6983.8,3377.7999999999997,9361.0,971.5,30.8,24029895821.303883,63.672064280907286,962.346272791937
2,393138.3799999987,150339.7700000001,57148.91451839951,33791.40535300009,1648.096477399933,84701.36999999994,12981.509999999984,0,31912.0,14475.0,8862.6,6983.8,3377.7999999999997,9361.0,971.5,30.8,48747640070.3189,105.77439955654351,1189.001633678461
3,419754.3099999984,148641.3000000001,62534.39215439954,38815.53159600013,3179.3466574999647,86827.60999999994,15064.099999999979,0,31912.0,14475.0,8862.6,6983.8,3377.7999999999997,9361.0,971.5,30.8,77418037658.7528,109.4256148151051,1242.2882067174014
4,201410.7500000005,107373.81999999992,40075.11008559994,27599.04893700001,2896.540629449981,45791.75999999997,1368.6700000000008,0,31912.0,14475.0,8862.6,6983.8,3377.7999999999997,9361.0,971.5,30.8,63199780832.57248,36.1943244590079,671.4151891603591
5,398645.98999999854,162833.72000000015,58336.6400587998,35515.970725500076,3117.6693664999793,96614.90999999992,14544.664999999975,0,31912.0,14475.0,8862.6,6983.8,3377.7999999999997,9361.0,971.5,30.8,108563006705.60478,109.2865149738343,1231.234261670563
6,223377.44000000032,85294.0399999999,41052.1170551998,26899.666049999985,2917.514960799981,52449.839999999975,1147.510000000001,0,31912.0,14475.0,8862.6,6983.8,3377.7999999999997,9361.0,971.5,30.8,87709750982.06618,38.66377586073015,667.8017658879185
7,262242.38,93702.49999999991,43958.23657019972,30614.282782500017,7052.995939349935,45791.75999999997,6619.279999999996,0,31912.0,14475.0,8862.6,6983.8,3377.7999999999997,9361.0,971.5,30.8,61878458387.508766,40.97578464135925,774.2994073749983
