,contributed_CCGT,contributed_Coal,contributed_Onshore,contributed_Offshore,contributed_PV,contributed_Nuclear,contributed_Recip_gas,contributed_Biomass,total_CCGT,total_Coal,total_Onshore,total_Offshore,total_PV,total_Nuclear,total_Recip_gas,Carbon_tax,total_genco_wealth,Electricity_cost,Carbon_emitted
0,379023.5399999984,253210.66999999998,23037.560896600036,29579.745223999984,3154.551064599939,72358.12,13266.68999999999,0,31912.0,14475.0,8862.6,6983.8,3377.7999999999997,9361.0,971.5,30.8,38116784792.84528,170.27687921402287,1376.149664396657
1,273864.66000000015,249317.1100000001,23462.917653000044,29595.668287999964,3122.215872999978,56547.12,4009.01,0,31912.0,14475.0,8862.6,6983.8,3377.7999999999997,9361.0,971.5,30.8,35658153863.1924,65.39980541958977,1131.499286879779
2,366766.5999999987,259166.32999999996,21600.00799559999,29224.130127999983,1658.8167474499328,74649.25999999998,13268.62999999999,0,31912.0,14475.0,8862.6,6983.8,3377.7999999999997,9361.0,971.5,30.8,77591249092.12234,178.00323102635377,1362.7603325293367
3,389847.13999999803,256381.85999999996,23276.36878560005,29656.706700000013,3187.892091749965,84480.20999999996,14756.609999999982,0,31912.0,14475.0,8862.6,6983.8,3377.7999999999997,9361.0,971.5,30.8,125829329583.5017,189.82987505720908,1408.2222970202763
4,223802.94000000044,160260.6999999996,19438.098728799992,24840.59052849998,3084.2053804999773,46116.70999999999,200.78999999999996,0,31912.0,14475.0,8862.6,6983.8,3377.7999999999997,9361.0,971.5,30.8,111076730506.22714,43.20165775579005,816.1712851186012
5,382827.8599999982,265940.9599999999,23464.752699000044,29595.668287999964,3122.2863189999775,81200.63999999997,13235.649999999992,0,31912.0,14475.0,8862.6,6983.8,3377.7999999999997,9361.0,971.5,30.8,192193363937.9366,205.25519344822553,1412.2157664420765
6,199402.65000000005,197336.32999999996,17025.277466800002,21491.495117999977,2918.1829042999807,48335.1,139.68000000000004,0,31912.0,14475.0,8862.6,6983.8,3377.7999999999997,9361.0,971.5,30.8,171159820759.32224,39.65825078779935,853.7243491093418
7,244360.50000000015,194936.08000000002,25598.20360140003,30292.740516000005,6208.027939699961,45772.36,1393.8900000000008,0,31912.0,14475.0,8862.6,6983.8,3377.7999999999997,9361.0,971.5,30.8,146869799031.69788,45.23321385224003,944.0272572198406
