,contributed_CCGT,contributed_Coal,contributed_Onshore,contributed_Offshore,contributed_PV,contributed_Nuclear,contributed_Recip_gas,contributed_Biomass,total_CCGT,total_Coal,total_Onshore,total_Offshore,total_PV,total_Nuclear,total_Recip_gas,Carbon_tax,total_genco_wealth,Electricity_cost,Carbon_emitted
0,400487.45999999804,213828.17999999967,23300.55530880004,29579.745223999984,3154.551064599939,81061.92999999995,14971.949999999977,0,31912.0,14475.0,8862.6,6983.8,3377.7999999999997,9361.0,971.5,30.8,27217786487.406708,139.98985931445418,1336.2764697356347
1,333249.1399999994,195743.29999999993,23464.752699000044,29595.668287999964,3122.2863189999775,38631.219999999965,12895.180000000008,0,31912.0,14475.0,8862.6,6983.8,3377.7999999999997,9361.0,971.5,30.8,31878754693.381298,89.13637423401643,1152.3925532533985
2,387610.4399999983,221716.60999999972,21601.84304159999,29224.130127999983,1658.9456695999324,90850.19999999997,14998.139999999976,0,31912.0,14475.0,8862.6,6983.8,3377.7999999999997,9361.0,971.5,30.8,62147332733.28121,145.94316166198004,1327.7443020807737
3,415422.67999999766,228687.40999999965,23278.20383160005,29656.706700000013,3188.160174599965,89274.91999999997,15740.189999999973,0,31912.0,14475.0,8862.6,6983.8,3377.7999999999997,9361.0,971.5,30.8,95947719578.99306,150.05905732324456,1401.2641399591764
4,222145.1200000001,168011.58999999994,20935.07180249998,27354.23775599997,3107.9707166999765,24700.079999999987,7948.665000000003,0,31912.0,14475.0,8862.6,6983.8,3377.7999999999997,9361.0,971.5,30.8,84460682628.41737,50.13925238629273,855.8536546528214
5,404246.72999999794,244705.05999999974,23464.752699000044,29595.668287999964,3122.2863189999775,81465.44999999992,14989.409999999976,0,31912.0,14475.0,8862.6,6983.8,3377.7999999999997,9361.0,971.5,30.8,134009617514.04008,148.23388041697783,1412.7946302338758
6,239071.6600000003,161566.31999999995,21072.549388399944,27096.35812799997,4443.1856737999815,24700.079999999987,8413.294999999996,0,31912.0,14475.0,8862.6,6983.8,3377.7999999999997,9361.0,971.5,30.8,116241281561.02118,49.63294717548231,875.0218471653594
7,268514.42000000033,163319.32999999993,29485.404687399943,35542.966379000034,7407.31140959993,24700.079999999987,10457.085000000012,0,31912.0,14475.0,8862.6,6983.8,3377.7999999999997,9361.0,971.5,30.8,99445764293.40053,53.9972630534423,944.6051266733396
