,contributed_CCGT,contributed_Coal,contributed_Onshore,contributed_Offshore,contributed_PV,contributed_Nuclear,contributed_Recip_gas,contributed_Biomass,total_CCGT,total_Coal,total_Onshore,total_Offshore,total_PV,total_Nuclear,total_Recip_gas,Carbon_tax,total_genco_wealth,Electricity_cost,Carbon_emitted
0,362477.8899999998,167441.2899999999,55286.004938599755,34280.06209800007,3167.788459949936,117785.15999999993,12690.510000000006,0,31912.0,14475.0,8862.6,6983.8,3377.7999999999997,9361.0,971.5,30.8,28274612397.53088,121.92032651353672,1163.1489465034156
1,297744.8100000001,123795.97999999984,48891.472590299825,33944.33683600004,3131.5516245999734,109233.63999999993,6095.96499999999,0,31912.0,14475.0,8862.6,6983.8,3377.7999999999997,9361.0,971.5,30.8,28998425208.690567,60.197001894180765,921.9564315900384
2,392151.2299999988,143127.37999999983,51885.10504939959,31717.440608000026,1670.7909522499333,130327.25999999995,12225.880000000012,0,31912.0,14475.0,8862.6,6983.8,3377.7999999999997,9361.0,971.5,30.8,64852200529.85491,122.99242798978734,1169.3700776572355
3,378803.18999999895,175337.0099999999,53752.66598289963,34992.27344900006,3174.47334294996,127682.06999999993,13573.694999999985,0,31912.0,14475.0,8862.6,6983.8,3377.7999999999997,9361.0,971.5,30.8,102079557346.97984,124.37010692766633,1216.8821248699767
4,197701.63999999964,103416.0099999999,38225.37551139999,30408.132828000013,3082.4782742499765,86500.71999999997,183.32999999999996,0,31912.0,14475.0,8862.6,6983.8,3377.7999999999997,9361.0,971.5,30.8,89622225393.47086,35.53775446979762,655.010926341981
5,381190.9699999992,159724.93999999983,55087.788028499934,34978.353556000046,3126.935249099976,139152.31999999995,12622.610000000002,0,31912.0,14475.0,8862.6,6983.8,3377.7999999999997,9361.0,971.5,30.8,144315175726.08945,123.52835099851207,1184.9618739461164
6,207303.32999999993,108201.14999999989,37704.09852019987,27854.948821999988,4351.295948899984,82798.22999999995,211.45999999999992,0,31912.0,14475.0,8862.6,6983.8,3377.7999999999997,9361.0,971.5,30.8,124520398959.11958,35.679107634542206,682.8740927677014
7,245482.81999999998,107224.9699999999,41467.72434159979,27720.869129000006,7094.524963849942,93375.10999999994,2276.1050000000014,0,31912.0,14475.0,8862.6,6983.8,3377.7999999999997,9361.0,971.5,30.8,100488768437.17941,38.25561482632314,761.5876581580594
