,contributed_CCGT,contributed_Coal,contributed_Onshore,contributed_Offshore,contributed_PV,contributed_Nuclear,contributed_Recip_gas,contributed_Biomass,total_CCGT,total_Coal,total_Onshore,total_Offshore,total_PV,total_Nuclear,total_Recip_gas,Carbon_tax,total_genco_wealth,Electricity_cost,Carbon_emitted
0,430351.31999999814,187282.6199999999,21658.839708100044,28571.031727999987,3154.551064599939,92264.45999999995,13289.969999999996,0,31912.0,14475.0,8862.6,6983.8,3377.7999999999997,9361.0,971.5,30.8,25388853944.333332,129.2994528178581,1347.604277282761
1,344929.96999999974,168793.65999999995,21122.3015614,27050.40424349998,3116.830753899977,58765.509999999995,7433.594999999994,0,31912.0,14475.0,8862.6,6983.8,3377.7999999999997,9361.0,971.5,30.8,21935102045.69136,61.48917495249174,1120.9126381266783
2,430042.73999999795,190782.0399999999,19466.02520339982,27086.115304000003,1655.4117081999334,92669.91999999997,13287.059999999994,0,31912.0,14475.0,8862.6,6983.8,3377.7999999999997,9361.0,971.5,30.8,45954332199.111626,127.71998308412299,1353.5990913719213
3,459257.5399999981,201358.56999999986,20698.67493579992,26849.926323000007,3173.773061649965,87269.92999999998,15154.309999999969,0,31912.0,14475.0,8862.6,6983.8,3377.7999999999997,9361.0,971.5,30.8,72064920309.67125,129.8904115512705,1441.4775607608608
4,258577.97000000047,125063.69999999991,16593.534463200023,20684.94424399999,3023.3952490499805,50635.939999999995,226.00999999999993,0,31912.0,14475.0,8862.6,6983.8,3377.7999999999997,9361.0,971.5,30.8,57088091710.978516,39.359818307634136,824.6182088126012
5,438880.5799999981,194413.3999999999,22711.939743900028,29008.604767999965,3122.2863189999775,94932.92999999998,15106.779999999968,0,31912.0,14475.0,8862.6,6983.8,3377.7999999999997,9361.0,971.5,30.8,99559543521.62918,134.14507313864132,1384.5184076131984
6,266892.2200000004,131771.71,15580.137536200014,20074.927621999977,3002.8644090999783,48210.939999999995,207.57999999999996,0,31912.0,14475.0,8862.6,6983.8,3377.7999999999997,9361.0,971.5,30.8,76297940594.68614,37.51737461778219,854.2528822305816
7,309310.38999999955,127552.31999999996,19217.368138100017,24225.511898000004,7218.4513650499275,47339.88,5112.384999999993,0,31912.0,14475.0,8862.6,6983.8,3377.7999999999997,9361.0,971.5,30.8,48659309154.68625,41.11251741495261,942.3681011533606
