,contributed_CCGT,contributed_Coal,contributed_Onshore,contributed_Offshore,contributed_PV,contributed_Nuclear,contributed_Recip_gas,contributed_Biomass,total_CCGT,total_Coal,total_Onshore,total_Offshore,total_PV,total_Nuclear,total_Recip_gas,Carbon_tax,total_genco_wealth,Electricity_cost,Carbon_emitted
0,326538.79000000027,229484.57999999993,43963.79791969976,22430.2038065,3125.1382486499388,98272.63999999994,7224.074999999996,0,31912.0,14475.0,8862.6,6983.8,3377.7999999999997,9361.0,971.5,30.8,6967842209.095947,59.125173342608456,1215.034434632838
1,212690.9000000002,226472.33000000002,39059.52518779995,20512.357050499966,3097.884396449977,82293.82999999994,2631.609999999998,0,31912.0,14475.0,8862.6,6983.8,3377.7999999999997,9361.0,971.5,30.8,-3458280504.762337,29.79829373435302,967.3596788773392
2,321731.20000000065,236405.05999999988,39958.202358499744,21317.886169999998,1646.039303299937,91238.19999999995,10947.905000000006,0,31912.0,14475.0,8862.6,6983.8,3377.7999999999997,9361.0,971.5,30.8,2283853849.1969004,70.2111689464924,1229.5054167438775
3,341671.82999999996,241404.05999999988,40880.96658859978,21396.51128,3148.839348399964,107627.31999999995,10913.470000000007,0,31912.0,14475.0,8862.6,6983.8,3377.7999999999997,9361.0,971.5,30.8,10876218492.53542,71.83892239658898,1276.3439111958746
4,151011.53999999998,151216.9099999999,29216.799960099936,16458.861463499983,2993.057142699982,74040.09999999995,989.4000000000008,0,31912.0,14475.0,8862.6,6983.8,3377.7999999999997,9361.0,971.5,30.8,-12421028177.11391,8.252706139332384,663.7089187401789
5,342523.4900000001,228289.0999999999,44775.41077129994,21954.69631399999,3108.108993299977,110178.41999999994,10312.555,0,31912.0,14475.0,8862.6,6983.8,3377.7999999999997,9361.0,971.5,30.8,-3397123583.8173027,72.22602743526593,1253.4483183517957
6,131554.3099999998,173402.60999999993,24197.91241619996,14050.289897999983,2649.368683499973,95315.10999999994,882.7000000000005,0,31912.0,14475.0,8862.6,6983.8,3377.7999999999997,9361.0,971.5,30.8,-39080775091.39055,8.357229304571831,673.4992674487801
7,180831.52000000014,172407.46999999994,30177.916913499954,14738.435621999988,6784.546355449954,79864.94999999995,1008.8000000000009,0,31912.0,14475.0,8862.6,6983.8,3377.7999999999997,9361.0,971.5,30.8,-74097354659.09004,23.18362881379873,772.7488933430596
