,contributed_CCGT,contributed_Coal,contributed_Onshore,contributed_Offshore,contributed_PV,contributed_Nuclear,contributed_Recip_gas,contributed_Biomass,total_CCGT,total_Coal,total_Onshore,total_Offshore,total_PV,total_Nuclear,total_Recip_gas,Carbon_tax,total_genco_wealth,Electricity_cost,Carbon_emitted
0,323933.02999999974,262199.1999999999,53576.694490199996,25308.931337500002,3168.176321649936,91825.04999999992,11972.709999999994,0,31912.0,14475.0,8862.6,6983.8,3377.7999999999997,9361.0,971.5,30.8,102846927687.55815,350.0055167537873,1278.3007078815986
1,237315.22999999995,228743.58999999994,52760.925935500105,26694.78473599997,3138.754883449974,78030.67999999993,8199.894999999995,0,31912.0,14475.0,8862.6,6983.8,3377.7999999999997,9361.0,971.5,30.8,118029732848.60481,112.39402923002751,1009.4274188288188
2,320065.9999999997,253558.77999999997,52244.747409799726,24636.406651000012,1669.827880549934,110217.21999999997,11912.570000000002,0,31912.0,14475.0,8862.6,6983.8,3377.7999999999997,9361.0,971.5,30.8,252649858286.36905,348.46931923172883,1245.1882465544368
3,352999.5999999991,257041.5099999999,54347.21466919983,26714.199821000017,3178.3227144999605,105021.89999999994,14277.42999999998,0,31912.0,14475.0,8862.6,6983.8,3377.7999999999997,9361.0,971.5,30.8,391410036034.7312,352.6472675940683,1326.9783971109807
4,153482.1599999999,186439.57000000004,38554.89863459988,18755.185208999974,2613.57753324998,78284.81999999993,145.5,0,31912.0,14475.0,8862.6,6983.8,3377.7999999999997,9361.0,971.5,30.8,378617358177.9883,37.28955122581523,727.9794527788607
5,354488.02999999997,248914.76999999987,58111.62976019998,28867.264943999973,3137.1221971499754,109452.85999999996,12145.369999999997,0,31912.0,14475.0,8862.6,6983.8,3377.7999999999997,9361.0,971.5,30.8,585238929996.7146,352.153211076485,1306.3563768284594
6,138747.3699999999,215546.08999999985,39366.75413169979,18561.64814999997,2962.588137249978,69960.27999999996,174.59999999999997,0,31912.0,14475.0,8862.6,6983.8,3377.7999999999997,9361.0,971.5,30.8,564302059681.5858,35.92294532674547,763.0279229138204
7,187926.6399999997,207839.95999999996,41942.194283499855,21705.939197499996,6778.045055649945,74514.42999999993,805.1000000000007,0,31912.0,14475.0,8862.6,6983.8,3377.7999999999997,9361.0,971.5,30.8,538708105997.95197,38.82680568086281,847.27678070408
