,contributed_CCGT,contributed_Coal,contributed_Onshore,contributed_Offshore,contributed_PV,contributed_Nuclear,contributed_Recip_gas,contributed_Biomass,total_CCGT,total_Coal,total_Onshore,total_Offshore,total_PV,total_Nuclear,total_Recip_gas,Carbon_tax,total_genco_wealth,Electricity_cost,Carbon_emitted
0,410365.81999999855,164282.89000000013,52463.2092092997,25120.2592415,3148.87794024994,91560.23999999995,13135.739999999996,0,31912.0,14475.0,8862.6,6983.8,3377.7999999999997,9361.0,971.5,30.8,26771916896.578762,123.04377709539244,1251.854693860223
1,346727.8599999995,157819.44000000012,46311.73206959967,24916.310014999974,3103.517215599978,55884.609999999964,6582.904999999994,0,31912.0,14475.0,8862.6,6983.8,3377.7999999999997,9361.0,971.5,30.8,24435038262.410965,59.68068353720565,1092.39309188712
2,401922.30999999854,198103.53999999998,49532.405211899524,25958.11128700002,1653.346114549932,90516.51999999995,12757.439999999997,0,31912.0,14475.0,8862.6,6983.8,3377.7999999999997,9361.0,971.5,30.8,47558842112.312416,122.13380213865202,1309.4137503289226
3,428231.22999999847,196617.36000000002,54539.87981339958,28067.689376000002,3174.8126965999654,87659.86999999995,14817.719999999988,0,31912.0,14475.0,8862.6,6983.8,3377.7999999999997,9361.0,971.5,30.8,83168487814.58945,125.6314573696594,1364.8684272492828
4,242329.79000000004,123665.63999999994,37552.122101799934,18692.23794299998,3014.755067049982,47968.43999999998,1008.8000000000009,0,31912.0,14475.0,8862.6,6983.8,3377.7999999999997,9361.0,971.5,30.8,68517765392.72548,36.30477776050057,787.8353381847186
5,427346.22999999835,209012.8599999999,54717.30044729979,25601.781172999974,3119.2100951499797,67876.71999999994,13249.230000000005,0,31912.0,14475.0,8862.6,6983.8,3377.7999999999997,9361.0,971.5,30.8,116853385469.86435,124.92675077609516,1388.7285964582825
6,251658.2000000001,126136.94999999994,37995.45006759979,17974.867501999976,4186.051246599978,39017.28,873.0000000000007,0,31912.0,14475.0,8862.6,6983.8,3377.7999999999997,9361.0,971.5,30.8,94008277699.28348,35.7756276522069,813.050643636098
7,281471.22999999986,136887.73,40189.237938199665,20638.83118699999,7001.649740449938,50401.199999999975,1823.600000000001,0,31912.0,14475.0,8862.6,6983.8,3377.7999999999997,9361.0,971.5,30.8,66139557790.68858,38.55686738427971,902.2306789665371
