,contributed_CCGT,contributed_Coal,contributed_Onshore,contributed_Offshore,contributed_PV,contributed_Nuclear,contributed_Recip_gas,contributed_Biomass,total_CCGT,total_Coal,total_Onshore,total_Offshore,total_PV,total_Nuclear,total_Recip_gas,Carbon_tax,total_genco_wealth,Electricity_cost,Carbon_emitted
0,414770.1999999986,140302.70999999996,59259.76699129971,26462.01382999998,3170.433140099936,83223.08999999995,13245.835,0,31912.0,14475.0,8862.6,6983.8,3377.7999999999997,9361.0,971.5,30.8,17533101380.809875,85.79157022740348,1182.6990924185804
1,366366.4599999991,90228.47999999992,50445.5093380997,22962.848125999964,3130.7769484499727,58886.75999999999,10025.919999999986,0,31912.0,14475.0,8862.6,6983.8,3377.7999999999997,9361.0,971.5,30.8,15851882575.29425,59.65813012597736,967.2545767350392
2,414833.1799999981,135484.68,55122.8540037996,29266.295932000008,1674.9698364499334,91594.18999999993,13444.684999999989,0,31912.0,14475.0,8862.6,6983.8,3377.7999999999997,9361.0,971.5,30.8,30978079630.482033,84.46062023125303,1174.8425848126417
3,431305.4099999979,127699.84999999999,58708.59385319972,26407.754148000007,3191.3530454499614,119241.12999999996,13773.999999999984,0,31912.0,14475.0,8862.6,6983.8,3377.7999999999997,9361.0,971.5,30.8,52647269360.62899,89.3848746043114,1193.9415870703037
4,259429.47999999986,67119.34999999998,40021.44056759991,17761.36763699996,3070.8848031499765,46850.99999999999,155.2,0,31912.0,14475.0,8862.6,6983.8,3377.7999999999997,9361.0,971.5,30.8,39579460071.25003,37.43733636352164,677.0101418312998
5,453006.4699999979,120187.74000000003,57130.17757159995,24890.900529999984,3123.5491837499753,101867.45999999993,13935.504999999986,0,31912.0,14475.0,8862.6,6983.8,3377.7999999999997,9361.0,971.5,30.8,64999750478.36829,88.32706131204598,1222.7415467905253
6,270823.23999999964,65305.80999999998,41884.6544751998,18363.12079799997,4239.1491646999875,42693.57999999998,843.9000000000009,0,31912.0,14475.0,8862.6,6983.8,3377.7999999999997,9361.0,971.5,30.8,45009656741.7876,37.79374167323126,697.6324351423792
7,321813.64999999915,66190.60999999999,42387.33794379969,20414.365034999988,7003.14586044994,45809.219999999994,7335.139999999997,0,31912.0,14475.0,8862.6,6983.8,3377.7999999999997,9361.0,971.5,30.8,21283063526.90292,41.75461830230152,816.3889449527798
