,contributed_CCGT,contributed_Coal,contributed_Onshore,contributed_Offshore,contributed_PV,contributed_Nuclear,contributed_Recip_gas,contributed_Biomass,total_CCGT,total_Coal,total_Onshore,total_Offshore,total_PV,total_Nuclear,total_Recip_gas,Carbon_tax,total_genco_wealth,Electricity_cost,Carbon_emitted
0,378833.23999999784,223108.72999999998,48005.96175339954,33464.38496000007,3135.109344799942,81032.82999999993,12834.070000000002,0,31912.0,14475.0,8862.6,6983.8,3377.7999999999997,9361.0,971.5,30.8,20971779529.420395,107.11857403770027,1317.2191487245373
1,296140.8099999996,187062.11999999997,42498.203744599785,35290.92427450005,3102.330588299979,72843.11999999995,4244.234999999996,0,31912.0,14475.0,8862.6,6983.8,3377.7999999999997,9361.0,971.5,30.8,15809451188.288847,49.34159452024596,1048.8356392337585
2,384395.749999998,215627.12000000005,47153.39862519944,34443.89668400011,1650.4092832499343,83350.15999999995,12872.870000000003,0,31912.0,14475.0,8862.6,6983.8,3377.7999999999997,9361.0,971.5,30.8,37133755680.341965,109.60646125688568,1313.0768184337583
3,387773.53999999806,223151.13999999978,50395.55151539959,33947.257812000054,3171.1367599999644,102554.21999999994,13349.140000000001,0,31912.0,14475.0,8862.6,6983.8,3377.7999999999997,9361.0,971.5,30.8,68843703684.97926,123.56321628055855,1337.7840627737176
4,176235.51999999973,156129.74999999985,35628.50404379994,29097.40730300001,3065.007064449979,74018.75999999995,1047.600000000001,0,31912.0,14475.0,8862.6,6983.8,3377.7999999999997,9361.0,971.5,30.8,52098464890.81213,28.521388178870286,731.9015454905003
5,377631.18999999826,230887.1299999999,49579.093339199804,34791.97892600005,3110.1908484999794,107370.26999999996,13015.460000000003,0,31912.0,14475.0,8862.6,6983.8,3377.7999999999997,9361.0,971.5,30.8,94837242907.57114,117.2224140192414,1336.0955048077394
6,193393.33,166604.76999999984,30789.042763999973,24965.47581599998,3901.5425684499683,62419.49999999997,970.0000000000007,0,31912.0,14475.0,8862.6,6983.8,3377.7999999999997,9361.0,971.5,30.8,69662189192.52237,30.02678764084207,781.6780904684597
7,244605.64000000004,156918.76999999987,33310.967938199945,29760.93811500001,6974.179780449936,67500.35999999996,1212.500000000001,0,31912.0,14475.0,8862.6,6983.8,3377.7999999999997,9361.0,971.5,30.8,41306734520.48379,36.5604838685258,869.2910834204578
