,contributed_CCGT,contributed_Coal,contributed_Onshore,contributed_Offshore,contributed_PV,contributed_Nuclear,contributed_Recip_gas,contributed_Biomass,total_CCGT,total_Coal,total_Onshore,total_Offshore,total_PV,total_Nuclear,total_Recip_gas,Carbon_tax,total_genco_wealth,Electricity_cost,Carbon_emitted
0,325474.1100000005,238643.34999999995,37714.027934899845,20242.18945749998,3117.179572749941,98725.62999999996,5381.074999999996,0,31912.0,14475.0,8862.6,6983.8,3377.7999999999997,9361.0,971.5,30.8,6820599625.24158,56.465532672109326,1228.3400356132936
1,233146.7900000005,191657.76,36194.11221749998,17477.74179299997,3063.928720349978,85868.27999999994,2756.2549999999956,0,31912.0,14475.0,8862.6,6983.8,3377.7999999999997,9361.0,971.5,30.8,-3014115994.8801517,30.127740972324446,934.9973830584777
2,327784.5400000004,235306.69999999995,37351.98546469975,20450.971630999975,1621.4293018999388,102367.97999999995,6528.584999999995,0,31912.0,14475.0,8862.6,6983.8,3377.7999999999997,9361.0,971.5,30.8,-282807586.3782481,58.21106118735079,1226.827219036594
3,354212.8999999996,225649.85999999984,42148.878187799695,21046.494806000002,3148.3432947499637,105842.51999999995,8564.129999999988,0,31912.0,14475.0,8862.6,6983.8,3377.7999999999997,9361.0,971.5,30.8,6792486098.986016,70.67125671103217,1266.6050727242737
4,156212.68000000002,159493.21999999997,25472.930933799937,12371.22145149999,2894.8815496499833,72708.28999999995,911.8000000000006,0,31912.0,14475.0,8862.6,6983.8,3377.7999999999997,9361.0,971.5,30.8,-17843113519.441433,4.92567308116751,694.9403665215592
5,357590.58999999973,214889.2799999999,42634.83975849992,22190.55541349999,3099.1559291999774,105196.49999999996,9093.749999999987,0,31912.0,14475.0,8862.6,6983.8,3377.7999999999997,9361.0,971.5,30.8,-7205515435.916426,70.90396280807846,1251.707235333434
6,146735.78000000003,181220.17999999996,27007.12599209995,15076.207038999986,2648.8321343499733,73824.75999999995,989.4000000000008,0,31912.0,14475.0,8862.6,6983.8,3377.7999999999997,9361.0,971.5,30.8,-43191343739.45096,8.386379464939377,723.1598226116389
7,166478.89000000016,179484.52999999994,33926.13203449985,18852.514190999966,6047.0357687999685,93313.02999999994,1164.0000000000007,0,31912.0,14475.0,8862.6,6983.8,3377.7999999999997,9361.0,971.5,30.8,-79357125248.60887,21.450778175653983,763.2642279729392
