,contributed_CCGT,contributed_Coal,contributed_Onshore,contributed_Offshore,contributed_PV,contributed_Nuclear,contributed_Recip_gas,contributed_Biomass,total_CCGT,total_Coal,total_Onshore,total_Offshore,total_PV,total_Nuclear,total_Recip_gas,Carbon_tax,total_genco_wealth,Electricity_cost,Carbon_emitted
0,368703.8799999985,259442.32,23300.55530880004,29579.745223999984,3154.551064599939,74137.09999999998,13268.62999999999,0,31912.0,14475.0,8862.6,6983.8,3377.7999999999997,9361.0,971.5,30.8,37537398741.83447,170.1733273093219,1369.109984143358
1,273096.1500000002,248215.4999999999,23440.628381900042,29595.668287999964,3121.773734799978,56547.12,3891.6400000000003,0,31912.0,14475.0,8862.6,6983.8,3377.7999999999997,9361.0,971.5,30.8,33778591759.605644,64.87568118803627,1127.242820128999
2,358917.2999999987,263299.35,21137.317219599907,29089.07022399998,1658.7957330499326,81149.22999999997,13269.59999999999,0,31912.0,14475.0,8862.6,6983.8,3377.7999999999997,9361.0,971.5,30.8,73628272413.4725,171.11543853477312,1356.0506351912961
3,379544.05999999837,263790.35000000003,23278.20383160005,29656.706700000013,3188.032516099965,85979.82999999996,13268.62999999999,0,31912.0,14475.0,8862.6,6983.8,3377.7999999999997,9361.0,971.5,30.8,121029294042.91524,188.78531577438272,1400.8177349892965
4,175933.47000000032,216622.36000000016,18219.041441500023,23157.092925499976,2753.12327964998,47260.34,157.14000000000001,0,31912.0,14475.0,8862.6,6983.8,3377.7999999999997,9361.0,971.5,30.8,106312633939.36569,41.153530024659325,841.7588088392826
5,373389.0599999986,275483.93000000017,23464.752699000044,29595.668287999964,3122.2863189999775,80107.44999999997,13271.53999999999,0,31912.0,14475.0,8862.6,6983.8,3377.7999999999997,9361.0,971.5,30.8,190137700181.00882,206.21410492125105,1414.4220233141366
6,184901.4000000002,214363.70000000007,17790.060299500008,22797.45052299997,4157.353337199979,42479.20999999999,209.51999999999995,0,31912.0,14475.0,8862.6,6983.8,3377.7999999999997,9361.0,971.5,30.8,167070655296.5683,39.94827524028934,855.0300687326028
7,217086.18000000034,218826.95999999996,21177.88127130004,25543.4955665,7106.503994649936,56547.12,148.41000000000003,0,31912.0,14475.0,8862.6,6983.8,3377.7999999999997,9361.0,971.5,30.8,138901409760.77722,42.320971044424574,937.5937857100816
