,contributed_CCGT,contributed_Coal,contributed_Onshore,contributed_Offshore,contributed_PV,contributed_Nuclear,contributed_Recip_gas,contributed_Biomass,total_CCGT,total_Coal,total_Onshore,total_Offshore,total_PV,total_Nuclear,total_Recip_gas,Carbon_tax,total_genco_wealth,Electricity_cost,Carbon_emitted
0,377706.2999999989,131441.22999999998,57818.53258139962,35190.2437685001,3142.883069599941,113552.07999999993,13664.874999999985,0,31912.0,14475.0,8862.6,6983.8,3377.7999999999997,9361.0,971.5,30.8,24096512845.230236,104.94963262933459,1116.8915778695393
1,294418.9000000002,115894.39999999998,53673.71689719967,33823.656279500035,3098.1577577999774,80637.06999999998,7966.124999999987,0,31912.0,14475.0,8862.6,6983.8,3377.7999999999997,9361.0,971.5,30.8,21283168778.761436,56.39313681688255,900.1882292811966
2,359223.9699999989,154488.60000000012,56355.53512539945,34800.97372900007,1655.0953905999327,110829.28999999992,13127.009999999987,0,31912.0,14475.0,8862.6,6983.8,3377.7999999999997,9361.0,971.5,30.8,42834644621.0476,105.26844724864263,1129.7084373428013
3,392894.8399999992,156057.98999999993,61336.36215849951,36221.220904000125,3174.4336847999652,112633.48999999993,14661.54999999998,0,31912.0,14475.0,8862.6,6983.8,3377.7999999999997,9361.0,971.5,30.8,66056393941.32446,106.68702044086848,1203.4958933500207
4,188567.88000000024,96124.0099999999,45313.66900929991,27106.500990500008,3064.5286684499797,69206.58999999997,1305.6200000000008,0,31912.0,14475.0,8862.6,6983.8,3377.7999999999997,9361.0,971.5,30.8,51707281782.37816,34.839269494842945,621.2476183459797
5,400182.40999999887,156805.93999999994,61113.460436199784,35706.823226000066,3109.9563310999793,98545.20999999996,13966.059999999983,0,31912.0,14475.0,8862.6,6983.8,3377.7999999999997,9361.0,971.5,30.8,83645067006.02296,106.71102607592421,1219.7282498841212
6,225813.5600000004,65813.52999999998,41326.32315419978,26606.191605999986,3459.5643246499844,71849.83999999997,1897.8050000000012,0,31912.0,14475.0,8862.6,6983.8,3377.7999999999997,9361.0,971.5,30.8,63049432431.41068,38.20217671667476,630.8014172849394
7,271745.7499999999,90712.0999999999,40729.51869409971,26212.995037,6939.551889949941,64557.37999999998,4405.2549999999965,0,31912.0,14475.0,8862.6,6983.8,3377.7999999999997,9361.0,971.5,30.8,37535967582.13126,39.69056647811269,783.6054651457978
