,contributed_CCGT,contributed_Coal,contributed_Onshore,contributed_Offshore,contributed_PV,contributed_Nuclear,contributed_Recip_gas,contributed_Biomass,total_CCGT,total_Coal,total_Onshore,total_Offshore,total_PV,total_Nuclear,total_Recip_gas,Carbon_tax,total_genco_wealth,Electricity_cost,Carbon_emitted
0,350694.97999999893,256676.52999999994,23284.86691680004,29579.745223999984,3154.551064599939,97380.23999999996,13260.86999999999,0,31912.0,14475.0,8862.6,6983.8,3377.7999999999997,9361.0,971.5,30.8,31018266526.552242,145.49469636920955,1325.4404163889367
1,255082.29000000018,251332.84,23361.67911190004,29595.668287999964,3121.097691999978,80508.05999999997,3552.1400000000003,0,31912.0,14475.0,8862.6,6983.8,3377.7999999999997,9361.0,971.5,30.8,25093485547.196407,54.32419483926449,1093.3392662103195
2,358156.2599999986,251036.52999999994,21549.569450599967,29224.130127999983,1658.7996732499328,96658.55999999995,13269.59999999999,0,31912.0,14475.0,8862.6,6983.8,3377.7999999999997,9361.0,971.5,30.8,63083153317.816246,166.5804686153273,1327.1897016489365
3,380849.17999999825,252037.8999999999,22722.578849400048,29656.706700000013,3185.1984973999643,106686.41999999994,14116.894999999988,0,31912.0,14475.0,8862.6,6983.8,3377.7999999999997,9361.0,971.5,30.8,100379548655.48242,157.09283620610663,1378.9647131141962
4,174264.36000000034,199952.42,17452.92749720001,22187.60762749998,3024.2444019499812,70041.75999999998,192.05999999999997,0,31912.0,14475.0,8862.6,6983.8,3377.7999999999997,9361.0,971.5,30.8,85615965611.63042,39.1745656159274,800.3671723631616
5,369610.8899999986,262794.1599999999,23464.752699000044,29595.668287999964,3122.2863189999775,100619.06999999995,13269.59999999999,0,31912.0,14475.0,8862.6,6983.8,3377.7999999999997,9361.0,971.5,30.8,141029226454.0944,157.19223715317892,1377.5555126156767
6,183646.47000000018,200202.1799999999,16751.503473700006,21096.893693999973,2918.1839987999806,70317.23999999996,174.6,0,31912.0,14475.0,8862.6,6983.8,3377.7999999999997,9361.0,971.5,30.8,119037529343.41318,39.57558504742745,821.0005245476417
7,212797.7400000003,208672.60999999996,22845.504340100033,28471.432303000012,7172.07555929993,63416.659999999974,174.6,0,31912.0,14475.0,8862.6,6983.8,3377.7999999999997,9361.0,971.5,30.8,91552532571.50014,41.05182022161213,908.1313612887824
