,contributed_CCGT,contributed_Coal,contributed_Onshore,contributed_Offshore,contributed_PV,contributed_Nuclear,contributed_Recip_gas,contributed_Biomass,total_CCGT,total_Coal,total_Onshore,total_Offshore,total_PV,total_Nuclear,total_Recip_gas,Carbon_tax,total_genco_wealth,Electricity_cost,Carbon_emitted
0,330137.00999999966,257165.8399999999,57182.9340867999,26318.703871999984,3173.042399249936,84691.66999999991,12283.10999999999,0,31912.0,14475.0,8862.6,6983.8,3377.7999999999997,9361.0,971.5,30.8,98036327333.22093,316.84500565162307,1269.7075395243194
1,236118.91999999998,240577.98,52050.59544960003,26177.22861799998,3132.8412779499745,76692.07999999994,3699.579999999997,0,31912.0,14475.0,8862.6,6983.8,3377.7999999999997,9361.0,971.5,30.8,109546177569.59543,87.66125799610097,1026.49179521604
2,323106.70999999956,251164.1999999998,55074.156375999744,25000.215332999996,1672.9732964499326,98146.53999999994,11997.929999999986,0,31912.0,14475.0,8862.6,6983.8,3377.7999999999997,9361.0,971.5,30.8,232251590095.3561,326.12985917773295,1248.4594082715992
3,337371.33999999997,271990.87000000005,53040.05664689971,23984.128963000003,3177.9210701999623,103631.88999999994,13425.284999999978,0,31912.0,14475.0,8862.6,6983.8,3377.7999999999997,9361.0,971.5,30.8,378672355296.92377,347.41395095864397,1330.4255269662576
4,149599.94000000006,205130.07000000007,40257.726272300024,19128.26506699997,2615.35872254998,63141.179999999964,277.4199999999999,0,31912.0,14475.0,8862.6,6983.8,3377.7999999999997,9361.0,971.5,30.8,367123792587.30286,34.441640793708544,761.9778687378597
5,352301.18999999965,265196.33999999997,55633.399817099875,24980.97265549998,3138.170156399976,105923.99999999996,11930.029999999992,0,31912.0,14475.0,8862.6,6983.8,3377.7999999999997,9361.0,971.5,30.8,564810755849.4435,336.7318246917316,1334.2662341633195
6,155109.42000000016,205813.8700000001,39088.04686409984,17452.82053799998,2962.7200390499775,61712.369999999966,303.60999999999984,0,31912.0,14475.0,8862.6,6983.8,3377.7999999999997,9361.0,971.5,30.8,545775144633.19104,33.112914402592025,774.92994751026
7,186947.23999999973,213351.3499999999,41282.80654859978,21016.43528699999,6014.729925949965,73075.91999999994,329.79999999999984,0,31912.0,14475.0,8862.6,6983.8,3377.7999999999997,9361.0,971.5,30.8,524136122134.392,37.187423330687416,856.669054007299
