,contributed_CCGT,contributed_Coal,contributed_Onshore,contributed_Offshore,contributed_PV,contributed_Nuclear,contributed_Recip_gas,contributed_Biomass,total_CCGT,total_Coal,total_Onshore,total_Offshore,total_PV,total_Nuclear,total_Recip_gas,Carbon_tax,total_genco_wealth,Electricity_cost,Carbon_emitted
0,360072.32999999856,164906.76000000013,64058.53112569975,36293.19482300009,3153.604579649939,90393.32999999996,12630.369999999992,0,31912.0,14475.0,8862.6,6983.8,3377.7999999999997,9361.0,971.5,30.8,34442515609.13969,124.12272938389356,1153.6694903304801
1,299392.1000000001,127094.39,55993.72024629969,33991.89616250003,3114.1913973499763,55907.88999999998,7847.29999999999,0,31912.0,14475.0,8862.6,6983.8,3377.7999999999997,9361.0,971.5,30.8,37351580669.44591,67.42248207327852,931.4898658172168
2,372621.9599999985,168782.11000000016,60360.782669999586,33960.26413600009,1663.7455216999313,88911.16999999994,12319.969999999992,0,31912.0,14475.0,8862.6,6983.8,3377.7999999999997,9361.0,971.5,30.8,73414070581.32431,122.77861781256102,1183.6181954697802
3,371377.37999999855,187733.69000000018,63729.68346199966,36387.000730000116,3183.1168863499634,93222.81999999995,13865.179999999962,0,31912.0,14475.0,8862.6,6983.8,3377.7999999999997,9361.0,971.5,30.8,112282354478.20479,125.35304773452083,1230.0613720786207
4,192430.48000000007,113333.66000000002,45019.95598719982,28891.445948000004,2772.6597909499787,42225.06999999999,370.5399999999998,0,31912.0,14475.0,8862.6,6983.8,3377.7999999999997,9361.0,971.5,30.8,100663611692.66121,36.476567019546316,668.0966115766807
5,371245.94999999844,188441.99000000014,62340.397469999785,37717.78242800004,3130.1749631499774,95903.89999999995,13292.394999999997,0,31912.0,14475.0,8862.6,6983.8,3377.7999999999997,9361.0,971.5,30.8,157887622311.0728,125.65394947805385,1230.2123148320193
6,209384.02999999985,102751.52999999997,39821.836722399814,25756.256315999985,2924.422893049979,52587.57999999999,336.5899999999998,0,31912.0,14475.0,8862.6,6983.8,3377.7999999999997,9361.0,971.5,30.8,140161420157.60458,37.02949395808269,675.3332855389399
7,244495.66000000012,105416.58000000003,45699.295622999605,31431.717969500012,6713.6624176499345,52587.57999999999,6373.869999999989,0,31912.0,14475.0,8862.6,6983.8,3377.7999999999997,9361.0,971.5,30.8,118654623224.64256,40.053209006993875,763.9141581588397
