,contributed_CCGT,contributed_Coal,contributed_Onshore,contributed_Offshore,contributed_PV,contributed_Nuclear,contributed_Recip_gas,contributed_Biomass,total_CCGT,total_Coal,total_Onshore,total_Offshore,total_PV,total_Nuclear,total_Recip_gas,Carbon_tax,total_genco_wealth,Electricity_cost,Carbon_emitted
0,326275.49999999895,217471.8199999996,23300.55530880004,29579.745223999984,3154.551064599939,165604.86687359976,15809.059999999981,0,31912.0,14475.0,8862.6,6983.8,3377.7999999999997,9361.0,971.5,30.8,16321244610.117817,100.84690083707716,1192.636216524359
1,214862.76000000033,202413.00999999966,23464.752699000044,29595.668287999964,3122.2863189999775,165604.86687359976,13409.279999999992,0,31912.0,14475.0,8862.6,6983.8,3377.7999999999997,9361.0,971.5,30.8,10583165647.681423,55.06287830572561,922.4495843279818
2,327553.259999999,211998.69999999952,21601.84304159999,29224.130127999983,1658.9456695999324,165604.86687359976,17479.40000000001,0,31912.0,14475.0,8862.6,6983.8,3377.7999999999997,9361.0,971.5,30.8,19330189256.830173,89.63205300735729,1186.4081505025983
3,348446.2399999985,217687.16999999958,23278.20383160005,29656.706700000013,3188.160174599965,165604.86687359976,18373.740000000023,0,31912.0,14475.0,8862.6,6983.8,3377.7999999999997,9361.0,971.5,30.8,46099989127.35237,133.5171972445067,1245.177990043658
4,118237.86000000007,152474.73999999987,21895.013329299996,29595.668287999968,3116.600719849977,144165.6618696001,12571.199999999995,0,31912.0,14475.0,8862.6,6983.8,3377.7999999999997,9361.0,971.5,30.8,31665751009.27937,41.75969901159101,605.7742216865211
5,347109.2999999987,220744.78999999966,23464.752699000044,29595.668287999964,3122.2863189999775,165604.86687359976,18012.415000000015,0,31912.0,14475.0,8862.6,6983.8,3377.7999999999997,9361.0,971.5,30.8,47893056563.49153,91.64566552551649,1248.5532792464182
6,133150.56000000008,147948.8299999999,25485.18151970003,33512.490376999995,4481.354669799984,134623.61240160023,9952.199999999999,0,31912.0,14475.0,8862.6,6983.8,3377.7999999999997,9361.0,971.5,30.8,26775054918.39589,41.74268718094168,620.6313261643417
7,220645.74000000034,95343.5200000001,31140.259490999935,38204.78456500007,7414.15220374993,142418.6817816001,12572.169999999995,0,31912.0,14475.0,8862.6,6983.8,3377.7999999999997,9361.0,971.5,30.8,5358158107.764126,45.57682239111952,695.5178133009616
