,contributed_CCGT,contributed_Coal,contributed_Onshore,contributed_Offshore,contributed_PV,contributed_Nuclear,contributed_Recip_gas,contributed_Biomass,total_CCGT,total_Coal,total_Onshore,total_Offshore,total_PV,total_Nuclear,total_Recip_gas,Carbon_tax,total_genco_wealth,Electricity_cost,Carbon_emitted
0,368473.3199999999,177987.47999999986,50889.51921389979,35036.83072400009,3162.0047443499366,115973.19999999991,11698.2,0,31912.0,14475.0,8862.6,6983.8,3377.7999999999997,9361.0,971.5,30.8,31399294470.852955,120.76310671548326,1198.0194873770365
1,304775.7200000002,118045.06999999985,49264.31342059989,36535.48842800007,3134.6171560499733,106843.55999999994,5810.784999999991,0,31912.0,14475.0,8862.6,6983.8,3377.7999999999997,9361.0,971.5,30.8,31617900653.79561,60.487725495278795,920.4547744178581
2,363042.56,171724.80999999988,54239.42333189965,33889.280332000104,1663.920505849935,129395.08999999992,11983.380000000008,0,31912.0,14475.0,8862.6,6983.8,3377.7999999999997,9361.0,971.5,30.8,69276790932.26888,123.06286097426285,1165.3292306643755
3,374893.5799999994,165210.48999999993,53905.24993169963,35612.878524000116,3189.9908266499615,142744.22999999998,13630.439999999971,0,31912.0,14475.0,8862.6,6983.8,3377.7999999999997,9361.0,971.5,30.8,107658169487.53369,124.74212420528806,1186.4645124450158
4,206131.96000000005,99797.5099999999,37562.0345512,28041.973878000004,3085.7152353499755,83499.53999999995,205.63999999999993,0,31912.0,14475.0,8862.6,6983.8,3377.7999999999997,9361.0,971.5,30.8,95606437211.51642,36.84447853632995,661.7797412589812
5,398919.69999999896,173463.0499999999,54531.22059429993,36615.820808000055,3137.0910781499756,119322.60999999993,12983.935000000005,0,31912.0,14475.0,8862.6,6983.8,3377.7999999999997,9361.0,971.5,30.8,155710789745.3967,123.92147391214412,1252.3398767738986
6,209174.34999999983,89665.03999999994,36117.062158999885,26490.90152499999,3026.461609899976,105792.07999999993,164.89999999999998,0,31912.0,14475.0,8862.6,6983.8,3377.7999999999997,9361.0,971.5,30.8,137101659699.38428,37.32164378393666,646.7282355459205
7,268465.1600000002,90685.06999999992,39106.61319759978,29659.035014500012,7173.755232049936,86332.90999999996,3117.579999999993,0,31912.0,14475.0,8862.6,6983.8,3377.7999999999997,9361.0,971.5,30.8,114422600992.02066,40.44956467694342,775.4530325078593
