,contributed_CCGT,contributed_Coal,contributed_Onshore,contributed_Offshore,contributed_PV,contributed_Nuclear,contributed_Recip_gas,contributed_Biomass,total_CCGT,total_Coal,total_Onshore,total_Offshore,total_PV,total_Nuclear,total_Recip_gas,Carbon_tax,total_genco_wealth,Electricity_cost,Carbon_emitted
0,365456.1699999986,156745.6500000001,63534.21756889967,35828.940305000106,3154.393300099939,89681.34999999995,12640.069999999992,0,31912.0,14475.0,8862.6,6983.8,3377.7999999999997,9361.0,971.5,30.8,33883704242.019756,122.32848475162014,1146.4076919986992
1,301331.68,121946.58999999998,57070.57623199988,34280.49273900002,3117.133317699976,58405.63999999998,7858.9399999999905,0,31912.0,14475.0,8862.6,6983.8,3377.7999999999997,9361.0,971.5,30.8,37424917106.04845,66.92265211729278,928.7371014728174
2,369667.7899999987,176135.4000000002,64726.97874789965,35974.42456500002,1662.6409343999305,68311.27999999996,11981.44,0,31912.0,14475.0,8862.6,6983.8,3377.7999999999997,9361.0,971.5,30.8,70403771219.1702,122.79996076380313,1196.886511069199
3,388143.57999999844,178004.87000000008,68086.77404319917,38370.5679360001,3189.8940234999627,90592.17999999993,14447.17999999997,0,31912.0,14475.0,8862.6,6983.8,3377.7999999999997,9361.0,971.5,30.8,110311863831.92838,125.49231948041172,1241.2064285882593
4,200912.75999999992,107082.38999999998,45047.95362099988,27466.332753000002,3006.372028349981,37079.22,400.60999999999973,0,31912.0,14475.0,8862.6,6983.8,3377.7999999999997,9361.0,971.5,30.8,98539642976.82153,36.41340449346766,667.8832307012199
5,384124.87999999843,173074.98000000024,62827.615762999885,36878.96940200006,3123.169757449978,93145.21999999994,12971.324999999988,0,31912.0,14475.0,8862.6,6983.8,3377.7999999999997,9361.0,971.5,30.8,157272493447.52145,125.79034023036282,1219.0519352520414
6,225070.72999999984,78994.26999999993,44218.2200344997,27901.995132999986,4220.81830399998,53800.07999999999,293.90999999999985,0,31912.0,14475.0,8862.6,6983.8,3377.7999999999997,9361.0,971.5,30.8,139715895391.82083,37.94808045906386,654.3620017694597
7,238587.33000000007,108626.80999999998,46740.742010899674,28888.22226900001,7100.962845349931,53800.07999999999,3782.0299999999943,0,31912.0,14475.0,8862.6,6983.8,3377.7999999999997,9361.0,971.5,30.8,117680185040.96297,39.60926316832922,753.8693235403794
