,contributed_CCGT,contributed_Coal,contributed_Onshore,contributed_Offshore,contributed_PV,contributed_Nuclear,contributed_Recip_gas,contributed_Biomass,total_CCGT,total_Coal,total_Onshore,total_Offshore,total_PV,total_Nuclear,total_Recip_gas,Carbon_tax,total_genco_wealth,Electricity_cost,Carbon_emitted
0,356794.2599999984,255218.85,23300.55530880004,29579.745223999984,3154.551064599939,92208.19999999995,13269.59999999999,0,31912.0,14475.0,8862.6,6983.8,3377.7999999999997,9361.0,971.5,30.8,30912885164.269497,146.7647954084683,1334.5870124522976
1,270160.4700000001,230756.50000000003,22846.707275900022,29319.430783999964,3120.509975349978,77280.86999999998,9809.609999999977,0,31912.0,14475.0,8862.6,6983.8,3377.7999999999997,9361.0,971.5,30.8,25518597842.355225,55.32482430521125,1096.1872305069985
2,351582.6399999987,258332.23999999996,20497.96889899987,28767.817311999985,1656.8583585999327,97393.81999999996,13257.95999999999,0,31912.0,14475.0,8862.6,6983.8,3377.7999999999997,9361.0,971.5,30.8,64837861328.24693,168.2077014654965,1330.931006871517
3,373431.3399999985,260367.62999999998,23278.20383160005,29656.706700000013,3187.892091749965,105218.80999999994,13269.59999999999,0,31912.0,14475.0,8862.6,6983.8,3377.7999999999997,9361.0,971.5,30.8,102482095382.7685,157.68372060299882,1380.773431926736
4,177835.89000000022,195534.72000000003,19529.332195199953,25357.556027999988,3081.9332780999775,60051.72999999998,200.78999999999996,0,31912.0,14475.0,8862.6,6983.8,3377.7999999999997,9361.0,971.5,30.8,88445050725.00261,41.48231602980031,797.7302435385624
5,375596.9999999985,261199.94,23464.752699000044,29595.668287999964,3122.2863189999775,98596.61999999995,13242.439999999991,0,31912.0,14475.0,8862.6,6983.8,3377.7999999999997,9361.0,971.5,30.8,142591159538.58932,156.3304094161148,1386.971801796116
6,176247.0600000002,199447.8399999999,17142.241230800006,21639.58907899998,2918.1839987999806,74993.60999999999,174.6,0,31912.0,14475.0,8862.6,6983.8,3377.7999999999997,9361.0,971.5,30.8,120247022705.76312,38.73038156059577,803.4667391603217
7,232212.3900000002,181484.90999999997,24291.502546100044,29891.325882000005,7176.925577349932,69769.18999999997,209.51999999999995,0,31912.0,14475.0,8862.6,6983.8,3377.7999999999997,9361.0,971.5,30.8,94489556329.27103,42.40833074487869,886.023239304182
