,contributed_CCGT,contributed_Coal,contributed_Onshore,contributed_Offshore,contributed_PV,contributed_Nuclear,contributed_Recip_gas,contributed_Biomass,total_CCGT,total_Coal,total_Onshore,total_Offshore,total_PV,total_Nuclear,total_Recip_gas,Carbon_tax,total_genco_wealth,Electricity_cost,Carbon_emitted
0,311176.6599999997,266026.27,57001.470832399835,27445.06330399998,3173.640379949936,94791.30999999994,12456.739999999989,0,31912.0,14475.0,8862.6,6983.8,3377.7999999999997,9361.0,971.5,30.8,95421363111.01828,317.66826733276196,1254.791604345459
1,252831.40000000005,238408.36,49591.31021759989,23483.981911999963,3130.145950799974,72967.27999999996,5399.019999999996,0,31912.0,14475.0,8862.6,6983.8,3377.7999999999997,9361.0,971.5,30.8,108090700473.06992,88.1896819425483,1056.7109967672811
2,313903.7899999996,248463.6499999999,53157.604224799725,26138.017089000004,1674.9479012999336,112404.56999999998,12476.139999999989,0,31912.0,14475.0,8862.6,6983.8,3377.7999999999997,9361.0,971.5,30.8,230882057573.04077,336.760416567964,1227.0851651026974
3,355453.5399999997,255406.00999999992,52019.39259629958,28734.228216000018,3183.6882394499626,106602.02999999993,11885.409999999985,0,31912.0,14475.0,8862.6,6983.8,3377.7999999999997,9361.0,971.5,30.8,369290118679.29144,349.24657107638814,1331.7248632819776
4,161861.14000000004,184104.06000000003,37535.52068759996,18398.016368999975,2756.6897981499774,74385.41999999994,323.0099999999998,0,31912.0,14475.0,8862.6,6983.8,3377.7999999999997,9361.0,971.5,30.8,357512885634.1934,34.57684816572157,740.0904654558799
5,326013.25999999966,264516.34,62094.70213479985,27459.837247999963,3142.446705949975,106181.04999999996,12426.669999999993,0,31912.0,14475.0,8862.6,6983.8,3377.7999999999997,9361.0,971.5,30.8,596089745949.2454,356.02691461430976,1281.526815143319
6,156713.24000000002,202354.99000000002,35712.922406599864,17484.10468399998,4171.070396699982,73291.25999999995,375.38999999999976,0,31912.0,14475.0,8862.6,6983.8,3377.7999999999997,9361.0,971.5,30.8,576291309765.1714,33.25880359699246,770.4716485560198
7,188735.98999999967,215541.33999999994,41643.82144929983,21997.781733999997,6098.330974049965,69296.79999999994,359.8699999999998,0,31912.0,14475.0,8862.6,6983.8,3377.7999999999997,9361.0,971.5,30.8,554286117495.9177,38.032641263507486,865.2007882333189
