,contributed_CCGT,contributed_Coal,contributed_Onshore,contributed_Offshore,contributed_PV,contributed_Nuclear,contributed_Recip_gas,contributed_Biomass,total_CCGT,total_Coal,total_Onshore,total_Offshore,total_PV,total_Nuclear,total_Recip_gas,Carbon_tax,total_genco_wealth,Electricity_cost,Carbon_emitted
0,417087.99999999773,211037.8999999998,23300.55530880004,29579.745223999984,3154.551064599939,74337.88999999998,13085.300000000001,0,31912.0,14475.0,8862.6,6983.8,3377.7999999999997,9361.0,971.5,30.8,38678712467.96794,173.76064389522875,1358.9480618641974
1,326483.459999999,200476.3599999997,22636.130548200024,28867.427167999962,3120.9493971999777,55173.600000000006,4351.419999999999,0,31912.0,14475.0,8862.6,6983.8,3377.7999999999997,9361.0,971.5,30.8,38205821839.76471,72.67096331242244,1130.998770671281
2,402783.4799999977,220972.46999999983,21601.84304159999,29224.130127999983,1658.8179513999326,78066.56999999998,13068.810000000001,0,31912.0,14475.0,8862.6,6983.8,3377.7999999999997,9361.0,971.5,30.8,83192410762.7216,189.1330090535126,1351.1674311930553
3,410645.3999999977,241376.19999999995,23278.20383160005,29656.706700000013,3188.160174599965,81122.06999999998,13952.48,0,31912.0,14475.0,8862.6,6983.8,3377.7999999999997,9361.0,971.5,30.8,139902947278.04596,216.61647676520474,1415.3267812075953
4,232354.4000000004,168739.88999999996,17832.233784900014,22819.46798899998,3024.2444019499812,45599.70000000001,0.0,0,31912.0,14475.0,8862.6,6983.8,3377.7999999999997,9361.0,971.5,30.8,125558537458.07085,40.48617397628333,849.1294547462232
5,412973.05999999767,230822.9399999999,23464.752699000044,29595.668287999964,3122.2863189999775,84625.70999999996,13076.570000000002,0,31912.0,14475.0,8862.6,6983.8,3377.7999999999997,9361.0,971.5,30.8,214994390204.13715,218.46025396320337,1394.725310450116
6,238345.28000000026,147188.71,17721.117850200008,22545.680363999974,3383.45226729998,55173.600000000006,0.0,0,31912.0,14475.0,8862.6,6983.8,3377.7999999999997,9361.0,971.5,30.8,193267926275.58142,42.3540241090777,820.5950386365832
7,281099.0599999998,163712.43999999997,21600.112862300062,26222.576305,7111.090447149937,48024.70000000001,116.39999999999999,0,31912.0,14475.0,8862.6,6983.8,3377.7999999999997,9361.0,971.5,30.8,167833178500.79413,43.200089906130465,946.3408614711225
