,contributed_CCGT,contributed_Coal,contributed_Onshore,contributed_Offshore,contributed_PV,contributed_Nuclear,contributed_Recip_gas,contributed_Biomass,total_CCGT,total_Coal,total_Onshore,total_Offshore,total_PV,total_Nuclear,total_Recip_gas,Carbon_tax,total_genco_wealth,Electricity_cost,Carbon_emitted
0,368750.7799999984,267009.60000000003,23300.55530880004,29579.745223999984,3154.551064599939,69999.07999999999,13269.59999999999,0,31912.0,14475.0,8862.6,6983.8,3377.7999999999997,9361.0,971.5,30.8,38451822369.30499,173.08479928776674,1385.2158137007968
1,286882.20000000007,238257.55,23457.71835600004,29595.668287999964,3122.1345018999777,53047.36,5774.894999999997,0,31912.0,14475.0,8862.6,6983.8,3377.7999999999997,9361.0,971.5,30.8,36077388193.71164,65.99394163838375,1136.9257789248984
2,368670.0399999986,250579.97,21448.524948299942,29224.130127999983,1658.8830741499328,79064.69999999997,13969.939999999988,0,31912.0,14475.0,8862.6,6983.8,3377.7999999999997,9361.0,971.5,30.8,80304611598.65652,182.86592012408673,1350.689518178057
3,388297.71999999805,260229.02999999994,23278.20383160005,29656.706700000013,3187.892091749965,82148.32999999997,14893.379999999983,0,31912.0,14475.0,8862.6,6983.8,3377.7999999999997,9361.0,971.5,30.8,128174318432.7611,188.81458479805292,1413.9391849639358
4,193535.52000000037,202013.30000000002,17107.796036099997,21624.384214999987,3024.2444019499812,48197.36,183.32999999999998,0,31912.0,14475.0,8862.6,6983.8,3377.7999999999997,9361.0,971.5,30.8,114098962090.04024,40.75977277711733,846.7938481334021
5,376121.2999999984,274599.1300000001,23464.752699000044,29595.668287999964,3122.2863189999775,80078.34999999998,13271.53999999999,0,31912.0,14475.0,8862.6,6983.8,3377.7999999999997,9361.0,971.5,30.8,198853170505.4884,206.2387294543449,1417.9941295637361
6,201004.53000000038,194865.09000000003,17440.220681500003,22105.002818999976,4197.015489899982,48403.97,139.68000000000004,0,31912.0,14475.0,8862.6,6983.8,3377.7999999999997,9361.0,971.5,30.8,174957236903.22406,40.76875418979605,852.3860151958219
7,216676.2900000003,218628.86000000016,23173.546399400042,27822.281210000005,7352.530042849923,50553.490000000005,165.87,0,31912.0,14475.0,8862.6,6983.8,3377.7999999999997,9361.0,971.5,30.8,148323304557.35413,42.88725803206717,938.2034522262827
