,contributed_CCGT,contributed_Coal,contributed_Onshore,contributed_Offshore,contributed_PV,contributed_Nuclear,contributed_Recip_gas,contributed_Biomass,total_CCGT,total_Coal,total_Onshore,total_Offshore,total_PV,total_Nuclear,total_Recip_gas,Carbon_tax,total_genco_wealth,Electricity_cost,Carbon_emitted
0,359845.83999999845,255012.65999999997,23282.62330680004,29579.745223999984,3154.551064599939,94139.46999999997,13267.659999999989,0,31912.0,14475.0,8862.6,6983.8,3377.7999999999997,9361.0,971.5,30.8,30397526052.59832,145.00157015795233,1340.3176896986765
1,265142.7000000001,237095.02000000014,23462.781465000044,29595.668287999964,3121.7861523999777,81549.83999999997,3705.885,0,31912.0,14475.0,8862.6,6983.8,3377.7999999999997,9361.0,971.5,30.8,24408307945.089226,56.1225695543028,1084.1520971479604
2,351273.8999999991,255762.36999999997,21396.572078099925,29224.130127999983,1657.859040049933,100699.57999999996,13268.62999999999,0,31912.0,14475.0,8862.6,6983.8,3377.7999999999997,9361.0,971.5,30.8,64275446197.0692,169.10589360895673,1324.591521993257
3,379940.6699999984,250207.87999999995,23145.384030500045,29656.706700000013,3187.892091749965,107752.44999999994,13270.56999999999,0,31912.0,14475.0,8862.6,6983.8,3377.7999999999997,9361.0,971.5,30.8,102061331249.46234,158.85147368951633,1371.3188950962362
4,162989.82000000033,196000.78000000003,19831.908524399987,26049.88291099998,3100.1238183499772,73268.94999999998,192.05999999999997,0,31912.0,14475.0,8862.6,6983.8,3377.7999999999997,9361.0,971.5,30.8,87279713065.19514,40.391999608815134,768.614964890441
5,384194.6199999981,255477.96999999994,23402.15886090004,29595.668287999964,3122.2863189999775,96246.30999999997,13259.89999999999,0,31912.0,14475.0,8862.6,6983.8,3377.7999999999997,9361.0,971.5,30.8,141325834007.8682,156.77494094868916,1391.692421782056
6,194399.34000000043,178086.03999999983,18487.27546389999,23921.373017499976,4211.793707499979,66880.52999999998,209.51999999999995,0,31912.0,14475.0,8862.6,6983.8,3377.7999999999997,9361.0,971.5,30.8,119558212373.75073,40.36117345201417,799.0948457639224
7,210682.3800000004,205869.45000000013,22378.15069650004,27121.068768000005,7163.248715299931,73646.27999999997,183.32999999999998,0,31912.0,14475.0,8862.6,6983.8,3377.7999999999997,9361.0,971.5,30.8,92234421515.00507,40.19430145369695,891.1307490111029
