,contributed_CCGT,contributed_Coal,contributed_Onshore,contributed_Offshore,contributed_PV,contributed_Nuclear,contributed_Recip_gas,contributed_Biomass,total_CCGT,total_Coal,total_Onshore,total_Offshore,total_PV,total_Nuclear,total_Recip_gas,Carbon_tax,total_genco_wealth,Electricity_cost,Carbon_emitted
0,418226.1899999977,200580.7699999997,23300.55530880004,29579.745223999984,3154.551064599939,78357.56999999993,15015.599999999975,0,31912.0,14475.0,8862.6,6983.8,3377.7999999999997,9361.0,971.5,30.8,26794886781.33563,139.88605743863886,1342.814456956454
1,342191.3499999993,187647.37999999992,23464.752699000044,29595.668287999964,3122.2863189999775,34643.549999999974,13089.180000000008,0,31912.0,14475.0,8862.6,6983.8,3377.7999999999997,9361.0,971.5,30.8,30874902847.099407,87.98915376038838,1154.8165985772384
2,386359.30999999837,217337.63999999966,21601.84304159999,29224.130127999983,1658.9456695999324,92993.89999999997,14980.679999999977,0,31912.0,14475.0,8862.6,6983.8,3377.7999999999997,9361.0,971.5,30.8,61484297339.47927,148.62544593834699,1315.3978394807143
3,407326.87999999785,222894.37999999963,23278.20383160005,29656.706700000013,3188.160174599965,101658.90999999997,15006.869999999975,0,31912.0,14475.0,8862.6,6983.8,3377.7999999999997,9361.0,971.5,30.8,93590263859.34596,148.80186632408876,1370.414470803236
4,242802.0600000002,151207.0499999999,20864.49209989998,26920.33997149998,3115.452450049977,22641.73999999999,8134.420000000003,0,31912.0,14475.0,8862.6,6983.8,3377.7999999999997,9361.0,971.5,30.8,80971908695.9714,51.17392690150108,860.6667085558994
5,400842.98999999836,228202.35999999972,23464.752699000044,29595.668287999964,3122.2863189999775,103957.80999999997,14989.409999999976,0,31912.0,14475.0,8862.6,6983.8,3377.7999999999997,9361.0,971.5,30.8,133611372772.36694,150.42105372063725,1369.0609462592731
6,241940.2200000003,154506.99,21037.668198099956,27189.195918499983,4433.254339999981,24700.079999999987,9910.974999999991,0,31912.0,14475.0,8862.6,6983.8,3377.7999999999997,9361.0,971.5,30.8,116726362257.26595,50.50906842794219,869.8870595220213
7,271653.9000000004,157085.99999999994,30579.07972619992,36722.037409000055,7412.85039549993,24700.079999999987,10282.485000000011,0,31912.0,14475.0,8862.6,6983.8,3377.7999999999997,9361.0,971.5,30.8,99320815640.06015,54.4032395645987,936.7147929779994
