,contributed_CCGT,contributed_Coal,contributed_Onshore,contributed_Offshore,contributed_PV,contributed_Nuclear,contributed_Recip_gas,contributed_Biomass,total_CCGT,total_Coal,total_Onshore,total_Offshore,total_PV,total_Nuclear,total_Recip_gas,Carbon_tax,total_genco_wealth,Electricity_cost,Carbon_emitted
0,345212.04999999946,222904.67999999967,57893.016369099954,26641.014235999985,3173.0981082999356,106750.43999999992,12176.40999999999,0,31912.0,14475.0,8862.6,6983.8,3377.7999999999997,9361.0,971.5,30.8,107993887140.28981,352.19149362935735,1223.6429858226409
1,263038.91000000003,202996.57999999955,50909.184111199975,23995.24804799996,3134.271533599973,86015.71999999991,6519.369999999987,0,31912.0,14475.0,8862.6,6983.8,3377.7999999999997,9361.0,971.5,30.8,125338468946.6505,110.69518463473055,1000.7359871788398
2,369038.1999999987,219773.17999999961,51773.91256229964,25787.13389200001,1666.4066026499347,91282.8199999999,11997.92999999999,0,31912.0,14475.0,8862.6,6983.8,3377.7999999999997,9361.0,971.5,30.8,239510182375.82214,351.21174086071863,1275.2932730856407
3,343739.07999999996,262417.79999999993,54441.88232359977,24710.593032000008,3193.107478699961,111226.02,13711.91999999997,0,31912.0,14475.0,8862.6,6983.8,3377.7999999999997,9361.0,971.5,30.8,378503313244.25397,352.12685191263245,1316.6652789643986
4,178254.80999999976,168114.0099999998,37418.69776759999,19060.234502999974,2763.052409349977,73291.25999999995,295.84999999999985,0,31912.0,14475.0,8862.6,6983.8,3377.7999999999997,9361.0,971.5,30.8,365918228012.6009,36.781879191538515,737.6815248459811
5,374409.549999999,221037.78999999963,59605.269118499935,27948.717247999964,3139.836866349975,123849.59999999998,12859.289999999983,0,31912.0,14475.0,8862.6,6983.8,3377.7999999999997,9361.0,971.5,30.8,572090011780.1831,356.5555943881154,1280.1343826104214
6,175880.0999999998,173523.6699999997,36868.79100329984,17696.304321999974,3169.8530753999758,73170.97999999995,358.8999999999998,0,31912.0,14475.0,8862.6,6983.8,3377.7999999999997,9361.0,971.5,30.8,552089727207.1361,36.42397496048222,745.2487982706601
7,209319.54999999987,185581.00999999966,43315.94944059986,23047.507451999998,6101.055084549975,74376.68999999994,3085.0849999999978,0,31912.0,14475.0,8862.6,6983.8,3377.7999999999997,9361.0,971.5,30.8,528400462006.8214,39.84194562561792,845.7586004019805
