,contributed_CCGT,contributed_Coal,contributed_Onshore,contributed_Offshore,contributed_PV,contributed_Nuclear,contributed_Recip_gas,contributed_Biomass,total_CCGT,total_Coal,total_Onshore,total_Offshore,total_PV,total_Nuclear,total_Recip_gas,Carbon_tax,total_genco_wealth,Electricity_cost,Carbon_emitted
0,412932.27999999793,215027.2699999998,23300.55530880004,29579.745223999984,3154.551064599939,74350.5,13086.27,0,31912.0,14475.0,8862.6,6983.8,3377.7999999999997,9361.0,971.5,30.8,38214434532.91385,173.6009071860866,1359.415791603456
1,315712.41999999917,209064.31999999975,23143.04694160003,29595.668287999964,3120.758267649978,55173.600000000006,3973.12,0,31912.0,14475.0,8862.6,6983.8,3377.7999999999997,9361.0,971.5,30.8,37776770274.496185,72.6521046852892,1126.5573878793614
2,402256.3399999977,219337.25999999986,20536.103847599865,28657.835811999987,1656.8583585999327,81103.63999999998,13077.54,0,31912.0,14475.0,8862.6,6983.8,3377.7999999999997,9361.0,971.5,30.8,83119944956.11348,186.921868479855,1346.4662545694757
3,421656.6599999977,224479.67999999985,23226.465729100048,29656.706700000013,3188.160174599965,83593.62999999998,14717.324999999992,0,31912.0,14475.0,8862.6,6983.8,3377.7999999999997,9361.0,971.5,30.8,141479179578.49783,221.10543403867578,1401.529413422635
4,216905.56000000026,176931.56999999986,18425.88050700003,23748.248855499987,3045.8572347499803,44639.40000000001,0.0,0,31912.0,14475.0,8862.6,6983.8,3377.7999999999997,9361.0,971.5,30.8,126965889005.54088,41.18423213366049,836.0472079148632
5,413685.05999999767,232244.1499999998,23464.752699000044,29595.668287999964,3122.2863189999775,81992.15999999997,13094.03,0,31912.0,14475.0,8862.6,6983.8,3377.7999999999997,9361.0,971.5,30.8,215578939176.25708,217.1576978731226,1399.3773994016951
6,234287.36000000022,157492.16999999998,18941.60494659996,24495.506286999986,4205.228816899979,47898.600000000006,0.0,0,31912.0,14475.0,8862.6,6983.8,3377.7999999999997,9361.0,971.5,30.8,193290283166.97473,41.75145776465448,835.3485810736631
7,272610.4200000001,165806.55,21252.86138860004,25867.802947000004,6729.518255349939,53000.8,698.4,0,31912.0,14475.0,8862.6,6983.8,3377.7999999999997,9361.0,971.5,30.8,167567639779.38385,43.365948786566456,934.9631751369025
