,contributed_CCGT,contributed_Coal,contributed_Onshore,contributed_Offshore,contributed_PV,contributed_Nuclear,contributed_Recip_gas,contributed_Biomass,total_CCGT,total_Coal,total_Onshore,total_Offshore,total_PV,total_Nuclear,total_Recip_gas,Carbon_tax,total_genco_wealth,Electricity_cost,Carbon_emitted
0,404342.3999999977,200571.98999999996,23300.55530880004,29579.745223999984,3154.551064599939,97933.13999999988,13289.969999999996,0,31912.0,14475.0,8862.6,6983.8,3377.7999999999997,9361.0,971.5,30.8,13239415370.965757,93.25063234999736,1309.2594033220141
1,323918.37999999896,176464.13999999993,23137.97677100003,29595.668287999964,3121.039424799978,78011.27999999991,5088.619999999992,0,31912.0,14475.0,8862.6,6983.8,3377.7999999999997,9361.0,971.5,30.8,9602476530.950735,64.72480457511726,1072.7359752277223
2,416339.41999999795,191270.37999999977,20522.96551769986,28647.955887999982,1657.0670896999327,97787.63999999988,13288.999999999995,0,31912.0,14475.0,8862.6,6983.8,3377.7999999999997,9361.0,971.5,30.8,28850788408.656254,117.9912315638635,1313.7327508712358
3,417235.0999999978,212542.65999999974,23196.870515000042,29656.706700000013,3188.160174599965,103674.56999999989,14736.72499999997,0,31912.0,14475.0,8862.6,6983.8,3377.7999999999997,9361.0,971.5,30.8,52920648077.690414,131.00467300482524,1365.9567860686764
4,250415.53000000014,123135.19000000003,17326.45331000001,21947.814270499977,3024.2444019499812,66767.03999999994,165.87,0,31912.0,14475.0,8862.6,6983.8,3377.7999999999997,9361.0,971.5,30.8,37915420034.54739,42.23365347572004,784.462447735622
5,435070.8999999978,188023.36999999976,23464.752699000044,29595.668287999964,3122.2863189999775,110702.21999999997,13406.369999999995,0,31912.0,14475.0,8862.6,6983.8,3377.7999999999997,9361.0,971.5,30.8,73955452279.24442,129.88988044307933,1344.797754431257
6,226501.3600000002,154458.34999999995,18163.101046799995,23144.298268499962,4202.083363199979,65725.25999999994,206.60999999999993,0,31912.0,14475.0,8862.6,6983.8,3377.7999999999997,9361.0,971.5,30.8,51038533826.637535,40.753584238806496,810.4202504533024
7,295540.7799999996,114673.5,21992.12412270004,26754.728894000003,7010.41296414993,67971.77999999994,4250.539999999995,0,31912.0,14475.0,8862.6,6983.8,3377.7999999999997,9361.0,971.5,30.8,25683894965.329826,44.558850748345215,878.3211433530037
