,contributed_CCGT,contributed_Coal,contributed_Onshore,contributed_Offshore,contributed_PV,contributed_Nuclear,contributed_Recip_gas,contributed_Biomass,total_CCGT,total_Coal,total_Onshore,total_Offshore,total_PV,total_Nuclear,total_Recip_gas,Carbon_tax,total_genco_wealth,Electricity_cost,Carbon_emitted
0,325703.7299999994,245036.70999999982,55679.486292199916,27679.367629999982,3171.8465584999353,94149.16999999991,12298.629999999994,0,31912.0,14475.0,8862.6,6983.8,3377.7999999999997,9361.0,971.5,30.8,95766263796.63826,328.9124461890536,1234.808820620578
1,240149.06000000006,236105.0999999999,51023.83337760003,24588.50655849997,3126.536360699975,77777.50999999994,3721.8899999999985,0,31912.0,14475.0,8862.6,6983.8,3377.7999999999997,9361.0,971.5,30.8,105565840996.84096,85.9498991374258,1022.4689925898
2,338048.1799999995,244639.7499999998,54021.3404143998,22885.112533000014,1663.5740478499347,94429.49999999991,12138.579999999989,0,31912.0,14475.0,8862.6,6983.8,3377.7999999999997,9361.0,971.5,30.8,219226725574.52954,346.44274708377657,1260.973087190499
3,383129.0899999991,245661.11999999988,60422.11567299959,26929.87800000001,3201.0588979499603,86236.87999999992,13690.094999999981,0,31912.0,14475.0,8862.6,6983.8,3377.7999999999997,9361.0,971.5,30.8,360596929091.3412,353.65122845318893,1368.6435522757588
4,137409.01000000007,209661.05000000008,39753.970003099945,19060.234502999974,3037.146366649978,68901.03999999995,340.4699999999998,0,31912.0,14475.0,8862.6,6983.8,3377.7999999999997,9361.0,971.5,30.8,347334857340.69617,33.068746878815595,747.4686920479005
5,329592.70999999956,275776.98000000004,56749.11677700004,27359.065869999984,3139.934664649975,110288.02999999997,11952.339999999991,0,31912.0,14475.0,8862.6,6983.8,3377.7999999999997,9361.0,971.5,30.8,572208562823.569,350.57983402484734,1313.0043879980378
6,166840.05999999988,183648.88,37541.66577339981,19234.660525999967,2680.8440405999722,75934.50999999994,305.54999999999984,0,31912.0,14475.0,8862.6,6983.8,3377.7999999999997,9361.0,971.5,30.8,552797185649.7076,35.26655768197974,749.3825899142406
7,189718.5499999997,199272.2700000001,42800.04747159983,22136.217862,6753.200617949948,80230.63999999993,306.51999999999987,0,31912.0,14475.0,8862.6,6983.8,3377.7999999999997,9361.0,971.5,30.8,528812227304.2682,37.62044690543794,830.8315239534606
