,contributed_CCGT,contributed_Coal,contributed_Onshore,contributed_Offshore,contributed_PV,contributed_Nuclear,contributed_Recip_gas,contributed_Biomass,total_CCGT,total_Coal,total_Onshore,total_Offshore,total_PV,total_Nuclear,total_Recip_gas,Carbon_tax,total_genco_wealth,Electricity_cost,Carbon_emitted
0,421125.8199999977,201068.98999999964,23300.55530880004,29579.745223999984,3154.551064599939,73340.72999999995,15033.059999999974,0,31912.0,14475.0,8862.6,6983.8,3377.7999999999997,9361.0,971.5,30.8,26980192112.954887,140.3113373413938,1349.8255627880142
1,323807.43999999977,210337.39999999967,23464.752699000044,29595.668287999964,3122.2863189999775,31876.13999999999,12846.195000000009,0,31912.0,14475.0,8862.6,6983.8,3377.7999999999997,9361.0,971.5,30.8,31097966559.297714,88.21584454661843,1165.7861276151973
2,398975.4599999983,223467.82999999975,21601.84304159999,29224.130127999983,1658.9456695999324,78006.42999999995,14980.679999999977,0,31912.0,14475.0,8862.6,6983.8,3377.7999999999997,9361.0,971.5,30.8,60080640186.18043,146.91820630604147,1354.6875176863327
3,390918.7399999983,222154.93999999968,23278.20383160005,29656.706700000013,3188.160174599965,119368.19999999994,15033.059999999974,0,31912.0,14475.0,8862.6,6983.8,3377.7999999999997,9361.0,971.5,30.8,93334140356.15207,149.95679995153557,1335.5091273661135
4,252652.3800000003,137920.83000000002,19945.299341899994,25431.29929349999,3107.9707166999765,24700.079999999987,8795.474999999993,0,31912.0,14475.0,8862.6,6983.8,3377.7999999999997,9361.0,971.5,30.8,83016590995.70004,51.301557111224575,852.3579550703388
5,406421.999999998,228597.55999999974,23464.752699000044,29595.668287999964,3122.2863189999775,99982.74999999994,15757.649999999972,0,31912.0,14475.0,8862.6,6983.8,3377.7999999999997,9361.0,971.5,30.8,137625640793.59958,150.90042168763725,1382.8749219288752
6,243587.22000000032,151281.31,22053.562884799976,28102.54726499998,4456.017313199982,21612.569999999992,9241.674999999994,0,31912.0,14475.0,8862.6,6983.8,3377.7999999999997,9361.0,971.5,30.8,120152343278.18668,50.219114736302714,864.6740146213817
7,268420.10000000044,164045.33999999994,29688.06066669994,35683.78168700004,7408.2674055999305,24700.079999999987,10980.885000000013,0,31912.0,14475.0,8862.6,6983.8,3377.7999999999997,9361.0,971.5,30.8,103133420232.57693,54.638752065151465,947.0969883353198
