,contributed_CCGT,contributed_Coal,contributed_Onshore,contributed_Offshore,contributed_PV,contributed_Nuclear,contributed_Recip_gas,contributed_Biomass,total_CCGT,total_Coal,total_Onshore,total_Offshore,total_PV,total_Nuclear,total_Recip_gas,Carbon_tax,total_genco_wealth,Electricity_cost,Carbon_emitted
0,370020.9399999985,256064.15,23300.55530880004,29579.745223999984,3154.551064599939,76839.51999999997,13269.59999999999,0,31912.0,14475.0,8862.6,6983.8,3377.7999999999997,9361.0,971.5,30.8,38067968729.62381,172.2804495649982,1364.247543261697
1,295784.69999999984,227662.86000000022,23451.861981000045,29595.668287999964,3122.091428349978,55334.62,6874.874999999986,0,31912.0,14475.0,8862.6,6983.8,3377.7999999999997,9361.0,971.5,30.8,35462231187.24697,65.301779455948,1135.3437632482792
2,372436.6199999986,255354.73,21223.424274799912,29224.130127999983,1657.604777749933,75448.53999999998,13268.62999999999,0,31912.0,14475.0,8862.6,6983.8,3377.7999999999997,9361.0,971.5,30.8,78323934056.80424,180.2968336340398,1366.6894461925365
3,388878.65999999805,255603.57999999993,23184.16791880004,29656.706700000013,3187.751667399965,86789.77999999997,14144.054999999988,0,31912.0,14475.0,8862.6,6983.8,3377.7999999999997,9361.0,971.5,30.8,125838168757.47296,186.8476624969676,1403.2761435348361
4,180892.65000000034,211794.4200000001,18956.01889440001,24104.212667999982,3045.13868554998,47329.20999999999,148.41000000000003,0,31912.0,14475.0,8862.6,6983.8,3377.7999999999997,9361.0,971.5,30.8,110857366028.88834,40.621972722056285,840.1109969991611
5,382935.1999999982,267240.28,23464.752699000044,29595.668287999964,3122.2863189999775,79060.81999999998,13269.59999999999,0,31912.0,14475.0,8862.6,6983.8,3377.7999999999997,9361.0,971.5,30.8,195231422085.30807,208.4990078207483,1415.401885191436
6,181889.5200000002,211630.28000000014,18350.24575610001,23417.633208999963,3001.92839269998,48059.62,200.78999999999996,0,31912.0,14475.0,8862.6,6983.8,3377.7999999999997,9361.0,971.5,30.8,172653726387.72534,40.40892247455677,845.6658109114433
7,228039.78000000026,200292.52999999997,28701.97083049994,35365.310451000034,7392.312819399929,49409.86,192.05999999999997,0,31912.0,14475.0,8862.6,6983.8,3377.7999999999997,9361.0,971.5,30.8,146577928811.25848,44.029859095676194,919.5318925369422
