,contributed_CCGT,contributed_Coal,contributed_Onshore,contributed_Offshore,contributed_PV,contributed_Nuclear,contributed_Recip_gas,contributed_Biomass,total_CCGT,total_Coal,total_Onshore,total_Offshore,total_PV,total_Nuclear,total_Recip_gas,Carbon_tax,total_genco_wealth,Electricity_cost,Carbon_emitted
0,346213.42999999964,161627.49999999994,53272.899064999736,29400.53544199999,3169.5838478999362,149177.27,13191.514999999996,0,31912.0,14475.0,8862.6,6983.8,3377.7999999999997,9361.0,971.5,30.8,31268758409.144283,126.31468260839226,1119.357713474997
1,306992.8599999999,121223.83999999984,48131.42173769983,25200.569407999974,3135.3116361999732,105979.28999999994,9754.319999999992,0,31912.0,14475.0,8862.6,6983.8,3377.7999999999997,9361.0,971.5,30.8,33964631174.134926,72.01351423724952,942.4641753683186
2,351562.83999999944,170698.8299999999,53050.50589429961,24992.887456000015,1674.4267899499334,145236.15999999997,13190.05999999999,0,31912.0,14475.0,8862.6,6983.8,3377.7999999999997,9361.0,971.5,30.8,71697439224.45593,123.95181816971574,1150.4558097443369
3,389440.55999999854,191224.02,54703.2917654996,27893.656596,3195.976403499961,123816.61999999994,13851.599999999968,0,31912.0,14475.0,8862.6,6983.8,3377.7999999999997,9361.0,971.5,30.8,109601011712.60635,132.9031501107913,1274.490375459958
4,206407.36999999965,98206.2699999999,40420.57027969993,20163.568758999965,3088.3664235499755,89329.23999999995,239.5899999999999,0,31912.0,14475.0,8862.6,6983.8,3377.7999999999997,9361.0,971.5,30.8,97293783657.08833,39.42593948864015,662.6846903854611
5,360239.0299999996,173797.5899999999,58901.77575519996,31584.255625999976,3137.8474074999754,141167.97999999998,13639.169999999971,0,31912.0,14475.0,8862.6,6983.8,3377.7999999999997,9361.0,971.5,30.8,160924757771.54733,131.3040737073454,1175.894735610817
6,216767.1099999997,98822.86999999991,36897.984404599854,18060.904061999976,4048.871882949975,89041.14999999995,864.2700000000015,0,31912.0,14475.0,8862.6,6983.8,3377.7999999999997,9361.0,971.5,30.8,140943323891.41617,37.87234821170231,683.996022992261
7,236516.01999999984,111297.94999999988,41191.05420979972,20458.201131999987,7187.094460999934,95250.11999999995,7406.435000000002,0,31912.0,14475.0,8862.6,6983.8,3377.7999999999997,9361.0,971.5,30.8,118417241672.0001,42.12553956103526,771.2527028440999
