,contributed_CCGT,contributed_Coal,contributed_Onshore,contributed_Offshore,contributed_PV,contributed_Nuclear,contributed_Recip_gas,contributed_Biomass,total_CCGT,total_Coal,total_Onshore,total_Offshore,total_PV,total_Nuclear,total_Recip_gas,Carbon_tax,total_genco_wealth,Electricity_cost,Carbon_emitted
0,402615.1399999978,221413.62999999977,23298.29773080004,29579.745223999984,3154.551064599939,75691.03999999998,13066.87,0,31912.0,14475.0,8862.6,6983.8,3377.7999999999997,9361.0,971.5,30.8,37252886460.37701,169.43270155022722,1352.6831263347362
1,326247.55999999895,191715.25999999992,23425.22784710004,29595.668287999964,3122.215872999978,55173.600000000006,8935.639999999989,0,31912.0,14475.0,8862.6,6983.8,3377.7999999999997,9361.0,971.5,30.8,37713138563.997284,75.75659537192648,1121.1533192534807
2,410956.3599999978,214802.14999999985,20528.517196299865,28540.189863999985,1657.6211753499324,75908.31999999998,13075.6,0,31912.0,14475.0,8862.6,6983.8,3377.7999999999997,9361.0,971.5,30.8,83131302070.41368,188.1049662722479,1354.8806815856954
3,417420.51999999775,229622.57999999993,23097.665889300046,29656.706700000013,3187.892091749965,84606.30999999997,13959.269999999999,0,31912.0,14475.0,8862.6,6983.8,3377.7999999999997,9361.0,971.5,30.8,140847623554.97263,219.90381568754353,1402.8670543468354
4,222243.73000000042,168352.9099999998,18796.000041100004,23898.31152049998,3024.2444019499812,46686.100000000006,0.0,0,31912.0,14475.0,8862.6,6983.8,3377.7999999999997,9361.0,971.5,30.8,126421761116.78702,41.71789311553403,830.5610069681819
5,430991.31999999785,216463.48999999982,23464.752699000044,29595.668287999964,3122.2863189999775,82513.04999999997,13077.54,0,31912.0,14475.0,8862.6,6983.8,3377.7999999999997,9361.0,971.5,30.8,217205703977.21445,220.1830944649884,1399.2626993390163
6,244790.1600000003,155222.3799999999,19145.13432359997,24441.579755499984,4213.9954235999785,42592.7,0.0,0,31912.0,14475.0,8862.6,6983.8,3377.7999999999997,9361.0,971.5,30.8,194972401277.33374,42.5573082653404,844.3999414872436
7,256332.57000000018,189650.85999999984,20100.953980900027,24220.855986000006,7007.413337649943,49363.3,116.39999999999999,0,31912.0,14475.0,8862.6,6983.8,3377.7999999999997,9361.0,971.5,30.8,168294560839.14508,41.30783297725728,953.0196556022821
