,contributed_CCGT,contributed_Coal,contributed_Onshore,contributed_Offshore,contributed_PV,contributed_Nuclear,contributed_Recip_gas,contributed_Biomass,total_CCGT,total_Coal,total_Onshore,total_Offshore,total_PV,total_Nuclear,total_Recip_gas,Carbon_tax,total_genco_wealth,Electricity_cost,Carbon_emitted
0,361020.24999999837,173023.9099999999,59092.62780449996,31268.327881999994,3175.7331575999356,124784.67999999992,13304.035,0,31912.0,14475.0,8862.6,6983.8,3377.7999999999997,9361.0,971.5,30.8,33595102678.112503,129.1821794853612,1175.0739001561767
1,295901.2000000002,134633.0799999998,56667.035706800045,25865.720964999964,3138.119589749974,101761.72999999994,10174.33,0,31912.0,14475.0,8862.6,6983.8,3377.7999999999997,9361.0,971.5,30.8,40955246268.86449,82.40077685309221,950.7692868658387
2,350869.24999999907,171240.43999999992,56344.96996299974,25875.062764000006,1674.3401652499338,127450.23999999992,13042.134999999998,0,31912.0,14475.0,8862.6,6983.8,3377.7999999999997,9361.0,971.5,30.8,76930704446.27768,124.9134328329447,1145.2302417651172
3,358470.1999999987,184253.18999999992,57296.42453299976,29490.04037500002,3195.032814399961,145131.39999999997,13692.51999999997,0,31912.0,14475.0,8862.6,6983.8,3377.7999999999997,9361.0,971.5,30.8,117357325144.67676,133.80858016565168,1195.742916139617
4,198898.5499999999,99959.29999999992,44926.03394269995,19892.253850999965,3105.539320949973,95421.80999999994,876.8800000000016,0,31912.0,14475.0,8862.6,6983.8,3377.7999999999997,9361.0,971.5,30.8,105426106614.14987,38.42002359336875,649.0556024414017
5,371202.50999999867,187960.58999999994,59895.46885880004,27394.94029599997,3139.0472481499755,135256.79999999996,14357.939999999979,0,31912.0,14475.0,8862.6,6983.8,3377.7999999999997,9361.0,971.5,30.8,166314955596.60654,131.1990389155193,1230.031532984816
6,211124.33,104455.0099999999,42898.15703519979,19330.664200999974,3866.4928298499767,87219.48999999996,1042.2650000000015,0,31912.0,14475.0,8862.6,6983.8,3377.7999999999997,9361.0,971.5,30.8,147846028071.7453,39.1121418699509,689.0144353739814
7,251014.07999999987,104244.03999999989,46422.510541299795,20573.85853049999,7193.560750199935,93288.77999999994,8216.385,0,31912.0,14475.0,8862.6,6983.8,3377.7999999999997,9361.0,971.5,30.8,127531817305.45956,44.00098674632773,779.64075151792
