,contributed_CCGT,contributed_Coal,contributed_Onshore,contributed_Offshore,contributed_PV,contributed_Nuclear,contributed_Recip_gas,contributed_Biomass,total_CCGT,total_Coal,total_Onshore,total_Offshore,total_PV,total_Nuclear,total_Recip_gas,Carbon_tax,total_genco_wealth,Electricity_cost,Carbon_emitted
0,382220.8499999984,205394.2199999997,23300.55530880004,29579.745223999984,3154.551064599939,111365.69999999998,15008.809999999985,0,31912.0,14475.0,8862.6,6983.8,3377.7999999999997,9361.0,971.5,30.8,18506487244.48276,94.87496809996684,1277.2624163995556
1,323251.4299999996,157337.50999999995,23464.752699000044,29595.668287999964,3122.2863189999775,74508.60999999996,10374.635000000004,0,31912.0,14475.0,8862.6,6983.8,3377.7999999999997,9361.0,971.5,30.8,22279369126.259518,67.85535427043573,1038.5033422889787
2,394430.5599999979,190643.54999999967,21601.84304159999,29224.130127999983,1658.9456695999324,116185.62999999998,14056.754999999997,0,31912.0,14475.0,8862.6,6983.8,3377.7999999999997,9361.0,971.5,30.8,38853046114.454544,98.50677361163146,1268.4767198728964
3,410395.92999999784,209180.37999999963,23278.20383160005,29656.706700000013,3188.160174599965,114395.97999999998,15056.33999999998,0,31912.0,14475.0,8862.6,6983.8,3377.7999999999997,9361.0,971.5,30.8,58669696116.14355,104.15954154837014,1344.1842045512374
4,235389.51000000027,100285.70999999995,23123.18318460003,29595.668287999968,3119.4202612999775,56223.13999999996,9149.524999999987,0,31912.0,14475.0,8862.6,6983.8,3377.7999999999997,9361.0,971.5,30.8,53942278750.52621,52.19601613559136,730.3041892925792
5,418969.8699999979,191030.01999999993,23464.752699000044,29595.668287999964,3122.2863189999775,125432.63999999997,14880.76999999998,0,31912.0,14475.0,8862.6,6983.8,3377.7999999999997,9361.0,971.5,30.8,82837153510.79114,101.82703925426382,1320.8266380079576
6,212236.1100000003,131780.28000000006,25588.27254740003,32787.30046699999,4480.225205499984,60437.789999999986,4478.489999999998,0,31912.0,14475.0,8862.6,6983.8,3377.7999999999997,9361.0,971.5,30.8,71775020348.52191,49.047047356498666,737.9541583514397
7,258589.77000000028,129463.26000000002,31290.143367199933,37306.13464900007,7422.94161584993,63785.259999999966,9127.21499999999,0,31912.0,14475.0,8862.6,6983.8,3377.7999999999997,9361.0,971.5,30.8,64926655683.001465,54.6844507116359,837.7835241874786
