,contributed_CCGT,contributed_Coal,contributed_Onshore,contributed_Offshore,contributed_PV,contributed_Nuclear,contributed_Recip_gas,contributed_Biomass,total_CCGT,total_Coal,total_Onshore,total_Offshore,total_PV,total_Nuclear,total_Recip_gas,Carbon_tax,total_genco_wealth,Electricity_cost,Carbon_emitted
0,336064.96999999945,206159.81000000003,55298.06995379982,25530.84438799999,3172.834065149935,124749.75999999992,13348.654999999995,0,31912.0,14475.0,8862.6,6983.8,3377.7999999999997,9361.0,971.5,30.8,37763319769.90498,128.10767892138475,1198.4446413443789
1,257828.0300000003,178426.1399999999,51283.32821409989,25679.098993999967,3137.5227397499734,98142.65999999993,10272.3,0,31912.0,14475.0,8862.6,6983.8,3377.7999999999997,9361.0,971.5,30.8,43485547438.04269,77.47679707751688,969.0364573637204
2,325596.8700000001,204668.5,52848.3810675996,22806.781784000006,1669.7056503999338,134654.42999999993,13558.659999999987,0,31912.0,14475.0,8862.6,6983.8,3377.7999999999997,9361.0,971.5,30.8,78217458977.28378,122.74086366901076,1169.567162342998
3,371274.9099999983,198094.73,58379.191805399605,26915.23652400001,3201.752626749961,117953.93999999996,13719.679999999966,0,31912.0,14475.0,8862.6,6983.8,3377.7999999999997,9361.0,971.5,30.8,118032820023.51059,135.09537530705623,1250.3146769125397
4,202038.9499999998,125003.36999999982,40643.01667430009,19617.487858999968,3088.5149265499754,71143.67999999998,4331.049999999994,0,31912.0,14475.0,8862.6,6983.8,3377.7999999999997,9361.0,971.5,30.8,106946533640.06987,40.77661841063236,718.5147059712624
5,364042.8799999984,205074.85000000003,58768.32154499987,32330.87588549998,3139.3187545499745,117951.99999999997,13865.179999999962,0,31912.0,14475.0,8862.6,6983.8,3377.7999999999997,9361.0,971.5,30.8,173583470536.35504,137.45672964508205,1253.9145765002975
6,191158.38999999978,148162.64999999994,38431.68547099998,19137.72023649997,4242.492767799986,64865.84,4731.174999999992,0,31912.0,14475.0,8862.6,6983.8,3377.7999999999997,9361.0,971.5,30.8,155947857053.84735,40.209006450197414,754.824293994703
7,235763.26000000027,145815.20999999985,43900.293775399834,21724.466030999996,7240.024469299932,74166.19999999998,8671.799999999987,0,31912.0,14475.0,8862.6,6983.8,3377.7999999999997,9361.0,971.5,30.8,144262666694.9798,54.13087444079619,841.0920256035819
