,contributed_CCGT,contributed_Coal,contributed_Onshore,contributed_Offshore,contributed_PV,contributed_Nuclear,contributed_Recip_gas,contributed_Biomass,total_CCGT,total_Coal,total_Onshore,total_Offshore,total_PV,total_Nuclear,total_Recip_gas,Carbon_tax,total_genco_wealth,Electricity_cost,Carbon_emitted
0,366828.4199999987,264211.01,23300.55530880004,29579.745223999984,3154.551064599939,73336.84999999998,13260.86999999999,0,31912.0,14475.0,8862.6,6983.8,3377.7999999999997,9361.0,971.5,30.8,37009534621.85979,169.18265091908395,1375.927892871977
1,289423.1399999999,237258.20000000007,23349.702502500037,29595.668287999964,3121.7034977499775,50484.62,7778.914999999985,0,31912.0,14475.0,8862.6,6983.8,3377.7999999999997,9361.0,971.5,30.8,34489481902.965706,65.66196903113492,1144.799060133599
2,364739.21999999863,260458.91999999995,21445.88327939994,29224.130127999983,1658.4138719499329,75310.79999999997,13216.249999999993,0,31912.0,14475.0,8862.6,6983.8,3377.7999999999997,9361.0,971.5,30.8,76762980822.68687,180.8826698390294,1361.3754927901564
3,377777.9599999984,266379.97000000003,23278.20383160005,29656.706700000013,3188.032516099965,85369.69999999997,13270.56999999999,0,31912.0,14475.0,8862.6,6983.8,3377.7999999999997,9361.0,971.5,30.8,124989757357.69403,188.99023314852784,1403.014963078056
4,188138.37000000026,202028.03000000012,18272.524360600004,23868.399297999986,3096.673476749978,47191.47,183.32999999999998,0,31912.0,14475.0,8862.6,6983.8,3377.7999999999997,9361.0,971.5,30.8,111293772312.88763,42.417807747562485,834.9463324459431
5,393842.619999998,253332.33000000002,23464.752699000044,29595.668287999964,3122.2863189999775,81198.69999999997,13272.509999999991,0,31912.0,14475.0,8862.6,6983.8,3377.7999999999997,9361.0,971.5,30.8,195406845708.92978,209.09649266324269,1406.515683277337
6,171159.72000000018,229117.3,17656.599047100008,22408.422862999974,3123.406788499978,43760.579999999994,174.6,0,31912.0,14475.0,8862.6,6983.8,3377.7999999999997,9361.0,971.5,30.8,172075329198.76718,39.671197210974974,859.1549739454022
7,211769.61000000028,227915.37000000002,21978.197182800017,26549.13340900001,7324.914355149924,50691.229999999996,318.15999999999997,0,31912.0,14475.0,8862.6,6983.8,3377.7999999999997,9361.0,971.5,30.8,145614767546.79526,42.60534125241585,947.425601007262
