,contributed_CCGT,contributed_Coal,contributed_Onshore,contributed_Offshore,contributed_PV,contributed_Nuclear,contributed_Recip_gas,contributed_Biomass,total_CCGT,total_Coal,total_Onshore,total_Offshore,total_PV,total_Nuclear,total_Recip_gas,Carbon_tax,total_genco_wealth,Electricity_cost,Carbon_emitted
0,356780.63999999914,252918.13999999993,54864.91126429997,30164.570047999998,3166.3161109499365,68655.62999999995,12868.019999999999,0,31912.0,14475.0,8862.6,6983.8,3377.7999999999997,9361.0,971.5,30.8,91133211124.52939,351.042516229488,1317.8660864397198
1,266728.19999999955,237422.03999999986,48678.9283048999,24997.563018499975,3126.5731930999746,55689.639999999985,7723.139999999996,0,31912.0,14475.0,8862.6,6983.8,3377.7999999999997,9361.0,971.5,30.8,103401660361.87733,112.5841438340389,1087.5802209319163
2,357569.38999999926,254308.2499999999,48545.492379199786,27176.220832000017,1662.7418948999343,70470.49999999993,13224.010000000006,0,31912.0,14475.0,8862.6,6983.8,3377.7999999999997,9361.0,971.5,30.8,229043487904.4182,351.025700457578,1332.7434773134978
3,362797.9299999992,256952.73999999987,54983.32738989977,28120.696140000015,3202.820494949961,95216.16999999993,14705.199999999986,0,31912.0,14475.0,8862.6,6983.8,3377.7999999999997,9361.0,971.5,30.8,361638138760.81866,359.6794837929279,1353.4465989105204
4,161111.08999999973,215421.52999999985,35432.191699599956,18698.194670999976,2884.9802849499797,49772.63999999998,921.5000000000007,0,31912.0,14475.0,8862.6,6983.8,3377.7999999999997,9361.0,971.5,30.8,346294871882.66,35.50117395252594,809.6645385789384
5,352462.56999999937,277421.06000000006,51786.4569514999,28437.597247999965,3140.364031649975,93578.80999999988,13870.999999999995,0,31912.0,14475.0,8862.6,6983.8,3377.7999999999997,9361.0,971.5,30.8,553337570649.9656,353.68322447222045,1370.5380604218774
6,187412.21999999983,194937.2799999999,36155.40263119978,18604.72464599997,4173.374100049982,49006.33999999998,1134.9000000000008,0,31912.0,14475.0,8862.6,6983.8,3377.7999999999997,9361.0,971.5,30.8,530369129435.54004,37.60365811803274,818.2054071174388
7,224761.01999999958,208055.25999999995,37881.19302069967,21997.781733999997,7090.491498649935,45880.999999999985,2318.3000000000006,0,31912.0,14475.0,8862.6,6983.8,3377.7999999999997,9361.0,971.5,30.8,501568716621.86804,39.473817364969456,925.6972074534783
