,contributed_CCGT,contributed_Coal,contributed_Onshore,contributed_Offshore,contributed_PV,contributed_Nuclear,contributed_Recip_gas,contributed_Biomass,total_CCGT,total_Coal,total_Onshore,total_Offshore,total_PV,total_Nuclear,total_Recip_gas,Carbon_tax,total_genco_wealth,Electricity_cost,Carbon_emitted
0,318004.2199999996,262376.42999999993,52697.70371199983,27075.128166000002,3173.6740295999352,102890.80999999994,12040.609999999986,0,31912.0,14475.0,8862.6,6983.8,3377.7999999999997,9361.0,971.5,30.8,109068201187.80252,318.10862422809214,1257.3468512491409
1,234795.11000000016,248758.57999999996,46312.74762079993,22981.115875499967,3115.8310020999756,83510.20999999992,3819.859999999997,0,31912.0,14475.0,8862.6,6983.8,3377.7999999999997,9361.0,971.5,30.8,121343324303.74394,84.80856505280666,1039.7038353948399
2,335175.76999999967,248944.00999999992,54915.87987549975,26692.02426399999,1675.8474662499332,99357.09999999993,11976.58999999999,0,31912.0,14475.0,8862.6,6983.8,3377.7999999999997,9361.0,971.5,30.8,252233946915.17654,342.3877934611491,1266.875111705979
3,360117.37999999954,244724.4499999999,55576.97989319974,28328.365260000013,3202.3800229999606,109333.54999999996,12230.729999999992,0,31912.0,14475.0,8862.6,6983.8,3377.7999999999997,9361.0,971.5,30.8,400189728924.8909,354.10639435383047,1310.9698864610996
4,148566.81000000008,214259.56,39760.00172499993,19181.06737799997,3034.0843658499784,55323.949999999975,346.2899999999998,0,31912.0,14475.0,8862.6,6983.8,3377.7999999999997,9361.0,971.5,30.8,388627557394.48285,33.94412646078788,780.39194666488
5,365875.0899999989,256002.35999999996,52365.57014419999,30393.11724799997,3138.638189849976,96630.42999999993,11876.679999999991,0,31912.0,14475.0,8862.6,6983.8,3377.7999999999997,9361.0,971.5,30.8,622459613237.7094,350.23677019354596,1341.1503123992807
6,175191.95999999976,178658.15,37675.06245289982,18165.387018999976,3953.6445131999667,71260.07999999994,348.2299999999998,0,31912.0,14475.0,8862.6,6983.8,3377.7999999999997,9361.0,971.5,30.8,604735525617.3246,35.41889379200924,755.4289114136999
7,197849.3699999999,216068.19999999987,41111.607019399824,20793.463655999985,6097.221823549965,62064.47999999997,394.78999999999974,0,31912.0,14475.0,8862.6,6983.8,3377.7999999999997,9361.0,971.5,30.8,583347613837.7268,37.600659802113,884.9946812635993
