,contributed_CCGT,contributed_Coal,contributed_Onshore,contributed_Offshore,contributed_PV,contributed_Nuclear,contributed_Recip_gas,contributed_Biomass,total_CCGT,total_Coal,total_Onshore,total_Offshore,total_PV,total_Nuclear,total_Recip_gas,Carbon_tax,total_genco_wealth,Electricity_cost,Carbon_emitted
0,340066.8899999992,275019.66000000015,54719.721906799736,29577.94474399999,3166.349989849937,72797.52999999994,13198.78999999999,0,31912.0,14475.0,8862.6,6983.8,3377.7999999999997,9361.0,971.5,30.8,97688294945.66458,308.9513976241063,1333.878714884678
1,268170.50999999925,257192.38000000032,47632.52190929965,26480.74734199997,3123.223721149977,48289.50999999998,4861.639999999995,0,31912.0,14475.0,8862.6,6983.8,3377.7999999999997,9361.0,971.5,30.8,106422767306.02673,85.86516403994584,1131.083263007237
2,354866.1399999989,265269.7800000001,52871.63707949955,28755.041703999985,1667.1800126999347,71437.58999999995,13258.92999999999,0,31912.0,14475.0,8862.6,6983.8,3377.7999999999997,9361.0,971.5,30.8,201294123344.13712,302.54196995226664,1339.8772841724394
3,368889.5999999991,277933.14000000013,56570.90783379961,29960.870700000018,3199.750472099962,76053.81999999992,13016.429999999986,0,31912.0,14475.0,8862.6,6983.8,3377.7999999999997,9361.0,971.5,30.8,320267206735.2041,349.80513634174486,1400.9298885097173
4,157356.32999999975,214718.97999999995,40777.73628829988,20702.074700999976,3081.4934415499774,44012.77999999998,1228.990000000001,0,31912.0,14475.0,8862.6,6983.8,3377.7999999999997,9361.0,971.5,30.8,306619086132.0046,35.27685685150303,801.0517021340388
5,352670.5299999991,282612.0600000002,57146.40853309988,24505.88074299998,3125.706349249978,82012.52999999993,12903.909999999989,0,31912.0,14475.0,8862.6,6983.8,3377.7999999999997,9361.0,971.5,30.8,487208204203.14764,331.7232996089006,1375.80716385988
6,163521.33999999994,233399.94000000018,34052.826557199995,16815.29535499999,4193.601834049984,39079.359999999986,937.0200000000007,0,31912.0,14475.0,8862.6,6983.8,3377.7999999999997,9361.0,971.5,30.8,463861024494.6793,32.08668756500335,854.6586301161174
7,211255.5299999996,226638.47000000015,38357.19450529974,21858.4161925,7066.85287584994,44976.95999999999,1270.7000000000005,0,31912.0,14475.0,8862.6,6983.8,3377.7999999999997,9361.0,971.5,30.8,437822948176.4029,37.38831737226393,937.2432949410585
