,contributed_CCGT,contributed_Coal,contributed_Onshore,contributed_Offshore,contributed_PV,contributed_Nuclear,contributed_Recip_gas,contributed_Biomass,total_CCGT,total_Coal,total_Onshore,total_Offshore,total_PV,total_Nuclear,total_Recip_gas,Carbon_tax,total_genco_wealth,Electricity_cost,Carbon_emitted
0,334200.0999999997,202632.10999999996,43708.206072199886,25045.378548,3139.3721495499412,94776.75999999995,12932.039999999999,0,31912.0,14475.0,8862.6,6983.8,3377.7999999999997,9361.0,971.5,30.8,18580206274.656467,107.56274658682894,1185.847104709778
1,240937.87000000023,198017.87999999998,38800.573366999975,21847.729737499965,3098.697410849979,68126.97999999997,4301.464999999997,0,31912.0,14475.0,8862.6,6983.8,3377.7999999999997,9361.0,971.5,30.8,12969457307.52832,48.67514731567496,967.3382282462367
2,348325.1699999998,196529.35999999996,42069.46464669973,21707.643697000007,1648.5568271999346,94897.03999999995,12805.939999999999,0,31912.0,14475.0,8862.6,6983.8,3377.7999999999997,9361.0,971.5,30.8,34559937266.389305,109.5154069247364,1197.1029696652774
3,362225.3699999999,212182.80999999997,50933.73543199985,23995.674332,3170.918523299966,99297.92999999995,13180.359999999999,0,31912.0,14475.0,8862.6,6983.8,3377.7999999999997,9361.0,971.5,30.8,65267709121.82484,121.55313555006013,1264.6483246483765
4,141604.30999999994,170177.46000000014,30334.0279569,18177.102152999967,3008.787250699981,58990.54999999998,1067.000000000001,0,31912.0,14475.0,8862.6,6983.8,3377.7999999999997,9361.0,971.5,30.8,48429439133.35548,26.401111782845685,690.6226831890795
5,350256.3499999998,219603.8500000001,46542.566025099906,26806.628918,3109.66330049998,99107.80999999997,13169.690000000004,0,31912.0,14475.0,8862.6,6983.8,3377.7999999999997,9361.0,971.5,30.8,93676890941.43373,116.92114240082806,1253.250048402297
6,172555.66,151085.84999999992,28048.775827799993,16858.92385799999,2910.4736044999795,53810.74999999998,960.3000000000006,0,31912.0,14475.0,8862.6,6983.8,3377.7999999999997,9361.0,971.5,30.8,68326537219.28635,27.686365564676425,708.2734223182995
7,196463.92000000016,169173.9800000001,31880.242314299943,19743.04539749997,7002.789641549941,62444.71999999998,902.1000000000008,0,31912.0,14475.0,8862.6,6983.8,3377.7999999999997,9361.0,971.5,30.8,40923667324.04365,35.53748067318175,799.602619944039
