,contributed_CCGT,contributed_Coal,contributed_Onshore,contributed_Offshore,contributed_PV,contributed_Nuclear,contributed_Recip_gas,contributed_Biomass,total_CCGT,total_Coal,total_Onshore,total_Offshore,total_PV,total_Nuclear,total_Recip_gas,Carbon_tax,total_genco_wealth,Electricity_cost,Carbon_emitted
0,350443.3799999998,166956.48999999993,58841.87126149983,26764.6105295,3170.5343823499356,130845.23999999995,13719.195,0,31912.0,14475.0,8862.6,6983.8,3377.7999999999997,9361.0,971.5,30.8,35628841652.07123,126.55261901003924,1140.9068000030165
1,281816.2799999999,133903.93999999983,48327.462287899754,25833.737851999973,3131.3146359999732,116904.39999999992,10141.349999999995,0,31912.0,14475.0,8862.6,6983.8,3377.7999999999997,9361.0,971.5,30.8,39791517076.83839,72.54104602271622,915.7098986481185
2,369395.65999999875,147231.09999999983,56148.09919949973,27340.742536,1677.2442816999333,136436.31999999995,13795.824999999975,0,31912.0,14475.0,8862.6,6983.8,3377.7999999999997,9361.0,971.5,30.8,71286995984.97989,125.16917939862223,1130.7944515077966
3,366701.59999999957,177649.92999999988,59454.04330549983,31504.10559600002,3201.387490849961,133500.1299999999,13936.959999999968,0,31912.0,14475.0,8862.6,6983.8,3377.7999999999997,9361.0,971.5,30.8,112242371561.69728,131.84691967864808,1198.2143701821356
4,201678.17999999947,109512.17999999988,38532.09442929997,19194.743938999974,3085.9190817499757,84599.51999999996,237.6499999999999,0,31912.0,14475.0,8862.6,6983.8,3377.7999999999997,9361.0,971.5,30.8,99434643382.45325,37.45751521504581,674.6696820876414
5,361386.13999999955,182299.74999999994,56318.51627820004,27683.19819749997,3137.691810149976,148711.66999999998,13596.48999999997,0,31912.0,14475.0,8862.6,6983.8,3377.7999999999997,9361.0,971.5,30.8,155561686357.1949,129.70039380264515,1195.974181010496
6,223100.05999999997,91299.31999999992,35614.911210699844,17844.715411999972,4124.403160549984,93451.73999999996,889.0050000000012,0,31912.0,14475.0,8862.6,6983.8,3377.7999999999997,9361.0,971.5,30.8,136080605789.35768,38.548807644234614,678.9326291193609
7,250551.00999999992,101937.46999999988,38602.01351339977,20824.11888299999,7118.8115545499395,97314.27999999996,8259.55,0,31912.0,14475.0,8862.6,6983.8,3377.7999999999997,9361.0,971.5,30.8,113793128619.38855,43.487845077975415,777.0914293230597
