,contributed_CCGT,contributed_Coal,contributed_Onshore,contributed_Offshore,contributed_PV,contributed_Nuclear,contributed_Recip_gas,contributed_Biomass,total_CCGT,total_Coal,total_Onshore,total_Offshore,total_PV,total_Nuclear,total_Recip_gas,Carbon_tax,total_genco_wealth,Electricity_cost,Carbon_emitted
0,314827.15999999945,271978.45999999996,53892.57921939985,30867.22330399999,3169.528576399936,89542.63999999991,12443.159999999989,0,31912.0,14475.0,8862.6,6983.8,3377.7999999999997,9361.0,971.5,30.8,105302715444.33264,318.4672096633611,1274.322006487078
1,245273.57000000018,227882.92999999996,50887.26282899994,27802.635367999963,3139.195015599974,80230.63999999993,3693.7599999999966,0,31912.0,14475.0,8862.6,6983.8,3377.7999999999997,9361.0,971.5,30.8,118599720013.74835,89.02628297359992,1016.7362109361399
2,332428.62999999995,254456.10999999996,51938.65355989965,24408.526022000005,1662.4133560999353,99578.25999999994,11962.039999999994,0,31912.0,14475.0,8862.6,6983.8,3377.7999999999997,9361.0,971.5,30.8,245931133188.54388,336.22711163787835,1268.7483105617785
3,327006.9999999997,272389.82,56120.43650669975,27051.559788,3195.491693099961,112008.81,12043.519999999991,0,31912.0,14475.0,8862.6,6983.8,3377.7999999999997,9361.0,971.5,30.8,389379617782.60065,352.77161579014256,1303.9267700483592
4,142914.65000000002,201145.16000000006,35957.045410599974,18068.729620499966,2600.133711149981,79326.59999999993,286.14999999999986,0,31912.0,14475.0,8862.6,6983.8,3377.7999999999997,9361.0,971.5,30.8,377602058581.1572,34.20503507164234,739.5325317336798
5,359707.90999999945,273196.51,52849.965106699914,22685.065152499985,3098.069348249976,90651.3499999999,11805.869999999992,0,31912.0,14475.0,8862.6,6983.8,3377.7999999999997,9361.0,971.5,30.8,605232293999.5292,349.25223181654684,1370.445774300981
6,148196.67000000007,213216.93999999986,38761.02946429981,19539.093725999966,2965.141564699978,63580.58999999995,358.8999999999998,0,31912.0,14475.0,8862.6,6983.8,3377.7999999999997,9361.0,971.5,30.8,585947665817.5652,33.72544851315542,777.33966058212
7,192118.60999999964,221083.24999999994,39385.81606729976,21079.667115999986,7085.274743749936,60136.119999999966,394.78999999999974,0,31912.0,14475.0,8862.6,6983.8,3377.7999999999997,9361.0,971.5,30.8,562534146422.0569,36.99795810706059,884.2685529234991
