,contributed_CCGT,contributed_Coal,contributed_Onshore,contributed_Offshore,contributed_PV,contributed_Nuclear,contributed_Recip_gas,contributed_Biomass,total_CCGT,total_Coal,total_Onshore,total_Offshore,total_PV,total_Nuclear,total_Recip_gas,Carbon_tax,total_genco_wealth,Electricity_cost,Carbon_emitted
0,320475.04999999993,280322.1900000001,56911.12560469964,27445.06330399998,3163.3162876999368,89393.25999999991,13173.569999999987,0,31912.0,14475.0,8862.6,6983.8,3377.7999999999997,9361.0,971.5,30.8,64319211452.44825,242.94742164676995,1304.6594682416196
1,236533.97999999937,270001.1500000002,49245.81780009969,25303.786626499972,3123.2091724999755,64990.96999999995,3170.9299999999976,0,31912.0,14475.0,8862.6,6983.8,3377.7999999999997,9361.0,971.5,30.8,69461696606.78148,82.70689658883829,1089.4114611676978
2,326665.4499999997,276384.04000000004,50185.09531989956,21815.03818799999,1657.3542935499354,92750.4299999999,12936.889999999983,0,31912.0,14475.0,8862.6,6983.8,3377.7999999999997,9361.0,971.5,30.8,157505107887.43088,281.4707892561957,1306.7764798079195
3,330222.6399999998,290349.5700000002,53500.338621899624,23280.59520799999,3156.3658016499626,107766.02999999991,12843.769999999988,0,31912.0,14475.0,8862.6,6983.8,3377.7999999999997,9361.0,971.5,30.8,281250050844.15405,345.072581363863,1345.0656169788588
4,134078.88999999987,221207.44000000026,37928.29733620006,18846.461246999977,3043.2083657499807,67859.25999999995,1306.5900000000008,0,31912.0,14475.0,8862.6,6983.8,3377.7999999999997,9361.0,971.5,30.8,264566247977.30392,27.08485368970388,768.4343636011195
5,338540.8099999995,287222.83000000013,56099.60638719975,26242.26703699997,3128.4766279999776,104875.42999999995,13020.309999999989,0,31912.0,14475.0,8862.6,6983.8,3377.7999999999997,9361.0,971.5,30.8,459804333557.32416,328.38777367124345,1355.2384575363383
6,143630.88999999972,233691.77000000022,35361.18279139995,18264.42385399997,4163.860267649983,61777.35999999996,1015.5900000000008,0,31912.0,14475.0,8862.6,6983.8,3377.7999999999997,9361.0,971.5,30.8,434952419736.23444,29.36023720689713,815.0917025944592
7,175148.05999999985,251993.12000000008,40089.85792679976,19854.227630999976,6003.9805122499665,58339.679999999964,1352.180000000001,0,31912.0,14475.0,8862.6,6983.8,3377.7999999999997,9361.0,971.5,30.8,406247981188.83307,35.68030380483241,920.5924311817575
