,contributed_CCGT,contributed_Coal,contributed_Onshore,contributed_Offshore,contributed_PV,contributed_Nuclear,contributed_Recip_gas,contributed_Biomass,total_CCGT,total_Coal,total_Onshore,total_Offshore,total_PV,total_Nuclear,total_Recip_gas,Carbon_tax,total_genco_wealth,Electricity_cost,Carbon_emitted
0,325482.3899999998,263956.63999999996,53942.77421679985,27660.004843999985,3173.0458623499358,86454.15999999993,12213.269999999993,0,31912.0,14475.0,8862.6,6983.8,3377.7999999999997,9361.0,971.5,30.8,94628069629.67432,313.4352336512026,1285.8557935827168
1,249215.90000000017,239888.79999999993,50423.37141609993,22801.07873449996,3127.180214499974,71933.25999999995,3804.3399999999974,0,31912.0,14475.0,8862.6,6983.8,3377.7999999999997,9361.0,971.5,30.8,106499069289.67056,86.82433944500683,1049.4849919024011
2,346584.95999999956,253174.82,55375.391379499706,26891.05447599999,1677.3107139999322,79922.17999999993,12090.07999999999,0,31912.0,14475.0,8862.6,6983.8,3377.7999999999997,9361.0,971.5,30.8,220817942420.71936,324.06624326208856,1293.7050537183602
3,374054.8099999994,254061.15999999986,55795.99053809967,24703.595300000008,3174.6477768999603,96314.20999999992,11946.519999999986,0,31912.0,14475.0,8862.6,6983.8,3377.7999999999997,9361.0,971.5,30.8,368827793161.0921,353.57292616618525,1354.7939990816792
4,156312.72000000015,181301.78000000003,41725.4429723,19826.692678999967,2769.285247549977,71620.91999999994,350.1699999999998,0,31912.0,14475.0,8862.6,6983.8,3377.7999999999997,9361.0,971.5,30.8,358528342441.9596,36.53829245272906,722.6293056684398
5,363291.8699999995,246669.67999999982,56713.19920959989,27874.956055999963,3140.558729899975,106524.42999999996,11892.199999999988,0,31912.0,14475.0,8862.6,6983.8,3377.7999999999997,9361.0,971.5,30.8,555369350140.2903,339.5864536151891,1313.9314979126389
6,148384.0600000001,205738.37,37790.91480059981,16713.462821999994,3947.0004092999675,71207.69999999995,311.36999999999983,0,31912.0,14475.0,8862.6,6983.8,3377.7999999999997,9361.0,971.5,30.8,535645283981.5511,31.708083902849364,760.98311992126
7,197279.53,218808.43000000005,39797.27996959976,21010.83674699999,6967.079087149948,61497.029999999955,355.0199999999998,0,31912.0,14475.0,8862.6,6983.8,3377.7999999999997,9361.0,971.5,30.8,514094527137.81116,37.36472373685172,889.8245070251403
