,contributed_CCGT,contributed_Coal,contributed_Onshore,contributed_Offshore,contributed_PV,contributed_Nuclear,contributed_Recip_gas,contributed_Biomass,total_CCGT,total_Coal,total_Onshore,total_Offshore,total_PV,total_Nuclear,total_Recip_gas,Carbon_tax,total_genco_wealth,Electricity_cost,Carbon_emitted
0,314727.56999999954,225092.90999999995,55063.70552809996,32692.495767000033,3137.6965754499374,127438.59999999995,10895.52500000001,0,31912.0,14475.0,8862.6,6983.8,3377.7999999999997,9361.0,971.5,30.8,9587863878.095604,63.432047386395084,1163.9476875581795
1,223886.56999999966,200006.37,48689.61452330005,30839.034207999997,3103.656348249974,125441.36999999994,1869.1900000000019,0,31912.0,14475.0,8862.6,6983.8,3377.7999999999997,9361.0,971.5,30.8,2897988447.4314165,41.38237339004546,904.7668455252605
2,309720.28999999975,238094.6700000001,49352.42226479969,30335.194368000022,1651.3201888999363,131311.81,11657.46,0,31912.0,14475.0,8862.6,6983.8,3377.7999999999997,9361.0,971.5,30.8,12086564397.49269,77.84069031016888,1189.0675784686598
3,343742.6199999988,235959.85999999996,52972.20128629985,31181.929726500013,3162.5759143999617,134780.53,12108.510000000006,0,31912.0,14475.0,8862.6,6983.8,3377.7999999999997,9361.0,971.5,30.8,25635171437.51312,84.98903001906031,1251.9220091042796
4,122839.01000000027,174273.56999999992,36585.134621099955,23244.00376800001,2568.820012299982,109372.34999999989,158.10999999999999,0,31912.0,14475.0,8862.6,6983.8,3377.7999999999997,9361.0,971.5,30.8,6020845909.114717,16.721344646857514,638.5578491508611
5,334529.44999999856,248433.65000000005,52907.10895130012,32856.102312500014,3115.2490141499757,135763.13999999996,11718.085000000006,0,31912.0,14475.0,8862.6,6983.8,3377.7999999999997,9361.0,971.5,30.8,20467703021.97557,80.06666205149345,1263.8050813127002
6,117726.70000000023,185044.8499999999,41811.007826599816,26104.06243349998,3213.9487917499773,106851.31999999989,194.96999999999994,0,31912.0,14475.0,8862.6,6983.8,3377.7999999999997,9361.0,971.5,30.8,-6774085422.086209,22.58760066023342,652.289698300301
7,160257.97999999975,188207.20999999993,47820.91956759977,30905.374028500013,7178.423051049935,102817.08999999988,256.07999999999987,0,31912.0,14475.0,8862.6,6983.8,3377.7999999999997,9361.0,971.5,30.8,-37175922863.81501,29.993933217325274,745.808733779581
