,contributed_CCGT,contributed_Coal,contributed_Onshore,contributed_Offshore,contributed_PV,contributed_Nuclear,contributed_Recip_gas,contributed_Biomass,total_CCGT,total_Coal,total_Onshore,total_Offshore,total_PV,total_Nuclear,total_Recip_gas,Carbon_tax,total_genco_wealth,Electricity_cost,Carbon_emitted
0,313527.8999999994,228407.78999999948,23300.55530880004,29579.745223999984,3154.551064599939,165604.86687359976,16284.84499999998,0,31912.0,14475.0,8862.6,6983.8,3377.7999999999997,9361.0,971.5,30.8,17355783239.221004,101.791242668483,1192.1269336604194
1,229787.82000000036,191147.6099999998,23464.752699000044,29595.668287999964,3122.2863189999775,165604.86687359976,13408.309999999992,0,31912.0,14475.0,8862.6,6983.8,3377.7999999999997,9361.0,971.5,30.8,12353209030.95182,55.23091559810158,925.7595566387816
2,335365.31999999896,205136.75999999963,21601.84304159999,29224.130127999983,1658.9456695999324,165604.86687359976,18382.470000000023,0,31912.0,14475.0,8862.6,6983.8,3377.7999999999997,9361.0,971.5,30.8,22111558159.388363,90.74889110990841,1188.8353548904795
3,366677.6799999981,201593.75999999954,23278.20383160005,29656.706700000013,3188.160174599965,165604.86687359976,18430.970000000023,0,31912.0,14475.0,8862.6,6983.8,3377.7999999999997,9361.0,971.5,30.8,50147984401.363014,136.36965087648608,1246.3931872564785
4,130973.34000000008,145645.19,21963.9421307,29595.668287999968,3116.600719849977,144165.6618696001,12571.199999999995,0,31912.0,14475.0,8862.6,6983.8,3377.7999999999997,9361.0,971.5,30.8,37055683185.80614,42.25131692176424,616.3878018756214
5,365570.27999999817,212378.68999999948,23464.752699000044,29595.668287999964,3122.2863189999775,165604.86687359976,14619.354999999981,0,31912.0,14475.0,8862.6,6983.8,3377.7999999999997,9361.0,971.5,30.8,53938455805.94408,92.47293055056859,1258.6719283586183
6,134130.42000000007,148846.26999999993,25107.37461920003,32925.914206999994,4477.2553294999825,132812.50266480024,12571.199999999995,0,31912.0,14475.0,8862.6,6983.8,3377.7999999999997,9361.0,971.5,30.8,34585882479.53553,42.09041087143514,629.9395577854617
7,183492.18000000025,141688.87,31274.169717599932,38306.24775700007,7415.083125749929,144264.43627120007,10999.799999999997,0,31912.0,14475.0,8862.6,6983.8,3377.7999999999997,9361.0,971.5,30.8,11624201105.248743,43.65284451221148,710.9829805402627
