,contributed_CCGT,contributed_Coal,contributed_Onshore,contributed_Offshore,contributed_PV,contributed_Nuclear,contributed_Recip_gas,contributed_Biomass,total_CCGT,total_Coal,total_Onshore,total_Offshore,total_PV,total_Nuclear,total_Recip_gas,Carbon_tax,total_genco_wealth,Electricity_cost,Carbon_emitted
0,336995.78000000014,258940.06999999995,54858.19885459986,26516.742151999984,3174.7380532499355,75534.86999999994,11930.029999999993,0,31912.0,14475.0,8862.6,6983.8,3377.7999999999997,9361.0,971.5,30.8,91759406585.84178,316.9073081134931,1299.7747441378583
1,246080.65000000008,236035.06999999992,48864.133625299924,25206.679184499983,3131.4518666499735,75620.22999999994,3707.3399999999974,0,31912.0,14475.0,8862.6,6983.8,3377.7999999999997,9361.0,971.5,30.8,103783177701.66754,87.65689805680974,1034.324318987861
2,338809.0499999998,259640.0599999999,50157.631244299555,21409.431837999986,1670.7249582499335,92601.04999999992,11992.109999999988,0,31912.0,14475.0,8862.6,6983.8,3377.7999999999997,9361.0,971.5,30.8,224348821217.06442,329.2222211759405,1292.1948106038783
3,325883.5999999997,259832.1199999999,62385.52477999964,32312.921700000024,3205.3313873999605,112103.86999999998,12137.60999999999,0,31912.0,14475.0,8862.6,6983.8,3377.7999999999997,9361.0,971.5,30.8,378484583927.0103,357.65585791013063,1269.0902040837607
4,142881.77000000008,195998.24000000002,37521.676411099994,19060.234502999974,2886.2831884499797,75538.74999999994,322.03999999999985,0,31912.0,14475.0,8862.6,6983.8,3377.7999999999997,9361.0,971.5,30.8,365374359396.85364,31.420152004858227,728.0538150395188
5,332654.4999999998,270524.27,57703.37002980008,28795.801555999966,3137.5397399499757,105317.74999999994,12474.199999999993,0,31912.0,14475.0,8862.6,6983.8,3377.7999999999997,9361.0,971.5,30.8,598638130660.4974,352.92513083350354,1308.5583109094575
6,162214.6800000001,182460.58000000005,38911.030157599846,17424.147257999983,3324.458830549977,77243.03999999994,413.21999999999974,0,31912.0,14475.0,8862.6,6983.8,3377.7999999999997,9361.0,971.5,30.8,580742802834.5347,35.186326570193096,737.701697410841
7,193336.1599999997,215889.57000000007,42316.74935599981,21203.696740999992,7033.983374949943,62616.40999999997,332.7099999999998,0,31912.0,14475.0,8862.6,6983.8,3377.7999999999997,9361.0,971.5,30.8,557913303834.3524,36.968135472829665,875.2138285788594
