,contributed_CCGT,contributed_Coal,contributed_Onshore,contributed_Offshore,contributed_PV,contributed_Nuclear,contributed_Recip_gas,contributed_Biomass,total_CCGT,total_Coal,total_Onshore,total_Offshore,total_PV,total_Nuclear,total_Recip_gas,Carbon_tax,total_genco_wealth,Electricity_cost,Carbon_emitted
0,347683.9999999992,265490.69,23300.55530880004,29579.745223999984,3154.551064599939,95301.52999999997,13267.659999999989,0,31912.0,14475.0,8862.6,6983.8,3377.7999999999997,9361.0,971.5,30.8,30339752696.783463,144.77530448369876,1338.1800593646171
1,248978.04000000027,252615.92999999993,22844.162965900025,29107.177603999968,3118.8152117499776,81549.83999999997,3874.1800000000003,0,31912.0,14475.0,8862.6,6983.8,3377.7999999999997,9361.0,971.5,30.8,24284771316.630314,54.17858322636719,1085.3886340501383
2,365444.6999999987,243756.96,21600.00799559999,29224.130127999983,1658.8167474499328,97417.09999999996,13269.59999999999,0,31912.0,14475.0,8862.6,6983.8,3377.7999999999997,9361.0,971.5,30.8,64859381849.74941,173.0750700870186,1325.6944072300769
3,379143.47999999835,255304.96,23266.245448500053,29656.706700000013,3188.160174599965,103094.50999999994,13271.53999999999,0,31912.0,14475.0,8862.6,6983.8,3377.7999999999997,9361.0,971.5,30.8,102880173517.27878,160.70103617934765,1381.0761826140763
4,213214.59000000043,164088.51999999987,18009.03431720003,23319.380304499977,2983.9986021499813,57626.72999999998,174.6,0,31912.0,14475.0,8862.6,6983.8,3377.7999999999997,9361.0,971.5,30.8,89644172574.46883,42.22834027334696,802.2881988109616
5,364212.31999999855,274619.67000000016,23464.752699000044,29595.668287999964,3122.2863189999775,98615.04999999996,13259.89999999999,0,31912.0,14475.0,8862.6,6983.8,3377.7999999999997,9361.0,971.5,30.8,144879877909.96707,155.98469823473144,1393.8411038786567
6,184292.04000000018,196473.74999999997,17578.163566700012,22621.151688999973,2969.35811244998,66114.22999999998,174.6,0,31912.0,14475.0,8862.6,6983.8,3377.7999999999997,9361.0,971.5,30.8,122550360063.61052,38.49706711260617,812.9256216825016
7,205233.03000000038,223827.80000000016,19276.90488540002,23392.971398999995,5673.174674549974,73745.21999999997,174.6,0,31912.0,14475.0,8862.6,6983.8,3377.7999999999997,9361.0,971.5,30.8,94802584134.48293,39.20161716242774,917.681031604402
