,contributed_CCGT,contributed_Coal,contributed_Onshore,contributed_Offshore,contributed_PV,contributed_Nuclear,contributed_Recip_gas,contributed_Biomass,total_CCGT,total_Coal,total_Onshore,total_Offshore,total_PV,total_Nuclear,total_Recip_gas,Carbon_tax,total_genco_wealth,Electricity_cost,Carbon_emitted
0,304234.58999999973,233141.99,48501.82000129978,28875.39338350002,3114.1847131499385,146508.8,10639.930000000004,0,31912.0,14475.0,8862.6,6983.8,3377.7999999999997,9361.0,971.5,30.8,7693351326.500764,60.706941051439834,1160.0887813220183
1,187245.71999999974,218002.56000000006,48291.904648699936,29940.368354499995,3080.580497799975,149088.03000000003,1816.8100000000009,0,31912.0,14475.0,8862.6,6983.8,3377.7999999999997,9361.0,971.5,30.8,-1253776978.4552054,34.087472560359686,870.4362509988796
2,303521.44999999984,240908.3900000001,49982.987080199775,30856.819557000024,1651.4429963999362,135553.62,9914.854999999989,0,31912.0,14475.0,8862.6,6983.8,3377.7999999999997,9361.0,971.5,30.8,2955134435.8106203,61.673803231094745,1176.8620542992187
3,319543.06999999913,257156.42000000013,52047.41994119982,29341.24723600001,3151.594728749963,138030.02999999997,11822.35999999999,0,31912.0,14475.0,8862.6,6983.8,3377.7999999999997,9361.0,971.5,30.8,11628588441.857897,72.71593760646549,1247.15107969516
4,111094.45000000029,177090.30999999994,34184.76844039998,22043.658894000004,2565.837782249983,131330.24000000002,145.5,0,31912.0,14475.0,8862.6,6983.8,3377.7999999999997,9361.0,971.5,30.8,-10675097220.274525,11.12895622074219,620.976062053381
5,323560.2299999993,241349.47000000015,55381.038903800065,31659.912545000003,3103.8097815999754,148762.11,11235.995000000004,0,31912.0,14475.0,8862.6,6983.8,3377.7999999999997,9361.0,971.5,30.8,982428173.5846754,72.84285526282584,1220.02545692906
6,102632.86000000022,182298.37999999995,36867.86975549981,24496.685173999977,2945.5264681499757,133540.87,97.00000000000001,0,31912.0,14475.0,8862.6,6983.8,3377.7999999999997,9361.0,971.5,30.8,-28006227440.02651,19.917301931777903,615.321856335241
7,131678.7300000002,208520.01000000007,39231.40498769978,23691.1159585,6657.049383849947,129288.39,135.8,0,31912.0,14475.0,8862.6,6983.8,3377.7999999999997,9361.0,971.5,30.8,-61489754546.45113,25.334126024996653,732.8746291739812
