,contributed_CCGT,contributed_Coal,contributed_Onshore,contributed_Offshore,contributed_PV,contributed_Nuclear,contributed_Recip_gas,contributed_Biomass,total_CCGT,total_Coal,total_Onshore,total_Offshore,total_PV,total_Nuclear,total_Recip_gas,Carbon_tax,total_genco_wealth,Electricity_cost,Carbon_emitted
0,407732.1399999978,169744.35999999996,23300.55530880004,29579.745223999984,3154.551064599939,109473.22999999997,15051.489999999983,0,31912.0,14475.0,8862.6,6983.8,3377.7999999999997,9361.0,971.5,30.8,18655689256.781002,95.12863043527574,1249.682368555279
1,339997.2399999993,152142.77000000002,23464.752699000044,29595.668287999964,3122.2863189999775,66886.34999999996,12151.675000000003,0,31912.0,14475.0,8862.6,6983.8,3377.7999999999997,9361.0,971.5,30.8,24188104487.396873,71.81689242164784,1065.7890747024608
2,408773.81999999814,183338.9599999999,21601.84304159999,29224.130127999983,1658.9456695999324,105008.31999999998,15033.05999999998,0,31912.0,14475.0,8862.6,6983.8,3377.7999999999997,9361.0,971.5,30.8,42390944456.78116,105.71639003439431,1284.4574493060775
3,402169.2499999981,214102.03999999983,23278.20383160005,29656.706700000013,3187.892091749965,117308.88999999998,15083.499999999978,0,31912.0,14475.0,8862.6,6983.8,3377.7999999999997,9361.0,971.5,30.8,62242433287.85275,104.60408102887389,1340.9787005919186
4,229936.71000000034,121867.84000000005,21911.438019200006,28196.401621999965,3121.5528248999776,59437.71999999998,5554.704999999995,0,31912.0,14475.0,8862.6,6983.8,3377.7999999999997,9361.0,971.5,30.8,58038761776.36814,51.43464896258549,752.9598727303195
5,410867.33999999805,212320.7799999998,23464.752699000044,29595.668287999964,3122.2863189999775,115652.12999999996,15050.519999999979,0,31912.0,14475.0,8862.6,6983.8,3377.7999999999997,9361.0,971.5,30.8,88121813171.70743,103.21959444367009,1353.4599235704384
6,227547.53000000023,118706.79000000004,26376.48664190001,31782.668731499984,4469.047634199983,55980.63999999996,6945.199999999994,0,31912.0,14475.0,8862.6,6983.8,3377.7999999999997,9361.0,971.5,30.8,79233529345.10106,51.47574830531166,746.2419015324197
7,252535.1300000001,125345.22,33161.600150499915,37596.631729000066,7421.096487849932,61046.949999999975,11066.730000000007,0,31912.0,14475.0,8862.6,6983.8,3377.7999999999997,9361.0,971.5,30.8,78258057842.43564,59.545597739817445,824.9194645375601
