,contributed_CCGT,contributed_Coal,contributed_Onshore,contributed_Offshore,contributed_PV,contributed_Nuclear,contributed_Recip_gas,contributed_Biomass,total_CCGT,total_Coal,total_Onshore,total_Offshore,total_PV,total_Nuclear,total_Recip_gas,Carbon_tax,total_genco_wealth,Electricity_cost,Carbon_emitted
0,361620.39999999857,265786.68000000005,23298.72026280004,29579.745223999984,3154.551064599939,75790.94999999998,13268.62999999999,0,31912.0,14475.0,8862.6,6983.8,3377.7999999999997,9361.0,971.5,30.8,37890142192.80695,170.55431184843656,1367.9631422786363
1,280928.04000000015,243086.03,23424.87221600004,29595.668287999964,3121.110497649978,55334.62,3940.1400000000003,0,31912.0,14475.0,8862.6,6983.8,3377.7999999999997,9361.0,971.5,30.8,35381149647.364,65.12118047421592,1131.7941227299384
2,372124.4399999986,255906.14999999997,21601.84304159999,29224.130127999983,1658.8179513999326,76827.87999999998,13259.89999999999,0,31912.0,14475.0,8862.6,6983.8,3377.7999999999997,9361.0,971.5,30.8,78617081849.56808,181.22924375745865,1368.1453963776967
3,380684.3399999983,267195.98000000004,23278.20383160005,29656.706700000013,3188.160174599965,84445.28999999996,13271.53999999999,0,31912.0,14475.0,8862.6,6983.8,3377.7999999999997,9361.0,971.5,30.8,127100669198.11496,190.13921036840165,1410.7377266600356
4,185892.18000000028,209270.1300000001,17788.397690400012,22837.55978899998,2603.510064849983,44697.6,183.32999999999998,0,31912.0,14475.0,8862.6,6983.8,3377.7999999999997,9361.0,971.5,30.8,112860675622.01622,40.38798434270306,847.4707438817426
5,382269.4199999983,267468.5900000001,23464.752699000044,29595.668287999964,3122.2863189999775,79978.43999999997,13268.62999999999,0,31912.0,14475.0,8862.6,6983.8,3377.7999999999997,9361.0,971.5,30.8,196089279979.26422,204.88750850025937,1414.5578331688173
6,183680.61000000025,208047.9299999999,18708.710226099967,23556.922408499966,3267.2218795999815,49478.729999999996,200.78999999999996,0,31912.0,14475.0,8862.6,6983.8,3377.7999999999997,9361.0,971.5,30.8,173937774568.2022,40.550800337596336,838.4411465861415
7,210433.59000000032,227250.81000000003,22757.1379997,27736.531768500015,7316.163141099927,51834.86,165.87,0,31912.0,14475.0,8862.6,6983.8,3377.7999999999997,9361.0,971.5,30.8,147308911992.33054,42.242564204103765,942.9214338523815
