,contributed_CCGT,contributed_Coal,contributed_Onshore,contributed_Offshore,contributed_PV,contributed_Nuclear,contributed_Recip_gas,contributed_Biomass,total_CCGT,total_Coal,total_Onshore,total_Offshore,total_PV,total_Nuclear,total_Recip_gas,Carbon_tax,total_genco_wealth,Electricity_cost,Carbon_emitted
0,395369.19999999786,189333.1499999999,23300.55530880004,29579.745223999984,3154.551064599939,108478.97999999997,14124.654999999993,0,31912.0,14475.0,8862.6,6983.8,3377.7999999999997,9361.0,971.5,30.8,17840359705.803185,93.86637634780357,1272.3218121336963
1,329100.5899999995,145983.1,23464.752699000044,29595.668287999964,3122.2863189999775,85377.45999999993,13147.38,0,31912.0,14475.0,8862.6,6983.8,3377.7999999999997,9361.0,971.5,30.8,23155814483.514,71.94486130552227,1033.1269410337986
2,405440.3599999981,195633.49999999962,21601.84304159999,29224.130127999983,1658.9433711499328,105958.91999999998,14113.014999999994,0,31912.0,14475.0,8862.6,6983.8,3377.7999999999997,9361.0,971.5,30.8,37956103583.8161,96.34835805575351,1303.2096364429967
3,423885.62999999773,191859.73999999973,23278.20383160005,29656.706700000013,3188.160174599965,119476.83999999995,15037.909999999982,0,31912.0,14475.0,8862.6,6983.8,3377.7999999999997,9361.0,971.5,30.8,60458929181.50983,111.36640867092585,1334.0631011965186
4,225029.45000000033,122942.47000000007,23055.916905000027,29595.668287999968,3120.800067599978,52933.86999999998,4252.964999999998,0,31912.0,14475.0,8862.6,6983.8,3377.7999999999997,9361.0,971.5,30.8,54852511599.17274,50.444143021364404,747.5265796430601
5,436490.6699999976,192390.27999999994,23464.752699000044,29595.668287999964,3122.2863189999775,111810.92999999998,16019.064999999975,0,31912.0,14475.0,8862.6,6983.8,3377.7999999999997,9361.0,971.5,30.8,86903180824.14415,107.21132770111318,1362.921342301437
6,231416.71000000028,127562.41000000003,24731.318694800022,31087.599416999983,4485.970713599983,47344.72999999999,7243.474999999995,0,31912.0,14475.0,8862.6,6983.8,3377.7999999999997,9361.0,971.5,30.8,79286536683.3035,52.572493162804854,779.2825072991791
7,264555.7900000002,117993.94000000008,33714.45915829991,38306.24775700007,7429.8222298999335,65353.74999999996,10194.700000000006,0,31912.0,14475.0,8862.6,6983.8,3377.7999999999997,9361.0,971.5,30.8,73514037732.48544,55.43652827946976,828.8318416281192
