,contributed_CCGT,contributed_Coal,contributed_Onshore,contributed_Offshore,contributed_PV,contributed_Nuclear,contributed_Recip_gas,contributed_Biomass,total_CCGT,total_Coal,total_Onshore,total_Offshore,total_PV,total_Nuclear,total_Recip_gas,Carbon_tax,total_genco_wealth,Electricity_cost,Carbon_emitted
0,345752.72999999963,249077.9799999999,59233.350661199715,27445.06330399998,3169.295537199936,85001.09999999993,12057.099999999982,0,31912.0,14475.0,8862.6,6983.8,3377.7999999999997,9361.0,971.5,30.8,92246169450.49196,313.8718132124547,1282.8542065160418
1,248996.44000000015,233646.52999999994,48126.30556970002,23275.652754499966,3128.782658999973,75121.64999999994,3775.239999999997,0,31912.0,14475.0,8862.6,6983.8,3377.7999999999997,9361.0,971.5,30.8,103352981763.63606,85.9244682760746,1037.4143463089406
2,311274.35999999964,251322.49999999994,54794.403816999715,26275.793936000002,1675.2942166499329,102009.07999999994,12117.239999999987,0,31912.0,14475.0,8862.6,6983.8,3377.7999999999997,9361.0,971.5,30.8,216546115696.96805,316.01319095761363,1223.8537073749992
3,343588.43000000017,250697.96999999986,61154.139035199594,29960.870700000018,3203.8162312499608,113705.34,13338.954999999982,0,31912.0,14475.0,8862.6,6983.8,3377.7999999999997,9361.0,971.5,30.8,366634111196.0469,355.07372359707307,1288.2692752920582
4,143180.05000000002,193858.37000000008,43642.329996600085,19483.024858999972,3090.8512064499755,66671.00999999995,320.09999999999985,0,31912.0,14475.0,8862.6,6983.8,3377.7999999999997,9361.0,971.5,30.8,355462933317.1995,35.52619001218877,723.8804836012605
5,347340.4500000002,263962.83999999997,54419.455196100076,31032.005527999972,3140.822199799975,94118.12999999995,12482.929999999986,0,31912.0,14475.0,8862.6,6983.8,3377.7999999999997,9361.0,971.5,30.8,586986763904.7156,341.45477220070126,1327.2445198503171
6,152216.35000000012,215571.10999999987,38929.26580839982,17937.660371999977,2961.4275301999783,58578.299999999974,357.9299999999998,0,31912.0,14475.0,8862.6,6983.8,3377.7999999999997,9361.0,971.5,30.8,568145415181.2358,33.89476657341322,790.75073211178
7,181278.59999999974,217474.14999999985,43789.61080019988,22343.026677500002,7098.331455749937,64543.79999999996,367.62999999999977,0,31912.0,14475.0,8862.6,6983.8,3377.7999999999997,9361.0,971.5,30.8,546338433126.2281,37.85958754887367,854.4381173816992
