,contributed_CCGT,contributed_Coal,contributed_Onshore,contributed_Offshore,contributed_PV,contributed_Nuclear,contributed_Recip_gas,contributed_Biomass,total_CCGT,total_Coal,total_Onshore,total_Offshore,total_PV,total_Nuclear,total_Recip_gas,Carbon_tax,total_genco_wealth,Electricity_cost,Carbon_emitted
0,323646.37999999966,248782.63999999975,21818.230534900034,28842.10058599999,3154.551064599939,125631.49000000006,13123.130000000005,0,31912.0,14475.0,8862.6,6983.8,3377.7999999999997,9361.0,971.5,30.8,25523645429.8705,127.50017044808949,1267.885585510717
1,226628.43000000037,241086.86999999976,21216.08654489999,27072.89331799998,3116.0051625999768,107197.61000000003,7801.710000000001,0,31912.0,14475.0,8862.6,6983.8,3377.7999999999997,9361.0,971.5,30.8,24200034912.633842,63.37928779803673,1042.8227095842606
2,315915.9499999999,247758.8899999998,19551.43116199982,27327.048756,1656.1666345999329,138094.05000000005,13111.490000000003,0,31912.0,14475.0,8862.6,6983.8,3377.7999999999997,9361.0,971.5,30.8,49505873228.68917,128.41564575526232,1246.340409708219
3,333407.16000000015,260447.51999999984,21770.164056999944,28485.42738,3181.4453374999644,133969.61000000004,15015.599999999975,0,31912.0,14475.0,8862.6,6983.8,3377.7999999999997,9361.0,971.5,30.8,77292851572.9514,130.40919924664868,1317.5706729129547
4,153984.70000000013,175083.9999999999,17290.04276920002,21987.155480499976,3071.7251054499784,91832.81,18.43,0,31912.0,14475.0,8862.6,6983.8,3377.7999999999997,9361.0,971.5,30.8,64250185165.62328,39.88255029778509,727.2681090920003
5,342767.4199999998,250847.6599999998,22963.585718700026,29595.668287999964,3122.2863189999775,142064.2600000001,14980.679999999977,0,31912.0,14475.0,8862.6,6983.8,3377.7999999999997,9361.0,971.5,30.8,109969005559.53133,134.9895949093401,1315.0800047086782
6,144818.49999999994,193078.4499999998,16377.191366800023,21306.32807199998,3213.89366059998,98560.73000000001,19.4,0,31912.0,14475.0,8862.6,6983.8,3377.7999999999997,9361.0,971.5,30.8,88344073720.86047,37.8849247519023,749.9497222531002
7,198624.19000000003,191328.56999999977,19608.631984400025,24700.46104450001,6283.660168249956,90831.76999999995,8492.834999999995,0,31912.0,14475.0,8862.6,6983.8,3377.7999999999997,9361.0,971.5,30.8,67407584906.45273,42.727964827811725,866.9892543908605
