,contributed_CCGT,contributed_Coal,contributed_Onshore,contributed_Offshore,contributed_PV,contributed_Nuclear,contributed_Recip_gas,contributed_Biomass,total_CCGT,total_Coal,total_Onshore,total_Offshore,total_PV,total_Nuclear,total_Recip_gas,Carbon_tax,total_genco_wealth,Electricity_cost,Carbon_emitted
0,322060.07999999897,217192.1599999996,23300.55530880004,29579.745223999984,3154.551064599939,165604.86687359976,16662.174999999992,0,31912.0,14475.0,8862.6,6983.8,3377.7999999999997,9361.0,971.5,30.8,17015305270.523596,101.64237423516595,1185.186704609679
1,216874.4400000004,202099.3799999996,23464.752699000044,29595.668287999964,3122.2863189999775,165604.86687359976,13408.309999999992,0,31912.0,14475.0,8862.6,6983.8,3377.7999999999997,9361.0,971.5,30.8,11733028612.325933,55.47806348346818,921.2578535532416
2,328171.07999999897,209258.18999999957,21601.84304159999,29224.130127999983,1658.9456695999324,165604.86687359976,17496.860000000008,0,31912.0,14475.0,8862.6,6983.8,3377.7999999999997,9361.0,971.5,30.8,21084929166.854855,90.20875036500406,1181.5826003696195
3,343987.1599999988,223075.75999999949,23278.20383160005,29656.706700000013,3188.160174599965,165604.86687359976,18430.970000000023,0,31912.0,14475.0,8862.6,6983.8,3377.7999999999997,9361.0,971.5,30.8,49003614747.66503,135.53578173548684,1248.2663234924767
4,116464.62000000008,157066.21999999986,21926.5965099,29595.668287999968,3116.600719849977,144957.33132720008,12047.399999999996,0,31912.0,14475.0,8862.6,6983.8,3377.7999999999997,9361.0,971.5,30.8,35725758298.952675,41.41257174158534,611.3566497755617
5,342190.5599999986,227099.5499999995,23464.752699000044,29595.668287999964,3122.2863189999775,165604.86687359976,17897.955000000016,0,31912.0,14475.0,8862.6,6983.8,3377.7999999999997,9361.0,971.5,30.8,51860705771.10724,91.88645572731275,1250.6675426408972
6,154089.66000000024,131205.5699999999,25031.85691820003,32764.901290999987,4477.2553294999825,133702.20940160024,11523.599999999997,0,31912.0,14475.0,8862.6,6983.8,3377.7999999999997,9361.0,971.5,30.8,32154065763.863472,43.632073114346554,628.9667642868617
7,178527.18000000023,142944.96999999986,31127.354649799934,38204.78456500007,7411.30295159993,141414.7210728001,12047.399999999996,0,31912.0,14475.0,8862.6,6983.8,3377.7999999999997,9361.0,971.5,30.8,9132574302.324245,43.95463306656722,708.0123246880622
