,contributed_CCGT,contributed_Coal,contributed_Onshore,contributed_Offshore,contributed_PV,contributed_Nuclear,contributed_Recip_gas,contributed_Biomass,total_CCGT,total_Coal,total_Onshore,total_Offshore,total_PV,total_Nuclear,total_Recip_gas,Carbon_tax,total_genco_wealth,Electricity_cost,Carbon_emitted
0,369915.69999999984,157008.51999999981,55770.14479109981,37331.17263200007,3164.6361560499367,121676.79999999993,11824.3,0,31912.0,14475.0,8862.6,6983.8,3377.7999999999997,9361.0,971.5,30.8,32703373442.902897,123.46204067497632,1153.2096323909552
1,306522.2000000003,129001.67999999982,47219.748215999905,35295.56878650006,3124.8903750999743,91730.95999999995,6627.525000000001,0,31912.0,14475.0,8862.6,6983.8,3377.7999999999997,9361.0,971.5,30.8,35282826136.592995,65.28023375634858,952.4695886586381
2,365257.79,152130.38999999993,51449.412118499604,34852.860063000066,1672.899027149934,141459.94999999995,11926.150000000009,0,31912.0,14475.0,8862.6,6983.8,3377.7999999999997,9361.0,971.5,30.8,68668794630.25601,122.21792052536159,1134.2572410652156
3,389680.1399999989,169510.84999999992,55384.68996439961,36885.6355710001,3199.5299250999606,128409.56999999992,13435.469999999974,0,31912.0,14475.0,8862.6,6983.8,3377.7999999999997,9361.0,971.5,30.8,108232901110.6097,123.75252595920905,1225.6812548482974
4,204887.29000000012,90652.72999999994,41621.9788147,30793.35450300001,3088.564123949975,83487.89999999997,233.7699999999999,0,31912.0,14475.0,8862.6,6983.8,3377.7999999999997,9361.0,971.5,30.8,96368007955.6473,36.209865494492774,639.9915618965416
5,380324.8399999993,162467.6699999999,59636.77125559996,38574.466778000045,3138.1249129999755,138214.32999999993,13448.564999999997,0,31912.0,14475.0,8862.6,6983.8,3377.7999999999997,9361.0,971.5,30.8,153166352933.65033,126.76292122254831,1183.9116809326558
6,218588.12999999998,90083.80999999994,37698.32418779988,25824.517489999984,4049.817138299975,86512.35999999996,222.1299999999999,0,31912.0,14475.0,8862.6,6983.8,3377.7999999999997,9361.0,971.5,30.8,134607186700.06636,36.95410328105633,665.3296909463807
7,249552.18000000025,99960.0299999999,39131.943418699826,29476.520365000008,7141.67723264994,92779.52999999994,6044.069999999999,0,31912.0,14475.0,8862.6,6983.8,3377.7999999999997,9361.0,971.5,30.8,113096730622.07079,39.92560342333699,763.6965850019403
