,contributed_CCGT,contributed_Coal,contributed_Onshore,contributed_Offshore,contributed_PV,contributed_Nuclear,contributed_Recip_gas,contributed_Biomass,total_CCGT,total_Coal,total_Onshore,total_Offshore,total_PV,total_Nuclear,total_Recip_gas,Carbon_tax,total_genco_wealth,Electricity_cost,Carbon_emitted
0,393444.8399999984,201808.76999999976,23300.55530880004,29579.745223999984,3154.551064599939,102379.61999999998,14080.034999999996,0,31912.0,14475.0,8862.6,6983.8,3377.7999999999997,9361.0,971.5,30.8,18344829969.488117,94.56871633415123,1293.7055168904567
1,303356.18000000017,180478.48999999993,23464.752699000044,29595.668287999964,3122.2863189999775,83845.82999999994,12202.115000000003,0,31912.0,14475.0,8862.6,6983.8,3377.7999999999997,9361.0,971.5,30.8,23468068822.70105,72.0964614709101,1053.46250567902
2,407181.6499999979,185989.40999999992,21601.84304159999,29224.130127999983,1658.9456695999324,112860.46999999999,14108.164999999995,0,31912.0,14475.0,8862.6,6983.8,3377.7999999999997,9361.0,971.5,30.8,40680030152.77521,101.17595610242904,1282.8518865051794
3,418361.08999999776,196960.49999999974,23278.20383160005,29656.706700000013,3188.160174599965,124009.64999999997,15020.449999999983,0,31912.0,14475.0,8862.6,6983.8,3377.7999999999997,9361.0,971.5,30.8,62534758311.59971,108.78711842747335,1330.7447062189979
4,238804.7500000003,108360.5100000001,22205.60265390001,28432.84662799998,3118.004963349977,61317.57999999998,7938.9649999999965,0,31912.0,14475.0,8862.6,6983.8,3377.7999999999997,9361.0,971.5,30.8,59243096692.5572,53.88672116240472,749.2061925829795
5,416003.1899999977,198604.8899999997,23464.752699000044,29595.668287999964,3122.2863189999775,124448.08999999995,14142.114999999993,0,31912.0,14475.0,8862.6,6983.8,3377.7999999999997,9361.0,971.5,30.8,89084210589.74086,104.06808976553748,1331.3888177262172
6,235552.44000000032,112415.91000000008,24220.87944570003,30653.94740699999,4458.776408399983,56055.32999999999,7306.039999999996,0,31912.0,14475.0,8862.6,6983.8,3377.7999999999997,9361.0,971.5,30.8,82777288667.83006,51.47677092818147,750.3211673021793
7,267751.08000000013,115013.28000000006,32439.290969699923,37441.40974700007,7412.852504899931,66001.70999999998,10331.955000000004,0,31912.0,14475.0,8862.6,6983.8,3377.7999999999997,9361.0,971.5,30.8,82122482561.54076,57.595040684385275,828.8986595354405
