,contributed_CCGT,contributed_Coal,contributed_Onshore,contributed_Offshore,contributed_PV,contributed_Nuclear,contributed_Recip_gas,contributed_Biomass,total_CCGT,total_Coal,total_Onshore,total_Offshore,total_PV,total_Nuclear,total_Recip_gas,Carbon_tax,total_genco_wealth,Electricity_cost,Carbon_emitted
0,320677.5199999992,253025.97999999986,53027.36523479976,23845.103626000004,3165.894259049937,103598.90999999993,12042.549999999987,0,31912.0,14475.0,8862.6,6983.8,3377.7999999999997,9361.0,971.5,30.8,94242827605.61009,314.4088397529029,1245.4101833400384
1,245574.9900000002,244646.0299999999,50401.17638049988,25152.171385999976,3138.9220373499734,73201.04999999996,3689.8799999999974,0,31912.0,14475.0,8862.6,6983.8,3377.7999999999997,9361.0,971.5,30.8,107657356570.66351,88.29228924423053,1053.6583243099406
2,328358.73000000004,250014.75999999992,54601.01299639957,26548.139270000014,1662.1079308999351,101220.46999999994,11945.549999999994,0,31912.0,14475.0,8862.6,6983.8,3377.7999999999997,9361.0,971.5,30.8,241021635153.36377,336.8667874222687,1254.0868993544793
3,354146.42,271380.95,51599.93449719979,26766.967311000008,3186.1781381499623,103944.22999999998,11899.959999999985,0,31912.0,14475.0,8862.6,6983.8,3377.7999999999997,9361.0,971.5,30.8,378848611004.46515,348.36448324517454,1354.0670456680991
4,152871.35000000006,210544.5300000001,38683.20197019994,19537.261004999968,3084.907590249976,55057.19999999998,349.1999999999998,0,31912.0,14475.0,8862.6,6983.8,3377.7999999999997,9361.0,971.5,30.8,366119579358.3479,32.973459870037594,780.8463596529388
5,363028.1899999998,261312.34999999998,52838.048908900026,25222.001173999975,3137.2920489999756,101094.36999999992,11835.939999999988,0,31912.0,14475.0,8862.6,6983.8,3377.7999999999997,9361.0,971.5,30.8,578966410875.1958,348.97512508683957,1344.8213939452992
6,148581.8400000001,211417.26999999987,34827.58472439989,17676.024101999974,2932.4420157999775,71982.72999999995,304.57999999999987,0,31912.0,14475.0,8862.6,6983.8,3377.7999999999997,9361.0,971.5,30.8,559690140299.5985,33.72282729515404,773.9955060434596
7,202481.94999999972,198175.30999999985,42848.39888699982,22652.19349,6204.849106549963,69761.42999999995,842.9299999999997,0,31912.0,14475.0,8862.6,6983.8,3377.7999999999997,9361.0,971.5,30.8,540423739090.78864,40.97397928744151,855.476803263379
