,contributed_CCGT,contributed_Coal,contributed_Onshore,contributed_Offshore,contributed_PV,contributed_Nuclear,contributed_Recip_gas,contributed_Biomass,total_CCGT,total_Coal,total_Onshore,total_Offshore,total_PV,total_Nuclear,total_Recip_gas,Carbon_tax,total_genco_wealth,Electricity_cost,Carbon_emitted
0,404901.6999999976,218880.88999999984,23296.46268480004,29579.745223999984,3154.551064599939,76684.31999999998,13268.630000000001,0,31912.0,14475.0,8862.6,6983.8,3377.7999999999997,9361.0,971.5,30.8,38009872767.06479,172.38275129759768,1352.0828649642165
1,308221.8399999992,218875.3299999998,23457.71835600004,29595.668287999964,3122.130233349978,55173.600000000006,4079.8199999999997,0,31912.0,14475.0,8862.6,6983.8,3377.7999999999997,9361.0,971.5,30.8,37492707698.44623,73.70547703093484,1133.46037957134
2,413759.1999999978,207598.64999999976,21573.980926499982,29224.130127999983,1658.8167474499328,80033.72999999998,13095.970000000001,0,31912.0,14475.0,8862.6,6983.8,3377.7999999999997,9361.0,971.5,30.8,82938896725.61684,190.0493359763274,1344.5379223926966
3,420258.19999999786,229631.6499999999,23278.20383160005,29656.706700000013,3188.160174599965,83551.91999999997,13298.699999999999,0,31912.0,14475.0,8862.6,6983.8,3377.7999999999997,9361.0,971.5,30.8,142901973861.08176,223.05073482866007,1407.3068264266954
4,238754.78000000046,158061.14999999988,19228.41556509999,24300.32938549998,3024.2444019499812,40924.299999999996,0.0,0,31912.0,14475.0,8862.6,6983.8,3377.7999999999997,9361.0,971.5,30.8,129199191448.45917,43.721142140014344,840.1892561077037
5,423574.3199999977,227218.2399999999,23464.752699000044,29595.668287999964,3122.2863189999775,77398.23999999999,13079.480000000001,0,31912.0,14475.0,8862.6,6983.8,3377.7999999999997,9361.0,971.5,30.8,216688554902.78082,216.81098202391902,1408.2082551795163
6,220054.84000000023,178727.4099999999,19213.589027799975,24850.576538999987,4210.060616499979,45473.600000000006,0.0,0,31912.0,14475.0,8862.6,6983.8,3377.7999999999997,9361.0,971.5,30.8,193818804526.90796,41.44668085981872,846.7307381791826
7,265900.81000000023,186350.62999999966,20282.621061400034,24645.43466000001,7000.255267849942,45599.70000000001,0.0,0,31912.0,14475.0,8862.6,6983.8,3377.7999999999997,9361.0,971.5,30.8,167129664527.4662,41.72130120363732,964.8427641807419
