,contributed_CCGT,contributed_Coal,contributed_Onshore,contributed_Offshore,contributed_PV,contributed_Nuclear,contributed_Recip_gas,contributed_Biomass,total_CCGT,total_Coal,total_Onshore,total_Offshore,total_PV,total_Nuclear,total_Recip_gas,Carbon_tax,total_genco_wealth,Electricity_cost,Carbon_emitted
0,359795.83999999857,249314.90999999995,23300.55530880004,29579.745223999984,3154.551064599939,97417.09999999996,13269.59999999999,0,31912.0,14475.0,8862.6,6983.8,3377.7999999999997,9361.0,971.5,30.8,31638393223.80382,148.00899735947098,1328.4303496241773
1,277016.76000000007,228180.25000000017,23464.752699000044,29595.668287999964,3122.211992499978,74343.70999999998,3921.71,0,31912.0,14475.0,8862.6,6983.8,3377.7999999999997,9361.0,971.5,30.8,26376575745.370773,56.7653856902543,1090.6032934295006
2,362043.0899999986,248938.79999999996,21509.017358999954,29224.130127999983,1657.960530049933,93877.56999999996,13225.949999999993,0,31912.0,14475.0,8862.6,6983.8,3377.7999999999997,9361.0,971.5,30.8,65359364132.03134,169.7108857768355,1331.1874465223966
3,381974.07999999827,250763.25,23278.20383160005,29656.706700000013,3187.892091749965,106385.71999999994,14738.179999999982,0,31912.0,14475.0,8862.6,6983.8,3377.7999999999997,9361.0,971.5,30.8,103526702802.23802,159.83652049278166,1379.6652172034965
4,165794.73000000033,198053.4299999999,16921.546588299978,21339.22598299998,2874.6311871499825,72329.01999999997,130.95000000000005,0,31912.0,14475.0,8862.6,6983.8,3377.7999999999997,9361.0,971.5,30.8,89392382176.31413,40.04898372823693,785.2343457551431
5,368472.0199999985,268319.42000000004,23449.252554900046,29595.668287999964,3122.2863189999775,102957.73999999995,13270.56999999999,0,31912.0,14475.0,8862.6,6983.8,3377.7999999999997,9361.0,971.5,30.8,146070207302.1383,157.17835953411074,1387.527420049157
6,172284.33000000022,197557.41999999993,18121.554792499985,22930.043276999975,4092.6016127499774,74993.60999999999,209.51999999999995,0,31912.0,14475.0,8862.6,6983.8,3377.7999999999997,9361.0,971.5,30.8,123809123879.73732,39.30702474674226,791.9159170531625
7,200393.9100000003,203094.58999999985,24706.252323400022,29993.402260999996,7363.139200499927,79466.27999999997,139.68000000000004,0,31912.0,14475.0,8862.6,6983.8,3377.7999999999997,9361.0,971.5,30.8,97042139674.84155,42.00430840168482,867.6614070768221
