,contributed_CCGT,contributed_Coal,contributed_Onshore,contributed_Offshore,contributed_PV,contributed_Nuclear,contributed_Recip_gas,contributed_Biomass,total_CCGT,total_Coal,total_Onshore,total_Offshore,total_PV,total_Nuclear,total_Recip_gas,Carbon_tax,total_genco_wealth,Electricity_cost,Carbon_emitted
0,393618.23999999824,210048.82999999964,23300.55530880004,29579.745223999984,3154.551064599939,101478.48999999998,14988.439999999982,0,31912.0,14475.0,8862.6,6983.8,3377.7999999999997,9361.0,971.5,30.8,17141780593.650467,92.95122240461684,1312.9608144443348
1,312090.4599999996,188165.72999999972,23464.752699000044,29595.668287999964,3122.2863189999775,80071.55999999994,8932.244999999988,0,31912.0,14475.0,8862.6,6983.8,3377.7999999999997,9361.0,971.5,30.8,17555271778.572052,63.17855019446895,1084.4871002605412
2,377177.5399999984,217325.67999999973,21601.84304159999,29224.130127999983,1658.9456695999324,114427.01999999999,13145.439999999999,0,31912.0,14475.0,8862.6,6983.8,3377.7999999999997,9361.0,971.5,30.8,32973896715.856483,98.42886741665103,1292.0824519806358
3,408244.6799999977,222630.4899999997,23278.20383160005,29656.706700000013,3188.160174599965,108085.15999999997,14113.984999999993,0,31912.0,14475.0,8862.6,6983.8,3377.7999999999997,9361.0,971.5,30.8,53560433022.112206,108.48367801606814,1370.8003743150152
4,215532.56000000006,145027.56,23121.88881660003,29595.668287999968,3120.792008099978,57026.29999999999,2622.880000000001,0,31912.0,14475.0,8862.6,6983.8,3377.7999999999997,9361.0,971.5,30.8,46696309863.53488,51.630257365654614,776.6356170088817
5,405950.3199999977,224534.44999999984,23464.752699000044,29595.668287999964,3122.2863189999775,112320.17999999996,14031.534999999996,0,31912.0,14475.0,8862.6,6983.8,3377.7999999999997,9361.0,971.5,30.8,77565998493.98526,107.38818867437931,1369.2997728710966
6,225384.5600000003,146487.33,26265.12786770003,33535.97722699999,4486.655154199984,45721.91999999999,2611.725000000001,0,31912.0,14475.0,8862.6,6983.8,3377.7999999999997,9361.0,971.5,30.8,65616526377.07972,49.33792275101669,799.0873195773413
7,251682.7400000004,150887.10999999996,34267.14914359992,38306.24775700007,7445.513787849933,51345.00999999998,6756.534999999994,0,31912.0,14475.0,8862.6,6983.8,3377.7999999999997,9361.0,971.5,30.8,57570531442.673706,56.45122658966838,875.183468929782
