,contributed_CCGT,contributed_Coal,contributed_Onshore,contributed_Offshore,contributed_PV,contributed_Nuclear,contributed_Recip_gas,contributed_Biomass,total_CCGT,total_Coal,total_Onshore,total_Offshore,total_PV,total_Nuclear,total_Recip_gas,Carbon_tax,total_genco_wealth,Electricity_cost,Carbon_emitted
0,368314.3899999999,150817.81999999983,57246.01096549974,24735.55889450001,3160.8460933499373,135027.87999999998,11752.52,0,31912.0,14475.0,8862.6,6983.8,3377.7999999999997,9361.0,971.5,30.8,33412485814.417503,121.5100984084845,1137.1808040923556
1,299303.43000000017,128711.41999999982,50751.10656739987,22159.979584999965,3113.744001149973,109504.26999999993,8073.795000000001,0,31912.0,14475.0,8862.6,6983.8,3377.7999999999997,9361.0,971.5,30.8,35782312626.76088,66.16471969209935,940.1037280751584
2,372738.11999999936,182125.18999999992,53747.124877299655,22599.509257000005,1657.5132813499342,120602.03999999992,12274.380000000001,0,31912.0,14475.0,8862.6,6983.8,3377.7999999999997,9361.0,971.5,30.8,66137035610.05556,122.26559423649888,1214.7166345956166
3,383825.37999999983,187439.43999999992,58210.54909919961,26049.703924,3196.0781210999608,132446.71,13975.759999999982,0,31912.0,14475.0,8862.6,6983.8,3377.7999999999997,9361.0,971.5,30.8,101581373286.7989,124.56703765810228,1251.3543206171169
4,228662.4299999999,80208.97999999998,45335.54345019996,18959.63016799997,3089.3626502499746,82170.63999999996,369.5699999999999,0,31912.0,14475.0,8862.6,6983.8,3377.7999999999997,9361.0,971.5,30.8,89635887872.20496,38.07666811368923,670.3301246740415
5,398562.35999999894,175741.0899999999,60639.45738439983,25721.259575999975,3134.4443038999757,120045.25999999995,12645.405000000006,0,31912.0,14475.0,8862.6,6983.8,3377.7999999999997,9361.0,971.5,30.8,148966646458.63998,127.36363161505649,1256.0104745738174
6,220644.61000000013,90597.91999999993,40071.61023829985,17783.813609999976,4347.600947999986,93570.07999999994,220.1899999999999,0,31912.0,14475.0,8862.6,6983.8,3377.7999999999997,9361.0,971.5,30.8,129495169139.15451,37.357861622520325,669.8438086121608
7,260861.19000000018,111356.14999999988,44536.68972639972,21463.034485999997,7202.523876249934,76279.82999999997,3276.1749999999925,0,31912.0,14475.0,8862.6,6983.8,3377.7999999999997,9361.0,971.5,30.8,105168335791.69937,39.117195251251864,802.8727381476994
