,contributed_CCGT,contributed_Coal,contributed_Onshore,contributed_Offshore,contributed_PV,contributed_Nuclear,contributed_Recip_gas,contributed_Biomass,total_CCGT,total_Coal,total_Onshore,total_Offshore,total_PV,total_Nuclear,total_Recip_gas,Carbon_tax,total_genco_wealth,Electricity_cost,Carbon_emitted
0,427469.17999999796,142111.9299999997,57683.20066459995,25877.629555999993,3145.64765209994,95093.95,14680.464999999995,0,31912.0,14475.0,8862.6,6983.8,3377.7999999999997,9361.0,971.5,30.8,29170357424.24771,123.37643948810175,1241.4195306081408
1,378898.3499999991,109070.11999999998,49046.049045199994,22969.728510499976,3107.1922631499783,62940.38999999996,9302.299999999988,0,31912.0,14475.0,8862.6,6983.8,3377.7999999999997,9361.0,971.5,30.8,28750510646.24162,68.2700933319842,1053.3533826477571
2,442108.89999999816,162086.3899999998,51442.345202899785,25180.708720000013,1655.8550832999326,70678.07999999996,14162.970000000005,0,31912.0,14475.0,8862.6,6983.8,3377.7999999999997,9361.0,971.5,30.8,54351892559.02787,121.90699924414442,1312.2956974532208
3,441586.87999999797,163022.24999999974,54150.86945169969,27509.786878000006,3186.159514749963,104467.05999999998,15556.859999999982,0,31912.0,14475.0,8862.6,6983.8,3377.7999999999997,9361.0,971.5,30.8,87734579908.33493,124.97495110608513,1320.8797096854996
4,272292.0800000002,93856.29999999994,36354.980383399976,18220.891718999967,3013.7255405499814,44094.259999999995,1794.5000000000007,0,31912.0,14475.0,8862.6,6983.8,3377.7999999999997,9361.0,971.5,30.8,72811207221.29425,36.18167273474134,788.3214671873968
5,427774.1399999982,175299.87999999974,56493.93924559987,27243.75333199996,3124.0472103999787,89872.43999999996,14927.814999999993,0,31912.0,14475.0,8862.6,6983.8,3377.7999999999997,9361.0,971.5,30.8,128744081417.6895,126.90459629370166,1318.9591651622395
6,294225.74999999977,69915.45,36465.658159399856,17483.94411499998,4186.015784799978,48868.599999999984,1988.500000000001,0,31912.0,14475.0,8862.6,6983.8,3377.7999999999997,9361.0,971.5,30.8,106409867988.42256,37.95484798543632,777.8810395990955
7,306556.41999999934,97605.35000000002,42302.403482799695,22340.0921465,7119.94580784993,47561.039999999986,5103.654999999994,0,31912.0,14475.0,8862.6,6983.8,3377.7999999999997,9361.0,971.5,30.8,78196614945.84229,39.40800041478114,876.9305518292955
