,contributed_CCGT,contributed_Coal,contributed_Onshore,contributed_Offshore,contributed_PV,contributed_Nuclear,contributed_Recip_gas,contributed_Biomass,total_CCGT,total_Coal,total_Onshore,total_Offshore,total_PV,total_Nuclear,total_Recip_gas,Carbon_tax,total_genco_wealth,Electricity_cost,Carbon_emitted
0,345200.99999999854,255255.18999999994,21744.45191780004,28166.198461999986,3154.551064599939,117730.84000000001,13046.499999999995,0,31912.0,14475.0,8862.6,6983.8,3377.7999999999997,9361.0,971.5,30.8,9557269586.361446,74.60232036669761,1309.7567209756194
1,253258.26000000018,231547.85000000006,22124.810393600004,28668.48154999997,3118.5833667999773,106110.23999999996,2197.0500000000015,0,31912.0,14475.0,8862.6,6983.8,3377.7999999999997,9361.0,971.5,30.8,2845050785.02239,48.898675801598394,1044.5858048543041
2,357570.08999999834,243702.0,19129.981555899823,26309.72582800002,1653.8911292999337,117853.06000000001,13054.744999999995,0,31912.0,14475.0,8862.6,6983.8,3377.7999999999997,9361.0,971.5,30.8,11680222791.715984,84.2977896275533,1309.150155645999
3,374476.9799999981,254043.33,21800.18302529994,28762.600140000006,3183.4751076499642,122380.05000000003,13288.999999999995,0,31912.0,14475.0,8862.6,6983.8,3377.7999999999997,9361.0,971.5,30.8,25271691352.80494,94.13544802219444,1368.8234327553384
4,141910.7000000002,213472.96999999994,17056.02667049998,21435.022918999985,2907.7968654499805,88891.76999999989,213.39999999999995,0,31912.0,14475.0,8862.6,6983.8,3377.7999999999997,9361.0,971.5,30.8,10218930946.825594,36.552970337222355,764.8550813120621
5,369905.7899999983,260204.53999999998,22123.428803199993,28090.668217999966,3122.1122934999776,122511.97000000002,13289.969999999996,0,31912.0,14475.0,8862.6,6983.8,3377.7999999999997,9361.0,971.5,30.8,30449209533.179863,95.00140997452102,1371.4456584669183
6,162749.98000000036,208638.38999999996,15906.222591400014,20665.279661999975,2918.15258664998,88913.10999999988,175.57,0,31912.0,14475.0,8862.6,6983.8,3377.7999999999997,9361.0,971.5,30.8,6600560492.754076,35.78350453025022,796.2941526692225
7,215435.22000000035,197671.3500000001,19953.483270700017,25211.68619750001,7164.117758249931,88779.24999999988,171.68999999999997,0,31912.0,14475.0,8862.6,6983.8,3377.7999999999997,9361.0,971.5,30.8,-21640758179.348045,37.751888959607236,878.8126920273043
