,contributed_CCGT,contributed_Coal,contributed_Onshore,contributed_Offshore,contributed_PV,contributed_Nuclear,contributed_Recip_gas,contributed_Biomass,total_CCGT,total_Coal,total_Onshore,total_Offshore,total_PV,total_Nuclear,total_Recip_gas,Carbon_tax,total_genco_wealth,Electricity_cost,Carbon_emitted
0,417655.0599999979,160300.55,44395.25829439975,32822.74330399999,3163.123157599938,85099.06999999993,18431.455000000013,0,31912.0,14475.0,8862.6,6983.8,3377.7999999999997,9361.0,971.5,30.8,93668725256.44243,248.34280174478238,1258.2605044388965
1,368850.6899999989,118064.03,37393.608736999835,28437.597247999965,3129.509963999977,49007.309999999976,18174.405000000017,0,31912.0,14475.0,8862.6,6983.8,3377.7999999999997,9361.0,971.5,30.8,153488973389.82584,170.71049568839237,1059.5990762239378
2,415286.7999999982,163495.48999999987,46262.60250079963,32003.911887999988,1670.870537599932,83011.62999999993,16778.574999999983,0,31912.0,14475.0,8862.6,6983.8,3377.7999999999997,9361.0,971.5,30.8,259674426828.11194,249.31429711366286,1255.9036839250161
3,407533.96999999805,185911.3599999997,50057.57327079959,34360.790700000056,3198.2743175999635,98187.27999999994,17268.42500000001,0,31912.0,14475.0,8862.6,6983.8,3377.7999999999997,9361.0,971.5,30.8,383788228835.7687,270.01990141725236,1290.091521371276
4,280651.0399999999,86129.26,29515.55973699994,29415.35724799997,3125.502305499978,34421.42,13499.489999999969,0,31912.0,14475.0,8862.6,6983.8,3377.7999999999997,9361.0,971.5,30.8,412953487088.554,102.85183847052478,797.205558965478
5,416601.029999998,181867.47999999972,51447.55073699982,33815.27724800003,3134.747963999976,94341.22999999994,17443.51000000001,0,31912.0,14475.0,8862.6,6983.8,3377.7999999999997,9361.0,971.5,30.8,609615300641.3094,271.98473707946545,1299.8295699770374
6,264750.42,91509.64000000006,31890.855433499873,34016.93390900001,4495.822853099985,42113.51999999998,12651.22499999998,0,31912.0,14475.0,8862.6,6983.8,3377.7999999999997,9361.0,971.5,30.8,657999957290.5404,110.60275613802803,773.9352122267177
7,272568.51,111489.72999999998,38790.16765319974,39452.840197000056,7446.452970199934,53132.71999999998,12985.874999999987,0,31912.0,14475.0,8862.6,6983.8,3377.7999999999997,9361.0,971.5,30.8,760241138079.8647,132.2149616043659,836.2974769725372
