,contributed_CCGT,contributed_Coal,contributed_Onshore,contributed_Offshore,contributed_PV,contributed_Nuclear,contributed_Recip_gas,contributed_Biomass,total_CCGT,total_Coal,total_Onshore,total_Offshore,total_PV,total_Nuclear,total_Recip_gas,Carbon_tax,total_genco_wealth,Electricity_cost,Carbon_emitted
0,334275.2099999999,268853.31,52182.0270060999,22710.563057500003,3161.9533632999373,89828.78999999992,12151.189999999986,0,31912.0,14475.0,8862.6,6983.8,3377.7999999999997,9361.0,971.5,30.8,89827494936.59302,309.29623219319666,1303.8252657473777
1,248658.06000000014,232439.29999999987,53035.96173369999,26457.655381999964,3137.888656849975,75261.32999999993,3690.849999999997,0,31912.0,14475.0,8862.6,6983.8,3377.7999999999997,9361.0,971.5,30.8,102918044083.59438,89.291948274696,1031.4993926014004
2,333258.3199999996,247031.99999999985,49935.02251049962,26193.814294000003,1675.867271349933,102269.03999999995,12077.469999999992,0,31912.0,14475.0,8862.6,6983.8,3377.7999999999997,9361.0,971.5,30.8,231102368308.65155,336.7386648788555,1262.3709799559983
3,344267.1199999999,269570.92999999993,55250.2990639997,25854.854730000003,3184.266874849962,94413.00999999994,11773.859999999988,0,31912.0,14475.0,8862.6,6983.8,3377.7999999999997,9361.0,971.5,30.8,381001079688.39734,352.2904489087243,1334.4902583401388
4,161314.71000000005,172751.75999999992,39834.48734599996,19081.60292899997,3088.456436849976,77243.03999999994,310.39999999999986,0,31912.0,14475.0,8862.6,6983.8,3377.7999999999997,9361.0,971.5,30.8,369560322500.57697,35.82328067191334,713.6241147404806
5,316651.27999999974,278908.15,56177.0602081999,24890.66608299998,3137.3489129999757,110927.25999999998,12239.459999999997,0,31912.0,14475.0,8862.6,6983.8,3377.7999999999997,9361.0,971.5,30.8,604509491137.9879,352.15527180952887,1290.7114354936962
6,170727.88999999984,198511.54000000015,37618.23478949984,19258.49473399997,4231.021569649986,58578.299999999974,296.8199999999999,0,31912.0,14475.0,8862.6,6983.8,3377.7999999999997,9361.0,971.5,30.8,584868533775.2601,33.951812697312356,790.1384146329192
7,191180.87999999974,205577.58999999994,40312.57170189981,22111.756311999998,7083.650987949937,75021.73999999993,302.6399999999999,0,31912.0,14475.0,8862.6,6983.8,3377.7999999999997,9361.0,971.5,30.8,562816532386.2725,38.572220510509794,847.8618558908186
