,contributed_CCGT,contributed_Coal,contributed_Onshore,contributed_Offshore,contributed_PV,contributed_Nuclear,contributed_Recip_gas,contributed_Biomass,total_CCGT,total_Coal,total_Onshore,total_Offshore,total_PV,total_Nuclear,total_Recip_gas,Carbon_tax,total_genco_wealth,Electricity_cost,Carbon_emitted
0,394056.8399999985,187653.56999999992,23300.55530880004,29579.745223999984,3154.551064599939,109373.31999999998,15057.30999999998,0,31912.0,14475.0,8862.6,6983.8,3377.7999999999997,9361.0,971.5,30.8,17865555456.62614,93.0319636089605,1260.6672298508597
1,322072.96999999956,164486.3,23464.752699000044,29595.668287999964,3122.2863189999775,84320.15999999995,10251.930000000002,0,31912.0,14475.0,8862.6,6983.8,3377.7999999999997,9361.0,971.5,30.8,23831186240.884533,74.11687440305586,1054.271112407401
2,394376.65999999805,198438.37999999992,21601.84304159999,29224.130127999983,1658.9456695999324,106292.59999999996,15021.419999999982,0,31912.0,14475.0,8862.6,6983.8,3377.7999999999997,9361.0,971.5,30.8,39783395877.414696,97.52130569806184,1291.1689015352388
3,415587.70999999775,203758.27999999962,23278.20383160005,29656.706700000013,3188.160174599965,120947.35999999997,15067.009999999978,0,31912.0,14475.0,8862.6,6983.8,3377.7999999999997,9361.0,971.5,30.8,58669022499.45465,102.03173223172234,1341.5592743154373
4,223953.7300000002,132650.84999999998,22658.375713400026,29595.668287999968,3121.1658395499776,51561.31999999999,4021.1349999999984,0,31912.0,14475.0,8862.6,6983.8,3377.7999999999997,9361.0,971.5,30.8,53734851777.359505,49.6154632768045,766.3466741382998
5,412670.70999999787,209142.74999999965,23464.752699000044,29595.668287999964,3122.2863189999775,113441.49999999997,15034.999999999984,0,31912.0,14475.0,8862.6,6983.8,3377.7999999999997,9361.0,971.5,30.8,85295848082.6016,105.91475790819504,1348.6747202444976
6,229694.31000000026,112094.61000000009,26308.956114900015,33294.96481099999,4485.837562699983,64614.60999999998,5428.604999999996,0,31912.0,14475.0,8862.6,6983.8,3377.7999999999997,9361.0,971.5,30.8,77109645965.27533,50.50273969757035,737.4454021747796
7,260868.1400000002,114317.56000000004,33436.6756119999,38306.24775700007,7427.99341989993,63676.61999999997,9385.719999999987,0,31912.0,14475.0,8862.6,6983.8,3377.7999999999997,9361.0,971.5,30.8,70348622874.71042,54.1560016187508,813.8631357488791
