,contributed_CCGT,contributed_Coal,contributed_Onshore,contributed_Offshore,contributed_PV,contributed_Nuclear,contributed_Recip_gas,contributed_Biomass,total_CCGT,total_Coal,total_Onshore,total_Offshore,total_PV,total_Nuclear,total_Recip_gas,Carbon_tax,total_genco_wealth,Electricity_cost,Carbon_emitted
0,370911.5599999984,259223.35999999987,23300.55530880004,29579.745223999984,3154.551064599939,73065.24999999999,13252.13999999999,0,31912.0,14475.0,8862.6,6983.8,3377.7999999999997,9361.0,971.5,30.8,37662664661.78521,172.43671564646942,1373.0695129372773
1,267734.1600000002,254368.0200000001,23457.71835600004,29595.668287999964,3122.1383823999777,56547.12,4638.539999999999,0,31912.0,14475.0,8862.6,6983.8,3377.7999999999997,9361.0,971.5,30.8,34722790544.93133,65.66017825314644,1131.6029082519583
2,373592.6599999986,250353.23999999996,21557.959659599976,29224.130127999983,1658.7996732499328,76676.55999999997,13397.63999999999,0,31912.0,14475.0,8862.6,6983.8,3377.7999999999997,9361.0,971.5,30.8,78544817215.63203,182.15554323327993,1359.0147429095168
3,380159.67999999825,263772.18,23278.20383160005,29656.706700000013,3187.892091749965,84649.95999999996,14317.684999999985,0,31912.0,14475.0,8862.6,6983.8,3377.7999999999997,9361.0,971.5,30.8,126340519950.79433,188.56901656373603,1404.1564807376358
4,190780.17000000013,199411.00000000003,17238.168255599994,21920.733940999984,2753.12327964998,50622.36,183.32999999999998,0,31912.0,14475.0,8862.6,6983.8,3377.7999999999997,9361.0,971.5,30.8,112310792460.18964,40.767987754772314,832.7156309380016
5,381089.4199999984,265214.72000000003,23464.752699000044,29595.668287999964,3122.2863189999775,84577.20999999996,14010.194999999987,0,31912.0,14475.0,8862.6,6983.8,3377.7999999999997,9361.0,971.5,30.8,198606907336.6997,209.20833681672516,1408.6385291085571
6,205368.18000000025,196944.18999999992,19363.364060299966,24995.453885499985,4206.866228699979,40123.079999999994,165.87,0,31912.0,14475.0,8862.6,6983.8,3377.7999999999997,9361.0,971.5,30.8,176527838455.94843,40.859068902650584,862.240011257622
7,234315.87000000023,198199.96000000014,27273.997096600004,32441.219476000017,7195.141629399933,47053.729999999996,165.87,0,31912.0,14475.0,8862.6,6983.8,3377.7999999999997,9361.0,971.5,30.8,151478799144.0171,44.85572848197241,928.4267930240825
