,contributed_CCGT,contributed_Coal,contributed_Onshore,contributed_Offshore,contributed_PV,contributed_Nuclear,contributed_Recip_gas,contributed_Biomass,total_CCGT,total_Coal,total_Onshore,total_Offshore,total_PV,total_Nuclear,total_Recip_gas,Carbon_tax,total_genco_wealth,Electricity_cost,Carbon_emitted
0,383692.0599999985,228473.0699999999,23300.55530880004,29579.745223999984,3154.551064599939,81362.62999999998,13774.969999999998,0,31912.0,14475.0,8862.6,6983.8,3377.7999999999997,9361.0,971.5,30.8,53713523500.87996,224.1092963576974,1331.459137231855
1,322602.5799999991,192529.61999999982,23452.794315900042,29595.668287999964,3122.2863189999775,56344.390000000014,11367.430000000008,0,31912.0,14475.0,8862.6,6983.8,3377.7999999999997,9361.0,971.5,30.8,63279458751.134766,103.86623644254472,1120.5077048287585
2,375578.0099999986,240854.44999999998,21601.84304159999,29224.130127999983,1658.9456695999324,79463.36999999998,13086.27,0,31912.0,14475.0,8862.6,6983.8,3377.7999999999997,9361.0,971.5,30.8,141989147803.1679,284.4822362877158,1341.217341301095
3,405332.819999998,234918.3599999999,23278.20383160005,29656.706700000013,3188.160174599965,89181.79999999996,14915.689999999988,0,31912.0,14475.0,8862.6,6983.8,3377.7999999999997,9361.0,971.5,30.8,239158769923.11115,322.96741667338307,1392.1347585272754
4,184252.0500000002,192824.4199999997,19103.678191999978,24116.626992499983,3043.349357149981,53961.100000000006,0.0,0,31912.0,14475.0,8862.6,6983.8,3377.7999999999997,9361.0,971.5,30.8,225660187389.31357,43.52731056664776,807.1194053591615
5,397676.15999999805,244156.55999999994,23464.752699000044,29595.668287999964,3122.2863189999775,82559.60999999997,13251.170000000002,0,31912.0,14475.0,8862.6,6983.8,3377.7999999999997,9361.0,971.5,30.8,361025804485.7089,292.89600744890464,1393.7796544508747
6,223726.23000000036,165620.30999999985,19525.771945999983,24737.07751199999,4206.7596840999795,48276.90000000001,0.0,0,31912.0,14475.0,8862.6,6983.8,3377.7999999999997,9361.0,971.5,30.8,339983201745.20483,43.60732305471359,833.0179818733827
7,214111.89000000028,223744.5800000001,23758.87186010004,29057.765206499997,6188.614235999963,47898.600000000006,0.0,0,31912.0,14475.0,8862.6,6983.8,3377.7999999999997,9361.0,971.5,30.8,314024369931.9851,42.84361627624702,944.076211502841
