,contributed_CCGT,contributed_Coal,contributed_Onshore,contributed_Offshore,contributed_PV,contributed_Nuclear,contributed_Recip_gas,contributed_Biomass,total_CCGT,total_Coal,total_Onshore,total_Offshore,total_PV,total_Nuclear,total_Recip_gas,Carbon_tax,total_genco_wealth,Electricity_cost,Carbon_emitted
0,339097.4999999998,263813.28,59093.8894931998,28911.703303999984,3175.2234139999355,69506.31999999995,11953.309999999998,0,31912.0,14475.0,8862.6,6983.8,3377.7999999999997,9361.0,971.5,30.8,114362091230.92566,353.67260817733876,1303.195174865438
1,245914.49999999988,248498.77999999988,52258.914434400125,25692.595988499972,3136.595738799973,54740.00999999999,6996.609999999995,0,31912.0,14475.0,8862.6,6983.8,3377.7999999999997,9361.0,971.5,30.8,137813481532.20102,134.2256649929689,1068.4757501544384
2,323570.3199999997,244611.57999999987,58169.52642179971,30594.172504000013,1670.525741099934,91875.4899999999,12269.529999999997,0,31912.0,14475.0,8862.6,6983.8,3377.7999999999997,9361.0,971.5,30.8,259564997681.5028,356.5138386120481,1233.0618807688375
3,341028.47000000003,250554.34999999986,60851.011522899535,31964.410704000016,3202.097872349961,101536.6899999999,13818.619999999984,0,31912.0,14475.0,8862.6,6983.8,3377.7999999999997,9361.0,971.5,30.8,397395619125.777,357.601688715486,1280.1814230612968
4,154919.81999999995,218665.15999999983,42906.41619720005,19399.54125299997,2924.062157749977,37624.359999999986,155.2,0,31912.0,14475.0,8862.6,6983.8,3377.7999999999997,9361.0,971.5,30.8,383991240032.80457,37.862805613704516,802.82571065368
5,323141.6399999997,268790.50999999995,62907.114615600025,31389.335455999975,3139.867771799975,96213.32999999993,13190.544999999991,0,31912.0,14475.0,8862.6,6983.8,3377.7999999999997,9361.0,971.5,30.8,615278097962.7859,357.7819309957686,1283.2882968629774
6,157587.84999999986,215965.29999999987,39229.44622789975,19131.852133999968,2678.467539449973,53311.19999999998,174.59999999999997,0,31912.0,14475.0,8862.6,6983.8,3377.7999999999997,9361.0,971.5,30.8,594090523495.8599,37.23165186696334,802.3983603893996
7,212044.45999999993,203672.81999999995,41180.70605579981,20091.14991699998,7077.949204749943,48102.29999999999,8170.794999999996,0,31912.0,14475.0,8862.6,6983.8,3377.7999999999997,9361.0,971.5,30.8,570685160594.4324,42.64881558656074,902.0786070123593
