,contributed_CCGT,contributed_Coal,contributed_Onshore,contributed_Offshore,contributed_PV,contributed_Nuclear,contributed_Recip_gas,contributed_Biomass,total_CCGT,total_Coal,total_Onshore,total_Offshore,total_PV,total_Nuclear,total_Recip_gas,Carbon_tax,total_genco_wealth,Electricity_cost,Carbon_emitted
0,373614.94999999885,174241.5399999999,50463.26765189972,27893.81554999999,3170.684875599936,112198.92999999993,12566.835,0,31912.0,14475.0,8862.6,6983.8,3377.7999999999997,9361.0,971.5,30.8,29388525374.1365,124.42934407619664,1201.8616423029166
1,285088.41999999987,134470.73999999982,49820.09369979983,25801.918831999967,3134.712908999974,107891.15999999993,10114.189999999993,0,31912.0,14475.0,8862.6,6983.8,3377.7999999999997,9361.0,971.5,30.8,31729785356.5106,72.03873237263714,928.2878044345184
2,383967.399999999,152588.65999999983,54091.71501049961,23243.348755000014,1664.464621849935,132301.2099999999,13026.130000000003,0,31912.0,14475.0,8862.6,6983.8,3377.7999999999997,9361.0,971.5,30.8,65219480184.5321,124.73919705824561,1173.130371526677
3,371914.7299999989,178107.9599999999,56617.91306379967,26234.647080000013,3190.5411856499613,144932.54999999993,13860.329999999973,0,31912.0,14475.0,8862.6,6983.8,3377.7999999999997,9361.0,971.5,30.8,102357859645.0661,132.5681328086299,1207.3005924080765
4,199001.2399999998,100640.0199999999,36242.98391180002,19082.956127999973,3084.663601449976,100363.95999999993,195.93999999999994,0,31912.0,14475.0,8862.6,6983.8,3377.7999999999997,9361.0,971.5,30.8,89345202826.12918,37.14027118752869,650.3933334679612
5,382200.4399999989,176542.98999999987,57478.88027199993,32837.51724799998,3140.1828913999752,133967.66999999993,13752.659999999973,0,31912.0,14475.0,8862.6,6983.8,3377.7999999999997,9361.0,971.5,30.8,149465358513.09595,131.6343612976515,1224.4699426800169
6,214309.3399999998,101406.28999999989,35431.755267499895,18764.493517999977,3709.8380719499696,90759.01999999995,1009.2850000000012,0,31912.0,14475.0,8862.6,6983.8,3377.7999999999997,9361.0,971.5,30.8,129353506792.90588,37.848512661650965,687.4286885634206
7,245537.76999999987,102995.2399999999,38217.83914489979,20180.34559749998,7157.55355574994,101690.91999999994,7483.550000000002,0,31912.0,14475.0,8862.6,6983.8,3377.7999999999997,9361.0,971.5,30.8,106252150397.74458,42.14988811551801,766.42369862552
