,contributed_CCGT,contributed_Coal,contributed_Onshore,contributed_Offshore,contributed_PV,contributed_Nuclear,contributed_Recip_gas,contributed_Biomass,total_CCGT,total_Coal,total_Onshore,total_Offshore,total_PV,total_Nuclear,total_Recip_gas,Carbon_tax,total_genco_wealth,Electricity_cost,Carbon_emitted
0,347419.4499999983,252962.60999999993,22267.77635590004,29047.625371999988,3154.551064599939,113132.06999999999,12285.534999999993,0,31912.0,14475.0,8862.6,6983.8,3377.7999999999997,9361.0,971.5,30.8,8948509098.685854,74.17612605227369,1308.5239267787792
1,239506.00000000032,249401.67,21682.70900249999,28238.466367999972,3118.6835135499773,104930.71999999996,2773.23,0,31912.0,14475.0,8862.6,6983.8,3377.7999999999997,9361.0,971.5,30.8,2094047334.2032893,48.10912898959003,1055.8290013346623
2,357831.8799999982,240880.8699999999,20291.512294799828,28598.94341199999,1656.6926015499325,118178.01000000002,13076.56999999999,0,31912.0,14475.0,8862.6,6983.8,3377.7999999999997,9361.0,971.5,30.8,11333773632.617235,86.89786737238273,1303.3836205762586
3,380783.0099999977,249617.74999999997,21006.12743559994,27260.170200000004,3183.092132149964,124692.53000000003,13270.56999999999,0,31912.0,14475.0,8862.6,6983.8,3377.7999999999997,9361.0,971.5,30.8,24712755391.065422,94.40951934730839,1371.712030394498
4,149566.02000000022,204563.37999999998,16770.63863460001,21004.547860999992,2603.510064849983,91664.02999999991,148.41000000000003,0,31912.0,14475.0,8862.6,6983.8,3377.7999999999997,9361.0,971.5,30.8,9826778677.39943,38.15817454442421,760.382609905242
5,368702.70999999833,257821.11,22286.554197899994,28512.004921999964,3122.2863189999775,122519.73000000003,13269.59999999999,0,31912.0,14475.0,8862.6,6983.8,3377.7999999999997,9361.0,971.5,30.8,29454253183.474888,95.08151499260767,1364.5678437117783
6,154871.98000000027,203317.1800000002,16155.637527400026,20719.555061999974,3307.4424959499765,93737.88999999991,157.14000000000001,0,31912.0,14475.0,8862.6,6983.8,3377.7999999999997,9361.0,971.5,30.8,6117863530.647657,35.99693778717626,768.3906624176432
7,199530.30000000028,208589.87,20007.749552100013,24761.84424950001,7225.184609649929,90191.5699999999,209.51999999999995,0,31912.0,14475.0,8862.6,6983.8,3377.7999999999997,9361.0,971.5,30.8,-22780528028.37436,37.54745605286502,872.7671926982641
