,contributed_CCGT,contributed_Coal,contributed_Onshore,contributed_Offshore,contributed_PV,contributed_Nuclear,contributed_Recip_gas,contributed_Biomass,total_CCGT,total_Coal,total_Onshore,total_Offshore,total_PV,total_Nuclear,total_Recip_gas,Carbon_tax,total_genco_wealth,Electricity_cost,Carbon_emitted
0,400642.25999999867,232274.82999999984,21696.21480720005,28391.232295999984,3154.551064599939,83294.86999999997,13281.239999999996,0,31912.0,14475.0,8862.6,6983.8,3377.7999999999997,9361.0,971.5,30.8,26032723346.530167,129.84325959877134,1369.9507909923377
1,326394.5899999997,201348.49999999988,22180.782691600012,29030.235811999966,3119.7487406499777,57490.92999999999,9189.779999999986,0,31912.0,14475.0,8862.6,6983.8,3377.7999999999997,9361.0,971.5,30.8,23348802249.722515,64.56623398474,1131.138637142998
2,393876.18999999866,223008.07999999975,19861.79302159983,27894.89970399999,1656.8337323499327,111008.73999999993,13255.049999999997,0,31912.0,14475.0,8862.6,6983.8,3377.7999999999997,9361.0,971.5,30.8,46143488929.95441,126.13091044652474,1324.8515557758376
3,418490.47999999876,233122.25999999972,21359.590798999918,28029.288528,3183.692127099964,104628.07999999996,15146.549999999968,0,31912.0,14475.0,8862.6,6983.8,3377.7999999999997,9361.0,971.5,30.8,71942279524.68481,130.18103545188055,1407.1343704994777
4,246458.24000000025,145901.41999999995,16645.380420000038,20777.21242399999,3056.106789449979,52890.219999999994,327.85999999999996,0,31912.0,14475.0,8862.6,6983.8,3377.7999999999997,9361.0,971.5,30.8,57770911638.866714,40.88885267106009,826.9648069051619
5,445962.92999999865,218466.1199999997,23294.818990700034,29595.668287999964,3122.2863189999775,86151.51999999996,14222.62499999999,0,31912.0,14475.0,8862.6,6983.8,3377.7999999999997,9361.0,971.5,30.8,97267924526.57867,133.2570489464523,1428.3241947657596
6,261953.8100000001,136788.09,16565.57474670002,21139.636321999973,4314.6558821499775,46298.1,2852.2850000000003,0,31912.0,14475.0,8862.6,6983.8,3377.7999999999997,9361.0,971.5,30.8,75235819526.12048,40.560932674142116,843.2571400998205
7,291299.4500000006,141345.91999999998,20941.94577540002,25563.82371400001,7235.36896199993,50465.219999999994,8792.564999999984,0,31912.0,14475.0,8862.6,6983.8,3377.7999999999997,9361.0,971.5,30.8,51341310564.86445,44.66590349288626,926.2865601261589
