,contributed_CCGT,contributed_Coal,contributed_Onshore,contributed_Offshore,contributed_PV,contributed_Nuclear,contributed_Recip_gas,contributed_Biomass,total_CCGT,total_Coal,total_Onshore,total_Offshore,total_PV,total_Nuclear,total_Recip_gas,Carbon_tax,total_genco_wealth,Electricity_cost,Carbon_emitted
0,367299.60999999853,259002.15999999995,23298.72026280004,29579.745223999984,3154.551064599939,76646.48999999998,13251.169999999991,0,31912.0,14475.0,8862.6,6983.8,3377.7999999999997,9361.0,971.5,30.8,37881848229.49105,170.9995910799555,1365.2417000996768
1,286528.74000000005,234536.24000000014,23322.781306800043,29595.668287999964,3122.130233349978,56547.12,5612.904999999997,0,31912.0,14475.0,8862.6,6983.8,3377.7999999999997,9361.0,971.5,30.8,35368598188.18354,65.16810069059532,1128.4054420535192
2,368360.3999999985,258966.61000000002,21257.310439099914,29147.89422399998,1657.876114249933,73256.33999999997,13270.56999999999,0,31912.0,14475.0,8862.6,6983.8,3377.7999999999997,9361.0,971.5,30.8,77200594956.2711,178.409709856097,1366.430989920777
3,387827.46999999805,258667.98999999996,23278.20383160005,29656.706700000013,3188.160174599965,82336.50999999997,14182.854999999987,0,31912.0,14475.0,8862.6,6983.8,3377.7999999999997,9361.0,971.5,30.8,124776289182.50255,189.731674104705,1408.0589101800163
4,197273.28000000046,195387.36000000004,17321.074669700003,22006.77050099998,3024.2444019499812,48059.62,174.6,0,31912.0,14475.0,8862.6,6983.8,3377.7999999999997,9361.0,971.5,30.8,110785733122.19441,41.28247672749051,836.9005800892817
5,380318.05999999825,268067.07000000007,23464.752699000044,29595.668287999964,3122.2863189999775,81960.14999999997,13243.40999999999,0,31912.0,14475.0,8862.6,6983.8,3377.7999999999997,9361.0,971.5,30.8,194192210908.14728,205.67287604172293,1411.880822843857
6,195463.65000000008,192363.38999999984,18233.137753099978,23186.989786499977,4404.4364932999815,49272.12,183.32999999999998,0,31912.0,14475.0,8862.6,6983.8,3377.7999999999997,9361.0,971.5,30.8,172937915101.44656,41.47024944446303,833.8432202392224
7,211477.80000000025,239042.94,21479.831708000045,26180.204766000006,7066.7184221499365,41266.70999999999,200.78999999999996,0,31912.0,14475.0,8862.6,6983.8,3377.7999999999997,9361.0,971.5,30.8,145761085011.83276,42.16550132037916,971.4722127301208
