,contributed_CCGT,contributed_Coal,contributed_Onshore,contributed_Offshore,contributed_PV,contributed_Nuclear,contributed_Recip_gas,contributed_Biomass,total_CCGT,total_Coal,total_Onshore,total_Offshore,total_PV,total_Nuclear,total_Recip_gas,Carbon_tax,total_genco_wealth,Electricity_cost,Carbon_emitted
0,413426.59999999765,190837.56999999992,23300.55530880004,29579.745223999984,3154.551064599939,97925.37999999987,13416.069999999996,0,31912.0,14475.0,8862.6,6983.8,3377.7999999999997,9361.0,971.5,30.8,13040665642.115725,94.0347526231363,1307.1119070028542
1,334894.4999999986,165730.40999999997,23102.17298460003,29519.432383999963,3121.039424799978,80352.8599999999,4079.8199999999956,0,31912.0,14475.0,8862.6,6983.8,3377.7999999999997,9361.0,971.5,30.8,10499394850.910463,65.74460973708881,1070.8667505331819
2,413882.6999999978,192797.95999999993,20417.073168799856,28452.895503999982,1657.0670896999327,97673.17999999986,13288.029999999995,0,31912.0,14475.0,8862.6,6983.8,3377.7999999999997,9361.0,971.5,30.8,28817364231.562878,116.06126088766551,1312.1522791280752
3,423490.8399999978,200614.79999999987,23256.050748500053,29656.706700000013,3188.160174599965,111876.88999999993,14028.62499999999,0,31912.0,14475.0,8862.6,6983.8,3377.7999999999997,9361.0,971.5,30.8,55160698685.76343,133.54446813610062,1350.6026923203954
4,235133.70000000045,134399.22999999998,19219.740049999982,25037.38979249998,3104.4822466999767,64280.92999999995,227.94999999999993,0,31912.0,14475.0,8862.6,6983.8,3377.7999999999997,9361.0,971.5,30.8,41105134469.987816,42.2276535740878,779.6250812435424
5,430343.49999999796,201452.03999999983,23464.752699000044,29595.668287999964,3122.2863189999775,101146.7499999999,13590.669999999996,0,31912.0,14475.0,8862.6,6983.8,3377.7999999999997,9361.0,971.5,30.8,78763591755.61667,130.98382411335666,1365.4927591319167
6,246596.87000000034,140008.91,17581.31775450001,22396.381213999975,4191.522771499979,58796.54999999996,222.12999999999994,0,31912.0,14475.0,8862.6,6983.8,3377.7999999999997,9361.0,971.5,30.8,56998723243.545555,42.04526149846854,821.8701182361826
7,263991.9300000001,152436.39999999997,21445.875412700057,25937.495802,7106.985415449937,74923.76999999993,223.09999999999994,0,31912.0,14475.0,8862.6,6983.8,3377.7999999999997,9361.0,971.5,30.8,30959560765.31188,42.53261210762051,885.7916954672024
