,contributed_CCGT,contributed_Coal,contributed_Onshore,contributed_Offshore,contributed_PV,contributed_Nuclear,contributed_Recip_gas,contributed_Biomass,total_CCGT,total_Coal,total_Onshore,total_Offshore,total_PV,total_Nuclear,total_Recip_gas,Carbon_tax,total_genco_wealth,Electricity_cost,Carbon_emitted
0,352857.0499999991,190082.86999999994,56345.310074099856,26913.29105599999,3171.2889597499357,128092.37999999993,12868.504999999994,0,31912.0,14475.0,8862.6,6983.8,3377.7999999999997,9361.0,971.5,30.8,31962577846.870106,125.22744580729352,1192.1394274822565
1,251378.4300000001,175506.42999999985,54413.62393439988,25789.71440999997,3136.3399924499736,111243.47999999994,9705.819999999992,0,31912.0,14475.0,8862.6,6983.8,3377.7999999999997,9361.0,971.5,30.8,34712971183.47468,70.32236179314657,950.5944902291383
2,338220.8299999992,188569.58999999997,57375.28464059974,26364.70361200001,1675.383851599933,129813.15999999993,13560.114999999974,0,31912.0,14475.0,8862.6,6983.8,3377.7999999999997,9361.0,971.5,30.8,69565297312.14049,124.15130973652975,1163.9995192168167
3,360576.47999999893,205682.4900000001,62822.76683969977,26722.25904,3203.304626749961,123866.08999999992,13971.879999999977,0,31912.0,14475.0,8862.6,6983.8,3377.7999999999997,9361.0,971.5,30.8,112509923459.12251,133.38588839565185,1248.403062501019
4,175557.67999999973,133613.4399999999,42167.67506120004,19314.04125299997,3085.676157849976,91505.91999999994,330.7699999999999,0,31912.0,14475.0,8862.6,6983.8,3377.7999999999997,9361.0,971.5,30.8,100620769268.22011,38.777848061111285,675.7080234091209
5,339255.6799999988,211258.40000000005,62294.37631469994,28364.762545999965,3140.192751849975,142820.85999999993,13775.454999999976,0,31912.0,14475.0,8862.6,6983.8,3377.7999999999997,9361.0,971.5,30.8,167578872248.74646,131.4859061385066,1217.165170173198
6,178678.0499999997,128860.84999999992,41446.07496979991,18776.930518999976,3381.002391799978,95616.77999999994,1955.0350000000017,0,31912.0,14475.0,8862.6,6983.8,3377.7999999999997,9361.0,971.5,30.8,149344721961.92957,39.29958166302111,677.144842318301
7,209886.97999999975,154756.61999999994,42022.037621899806,20098.96773299998,7119.97629234994,89558.15999999995,7560.665000000002,0,31912.0,14475.0,8862.6,6983.8,3377.7999999999997,9361.0,971.5,30.8,127420945441.64342,42.03413983640108,808.5279181847586
