,contributed_CCGT,contributed_Coal,contributed_Onshore,contributed_Offshore,contributed_PV,contributed_Nuclear,contributed_Recip_gas,contributed_Biomass,total_CCGT,total_Coal,total_Onshore,total_Offshore,total_PV,total_Nuclear,total_Recip_gas,Carbon_tax,total_genco_wealth,Electricity_cost,Carbon_emitted
0,418833.8599999977,183307.2999999998,23300.55530880004,29579.745223999984,3154.551064599939,100220.39999999989,13289.969999999996,0,31912.0,14475.0,8862.6,6983.8,3377.7999999999997,9361.0,971.5,30.8,12836547644.79103,94.07700503891765,1300.105462705396
1,317785.77999999915,184402.0599999999,22913.65259220002,29216.606431999964,3121.039424799978,80184.0799999999,3914.9199999999955,0,31912.0,14475.0,8862.6,6983.8,3377.7999999999997,9361.0,971.5,30.8,8965977431.505562,64.06157649363242,1075.6168450398823
2,417824.0599999978,182365.35999999996,20890.05736169988,29147.89422399998,1657.5153670499326,103636.73999999992,13279.299999999996,0,31912.0,14475.0,8862.6,6983.8,3377.7999999999997,9361.0,971.5,30.8,28740432276.20178,120.4135380163964,1296.8562352532754
3,420646.99999999796,202607.42999999976,23090.631546300043,29656.706700000013,3188.032516099965,110288.99999999996,15106.779999999968,0,31912.0,14475.0,8862.6,6983.8,3377.7999999999997,9361.0,971.5,30.8,54548113024.363495,132.82982608444863,1351.464702367136
4,239677.79000000027,123430.42,18367.08963150002,23826.92811199998,3094.4006081999773,73844.15999999992,232.7999999999999,0,31912.0,14475.0,8862.6,6983.8,3377.7999999999997,9361.0,971.5,30.8,40005143547.87733,42.17198196668139,765.2133990671625
5,433156.29999999783,191337.16999999995,23464.752699000044,29595.668287999964,3122.2863189999775,110600.36999999997,13406.369999999995,0,31912.0,14475.0,8862.6,6983.8,3377.7999999999997,9361.0,971.5,30.8,76589082166.45403,129.43472260315053,1348.2583134436582
6,245703.87000000023,130685.21999999997,17512.547295900004,22193.62273299998,3219.21824389998,66614.74999999994,195.93999999999997,0,31912.0,14475.0,8862.6,6983.8,3377.7999999999997,9361.0,971.5,30.8,53584141788.4604,40.874175804407535,797.3509599575631
7,269529.5400000002,153537.55,19970.770736800012,24015.133885000003,6993.553266249944,73430.93999999992,1270.7000000000012,0,31912.0,14475.0,8862.6,6983.8,3377.7999999999997,9361.0,971.5,30.8,26024690622.658695,41.77370229038332,900.6926059949022
