,contributed_CCGT,contributed_Coal,contributed_Onshore,contributed_Offshore,contributed_PV,contributed_Nuclear,contributed_Recip_gas,contributed_Biomass,total_CCGT,total_Coal,total_Onshore,total_Offshore,total_PV,total_Nuclear,total_Recip_gas,Carbon_tax,total_genco_wealth,Electricity_cost,Carbon_emitted
0,377558.77999999863,164693.28999999992,51711.968294399754,34778.26330400004,3163.705157599938,109007.62999999999,13742.474999999988,0,31912.0,14475.0,8862.6,6983.8,3377.7999999999997,9361.0,971.5,30.8,30047765948.961025,94.41633345019856,1180.4094998094172
1,306468.2199999996,144620.3299999999,42968.198736999846,33326.39724800001,3128.1519639999774,85941.02999999994,8773.164999999988,0,31912.0,14475.0,8862.6,6983.8,3377.7999999999997,9361.0,971.5,30.8,44192017016.27735,69.47365631176206,975.1682718713373
2,369189.13999999885,179365.08000000005,47829.54050079965,34937.191888000074,1666.6025375999316,117737.62999999995,14378.794999999978,0,31912.0,14475.0,8862.6,6983.8,3377.7999999999997,9361.0,971.5,30.8,71187787910.82205,92.92073450434593,1192.6764133918377
3,403520.32999999827,176817.77000000002,54643.442270799555,33871.91070000005,3199.6323175999632,109148.27999999998,15359.464999999973,0,31912.0,14475.0,8862.6,6983.8,3377.7999999999997,9361.0,971.5,30.8,104787461442.09442,101.53538557565982,1258.6754267524584
4,221373.2800000001,113422.69999999997,35201.28462549996,29017.080007999975,3123.2285899499775,56844.909999999974,7194.004999999997,0,31912.0,14475.0,8862.6,6983.8,3377.7999999999997,9361.0,971.5,30.8,111007629358.02885,53.26746935285295,724.8324700045995
5,413467.76999999786,179751.23999999996,52974.4277369998,32837.51724799998,3132.0319639999766,106212.08999999997,14675.129999999977,0,31912.0,14475.0,8862.6,6983.8,3377.7999999999997,9361.0,971.5,30.8,157707836991.85947,95.48731060367801,1282.9382283535174
6,242255.64000000016,93653.27000000002,34625.70496819986,32627.361472999994,4450.198239999983,53858.279999999984,8767.344999999987,0,31912.0,14475.0,8862.6,6983.8,3377.7999999999997,9361.0,971.5,30.8,163531074810.6369,51.22820671955261,726.3040744414595
7,254318.02999999988,107948.32000000002,45779.06033319963,37325.68595100007,7409.274959249935,64183.929999999964,10873.699999999999,0,31912.0,14475.0,8862.6,6983.8,3377.7999999999997,9361.0,971.5,30.8,176400956388.8594,57.39217170509087,786.9645727713578
