,contributed_CCGT,contributed_Coal,contributed_Onshore,contributed_Offshore,contributed_PV,contributed_Nuclear,contributed_Recip_gas,contributed_Biomass,total_CCGT,total_Coal,total_Onshore,total_Offshore,total_PV,total_Nuclear,total_Recip_gas,Carbon_tax,total_genco_wealth,Electricity_cost,Carbon_emitted
0,435163.0399999981,115670.80000000002,53767.22839889967,25304.282928,3162.7003095499367,84352.16999999995,12505.239999999996,0,31912.0,14475.0,8862.6,6983.8,3377.7999999999997,9361.0,971.5,30.8,18142238379.524696,83.05470230356183,1168.8110150584014
1,369376.92999999906,87058.20999999993,49300.622974699705,22804.83958499996,3127.8275247999736,51984.23999999998,10104.489999999987,0,31912.0,14475.0,8862.6,6983.8,3377.7999999999997,9361.0,971.5,30.8,16753032147.646313,58.27303060988842,965.2225241175779
2,438162.0299999979,143099.05999999994,51864.6594087996,22337.201755,1665.1326165999335,73249.54999999996,12139.549999999996,0,31912.0,14475.0,8862.6,6983.8,3377.7999999999997,9361.0,971.5,30.8,28158821963.086353,82.34851212882121,1242.4487385658842
3,454779.30999999767,131854.28,53170.78574879948,28854.98863800001,3195.448166449961,92172.30999999991,13509.189999999991,0,31912.0,14475.0,8862.6,6983.8,3377.7999999999997,9361.0,971.5,30.8,45438890356.01791,86.93907247069767,1262.1408265634434
4,296524.84999999957,39769.05999999998,41203.5516606999,18063.54822549997,3077.3820419499757,45164.169999999984,1000.5550000000007,0,31912.0,14475.0,8862.6,6983.8,3377.7999999999997,9361.0,971.5,30.8,33562496164.70137,38.89974569817699,693.1420602158793
5,444141.0199999981,144404.75999999998,56359.85959879988,28545.74270599999,3123.8536279999753,90136.27999999994,13200.244999999988,0,31912.0,14475.0,8862.6,6983.8,3377.7999999999997,9361.0,971.5,30.8,59362741063.228226,87.37512951543329,1263.1972154844836
6,278091.1599999997,65570.94999999998,37598.571541199744,17506.790227999976,4203.697475649983,44906.14999999998,174.59999999999997,0,31912.0,14475.0,8862.6,6983.8,3377.7999999999997,9361.0,971.5,30.8,40082447994.669395,37.80479527598499,711.6192666080991
7,309080.33999999915,70437.34999999999,38323.70772879969,20197.98173949998,7043.84546034994,47247.72999999998,7229.894999999996,0,31912.0,14475.0,8862.6,6983.8,3377.7999999999997,9361.0,971.5,30.8,17910539252.576225,41.31815656601339,799.8028454452991
