,contributed_CCGT,contributed_Coal,contributed_Onshore,contributed_Offshore,contributed_PV,contributed_Nuclear,contributed_Recip_gas,contributed_Biomass,total_CCGT,total_Coal,total_Onshore,total_Offshore,total_PV,total_Nuclear,total_Recip_gas,Carbon_tax,total_genco_wealth,Electricity_cost,Carbon_emitted
0,398311.7299999979,206652.55999999968,23300.55530880004,29579.745223999984,3154.551064599939,101260.23999999996,13387.94,0,31912.0,14475.0,8862.6,6983.8,3377.7999999999997,9361.0,971.5,30.8,16045697589.528055,90.53742905106712,1312.5853237388742
1,320502.3199999994,179518.06999999998,23464.752699000044,29595.668287999964,3122.2863189999775,74767.59999999996,11951.855000000003,0,31912.0,14475.0,8862.6,6983.8,3377.7999999999997,9361.0,971.5,30.8,19573722154.80797,69.45112411735391,1090.244952491862
2,385459.05999999825,209845.9899999996,21601.84304159999,29224.130127999983,1658.9456695999324,107965.84999999998,14112.044999999993,0,31912.0,14475.0,8862.6,6983.8,3377.7999999999997,9361.0,971.5,30.8,36001732072.962,101.53478522799345,1294.2131901040157
3,416333.59999999776,193974.83999999965,22925.263317600038,29521.64679600001,3188.160174599965,130716.23000000005,13953.45,0,31912.0,14475.0,8862.6,6983.8,3377.7999999999997,9361.0,971.5,30.8,53982367877.20138,107.87670722812385,1321.1044964063155
4,215021.28000000044,128954.89999999998,18042.855966800023,23328.189739999976,3024.2444019499812,96523.73000000001,21.339999999999996,0,31912.0,14475.0,8862.6,6983.8,3377.7999999999997,9361.0,971.5,30.8,40337284777.04921,40.466091248263545,724.3806439102012
5,424515.2999999978,179982.38999999993,23464.752699000044,29595.668287999964,3122.2863189999775,131296.29000000007,13106.640000000005,0,31912.0,14475.0,8862.6,6983.8,3377.7999999999997,9361.0,971.5,30.8,77509007435.64156,125.46758903957046,1304.7715981612157
6,239636.7000000004,115654.46,17328.867688499995,21844.20213099998,4197.0602051999795,90807.51999999997,21.339999999999996,0,31912.0,14475.0,8862.6,6983.8,3377.7999999999997,9361.0,971.5,30.8,56490373545.405136,40.92075903778545,749.3866390550828
7,258505.76000000024,130800.07000000004,22376.428519700028,27083.356333,7289.644699599926,98287.18999999999,139.67999999999998,0,31912.0,14475.0,8862.6,6983.8,3377.7999999999997,9361.0,971.5,30.8,31256334428.72189,43.11110230798115,826.2061642778627
