,contributed_CCGT,contributed_Coal,contributed_Onshore,contributed_Offshore,contributed_PV,contributed_Nuclear,contributed_Recip_gas,contributed_Biomass,total_CCGT,total_Coal,total_Onshore,total_Offshore,total_PV,total_Nuclear,total_Recip_gas,Carbon_tax,total_genco_wealth,Electricity_cost,Carbon_emitted
0,336138.65000000066,258295.69999999995,39471.65509209982,20478.521926499983,3119.231558799942,58518.15999999998,8295.439999999993,0,31912.0,14475.0,8862.6,6983.8,3377.7999999999997,9361.0,971.5,30.8,10607619577.832863,64.71857522460671,1302.2147666085934
1,268833.18000000017,202260.22,37921.182890599935,19273.183424999967,3089.876402899978,44647.15999999998,2883.809999999996,0,31912.0,14475.0,8862.6,6983.8,3377.7999999999997,9361.0,971.5,30.8,1862800059.2660606,33.077010022716955,1030.3181684875572
2,364778.18999999925,223425.08999999994,42907.217649999715,20868.02592499999,1636.525154499934,58755.80999999997,10175.300000000008,0,31912.0,14475.0,8862.6,6983.8,3377.7999999999997,9361.0,971.5,30.8,9965139660.36841,71.75435858183711,1283.9960191958144
3,378579.59999999905,242924.85999999987,39883.1167439997,19605.40682299997,3125.441029799968,75633.80999999995,12406.299999999997,0,31912.0,14475.0,8862.6,6983.8,3377.7999999999997,9361.0,971.5,30.8,21072672379.96992,73.31611768094261,1356.5091792742764
4,169685.3599999998,176899.24999999997,29679.606864499947,15627.73968499999,2575.6304533999846,46909.19999999999,572.3000000000002,0,31912.0,14475.0,8862.6,6983.8,3377.7999999999997,9361.0,971.5,30.8,-1414124515.29157,10.193544918712494,759.2590424514988
5,368430.5399999998,241688.40999999992,44276.014487199915,33032.93559250001,3104.8993606499807,69562.57999999997,11084.675000000008,0,31912.0,14475.0,8862.6,6983.8,3377.7999999999997,9361.0,971.5,30.8,12634215110.809296,73.45736567352343,1338.7348966671755
6,158666.77999999988,185898.54000000004,29193.48279939996,22875.455511999968,2729.8062804999754,34958.79999999998,989.4000000000008,0,31912.0,14475.0,8862.6,6983.8,3377.7999999999997,9361.0,971.5,30.8,-20028230285.413296,13.3675187084292,756.6375757589182
7,163382.95999999985,217165.95000000007,30123.44772749998,24550.875050000002,4947.983939099986,46775.33999999998,824.5000000000007,0,31912.0,14475.0,8862.6,6983.8,3377.7999999999997,9361.0,971.5,30.8,-53243048890.18836,24.135702439046998,838.009630298098
