,contributed_CCGT,contributed_Coal,contributed_Onshore,contributed_Offshore,contributed_PV,contributed_Nuclear,contributed_Recip_gas,contributed_Biomass,total_CCGT,total_Coal,total_Onshore,total_Offshore,total_PV,total_Nuclear,total_Recip_gas,Carbon_tax,total_genco_wealth,Electricity_cost,Carbon_emitted
0,369543.8599999985,262305.9399999999,23300.55530880004,29579.745223999984,3154.551064599939,73431.90999999997,13270.56999999999,0,31912.0,14475.0,8862.6,6983.8,3377.7999999999997,9361.0,971.5,30.8,37384544582.25836,172.3134474218242,1377.2089576841167
1,269364.60000000015,255141.43000000002,23369.649999600042,29595.668287999964,3121.035544299978,56547.12,4435.8099999999995,0,31912.0,14475.0,8862.6,6983.8,3377.7999999999997,9361.0,971.5,30.8,34639735249.44314,64.5779948115876,1136.2269450791387
2,372716.83999999857,253022.24000000002,21365.258683599932,29224.130127999983,1657.8541147999326,74552.25999999998,13270.56999999999,0,31912.0,14475.0,8862.6,6983.8,3377.7999999999997,9361.0,971.5,30.8,76830855812.71152,179.83190665755555,1362.9344774715169
3,388178.1399999981,254563.15,23278.20383160005,29656.706700000013,3187.892091749965,85820.74999999996,14942.84999999998,0,31912.0,14475.0,8862.6,6983.8,3377.7999999999997,9361.0,971.5,30.8,125002614356.46248,189.59428388618826,1401.1540283636962
4,188343.72000000023,194669.65999999992,18648.1435522,23743.69283599998,3024.2444019499812,54259.86,200.78999999999996,0,31912.0,14475.0,8862.6,6983.8,3377.7999999999997,9361.0,971.5,30.8,111260992457.49765,42.46529343767346,818.1022246446819
5,396078.9799999981,253193.28999999992,23464.752699000044,29595.668287999964,3122.2863189999775,79908.59999999998,13270.56999999999,0,31912.0,14475.0,8862.6,6983.8,3377.7999999999997,9361.0,971.5,30.8,194906895932.406,207.31136020166662,1410.741302299416
6,184172.61000000013,220200.56000000006,18208.27477129999,22878.133937499977,3727.200628599979,41266.70999999999,165.87,0,31912.0,14475.0,8862.6,6983.8,3377.7999999999997,9361.0,971.5,30.8,172083103211.52078,40.51701879259586,865.7982519828826
7,206815.1100000001,227625.93,21246.110770600033,25736.780371999997,6031.653055649975,56547.12,148.41000000000003,0,31912.0,14475.0,8862.6,6983.8,3377.7999999999997,9361.0,971.5,30.8,145673151284.24744,42.428270667589736,937.3016873501418
