,contributed_CCGT,contributed_Coal,contributed_Onshore,contributed_Offshore,contributed_PV,contributed_Nuclear,contributed_Recip_gas,contributed_Biomass,total_CCGT,total_Coal,total_Onshore,total_Offshore,total_PV,total_Nuclear,total_Recip_gas,Carbon_tax,total_genco_wealth,Electricity_cost,Carbon_emitted
0,326808.33000000066,226853.26999999987,43805.40703679984,21101.482839999993,3129.3512072499393,96589.68999999996,5603.2049999999945,0,31912.0,14475.0,8862.6,6983.8,3377.7999999999997,9361.0,971.5,30.8,7426644019.210001,57.12870056788565,1208.5938161414563
1,230784.26000000047,204378.81999999998,39977.86845859999,20052.68390399997,3096.300925199976,85170.84999999998,1999.655000000001,0,31912.0,14475.0,8862.6,6983.8,3377.7999999999997,9361.0,971.5,30.8,-2636859956.5908585,29.324446422175722,946.4181570003569
2,339885.9800000002,217534.13000000003,37382.57097119971,19982.69621899997,1645.2161341999374,99675.25999999995,10026.404999999995,0,31912.0,14475.0,8862.6,6983.8,3377.7999999999997,9361.0,971.5,30.8,443241567.3271437,60.3473197977026,1222.3804196837368
3,345753.14,231458.64999999985,41257.67282039974,21319.052139499996,3141.6501154499647,109193.86999999994,8489.439999999988,0,31912.0,14475.0,8862.6,6983.8,3377.7999999999997,9361.0,971.5,30.8,8139649558.14134,70.31015593830189,1261.0604016126929
4,158194.39000000007,147068.48999999987,24119.997990699925,13014.732679499992,2869.85925144998,84329.85999999996,989.4000000000008,0,31912.0,14475.0,8862.6,6983.8,3377.7999999999997,9361.0,971.5,30.8,-16268253072.530214,5.178493779641934,666.67040814902
5,353260.5,221874.75999999992,45371.13270169993,22804.086093999984,3103.2401350499767,98987.52999999996,9149.039999999988,0,31912.0,14475.0,8862.6,6983.8,3377.7999999999997,9361.0,971.5,30.8,-7507399295.694769,70.1638788113721,1256.2538574344737
6,150945.88999999998,165421.50999999995,25993.385578399968,12598.716250999993,2680.2318039499755,75026.58999999997,979.7000000000007,0,31912.0,14475.0,8862.6,6983.8,3377.7999999999997,9361.0,971.5,30.8,-44083782443.81755,6.871017757169653,686.9818542709801
7,186256.99000000014,169109.54999999996,32743.56211199993,17669.789840999973,6904.031508299946,79787.34999999995,776.0000000000007,0,31912.0,14475.0,8862.6,6983.8,3377.7999999999997,9361.0,971.5,30.8,-78379420272.56134,23.01687062627361,777.112501350899
