,contributed_CCGT,contributed_Coal,contributed_Onshore,contributed_Offshore,contributed_PV,contributed_Nuclear,contributed_Recip_gas,contributed_Biomass,total_CCGT,total_Coal,total_Onshore,total_Offshore,total_PV,total_Nuclear,total_Recip_gas,Carbon_tax,total_genco_wealth,Electricity_cost,Carbon_emitted
0,285457.8799999997,245636.0400000001,52568.46289079988,29832.76491800002,3125.8955439999386,145993.72999999998,9623.854999999987,0,31912.0,14475.0,8862.6,6983.8,3377.7999999999997,9361.0,971.5,30.8,8653234239.098831,61.412559897076356,1147.7886259539175
1,188155.25999999992,228720.6500000001,44657.19002309994,29451.533804999992,3080.0767598999764,139312.37000000002,1836.210000000001,0,31912.0,14475.0,8862.6,6983.8,3377.7999999999997,9361.0,971.5,30.8,595308199.9379622,36.59463271907208,896.2383237886997
2,300648.00999999983,232178.91999999995,50710.155534199694,29119.930081000013,1655.341572199935,146081.03,10154.444999999996,0,31912.0,14475.0,8862.6,6983.8,3377.7999999999997,9361.0,971.5,30.8,4944885625.6843,62.78762875665416,1150.8549569001573
3,318879.50999999925,247633.5400000001,53073.16190299979,27962.37727400001,3151.442901199963,159674.61,12049.339999999998,0,31912.0,14475.0,8862.6,6983.8,3377.7999999999997,9361.0,971.5,30.8,13254011137.992233,72.26835057275252,1228.5598669089193
4,110525.33000000028,179342.6499999999,39085.447690899986,18220.70275949998,2736.503630799977,120400.27999999994,193.99999999999994,0,31912.0,14475.0,8862.6,6983.8,3377.7999999999997,9361.0,971.5,30.8,-7963946680.029081,13.34441923143178,624.9450704247012
5,321362.8099999992,242463.02000000016,55974.65947470012,33947.75316100005,3122.813201649976,150563.40000000002,11001.255000000005,0,31912.0,14475.0,8862.6,6983.8,3377.7999999999997,9361.0,971.5,30.8,2242816304.2567315,72.81199433675431,1219.9358653719607
6,115320.23000000024,190853.46999999997,34212.405971399836,21224.903338999968,3415.0379105499724,115125.41999999995,174.59999999999997,0,31912.0,14475.0,8862.6,6983.8,3377.7999999999997,9361.0,971.5,30.8,-27337202239.94021,18.297684677832407,660.3245561510613
7,131501.41000000012,192745.56999999998,39188.12811759977,25556.554587000002,5647.968373449977,142879.06,174.59999999999997,0,31912.0,14475.0,8862.6,6983.8,3377.7999999999997,9361.0,971.5,30.8,-58748941322.03354,27.16669633595269,697.3943797068615
