,contributed_CCGT,contributed_Coal,contributed_Onshore,contributed_Offshore,contributed_PV,contributed_Nuclear,contributed_Recip_gas,contributed_Biomass,total_CCGT,total_Coal,total_Onshore,total_Offshore,total_PV,total_Nuclear,total_Recip_gas,Carbon_tax,total_genco_wealth,Electricity_cost,Carbon_emitted
0,314149.46999999956,268122.70999999996,51887.13563769988,27921.19528900001,3164.6496045999365,99267.85999999994,11995.989999999987,0,31912.0,14475.0,8862.6,6983.8,3377.7999999999997,9361.0,971.5,30.8,88294161375.5873,308.6057304734691,1265.7505381685808
1,232452.35999999996,246453.6799999999,49765.883203099846,25709.139703999972,3133.128905449974,76531.05999999994,3703.4599999999973,0,31912.0,14475.0,8862.6,6983.8,3377.7999999999997,9361.0,971.5,30.8,99769895464.37857,86.76589596528869,1029.8990794046397
2,324823.0699999997,260324.96,50387.123932299684,24388.884841000017,1660.9377167499342,100183.53999999994,12055.159999999983,0,31912.0,14475.0,8862.6,6983.8,3377.7999999999997,9361.0,971.5,30.8,221702646528.42395,333.54934107704184,1266.5937975140785
3,345016.76000000024,267431.7300000001,53137.17111659971,25690.59091500001,3195.254884099961,102955.79999999994,12817.579999999985,0,31912.0,14475.0,8862.6,6983.8,3377.7999999999997,9361.0,971.5,30.8,373551512921.5123,353.95745727654395,1327.4500725385387
4,157038.87000000002,198031.95999999993,37617.836585099976,19060.234502999974,3055.5321756499784,60015.83999999997,347.2599999999998,0,31912.0,14475.0,8862.6,6983.8,3377.7999999999997,9361.0,971.5,30.8,362210890316.2381,34.84355248201731,761.4291730600803
5,337364.71000000014,259660.88999999993,53932.12714760001,28943.32008199998,3128.1979012499764,124110.53000000001,12192.899999999989,0,31912.0,14475.0,8862.6,6983.8,3377.7999999999997,9361.0,971.5,30.8,587120817216.1002,348.86354297115105,1289.7640938042184
6,143488.68000000005,208445.55999999994,35857.581465099865,17156.860957999987,3281.960535699977,71509.36999999994,374.4199999999998,0,31912.0,14475.0,8862.6,6983.8,3377.7999999999997,9361.0,971.5,30.8,566136478318.6646,30.32083624965362,757.16709869288
7,207386.09999999998,190725.40000000002,40374.24365199982,21566.334350999994,6830.701438949943,72413.40999999995,1050.510000000001,0,31912.0,14475.0,8862.6,6983.8,3377.7999999999997,9361.0,971.5,30.8,544990415886.01227,37.98983966352974,849.0882718492
