,contributed_CCGT,contributed_Coal,contributed_Onshore,contributed_Offshore,contributed_PV,contributed_Nuclear,contributed_Recip_gas,contributed_Biomass,total_CCGT,total_Coal,total_Onshore,total_Offshore,total_PV,total_Nuclear,total_Recip_gas,Carbon_tax,total_genco_wealth,Electricity_cost,Carbon_emitted
0,327669.35999999836,165902.05999999976,48426.15040799983,26880.362687,3163.705157599938,152549.9599999999,15653.859999999973,0,31912.0,14475.0,8862.6,6983.8,3377.7999999999997,9361.0,971.5,30.8,12769138509.578007,71.4814564704643,1069.0764763598747
1,256807.67999999961,120756.05999999995,44673.17372189992,23308.941105999962,3114.792241649976,135756.3499999999,12223.940000000013,0,31912.0,14475.0,8862.6,6983.8,3377.7999999999997,9361.0,971.5,30.8,9381725147.461205,58.42756502036796,816.2499548918759
2,326110.7799999988,154504.59999999977,52731.03565709964,24553.223149000016,1652.9660993999337,162678.69999999995,15419.119999999972,0,31912.0,14475.0,8862.6,6983.8,3377.7999999999997,9361.0,971.5,30.8,19214006269.533264,67.11879902493489,1041.1852273107954
3,358793.4199999991,150428.64999999973,54713.99311589962,29028.02878100002,3177.8608325499636,166761.43,15588.869999999972,0,31912.0,14475.0,8862.6,6983.8,3377.7999999999997,9361.0,971.5,30.8,30498267869.89126,73.45941458591057,1097.646262012696
4,163564.47999999986,92998.94999999997,35014.88267430005,18687.767698999978,2752.3820394499785,112251.30999999994,3124.8549999999973,0,31912.0,14475.0,8862.6,6983.8,3377.7999999999997,9361.0,971.5,30.8,16455733720.350025,39.1524532527967,546.4163275621014
5,322845.9099999992,185440.07999999975,55307.208226799834,30411.44657199999,3123.5622198999777,159861.81999999995,15777.049999999968,0,31912.0,14475.0,8862.6,6983.8,3377.7999999999997,9361.0,971.5,30.8,31644612536.314606,73.7022526731135,1106.6764273118329
6,161763.92999999982,102373.79000000001,33156.41067960006,17697.042889999975,2670.0792420999746,120250.8999999999,2725.2149999999974,0,31912.0,14475.0,8862.6,6983.8,3377.7999999999997,9361.0,971.5,30.8,9768520206.987486,38.93730823528379,562.8689410884206
7,202496.04999999973,103883.03,37215.565343699884,19894.108383999974,6370.550140949944,127716.01999999992,10225.74000000001,0,31912.0,14475.0,8862.6,6983.8,3377.7999999999997,9361.0,971.5,30.8,-14106222017.02896,45.028154858217,664.3377642759358
