,contributed_CCGT,contributed_Coal,contributed_Onshore,contributed_Offshore,contributed_PV,contributed_Nuclear,contributed_Recip_gas,contributed_Biomass,total_CCGT,total_Coal,total_Onshore,total_Offshore,total_PV,total_Nuclear,total_Recip_gas,Carbon_tax,total_genco_wealth,Electricity_cost,Carbon_emitted
0,402060.2999999984,225733.1799999997,21259.58545770001,27757.54364999999,3154.551064599939,85141.74999999997,13446.13999999999,0,31912.0,14475.0,8862.6,6983.8,3377.7999999999997,9361.0,971.5,30.8,25586297351.74268,128.43606972967916,1358.5671344656382
1,326651.6499999998,207477.76999999987,20958.392658899986,26867.829775999977,3114.480543999977,57419.149999999994,7595.099999999987,0,31912.0,14475.0,8862.6,6983.8,3377.7999999999997,9361.0,971.5,30.8,22363292497.492184,63.174416665543475,1142.0528996824578
2,422524.17999999877,223563.1599999997,19637.475690999825,27483.05213199999,1656.8521199499328,81785.54999999996,15132.969999999978,0,31912.0,14475.0,8862.6,6983.8,3377.7999999999997,9361.0,971.5,30.8,44297239876.13173,128.55650402766295,1395.1465174776781
3,431072.96999999846,231502.2699999998,21372.431057599915,28300.4544,3180.2708792999642,86928.48999999996,15134.909999999982,0,31912.0,14475.0,8862.6,6983.8,3377.7999999999997,9361.0,971.5,30.8,71992324310.89555,130.07862320367533,1432.582733553459
4,243224.07000000033,151341.7,17237.55155870001,21683.16887549999,3045.36411274998,45956.659999999996,210.48999999999995,0,31912.0,14475.0,8862.6,6983.8,3377.7999999999997,9361.0,971.5,30.8,56979847750.70898,40.76237301383066,832.0645622166022
5,405787.5199999986,243186.18999999968,23030.127660500028,29595.668287999964,3122.2863189999775,98138.77999999996,14895.31999999998,0,31912.0,14475.0,8862.6,6983.8,3377.7999999999997,9361.0,971.5,30.8,95710462557.82317,133.67590833312943,1402.1125380736178
6,251916.72000000012,165153.00999999983,15851.637781400013,20568.52725399997,3168.7758532499797,39364.54,202.72999999999996,0,31912.0,14475.0,8862.6,6983.8,3377.7999999999997,9361.0,971.5,30.8,71621472149.5941,38.52840588291936,880.7494668279812
7,264599.20000000024,182827.9399999999,17806.370655499995,23007.339513999996,7052.280056749934,50977.38,3551.17,0,31912.0,14475.0,8862.6,6983.8,3377.7999999999997,9361.0,971.5,30.8,43737787710.19946,40.19745655366637,952.8264572401201
