,contributed_CCGT,contributed_Coal,contributed_Onshore,contributed_Offshore,contributed_PV,contributed_Nuclear,contributed_Recip_gas,contributed_Biomass,total_CCGT,total_Coal,total_Onshore,total_Offshore,total_PV,total_Nuclear,total_Recip_gas,Carbon_tax,total_genco_wealth,Electricity_cost,Carbon_emitted
0,325466.64999999944,254644.4899999999,58384.75788849984,27445.06330399998,3175.852059349935,89191.49999999991,13578.060000000003,0,31912.0,14475.0,8862.6,6983.8,3377.7999999999997,9361.0,971.5,30.8,94885141834.64156,356.01611153505974,1257.2293218770178
1,254211.07999999973,245872.09999999992,50621.152738000004,24680.450415499963,3132.1997780499737,55528.61999999998,10346.020000000004,0,31912.0,14475.0,8862.6,6983.8,3377.7999999999997,9361.0,971.5,30.8,112267755329.39987,133.6784592909202,1086.255941355796
2,332659.92999999924,253424.22999999984,54026.101630299774,26467.18034799998,1680.2243367999322,90803.63999999991,12956.289999999992,0,31912.0,14475.0,8862.6,6983.8,3377.7999999999997,9361.0,971.5,30.8,238184054063.92447,358.2974688534073,1267.846601453537
3,348199.97999999963,270183.5399999999,58382.382348799714,26518.755468000007,3203.700224949961,90054.79999999993,14893.379999999986,0,31912.0,14475.0,8862.6,6983.8,3377.7999999999997,9361.0,971.5,30.8,386745884927.16956,358.289040492972,1350.173566468915
4,157982.78000000012,211019.89999999997,41312.022725500065,19061.098888999975,3058.054175649978,46647.29999999998,921.5000000000009,0,31912.0,14475.0,8862.6,6983.8,3377.7999999999997,9361.0,971.5,30.8,371906857729.6064,37.33094988193846,793.539490580199
5,341144.7500000001,272633.37999999995,57640.9132818001,27459.837247999963,3143.500510449974,94138.49999999991,13956.844999999998,0,31912.0,14475.0,8862.6,6983.8,3377.7999999999997,9361.0,971.5,30.8,600832374205.5936,360.83172440434265,1342.9612315952352
6,159797.5899999999,215544.81999999992,41781.8963708999,20510.606276499973,4215.103394099983,44563.73999999998,911.8000000000009,0,31912.0,14475.0,8862.6,6983.8,3377.7999999999997,9361.0,971.5,30.8,578287613189.057,38.67905793202355,807.6312290783582
7,205165.09999999974,217868.77999999997,43563.61416679988,22456.501090000005,7106.762390249935,43875.03999999998,6873.419999999995,0,31912.0,14475.0,8862.6,6983.8,3377.7999999999997,9361.0,971.5,30.8,551551783929.844,42.753835863016526,917.1566717144381
