,contributed_CCGT,contributed_Coal,contributed_Onshore,contributed_Offshore,contributed_PV,contributed_Nuclear,contributed_Recip_gas,contributed_Biomass,total_CCGT,total_Coal,total_Onshore,total_Offshore,total_PV,total_Nuclear,total_Recip_gas,Carbon_tax,total_genco_wealth,Electricity_cost,Carbon_emitted
0,358312.8399999985,256788.58,23090.837157200036,29579.745223999984,3154.551064599939,89833.63999999997,13068.810000000001,0,31912.0,14475.0,8862.6,6983.8,3377.7999999999997,9361.0,971.5,30.8,30781319778.55879,144.6593040123581,1340.8120282148366
1,267954.1200000001,236574.06000000003,23238.194775100048,29595.668287999964,3120.323233749978,80337.33999999997,3730.62,0,31912.0,14475.0,8862.6,6983.8,3377.7999999999997,9361.0,971.5,30.8,25219532651.1822,55.16167210842147,1090.5009426958795
2,367536.6199999985,244728.54,21485.57263359995,29224.130127999983,1658.1927630499326,96330.69999999997,13104.699999999999,0,31912.0,14475.0,8862.6,6983.8,3377.7999999999997,9361.0,971.5,30.8,64354484493.10066,169.48703941460656,1331.7270298189164
3,395224.51999999804,239203.16999999995,23278.20383160005,29656.706700000013,3188.160174599965,100685.99999999996,14767.27999999999,0,31912.0,14475.0,8862.6,6983.8,3377.7999999999997,9361.0,971.5,30.8,102055818467.92758,161.90570643893895,1380.8275440116558
4,157249.2300000003,205359.54000000018,19050.919018999997,25097.913218999976,3070.5461398999787,71849.83999999997,0.0,0,31912.0,14475.0,8862.6,6983.8,3377.7999999999997,9361.0,971.5,30.8,87663697733.87372,40.17925222016689,777.5964327769217
5,381505.8599999984,255552.23,23404.31482170004,29595.668287999964,3122.2863189999775,98596.61999999995,13076.570000000002,0,31912.0,14475.0,8862.6,6983.8,3377.7999999999997,9361.0,971.5,30.8,144001156051.8053,158.008698339135,1386.0277826975366
6,171036.6900000002,207631.72999999995,17877.845736000003,22899.204281999973,2970.19760389998,69239.56999999998,0.0,0,31912.0,14475.0,8862.6,6983.8,3377.7999999999997,9361.0,971.5,30.8,121552694709.85684,38.806286426720284,810.5607174385406
7,204105.36000000045,210350.6100000002,25779.966081400038,31817.08032500001,7380.552745249924,63075.21999999997,0.0,0,31912.0,14475.0,8862.6,6983.8,3377.7999999999997,9361.0,971.5,30.8,95305857534.91808,42.23692770474536,892.0745480527825
