,contributed_CCGT,contributed_Coal,contributed_Onshore,contributed_Offshore,contributed_PV,contributed_Nuclear,contributed_Recip_gas,contributed_Biomass,total_CCGT,total_Coal,total_Onshore,total_Offshore,total_PV,total_Nuclear,total_Recip_gas,Carbon_tax,total_genco_wealth,Electricity_cost,Carbon_emitted
0,332311.15999999986,254687.15999999997,54235.92212659986,26302.104901000006,3168.6289772499363,92551.57999999991,12083.289999999985,0,31912.0,14475.0,8862.6,6983.8,3377.7999999999997,9361.0,971.5,30.8,99560457437.19777,315.4934333396216,1268.1372981496788
1,256779.18000000014,223571.23000000007,50738.58235419988,26215.904777999967,3138.0777504999733,78926.95999999993,3630.7099999999987,0,31912.0,14475.0,8862.6,6983.8,3377.7999999999997,9361.0,971.5,30.8,112138112671.54483,89.11960129693472,1028.0749883395406
2,345523.9600000002,247778.62999999992,47512.40231819968,24598.171156999997,1661.562352249934,89059.57999999991,12215.209999999986,0,31912.0,14475.0,8862.6,6983.8,3377.7999999999997,9361.0,971.5,30.8,236120074157.92957,332.6926593641001,1279.8586094047391
3,345392.84999999986,249729.48999999987,58495.41883499965,28005.350700000014,3200.269889699962,109706.99999999999,12011.509999999993,0,31912.0,14475.0,8862.6,6983.8,3377.7999999999997,9361.0,971.5,30.8,379627415735.6428,355.76525588866485,1283.532090207021
4,149476.31000000003,191515.86000000004,38981.83937189993,19181.06737799997,3054.0829734499785,73566.73999999995,323.0099999999998,0,31912.0,14475.0,8862.6,6983.8,3377.7999999999997,9361.0,971.5,30.8,367841637047.70197,34.72178779870006,731.4407265722799
5,337513.1500000003,263431.44999999995,58133.9763389,28695.216283999962,3139.752918449975,92399.28999999992,11967.859999999982,0,31912.0,14475.0,8862.6,6983.8,3377.7999999999997,9361.0,971.5,30.8,577482935238.8058,352.8657496562361,1299.1564661670982
6,169204.21999999986,173271.5,38709.29744369981,20283.410669999972,3241.8562700499806,73592.92999999993,302.6399999999999,0,31912.0,14475.0,8862.6,6983.8,3377.7999999999997,9361.0,971.5,30.8,560217515020.4512,37.6633959932621,730.7366043570003
7,186749.1699999997,219969.1899999999,43061.82928679989,22001.858241,6101.337511949966,66662.27999999996,294.8799999999999,0,31912.0,14475.0,8862.6,6983.8,3377.7999999999997,9361.0,971.5,30.8,537160352020.88885,37.85678797239516,870.7270708476198
