,contributed_CCGT,contributed_Coal,contributed_Onshore,contributed_Offshore,contributed_PV,contributed_Nuclear,contributed_Recip_gas,contributed_Biomass,total_CCGT,total_Coal,total_Onshore,total_Offshore,total_PV,total_Nuclear,total_Recip_gas,Carbon_tax,total_genco_wealth,Electricity_cost,Carbon_emitted
0,334306.85999999905,219170.78999999966,23300.55530880004,29579.745223999984,3154.551064599939,165604.86687359976,6503.364999999993,0,31912.0,14475.0,8862.6,6983.8,3377.7999999999997,9361.0,971.5,30.8,13456698920.941462,90.08776852998157,1193.8403947344189
1,271925.04000000044,159307.42999999988,23464.752699000044,29595.668287999964,3122.2863189999775,165604.86687359976,2408.5099999999993,0,31912.0,14475.0,8862.6,6983.8,3377.7999999999997,9361.0,971.5,30.8,8114959580.667065,57.422044605577675,917.9676149471414
2,322673.279999999,229791.8699999995,21601.84304159999,29224.130127999983,1658.9456695999324,165604.86687359976,7800.254999999992,0,31912.0,14475.0,8862.6,6983.8,3377.7999999999997,9361.0,971.5,30.8,17186806148.82163,90.09825417014956,1196.5567707042576
3,372877.25999999803,204119.85999999952,23278.20383160005,29656.706700000013,3188.160174599965,165604.86687359976,9002.56999999998,0,31912.0,14475.0,8862.6,6983.8,3377.7999999999997,9361.0,971.5,30.8,39230858182.224686,120.62931484859746,1245.4754171442787
4,161207.50000000026,119988.0399999999,22191.845221500018,29595.668287999968,3116.600719849977,148459.39984960004,1047.6,0,31912.0,14475.0,8862.6,6983.8,3377.7999999999997,9361.0,971.5,30.8,25463738120.82421,45.0175929688512,598.9672648399222
5,370606.5999999983,210057.66999999952,23464.752699000044,29595.668287999964,3122.2863189999775,165604.86687359976,8584.984999999982,0,31912.0,14475.0,8862.6,6983.8,3377.7999999999997,9361.0,971.5,30.8,42645477144.10077,93.84597297728071,1252.390937152659
6,146228.34000000008,151494.02999999985,25582.054003500038,33535.97722699999,4482.611414499983,135545.01540160022,523.8,0,31912.0,14475.0,8862.6,6983.8,3377.7999999999997,9361.0,971.5,30.8,23213614515.34838,43.12442285804966,635.9503197539423
7,193489.36000000045,136628.59999999995,31310.357158399936,38306.24775700007,7415.26058399993,145046.52313760007,0.0,0,31912.0,14475.0,8862.6,6983.8,3377.7999999999997,9361.0,971.5,30.8,-325129498.06310594,44.26217607572536,700.4286946228028
