,contributed_CCGT,contributed_Coal,contributed_Onshore,contributed_Offshore,contributed_PV,contributed_Nuclear,contributed_Recip_gas,contributed_Biomass,total_CCGT,total_Coal,total_Onshore,total_Offshore,total_PV,total_Nuclear,total_Recip_gas,Carbon_tax,total_genco_wealth,Electricity_cost,Carbon_emitted
0,415970.2399999976,187994.36999999994,23300.55530880004,29579.745223999984,3154.551064599939,100129.21999999988,13289.969999999996,0,31912.0,14475.0,8862.6,6983.8,3377.7999999999997,9361.0,971.5,30.8,13550471978.998232,93.34109918099917,1305.6752024092561
1,344312.4199999984,159089.66999999995,23056.28558260003,29460.608383999963,3121.0118732499777,79154.9099999999,4079.8199999999956,0,31912.0,14475.0,8862.6,6983.8,3377.7999999999997,9361.0,971.5,30.8,9909717903.9176,65.09265840339455,1075.1669941786627
2,412990.53999999794,187692.60999999996,21127.279029099896,29147.89422399998,1657.8550998499327,102323.35999999991,13272.509999999997,0,31912.0,14475.0,8862.6,6983.8,3377.7999999999997,9361.0,971.5,30.8,29669546706.870087,118.75862506407036,1298.917620948775
3,422316.4199999979,195277.93999999965,23138.679167400045,29656.706700000013,3188.160174599965,112677.13999999998,14872.524999999969,0,31912.0,14475.0,8862.6,6983.8,3377.7999999999997,9361.0,971.5,30.8,54684076529.134995,134.53968834540925,1338.023077990117
4,230778.05000000028,129980.41999999995,18238.97519370002,23587.505539999976,3024.2444019499812,75927.71999999991,202.72999999999996,0,31912.0,14475.0,8862.6,6983.8,3377.7999999999997,9361.0,971.5,30.8,39782177590.4749,40.942940711495716,759.9948313471625
5,425399.9399999978,211684.8399999998,23464.752699000044,29595.668287999964,3122.2863189999775,96712.87999999987,14174.12499999999,0,31912.0,14475.0,8862.6,6983.8,3377.7999999999997,9361.0,971.5,30.8,75884632225.23846,129.54991326348946,1379.4751954363176
6,270397.1500000001,99631.10999999993,17028.3340144,21472.945037999976,2918.1839987999806,74898.54999999992,173.63,0,31912.0,14475.0,8862.6,6983.8,3377.7999999999997,9361.0,971.5,30.8,54061750348.83012,43.638392225952295,783.6839681917829
7,259445.05000000013,149758.97999999995,21489.089145500042,25871.119140500003,7111.728650099929,78011.27999999991,166.84,0,31912.0,14475.0,8862.6,6983.8,3377.7999999999997,9361.0,971.5,30.8,26491697001.211693,42.268563176303665,870.4257219540423
