,contributed_CCGT,contributed_Coal,contributed_Onshore,contributed_Offshore,contributed_PV,contributed_Nuclear,contributed_Recip_gas,contributed_Biomass,total_CCGT,total_Coal,total_Onshore,total_Offshore,total_PV,total_Nuclear,total_Recip_gas,Carbon_tax,total_genco_wealth,Electricity_cost,Carbon_emitted
0,383670.6199999985,229070.71999999988,23300.55530880004,29579.745223999984,3154.551064599939,81278.23999999998,13087.240000000002,0,31912.0,14475.0,8862.6,6983.8,3377.7999999999997,9361.0,971.5,30.8,52893315029.99415,223.5818638562258,1331.3531171465543
1,300043.39999999973,217930.48999999973,23464.752699000044,29595.668287999964,3122.1383823999777,58529.80000000001,7005.3399999999965,0,31912.0,14475.0,8862.6,6983.8,3377.7999999999997,9361.0,971.5,30.8,62085145613.60184,98.83502652678658,1120.688637885019
2,386950.89999999816,217706.56999999983,21601.84304159999,29224.130127999983,1658.9456695999324,85956.54999999996,13069.780000000002,0,31912.0,14475.0,8862.6,6983.8,3377.7999999999997,9361.0,971.5,30.8,141016732173.6196,285.2354336287405,1312.6187001648527
3,394220.53999999794,239707.75,23278.20383160005,29656.706700000013,3188.160174599965,90759.01999999996,14718.294999999991,0,31912.0,14475.0,8862.6,6983.8,3377.7999999999997,9361.0,971.5,30.8,238538743311.02966,325.52982375367486,1379.8159438644955
4,192596.76000000018,182161.6699999999,21520.679533200015,28665.369577999976,3115.0305202999766,50449.70000000001,0.0,0,31912.0,14475.0,8862.6,6983.8,3377.7999999999997,9361.0,971.5,30.8,225089209573.2397,45.19729323317879,800.2663276346624
5,386693.83999999816,252925.6199999999,23464.752699000044,29595.668287999964,3122.2863189999775,89351.54999999996,13220.130000000001,0,31912.0,14475.0,8862.6,6983.8,3377.7999999999997,9361.0,971.5,30.8,360023915953.73413,290.05144358751056,1390.9897965967552
6,209189.28000000026,182048.71999999983,18851.178869399962,23867.335430999978,3255.7116797999824,44765.5,738.655,0,31912.0,14475.0,8862.6,6983.8,3377.7999999999997,9361.0,971.5,30.8,339158155274.0942,41.85709742466821,840.6943848805621
7,246257.85000000018,183744.80999999968,24250.450409800043,30310.801241500023,7162.144563799931,46938.3,4681.2199999999975,0,31912.0,14475.0,8862.6,6983.8,3377.7999999999997,9361.0,971.5,30.8,314344552042.77405,45.05793764897664,929.5799801243814
