,contributed_CCGT,contributed_Coal,contributed_Onshore,contributed_Offshore,contributed_PV,contributed_Nuclear,contributed_Recip_gas,contributed_Biomass,total_CCGT,total_Coal,total_Onshore,total_Offshore,total_PV,total_Nuclear,total_Recip_gas,Carbon_tax,total_genco_wealth,Electricity_cost,Carbon_emitted
0,326362.52999999945,257303.32999999996,52769.05146059989,25273.633218000003,3159.7252760999377,96422.8499999999,12015.389999999987,0,31912.0,14475.0,8862.6,6983.8,3377.7999999999997,9361.0,971.5,30.8,98086877333.50897,311.741461318035,1269.9844690753398
1,255531.1100000002,243213.52,48016.37036749997,22337.14180749997,3118.9166336499748,68080.41999999995,3639.439999999997,0,31912.0,14475.0,8862.6,6983.8,3377.7999999999997,9361.0,971.5,30.8,108469427390.86745,84.19609248933466,1069.294475400961
2,332074.5099999998,255730.67999999993,51983.59945079981,23278.30549300001,1663.6431602999342,98496.7099999999,12344.219999999987,0,31912.0,14475.0,8862.6,6983.8,3377.7999999999997,9361.0,971.5,30.8,225695353767.6436,324.93358826160943,1275.2881446706385
3,361309.66999999975,252809.65999999995,57432.64307829953,28412.976388000006,3196.7358265499606,100883.87999999993,12835.524999999983,0,31912.0,14475.0,8862.6,6983.8,3377.7999999999997,9361.0,971.5,30.8,374124545396.9982,348.9768809025609,1335.02221043468
4,130628.2499999998,216377.00999999992,42199.84724520003,19298.22375299997,2781.1953781499774,67609.96999999996,347.2599999999998,0,31912.0,14475.0,8862.6,6983.8,3377.7999999999997,9361.0,971.5,30.8,361922330081.4902,32.91543767327479,748.7035126599799
5,339375.65999999957,257034.86000000002,61953.52137019975,29415.357247999968,3142.609616799975,109767.13999999997,12278.259999999986,0,31912.0,14475.0,8862.6,6983.8,3377.7999999999997,9361.0,971.5,30.8,576201058662.305,342.43132894225573,1297.6115650142804
6,172730.33999999973,174850.40999999995,40928.0094933999,19397.69587799997,4231.275165049987,68651.74999999996,356.9599999999998,0,31912.0,14475.0,8862.6,6983.8,3377.7999999999997,9361.0,971.5,30.8,558175930322.5022,35.13713802466342,741.8113322531793
7,211392.55,193415.25000000012,42465.33684659982,20382.36363899999,7087.884614949945,67040.57999999996,403.51999999999975,0,31912.0,14475.0,8862.6,6983.8,3377.7999999999997,9361.0,971.5,30.8,537771833503.6964,38.1563686551992,861.9573112394988
