,contributed_CCGT,contributed_Coal,contributed_Onshore,contributed_Offshore,contributed_PV,contributed_Nuclear,contributed_Recip_gas,contributed_Biomass,total_CCGT,total_Coal,total_Onshore,total_Offshore,total_PV,total_Nuclear,total_Recip_gas,Carbon_tax,total_genco_wealth,Electricity_cost,Carbon_emitted
0,324786.47999999905,214951.7199999996,23300.55530880004,29579.745223999984,3154.551064599939,165604.86687359976,16587.96999999999,0,31912.0,14475.0,8862.6,6983.8,3377.7999999999997,9361.0,971.5,30.8,16914521338.282469,101.35590495232009,1185.57134712456
1,218542.68000000043,200343.9999999998,23464.752699000044,29595.668287999964,3122.2863189999775,165604.86687359976,13408.309999999992,0,31912.0,14475.0,8862.6,6983.8,3377.7999999999997,9361.0,971.5,30.8,11393949939.975758,55.23260602817921,922.6701880520023
2,336921.23999999894,200657.45999999958,21601.84304159999,29224.130127999983,1658.9456695999324,165604.86687359976,16983.245000000003,0,31912.0,14475.0,8862.6,6983.8,3377.7999999999997,9361.0,971.5,30.8,20248855467.994858,90.34491846202842,1180.0353046790785
3,364678.7799999982,201219.29999999958,23278.20383160005,29656.706700000013,3188.160174599965,165604.86687359976,18430.970000000023,0,31912.0,14475.0,8862.6,6983.8,3377.7999999999997,9361.0,971.5,30.8,47555118819.692696,135.19831828733902,1241.4998509613968
4,135278.10000000006,136825.63000000003,22003.984438800002,29595.668287999968,3116.600719849977,144165.6618696001,12571.199999999995,0,31912.0,14475.0,8862.6,6983.8,3377.7999999999997,9361.0,971.5,30.8,34234814485.887135,42.380469180965314,605.4465161307414
5,360439.55999999825,211998.6999999996,23464.752699000044,29595.668287999964,3122.2863189999775,165604.86687359976,17752.455000000013,0,31912.0,14475.0,8862.6,6983.8,3377.7999999999997,9361.0,971.5,30.8,50828052233.08048,92.24230509685525,1253.721641152599
6,165274.74000000028,118649.30999999998,25107.37461920003,32925.914206999994,4477.2553294999825,133702.20940160024,11523.599999999997,0,31912.0,14475.0,8862.6,6983.8,3377.7999999999997,9361.0,971.5,30.8,32196468047.00867,44.57166139123597,623.984930995381
7,200538.24000000054,114884.96,31091.167208999937,38204.78456500007,7411.1254933499295,140632.63420640014,12571.199999999995,0,31912.0,14475.0,8862.6,6983.8,3377.7999999999997,9361.0,971.5,30.8,9201153949.192457,44.909532217031334,696.4540099740833
