,contributed_CCGT,contributed_Coal,contributed_Onshore,contributed_Offshore,contributed_PV,contributed_Nuclear,contributed_Recip_gas,contributed_Biomass,total_CCGT,total_Coal,total_Onshore,total_Offshore,total_PV,total_Nuclear,total_Recip_gas,Carbon_tax,total_genco_wealth,Electricity_cost,Carbon_emitted
0,340638.9599999993,276435.8400000001,48915.05062279968,22184.0458115,3148.5879560499397,88591.06999999989,12028.484999999993,0,31912.0,14475.0,8862.6,6983.8,3377.7999999999997,9361.0,971.5,30.8,43134542996.572845,153.58708391855154,1335.777149374316
1,240339.34,240808.0100000001,49594.2948590997,23468.312944499958,3112.9285393499754,94854.35999999991,2877.989999999996,0,31912.0,14475.0,8862.6,6983.8,3377.7999999999997,9361.0,971.5,30.8,40331119932.15985,48.5330517850738,1031.258530517978
2,331099.77999999904,276208.31000000006,46999.90643629955,21475.87280499999,1656.6193796999364,96109.5399999999,12688.569999999989,0,31912.0,14475.0,8862.6,6983.8,3377.7999999999997,9361.0,971.5,30.8,112437496922.17596,225.25781419388977,1314.9763758973759
3,364650.6999999995,281110.1800000001,53563.18734689944,23635.621881000003,3175.5460821999627,89579.49999999991,13028.069999999987,0,31912.0,14475.0,8862.6,6983.8,3377.7999999999997,9361.0,971.5,30.8,213209278170.05508,283.31139338537673,1397.027661731636
4,139389.14999999997,220316.72000000023,35054.9205204001,17466.896269999965,2569.5969395499837,76409.80999999992,1013.6500000000008,0,31912.0,14475.0,8862.6,6983.8,3377.7999999999997,9361.0,971.5,30.8,196446862941.70267,22.617523906815148,776.6319723745585
5,365834.1699999994,275844.4500000001,54825.28013919979,32179.741573999978,3126.0641971499776,83009.68999999992,12786.05499999999,0,31912.0,14475.0,8862.6,6983.8,3377.7999999999997,9361.0,971.5,30.8,354272430763.8611,271.47951475991067,1388.3231263110958
6,165878.6800000001,199766.7600000001,36488.45538069992,17765.555521999977,4338.231779649986,68055.19999999995,1255.180000000001,0,31912.0,14475.0,8862.6,6983.8,3377.7999999999997,9361.0,971.5,30.8,329856739386.1208,27.33358929596156,785.0408845304794
7,192124.40000000008,231436.74000000022,37897.09251379983,19490.29870499997,6986.552927049944,64559.31999999995,1048.5700000000006,0,31912.0,14475.0,8862.6,6983.8,3377.7999999999997,9361.0,971.5,30.8,304261366821.2581,34.23612329030432,908.5686078625174
