,contributed_CCGT,contributed_Coal,contributed_Onshore,contributed_Offshore,contributed_PV,contributed_Nuclear,contributed_Recip_gas,contributed_Biomass,total_CCGT,total_Coal,total_Onshore,total_Offshore,total_PV,total_Nuclear,total_Recip_gas,Carbon_tax,total_genco_wealth,Electricity_cost,Carbon_emitted
0,325224.27000000037,224805.30999999988,40862.54796669991,19799.32395799997,3112.4507153499403,97142.58999999995,8665.494999999988,0,31912.0,14475.0,8862.6,6983.8,3377.7999999999997,9361.0,971.5,30.8,6797002788.863912,59.01217838543806,1201.353557593378
1,222791.2300000003,216873.31000000003,34844.65111780001,17108.86123899997,3062.228768199977,88292.30999999994,2718.909999999996,0,31912.0,14475.0,8862.6,6983.8,3377.7999999999997,9361.0,971.5,30.8,-3531199968.5236406,29.689370567499466,959.5325737473786
2,328638.04000000027,229561.30999999985,43075.7360603997,21478.887794000002,1649.8443310499374,95729.29999999996,9139.339999999987,0,31912.0,14475.0,8862.6,6983.8,3377.7999999999997,9361.0,971.5,30.8,1516503205.0479019,69.58671024188625,1224.5837849313773
3,368542.4999999996,208124.73999999982,45958.40445769972,23930.839598000002,3177.886561749964,109087.16999999994,11763.675000000005,0,31912.0,14475.0,8862.6,6983.8,3377.7999999999997,9361.0,971.5,30.8,8398615598.744774,72.72911084395571,1265.446639356515
4,146404.03999999992,181121.67000000004,25232.851326299966,12433.253430499995,2815.7027645999838,71059.28999999995,746.9000000000008,0,31912.0,14475.0,8862.6,6983.8,3377.7999999999997,9361.0,971.5,30.8,-15634103216.003666,6.204384425327451,721.7743003946606
5,339643.6100000001,234221.39999999988,44962.3003318,21954.80701149998,3113.1441754999773,109657.52999999994,10133.105000000007,0,31912.0,14475.0,8862.6,6983.8,3377.7999999999997,9361.0,971.5,30.8,-6994953232.975116,72.55789681971473,1254.615110487196
6,142016.57,163696.22999999986,28773.363926599966,14644.029903999988,3105.962850449974,90150.82999999996,1037.9000000000008,0,31912.0,14475.0,8862.6,6983.8,3377.7999999999997,9361.0,971.5,30.8,-40431180861.34841,12.165086239539852,672.2124543295407
7,183709.3600000001,168912.8899999999,34701.45290839978,17745.06710949997,7162.059337549935,82056.17999999996,902.1000000000008,0,31912.0,14475.0,8862.6,6983.8,3377.7999999999997,9361.0,971.5,30.8,-74750605835.40504,24.480446405106488,771.7579687202199
