,contributed_CCGT,contributed_Coal,contributed_Onshore,contributed_Offshore,contributed_PV,contributed_Nuclear,contributed_Recip_gas,contributed_Biomass,total_CCGT,total_Coal,total_Onshore,total_Offshore,total_PV,total_Nuclear,total_Recip_gas,Carbon_tax,total_genco_wealth,Electricity_cost,Carbon_emitted
0,352142.90999999986,196017.47000000003,43142.83353089982,20879.474448499994,3122.2656448499397,97361.80999999994,10620.530000000002,0,31912.0,14475.0,8862.6,6983.8,3377.7999999999997,9361.0,971.5,30.8,10803862832.21774,71.23213532751441,1193.3670692430562
1,263098.8100000004,158664.9,39808.802677199936,19443.80541049996,3095.348810449976,90765.80999999995,2912.909999999996,0,31912.0,14475.0,8862.6,6983.8,3377.7999999999997,9361.0,971.5,30.8,3155937449.79073,39.0598835019427,916.6849108501978
2,353255.23999999964,195301.74000000002,42478.3156502997,22733.661917000005,1659.0776822999364,97802.18999999996,11600.230000000005,0,31912.0,14475.0,8862.6,6983.8,3377.7999999999997,9361.0,971.5,30.8,10778652911.282473,73.83840976297351,1203.1055716525152
3,373433.85999999935,202647.14999999997,45761.66391669972,20431.565601999984,3152.9383516499643,106477.86999999995,12948.529999999995,0,31912.0,14475.0,8862.6,6983.8,3377.7999999999997,9361.0,971.5,30.8,27348486370.5203,89.78882451561945,1265.558672435697
4,160516.87999999992,115190.20999999996,31266.118407199956,17328.025754499966,2839.456706549982,94146.25999999994,979.7000000000007,0,31912.0,14475.0,8862.6,6983.8,3377.7999999999997,9361.0,971.5,30.8,6061843765.685806,12.954992460534926,596.6878616135805
5,366694.14999999973,200776.90999999997,42899.99647529995,22830.79107,3094.489989749977,107676.78999999994,11990.655000000004,0,31912.0,14475.0,8862.6,6983.8,3377.7999999999997,9361.0,971.5,30.8,31858629521.43774,98.20224833080401,1244.577865090176
6,165760.61999999997,140469.25000000003,27252.37658229996,14124.931435999984,2907.979871299978,81934.92999999995,979.7000000000007,0,31912.0,14475.0,8862.6,6983.8,3377.7999999999997,9361.0,971.5,30.8,2253013861.270715,18.685404034821666,669.6475531114995
7,172846.49,166377.27999999988,33077.06590179993,17410.731661999973,6220.815328549966,93901.81999999995,591.7000000000004,0,31912.0,14475.0,8862.6,6983.8,3377.7999999999997,9361.0,971.5,30.8,-32906653800.373325,23.255327895437745,746.9626555374406
