,contributed_CCGT,contributed_Coal,contributed_Onshore,contributed_Offshore,contributed_PV,contributed_Nuclear,contributed_Recip_gas,contributed_Biomass,total_CCGT,total_Coal,total_Onshore,total_Offshore,total_PV,total_Nuclear,total_Recip_gas,Carbon_tax,total_genco_wealth,Electricity_cost,Carbon_emitted
0,371364.0199999984,256997.13999999993,23076.48899480004,29579.745223999984,3154.551064599939,74461.07999999999,13268.62999999999,0,31912.0,14475.0,8862.6,6983.8,3377.7999999999997,9361.0,971.5,30.8,37613293375.03563,170.25027187637045,1368.176938581717
1,281577.9600000001,239643.21000000002,23391.029013000043,29595.668287999964,3122.2230668499774,56547.12,6933.559999999986,0,31912.0,14475.0,8862.6,6983.8,3377.7999999999997,9361.0,971.5,30.8,35222093089.44936,65.90591099034388,1132.431970947579
2,373387.69999999844,245989.25,21550.104939099972,29224.130127999983,1658.9445750999325,80094.83999999997,13262.80999999999,0,31912.0,14475.0,8862.6,6983.8,3377.7999999999997,9361.0,971.5,30.8,76002629563.17516,175.05139086694444,1348.5871706514963
3,383320.73999999824,262156.59999999986,23278.20383160005,29656.706700000013,3188.160174599965,84507.36999999997,14017.954999999987,0,31912.0,14475.0,8862.6,6983.8,3377.7999999999997,9361.0,971.5,30.8,123236823457.69128,189.78432071482197,1406.3599786567956
4,189220.08000000013,200241.14000000004,17608.81984440003,22515.59441499999,3047.5972509499798,46847.12,174.6,0,31912.0,14475.0,8862.6,6983.8,3377.7999999999997,9361.0,971.5,30.8,109151077938.65706,40.9171456284732,831.3832990737214
5,376352.3199999984,274783.99000000017,23464.752699000044,29595.668287999964,3122.2863189999775,77898.75999999998,13269.59999999999,0,31912.0,14475.0,8862.6,6983.8,3377.7999999999997,9361.0,971.5,30.8,190308502730.36682,206.3483578945921,1418.8716581980154
6,196010.10000000015,201794.96000000005,16701.523020900004,20905.65610999997,2918.1839987999806,55334.62,174.6,0,31912.0,14475.0,8862.6,6983.8,3377.7999999999997,9361.0,971.5,30.8,167780884581.94525,39.41890031121657,854.0848292340812
7,236663.9100000003,214360.95,20637.861435700026,24949.950833000003,7012.5783030499415,46185.579999999994,165.87,0,31912.0,14475.0,8862.6,6983.8,3377.7999999999997,9361.0,971.5,30.8,142202980106.5109,43.56972910393233,969.2549149881008
