,contributed_CCGT,contributed_Coal,contributed_Onshore,contributed_Offshore,contributed_PV,contributed_Nuclear,contributed_Recip_gas,contributed_Biomass,total_CCGT,total_Coal,total_Onshore,total_Offshore,total_PV,total_Nuclear,total_Recip_gas,Carbon_tax,total_genco_wealth,Electricity_cost,Carbon_emitted
0,335075.51999999885,204256.6999999996,23300.55530880004,29579.745223999984,3154.551064599939,165604.86687359976,17963.915000000015,0,31912.0,14475.0,8862.6,6983.8,3377.7999999999997,9361.0,971.5,30.8,17432379666.38882,102.90904657633246,1185.4336301165986
1,236048.7600000004,186331.76999999993,23464.752699000044,29595.668287999964,3122.2863189999775,165604.86687359976,13408.309999999992,0,31912.0,14475.0,8862.6,6983.8,3377.7999999999997,9361.0,971.5,30.8,12041221516.212587,56.580889992614715,926.9406684544609
2,316773.41999999917,223515.31999999948,21601.84304159999,29224.130127999983,1658.9456695999324,165604.86687359976,16984.215,0,31912.0,14475.0,8862.6,6983.8,3377.7999999999997,9361.0,971.5,30.8,20378294712.78511,89.67962824124756,1189.2180125873588
3,347769.43999999866,223786.75999999957,23278.20383160005,29656.706700000013,3188.160174599965,165604.86687359976,18430.970000000023,0,31912.0,14475.0,8862.6,6983.8,3377.7999999999997,9361.0,971.5,30.8,46958336739.52032,131.99122123893574,1255.7769558704772
4,120546.1800000001,151521.99999999988,22105.980608100013,29595.668287999968,3116.600719849977,145951.70944480007,10999.799999999997,0,31912.0,14475.0,8862.6,6983.8,3377.7999999999997,9361.0,971.5,30.8,33276498891.606888,41.74425670583568,605.1442271560015
5,357913.0799999982,213952.3699999996,23464.752699000044,29595.668287999964,3122.2863189999775,165604.86687359976,18012.415000000015,0,31912.0,14475.0,8862.6,6983.8,3377.7999999999997,9361.0,971.5,30.8,49131652839.43552,92.90430165341309,1253.527230563258
6,149868.90000000017,136530.95999999988,25107.37461920003,32925.914206999994,4477.2553294999825,133733.90566480023,12047.399999999996,0,31912.0,14475.0,8862.6,6983.8,3377.7999999999997,9361.0,971.5,30.8,28732749329.329628,43.23199274029341,633.3450000820817
7,191671.38000000015,126963.26999999995,31140.259490999935,38204.78456500007,7414.15220374993,142418.6817816001,12571.199999999995,0,31912.0,14475.0,8862.6,6983.8,3377.7999999999997,9361.0,971.5,30.8,4003367834.2674055,43.92612637241378,702.6805015914609
