,contributed_CCGT,contributed_Coal,contributed_Onshore,contributed_Offshore,contributed_PV,contributed_Nuclear,contributed_Recip_gas,contributed_Biomass,total_CCGT,total_Coal,total_Onshore,total_Offshore,total_PV,total_Nuclear,total_Recip_gas,Carbon_tax,total_genco_wealth,Electricity_cost,Carbon_emitted
0,392691.499999998,198199.7599999996,23300.55530880004,29579.745223999984,3154.551064599939,96130.87999999998,14127.564999999995,0,31912.0,14475.0,8862.6,6983.8,3377.7999999999997,9361.0,971.5,30.8,18642387776.75486,96.267549694891,1284.2195848944762
1,322229.5199999995,153466.55,23464.752699000044,29595.668287999964,3122.2863189999775,84351.19999999994,12639.100000000002,0,31912.0,14475.0,8862.6,6983.8,3377.7999999999997,9361.0,971.5,30.8,23087576202.083344,70.10295471501728,1028.8436965368985
2,409099.0699999978,188248.98999999987,21601.84304159999,29224.130127999983,1658.9456695999324,100926.55999999997,14847.30499999998,0,31912.0,14475.0,8862.6,6983.8,3377.7999999999997,9361.0,971.5,30.8,40440692839.89684,100.473957782318,1295.6496455980175
3,406036.2799999981,220393.16999999984,23278.20383160005,29656.706700000013,3188.160174599965,120118.97999999995,15062.159999999982,0,31912.0,14475.0,8862.6,6983.8,3377.7999999999997,9361.0,971.5,30.8,60825722122.2673,105.6270568109015,1362.7762565116586
4,213520.4900000001,131189.24000000002,23005.427696900035,29294.08026199997,3119.700950799978,58850.86999999997,4477.519999999999,0,31912.0,14475.0,8862.6,6983.8,3377.7999999999997,9361.0,971.5,30.8,55747624882.61356,52.35276566695035,746.2821854975199
5,396442.569999998,212864.99999999983,23464.752699000044,29595.668287999964,3122.2863189999775,120022.94999999998,15057.30999999998,0,31912.0,14475.0,8862.6,6983.8,3377.7999999999997,9361.0,971.5,30.8,88587996223.86371,108.75296729043889,1328.9029659099976
6,229532.54000000027,115961.32000000008,24569.281048400026,31949.138494999977,4480.732715199983,65642.80999999997,8747.459999999986,0,31912.0,14475.0,8862.6,6983.8,3377.7999999999997,9361.0,971.5,30.8,81152714930.956,51.01163756210939,746.5751536853599
7,264651.65000000014,116123.03000000007,32994.98174699992,38306.24775700007,7427.505133599933,61012.99999999997,7707.6199999999935,0,31912.0,14475.0,8862.6,6983.8,3377.7999999999997,9361.0,971.5,30.8,73450676172.8459,53.94575427422765,824.4815505159387
