,contributed_CCGT,contributed_Coal,contributed_Onshore,contributed_Offshore,contributed_PV,contributed_Nuclear,contributed_Recip_gas,contributed_Biomass,total_CCGT,total_Coal,total_Onshore,total_Offshore,total_PV,total_Nuclear,total_Recip_gas,Carbon_tax,total_genco_wealth,Electricity_cost,Carbon_emitted
0,357193.4999999983,212814.00999999983,45131.77589939959,31461.785670000023,3116.060005249942,120508.91999999998,12612.909999999996,0,31912.0,14475.0,8862.6,6983.8,3377.7999999999997,9361.0,971.5,30.8,16686334637.836332,93.74481797716727,1247.5069841059785
1,289020.6999999997,174619.64999999994,44250.44904109975,33966.84807900003,3104.1707718999783,91866.75999999997,3427.009999999996,0,31912.0,14475.0,8862.6,6983.8,3377.7999999999997,9361.0,971.5,30.8,10598519085.833282,48.53210511998051,1010.8188368306971
2,363669.03999999823,200432.77,47179.166549099515,31016.680669000023,1649.505774999933,106139.33999999994,12824.369999999995,0,31912.0,14475.0,8862.6,6983.8,3377.7999999999997,9361.0,971.5,30.8,25501475683.574787,103.86107367395282,1239.361419932459
3,383817.72999999806,233106.67999999988,45730.4297808995,31391.786490000006,3140.8267885499654,122050.25,12587.689999999991,0,31912.0,14475.0,8862.6,6983.8,3377.7999999999997,9361.0,971.5,30.8,52202233742.438736,118.3718367442389,1349.2413370186382
4,177192.86999999973,155861.82999999984,31971.184586699983,26397.793438000008,2587.832904549984,81759.35999999993,989.4000000000008,0,31912.0,14475.0,8862.6,6983.8,3377.7999999999997,9361.0,971.5,30.8,33701645629.54319,23.112184827467185,728.4031438383397
5,391349.8899999979,201793.55000000002,50460.715436399834,36184.900266500066,3107.2143743999786,120530.25999999998,12953.379999999996,0,31912.0,14475.0,8862.6,6983.8,3377.7999999999997,9361.0,971.5,30.8,76251029812.76457,114.53761961322448,1297.6704175028985
6,174803.82999999967,156590.86999999982,33184.51019249999,26561.371897999987,4206.151331149983,85968.18999999993,1144.6000000000008,0,31912.0,14475.0,8862.6,6983.8,3377.7999999999997,9361.0,971.5,30.8,48700558205.48781,26.152218053471604,727.8581470362597
7,227294.08,161907.29999999987,32288.26456929995,25080.127038500003,6861.175938949946,90891.90999999993,882.7000000000007,0,31912.0,14475.0,8862.6,6983.8,3377.7999999999997,9361.0,971.5,30.8,17948062035.02985,32.58420133614637,844.7521475253984
