,contributed_CCGT,contributed_Coal,contributed_Onshore,contributed_Offshore,contributed_PV,contributed_Nuclear,contributed_Recip_gas,contributed_Biomass,total_CCGT,total_Coal,total_Onshore,total_Offshore,total_PV,total_Nuclear,total_Recip_gas,Carbon_tax,total_genco_wealth,Electricity_cost,Carbon_emitted
0,325319.45999999973,242572.8299999998,53926.98345099987,26746.379191999986,3168.9251494499363,108080.30999999997,12543.069999999987,0,31912.0,14475.0,8862.6,6983.8,3377.7999999999997,9361.0,971.5,30.8,102676072617.24774,318.15638618089486,1230.2085288163382
1,248456.49000000014,233327.20999999993,49273.078864399875,25184.42669799998,3137.1517736499736,79031.71999999993,3879.9999999999973,0,31912.0,14475.0,8862.6,6983.8,3377.7999999999997,9361.0,971.5,30.8,115022105689.51051,86.57647178336549,1033.4554605995804
2,336813.5199999995,244499.1699999998,51208.68620969976,27431.319082000016,1670.3483759999335,101462.96999999994,11864.069999999989,0,31912.0,14475.0,8862.6,6983.8,3377.7999999999997,9361.0,971.5,30.8,240408908720.16043,335.798259793582,1259.9587021596592
3,347967.2,259082.3199999999,59074.184428199726,32270.21079600002,3203.611390599961,102976.16999999994,12038.669999999984,0,31912.0,14475.0,8862.6,6983.8,3377.7999999999997,9361.0,971.5,30.8,383289477180.3608,352.40214145757153,1316.771801663358
4,134337.5099999999,224967.65000000002,38102.63904459998,19060.234502999974,3034.4996926499784,57691.71999999997,286.14999999999986,0,31912.0,14475.0,8862.6,6983.8,3377.7999999999997,9361.0,971.5,30.8,370515199987.6555,32.47953453254829,775.2783940746998
5,356460.05000000016,250206.86999999982,58465.45537009991,27459.837247999963,3141.621671349975,104997.64999999994,12110.44999999999,0,31912.0,14475.0,8862.6,6983.8,3377.7999999999997,9361.0,971.5,30.8,608113076850.6547,354.64716660250946,1307.26457918426
6,169062.80999999985,188114.95000000004,34854.31586799987,16715.098778999996,2677.164865299971,76692.07999999994,339.49999999999983,0,31912.0,14475.0,8862.6,6983.8,3377.7999999999997,9361.0,971.5,30.8,588354443978.1462,33.09928425391583,763.6460125001
7,178867.39999999976,227950.14999999985,37471.52654779976,17746.21491849997,6762.073281449945,76856.00999999994,329.79999999999984,0,31912.0,14475.0,8862.6,6983.8,3377.7999999999997,9361.0,971.5,30.8,564358789650.4963,36.400685657510614,872.7955022496998
