,contributed_CCGT,contributed_Coal,contributed_Onshore,contributed_Offshore,contributed_PV,contributed_Nuclear,contributed_Recip_gas,contributed_Biomass,total_CCGT,total_Coal,total_Onshore,total_Offshore,total_PV,total_Nuclear,total_Recip_gas,Carbon_tax,total_genco_wealth,Electricity_cost,Carbon_emitted
0,331513.2699999992,258001.1200000001,52329.56709069968,25434.006637999995,3158.3557089999385,109030.90999999996,13240.499999999987,0,31912.0,14475.0,8862.6,6983.8,3377.7999999999997,9361.0,971.5,30.8,44345007067.6452,157.8050028057128,1276.2142717857573
1,248500.31000000003,231981.7200000001,50085.64898959971,24325.11048699997,3109.4283382999765,89725.9699999999,3182.569999999997,0,31912.0,14475.0,8862.6,6983.8,3377.7999999999997,9361.0,971.5,30.8,38253655304.76322,39.982239379994546,1028.7958408445581
2,322338.11999999924,273509.1200000001,53414.693771699465,25363.032720000017,1653.960732249936,107164.62999999999,10975.064999999999,0,31912.0,14475.0,8862.6,6983.8,3377.7999999999997,9361.0,971.5,30.8,85516970901.87738,156.49343092050378,1287.5944044197554
3,354660.5199999991,264186.45000000007,53475.26506279955,26432.24031600001,3175.9796452499636,114230.10999999999,12742.889999999983,0,31912.0,14475.0,8862.6,6983.8,3377.7999999999997,9361.0,971.5,30.8,162808161172.05692,209.69480801152153,1338.357893977098
4,125289.39000000003,215492.41000000018,34862.584400200045,18213.443414999965,2592.321388699983,89635.7599999999,1212.5000000000005,0,31912.0,14475.0,8862.6,6983.8,3377.7999999999997,9361.0,971.5,30.8,144758698053.74036,19.93979654350129,737.6481693891794
5,345078.4099999992,264995.1600000001,58907.30610350003,27459.837247999963,3134.1347898999766,109451.88999999996,11928.574999999995,0,31912.0,14475.0,8862.6,6983.8,3377.7999999999997,9361.0,971.5,30.8,256476293247.2643,201.78759167724957,1322.6020851036758
6,138146.36000000002,211082.43000000008,36093.88887839993,17180.813098999985,3175.2925943999785,90792.96999999988,1024.3200000000008,0,31912.0,14475.0,8862.6,6983.8,3377.7999999999997,9361.0,971.5,30.8,232026133171.01053,25.559743778279216,753.525392537139
7,168469.88000000012,218930.46000000014,42601.86841089972,19476.025410999966,6904.691743649945,97547.0799999999,1414.260000000001,0,31912.0,14475.0,8862.6,6983.8,3377.7999999999997,9361.0,971.5,30.8,205270713238.48248,32.1263359624545,833.385794783078
