,contributed_CCGT,contributed_Coal,contributed_Onshore,contributed_Offshore,contributed_PV,contributed_Nuclear,contributed_Recip_gas,contributed_Biomass,total_CCGT,total_Coal,total_Onshore,total_Offshore,total_PV,total_Nuclear,total_Recip_gas,Carbon_tax,total_genco_wealth,Electricity_cost,Carbon_emitted
0,328070.3499999998,248342.4699999999,52714.48999849987,27445.06330399998,3167.224640849937,104303.12999999995,12185.139999999987,0,31912.0,14475.0,8862.6,6983.8,3377.7999999999997,9361.0,971.5,30.8,95800582445.03737,312.4450958090761,1246.711931093059
1,256331.69999999995,232388.82999999996,49582.43388339983,24967.447495999975,3130.213556199974,71924.52999999996,5223.934999999995,0,31912.0,14475.0,8862.6,6983.8,3377.7999999999997,9361.0,971.5,30.8,108589801807.91585,88.50262190092161,1051.2578856943412
2,339726.29,262900.07,50780.65071099974,22386.982408000025,1660.2413106499343,83573.25999999992,12002.779999999986,0,31912.0,14475.0,8862.6,6983.8,3377.7999999999997,9361.0,971.5,30.8,226697318852.13245,331.2451828209859,1307.2129380178565
3,356466.82999999984,260897.95999999993,53883.114143699706,24786.958668000014,3189.2140209499617,108850.48999999995,13398.60999999999,0,31912.0,14475.0,8862.6,6983.8,3377.7999999999997,9361.0,971.5,30.8,373554377411.9114,353.77384800964666,1333.749384228078
4,164492.71999999994,180949.78,36827.66978359996,17795.879455499962,3069.557766049976,67299.56999999996,375.38999999999976,0,31912.0,14475.0,8862.6,6983.8,3377.7999999999997,9361.0,971.5,30.8,362195811684.22894,34.66052571019711,738.5476598524391
5,348760.42000000016,260895.93999999992,57813.90560379997,27948.717247999964,3140.914356449975,103434.00999999994,11961.069999999983,0,31912.0,14475.0,8862.6,6983.8,3377.7999999999997,9361.0,971.5,30.8,590227558429.8164,354.7429123767295,1321.0899583041185
6,176935.2099999998,172856.74,38669.22666609982,19396.957309999972,4231.617141449987,71113.60999999994,333.67999999999984,0,31912.0,14475.0,8862.6,6983.8,3377.7999999999997,9361.0,971.5,30.8,572257444637.5137,36.047107280830346,745.709659662519
7,197106.25999999966,195746.56000000006,45607.28357639978,22670.74051100001,7230.340315649932,73162.24999999994,305.54999999999984,0,31912.0,14475.0,8862.6,6983.8,3377.7999999999997,9361.0,971.5,30.8,549416196894.0545,37.742151003733724,837.8649245508793
