,contributed_CCGT,contributed_Coal,contributed_Onshore,contributed_Offshore,contributed_PV,contributed_Nuclear,contributed_Recip_gas,contributed_Biomass,total_CCGT,total_Coal,total_Onshore,total_Offshore,total_PV,total_Nuclear,total_Recip_gas,Carbon_tax,total_genco_wealth,Electricity_cost,Carbon_emitted
0,392349.77999999776,234722.3,21992.49414860003,28577.974555999986,3154.551064599939,92053.96999999987,13269.59999999999,0,31912.0,14475.0,8862.6,6983.8,3377.7999999999997,9361.0,971.5,30.8,9479185128.75209,75.93451635441299,1360.1517973753969
1,291922.79999999964,221627.26,21980.967483399996,28443.039253999974,3119.249797899977,76969.49999999991,2980.325,0,31912.0,14475.0,8862.6,6983.8,3377.7999999999997,9361.0,971.5,30.8,2434999644.8576827,50.979741945640306,1100.7741646194802
2,378001.24999999825,244415.18999999997,20032.387726699795,28436.789583999987,1656.8521199499328,95431.50999999988,13268.62999999999,0,31912.0,14475.0,8862.6,6983.8,3377.7999999999997,9361.0,971.5,30.8,11052938867.48048,85.8410293139965,1352.6037980556177
3,399390.81999999774,252663.19999999995,20836.75360159993,27284.949810000002,3170.9454308499653,101444.53999999988,13254.07999999999,0,31912.0,14475.0,8862.6,6983.8,3377.7999999999997,9361.0,971.5,30.8,23059823034.580124,91.83248870152589,1416.248021033595
4,194933.2400000004,192419.4899999999,16642.230636000037,20796.549692999997,2975.4112347499813,58345.499999999956,192.05999999999997,0,31912.0,14475.0,8862.6,6983.8,3377.7999999999997,9361.0,971.5,30.8,7410881286.389384,38.70906828009051,825.468824147022
5,393494.13999999786,260696.70999999996,22627.385416200013,29142.845239999966,3122.2863189999775,95841.81999999988,13221.09999999999,0,31912.0,14475.0,8862.6,6983.8,3377.7999999999997,9361.0,971.5,30.8,25469845647.489357,94.17386693690663,1420.288430020576
6,181636.61000000034,208877.7500000001,16634.476553000022,21457.824381999977,3168.7878927499796,60729.75999999996,183.32999999999998,0,31912.0,14475.0,8862.6,6983.8,3377.7999999999997,9361.0,971.5,30.8,1052532709.5037488,35.47565881619177,835.1838717945012
7,225574.75000000026,195076.3899999999,20446.48676980002,25708.96163600001,6183.93646239996,73894.59999999993,148.41000000000003,0,31912.0,14475.0,8862.6,6983.8,3377.7999999999997,9361.0,971.5,30.8,-26915561017.419254,39.085964223612535,901.8286084132224
