,contributed_CCGT,contributed_Coal,contributed_Onshore,contributed_Offshore,contributed_PV,contributed_Nuclear,contributed_Recip_gas,contributed_Biomass,total_CCGT,total_Coal,total_Onshore,total_Offshore,total_PV,total_Nuclear,total_Recip_gas,Carbon_tax,total_genco_wealth,Electricity_cost,Carbon_emitted
0,344865.15999999945,155344.89999999982,59845.16328139999,29145.012554000004,3172.3758079499353,136771.93999999992,12906.335000000001,0,31912.0,14475.0,8862.6,6983.8,3377.7999999999997,9361.0,971.5,30.8,31532380564.190235,125.79405332483002,1102.0228289001977
1,309873.7699999999,122321.10999999987,52122.41910929991,23255.11867549996,3127.1295468499734,104427.28999999994,10724.320000000009,0,31912.0,14475.0,8862.6,6983.8,3377.7999999999997,9361.0,971.5,30.8,35922847225.43151,76.90858873627658,952.7771784317783
2,365396.38999999955,164547.08999999994,55774.013897999765,28113.95780100001,1676.2785400499329,131157.57999999996,13201.215000000002,0,31912.0,14475.0,8862.6,6983.8,3377.7999999999997,9361.0,971.5,30.8,71181339933.60825,123.167903420691,1164.8335805618156
3,378204.79999999853,152653.36999999982,60525.71825929971,31512.673836000016,3199.760716099961,144684.22999999992,13847.719999999974,0,31912.0,14475.0,8862.6,6983.8,3377.7999999999997,9361.0,971.5,30.8,111775152099.00438,133.64378322101584,1165.607434991256
4,210179.6699999999,92466.26999999993,41264.84016979993,19181.06737799997,3069.4887074499757,101576.45999999993,865.2400000000015,0,31912.0,14475.0,8862.6,6983.8,3377.7999999999997,9361.0,971.5,30.8,100439675245.31444,39.375581937121865,656.4413843654612
5,390364.4699999988,173221.6599999999,60648.99228070011,27324.777343999962,3139.1895331499754,138647.91999999998,14216.31999999998,0,31912.0,14475.0,8862.6,6983.8,3377.7999999999997,9361.0,971.5,30.8,160905829358.16473,130.88164398651296,1236.9358642606767
6,228234.9399999999,90890.09999999993,40660.67047059985,17746.078621999975,4323.839599499983,89309.83999999995,805.1000000000012,0,31912.0,14475.0,8862.6,6983.8,3377.7999999999997,9361.0,971.5,30.8,142256725325.3994,38.39150118688695,688.3673950398008
7,255872.01999999987,99160.46999999991,42794.70657399972,21566.334350999994,7074.43720734994,99359.03999999994,7649.9050000000025,0,31912.0,14475.0,8862.6,6983.8,3377.7999999999997,9361.0,971.5,30.8,121583915287.02727,43.52834574240089,778.0015686670599
