,contributed_CCGT,contributed_Coal,contributed_Onshore,contributed_Offshore,contributed_PV,contributed_Nuclear,contributed_Recip_gas,contributed_Biomass,total_CCGT,total_Coal,total_Onshore,total_Offshore,total_PV,total_Nuclear,total_Recip_gas,Carbon_tax,total_genco_wealth,Electricity_cost,Carbon_emitted
0,368993.21999999846,258967.3999999999,23293.520965800042,29579.745223999984,3154.551064599939,76875.40999999997,13233.709999999992,0,31912.0,14475.0,8862.6,6983.8,3377.7999999999997,9361.0,971.5,30.8,38508486186.15359,172.16571309267275,1367.642551525196
1,290473.31999999995,231036.95000000004,23462.917653000044,29595.668287999964,3122.2863189999775,55403.490000000005,5493.5949999999975,0,31912.0,14475.0,8862.6,6983.8,3377.7999999999997,9361.0,971.5,30.8,36116605853.66882,68.13910931549957,1128.3624314460997
2,365318.9199999985,254579.29999999993,21589.88465849999,29224.130127999983,1658.8167474499328,78755.26999999997,13270.56999999999,0,31912.0,14475.0,8862.6,6983.8,3377.7999999999997,9361.0,971.5,30.8,78468979574.96802,180.2467514859475,1351.391120441396
3,392061.0999999981,260441.53999999995,23278.20383160005,29656.706700000013,3188.160174599965,81473.20999999996,13260.86999999999,0,31912.0,14475.0,8862.6,6983.8,3377.7999999999997,9361.0,971.5,30.8,125429989925.9751,188.6041966424666,1418.7390454529154
4,195815.79000000042,193132.55999999985,18341.29343210001,23640.246271999986,3063.410029749978,49478.729999999996,209.51999999999995,0,31912.0,14475.0,8862.6,6983.8,3377.7999999999997,9361.0,971.5,30.8,110848801390.71117,40.1467331548802,829.8111570988816
5,375676.59999999846,273261.66000000015,23464.752699000044,29595.668287999964,3122.2863189999775,82178.39999999997,13269.59999999999,0,31912.0,14475.0,8862.6,6983.8,3377.7999999999997,9361.0,971.5,30.8,194587368831.0803,206.175173705385,1414.103022480676
6,220493.94000000024,183952.39,17879.05595650001,22295.512170999973,3204.280328799981,41266.70999999999,183.32999999999998,0,31912.0,14475.0,8862.6,6983.8,3377.7999999999997,9361.0,971.5,30.8,171289361414.9832,41.88866641525366,865.0094603612204
7,227462.58000000037,219373.34999999998,21418.37645590004,26033.188750999998,7112.643940649937,50691.229999999996,192.05999999999997,0,31912.0,14475.0,8862.6,6983.8,3377.7999999999997,9361.0,971.5,30.8,144614253831.63577,41.95045161630578,956.269022043301
