,contributed_CCGT,contributed_Coal,contributed_Onshore,contributed_Offshore,contributed_PV,contributed_Nuclear,contributed_Recip_gas,contributed_Biomass,total_CCGT,total_Coal,total_Onshore,total_Offshore,total_PV,total_Nuclear,total_Recip_gas,Carbon_tax,total_genco_wealth,Electricity_cost,Carbon_emitted
0,412469.0699999987,169979.7000000002,54854.69274109971,32144.788452500023,3147.0242605999406,81619.67999999995,13368.540000000003,0,31912.0,14475.0,8862.6,6983.8,3377.7999999999997,9361.0,971.5,30.8,28616214873.23407,122.98614650433687,1272.8531058006038
1,351013.21999999945,131407.31999999995,46778.15199119967,34265.180556000036,3098.3526785499785,61005.23999999996,9160.67999999999,0,31912.0,14475.0,8862.6,6983.8,3377.7999999999997,9361.0,971.5,30.8,25898965329.365223,59.906585989471345,1052.1151441933591
2,411132.5799999987,192417.58,51817.61859919963,33442.51900600009,1651.407133799934,74686.11999999994,12944.65,0,31912.0,14475.0,8862.6,6983.8,3377.7999999999997,9361.0,971.5,30.8,54025390998.861946,121.4695907021295,1315.8029949568427
3,415104.1599999987,193337.65999999995,55895.067599099646,32409.30353500002,3162.9874403499634,91474.87999999993,14141.14499999999,0,31912.0,14475.0,8862.6,6983.8,3377.7999999999997,9361.0,971.5,30.8,91347557722.70137,123.97169143242225,1331.8916318786823
4,223653.03000000003,134616.71999999997,36043.017286599956,27038.157806500003,3012.0004493499814,47141.999999999985,989.4000000000008,0,31912.0,14475.0,8862.6,6983.8,3377.7999999999997,9361.0,971.5,30.8,76338538989.2711,35.18527005702882,778.9025623545592
5,440351.2799999988,174576.00000000015,55695.80448579976,35106.23075600004,3109.1803060999796,91569.93999999999,12575.079999999994,0,31912.0,14475.0,8862.6,6983.8,3377.7999999999997,9361.0,971.5,30.8,123730333408.70256,122.95681559955788,1334.5550629280056
6,225962.59000000005,149335.53000000006,35824.36881059986,25545.565525999988,4156.679155049977,41450.03999999999,1047.6000000000008,0,31912.0,14475.0,8862.6,6983.8,3377.7999999999997,9361.0,971.5,30.8,99961844216.22876,34.361571526031355,811.8267983509379
7,287409.1399999997,142267.14,35929.375316699756,26004.69416700001,6963.809671549936,42146.49999999999,1144.6000000000008,0,31912.0,14475.0,8862.6,6983.8,3377.7999999999997,9361.0,971.5,30.8,70919651635.49228,37.2198869114659,923.586781941717
