,contributed_CCGT,contributed_Coal,contributed_Onshore,contributed_Offshore,contributed_PV,contributed_Nuclear,contributed_Recip_gas,contributed_Biomass,total_CCGT,total_Coal,total_Onshore,total_Offshore,total_PV,total_Nuclear,total_Recip_gas,Carbon_tax,total_genco_wealth,Electricity_cost,Carbon_emitted
0,344094.3099999986,253340.99000000002,22039.465292800047,29023.689133999986,3154.551064599939,117788.07000000002,13034.37499999999,0,31912.0,14475.0,8862.6,6983.8,3377.7999999999997,9361.0,971.5,30.8,9202638096.387508,73.23783306379951,1303.214184474019
1,243799.32000000033,244785.32000000004,21901.6240927,28399.456711999967,3119.302005549977,102984.89999999997,2074.830000000001,0,31912.0,14475.0,8862.6,6983.8,3377.7999999999997,9361.0,971.5,30.8,2204295867.704664,48.619335768490934,1051.807185737363
2,357104.3899999984,249862.64999999994,18776.199295299863,25817.63612600001,1650.312203849934,114772.34000000001,13008.184999999992,0,31912.0,14475.0,8862.6,6983.8,3377.7999999999997,9361.0,971.5,30.8,11095484620.710918,85.2664250149943,1321.8099202546985
3,377098.50999999803,252558.12999999998,21915.264998999945,29152.058796000012,3182.9310416499643,121419.75000000001,13269.59999999999,0,31912.0,14475.0,8862.6,6983.8,3377.7999999999997,9361.0,971.5,30.8,24340602414.66808,93.93995055659241,1370.791684345738
4,183775.92000000027,163811.78999999995,17196.029699900002,21799.217958999983,2603.510064849983,93918.3099999999,148.41000000000003,0,31912.0,14475.0,8862.6,6983.8,3377.7999999999997,9361.0,971.5,30.8,9723870107.973812,39.98453825079988,739.8198601624241
5,371831.18999999814,256380.93999999997,22992.288610400024,29595.668287999964,3122.2863189999775,120290.67000000003,13269.59999999999,0,31912.0,14475.0,8862.6,6983.8,3377.7999999999997,9361.0,971.5,30.8,30664093150.651623,97.01814138936324,1366.8281056541184
6,185751.3000000002,168427.55999999994,16946.75955579999,21920.007067499977,4345.429033199979,94005.60999999993,209.51999999999995,0,31912.0,14475.0,8862.6,6983.8,3377.7999999999997,9361.0,971.5,30.8,7967281021.540437,37.497805439885326,753.3765948088841
7,226460.06000000032,180748.1799999999,19768.647908300034,24804.533335500008,7121.308480249932,91680.5199999999,209.51999999999995,0,31912.0,14475.0,8862.6,6983.8,3377.7999999999997,9361.0,971.5,30.8,-21433152395.650272,38.89469526126756,871.8723212356441
