,contributed_CCGT,contributed_Coal,contributed_Onshore,contributed_Offshore,contributed_PV,contributed_Nuclear,contributed_Recip_gas,contributed_Biomass,total_CCGT,total_Coal,total_Onshore,total_Offshore,total_PV,total_Nuclear,total_Recip_gas,Carbon_tax,total_genco_wealth,Electricity_cost,Carbon_emitted
0,340539.919999999,271702.3400000001,51701.83360829963,23912.495783000006,3147.9464445999392,85747.99999999991,12173.984999999993,0,31912.0,14475.0,8862.6,6983.8,3377.7999999999997,9361.0,971.5,30.8,42711146736.74632,155.31090157750364,1325.3091407413162
1,225896.83999999985,279478.89000000025,46499.893833599745,24379.639603499967,3121.7802629499756,73600.68999999993,3170.9299999999967,0,31912.0,14475.0,8862.6,6983.8,3377.7999999999997,9361.0,971.5,30.8,51098565993.82155,79.13181334895383,1090.0065080082165
2,345160.34999999905,269070.78000000026,43785.78849579969,21526.758414,1638.9615054999376,91144.10999999991,12328.214999999986,0,31912.0,14475.0,8862.6,6983.8,3377.7999999999997,9361.0,971.5,30.8,125637182572.18,223.14898229736218,1326.7667228204366
3,364891.0599999993,279433.3200000002,52780.82223599942,25204.837980000004,3193.4539487999627,94116.18999999992,13230.799999999988,0,31912.0,14475.0,8862.6,6983.8,3377.7999999999997,9361.0,971.5,30.8,224309017963.74973,276.7883747049718,1393.003932381357
4,145703.02999999997,220237.33000000022,34944.01333940009,17477.164059999963,2581.6419342999834,68891.33999999994,943.8100000000007,0,31912.0,14475.0,8862.6,6983.8,3377.7999999999997,9361.0,971.5,30.8,207988770371.14545,24.159397555841448,789.1302228873384
5,372627.2499999993,279620.5800000001,51272.24318989976,25251.017358999983,3115.2496513499777,86881.9299999999,13094.999999999985,0,31912.0,14475.0,8862.6,6983.8,3377.7999999999997,9361.0,971.5,30.8,360132440432.79785,270.06193640220886,1409.984825990838
6,148790.7599999999,220116.4100000001,35740.225500999964,19129.81388999997,2922.5881635499795,67046.39999999994,1147.5100000000007,0,31912.0,14475.0,8862.6,6983.8,3377.7999999999997,9361.0,971.5,30.8,336901720541.6533,28.00482126907433,795.542005141179
7,187967.34000000005,238626.2200000003,40045.63466649974,20033.870436499976,7049.04247074994,59969.279999999955,1218.3200000000008,0,31912.0,14475.0,8862.6,6983.8,3377.7999999999997,9361.0,971.5,30.8,310621409544.83374,33.065522079832526,916.5169598555567
