,contributed_CCGT,contributed_Coal,contributed_Onshore,contributed_Offshore,contributed_PV,contributed_Nuclear,contributed_Recip_gas,contributed_Biomass,total_CCGT,total_Coal,total_Onshore,total_Offshore,total_PV,total_Nuclear,total_Recip_gas,Carbon_tax,total_genco_wealth,Electricity_cost,Carbon_emitted
0,330187.4099999998,263069.54,50993.67799819982,24739.13828999999,3166.7167262999365,92151.93999999993,12156.039999999985,0,31912.0,14475.0,8862.6,6983.8,3377.7999999999997,9361.0,971.5,30.8,101978325149.59775,315.0090010701678,1287.404034116917
1,233393.79000000018,243568.8099999999,50123.19172409987,24421.495643999973,3129.617368749975,81410.15999999993,3681.1499999999974,0,31912.0,14475.0,8862.6,6983.8,3377.7999999999997,9361.0,971.5,30.8,114285224708.48647,87.03895775393063,1025.23318049638
2,312478.3399999997,257253.2999999999,52615.4410383997,30440.84956,1671.652831699933,91862.87999999992,12165.739999999987,0,31912.0,14475.0,8862.6,6983.8,3377.7999999999997,9361.0,971.5,30.8,237544849853.60535,338.2944467164579,1239.7246363933984
3,349113.58999999997,271568.83999999997,54782.25341269968,29134.42868000002,3177.4772091499613,92791.16999999991,13474.754999999974,0,31912.0,14475.0,8862.6,6983.8,3377.7999999999997,9361.0,971.5,30.8,376321143060.1576,349.9595831543063,1354.6024616683183
4,168870.43999999983,168133.2899999999,43765.98172630009,20645.40400899997,3085.2578960499764,65456.569999999956,398.66999999999973,0,31912.0,14475.0,8862.6,6983.8,3377.7999999999997,9361.0,971.5,30.8,365050726953.9995,36.00806161873296,718.8357900194209
5,352014.59999999986,258201.39999999994,55406.84893539994,27383.601343999962,3138.9686114499755,104659.11999999994,12403.38999999999,0,31912.0,14475.0,8862.6,6983.8,3377.7999999999997,9361.0,971.5,30.8,602739534241.2037,355.3426300583581,1316.6739621372005
6,150785.09000000008,197638.84,35438.18563029985,18264.42385399997,3147.5359116999766,78284.81999999993,355.9899999999998,0,31912.0,14475.0,8862.6,6983.8,3377.7999999999997,9361.0,971.5,30.8,582921103858.5936,33.0174194949281,747.8745143783194
7,210028.19999999984,189369.21,41702.10229879981,21236.041124999992,7001.414918649942,69563.54999999994,974.8500000000012,0,31912.0,14475.0,8862.6,6983.8,3377.7999999999997,9361.0,971.5,30.8,561725033333.1202,38.475655807310524,851.3191550755795
