,contributed_CCGT,contributed_Coal,contributed_Onshore,contributed_Offshore,contributed_PV,contributed_Nuclear,contributed_Recip_gas,contributed_Biomass,total_CCGT,total_Coal,total_Onshore,total_Offshore,total_PV,total_Nuclear,total_Recip_gas,Carbon_tax,total_genco_wealth,Electricity_cost,Carbon_emitted
0,366959.43999999855,260262.99999999994,23284.86691680004,29579.745223999984,3154.551064599939,76580.52999999997,13251.169999999991,0,31912.0,14475.0,8862.6,6983.8,3377.7999999999997,9361.0,971.5,30.8,38393287056.922745,170.65976871469786,1366.4876308539965
1,263968.9200000001,257530.5199999999,23452.794315900042,29595.668287999964,3122.130233349978,56547.12,4057.51,0,31912.0,14475.0,8862.6,6983.8,3377.7999999999997,9361.0,971.5,30.8,35444734835.49397,64.22403219804322,1128.0828563269583
2,372272.4199999985,253013.95999999996,21601.84304159999,29224.130127999983,1658.8167474499328,72315.43999999999,13269.59999999999,0,31912.0,14475.0,8862.6,6983.8,3377.7999999999997,9361.0,971.5,30.8,75020140432.62503,173.30514911206265,1361.1348997960763
3,382159.7999999982,264215.37,22992.65864600004,29656.706700000013,3187.0623114999644,85676.21999999997,13269.59999999999,0,31912.0,14475.0,8862.6,6983.8,3377.7999999999997,9361.0,971.5,30.8,123200624107.13307,187.4255706563598,1407.078045067255
4,181018.32000000033,199792.21999999994,17642.944318300015,22502.06810599998,2603.510064849983,56547.12,183.32999999999998,0,31912.0,14475.0,8862.6,6983.8,3377.7999999999997,9361.0,971.5,30.8,109109353994.03494,39.933253228360535,814.5794793035626
5,384809.3999999982,268305.2000000001,23464.752699000044,29595.668287999964,3122.2863189999775,77465.16999999997,13271.53999999999,0,31912.0,14475.0,8862.6,6983.8,3377.7999999999997,9361.0,971.5,30.8,193778356417.40427,208.1700585319705,1421.5867097495975
6,199933.59000000014,190415.21999999974,17617.74714240002,22105.193597999976,2956.44489299998,51697.12,157.14000000000001,0,31912.0,14475.0,8862.6,6983.8,3377.7999999999997,9361.0,971.5,30.8,173172764308.77927,40.649474973170335,839.3938500975617
7,238847.58000000016,196223.98000000016,22140.266761600033,27097.837601000003,7147.311700799931,51834.86,1200.86,0,31912.0,14475.0,8862.6,6983.8,3377.7999999999997,9361.0,971.5,30.8,148166989703.41507,43.62614030181553,935.3179962040414
