,contributed_CCGT,contributed_Coal,contributed_Onshore,contributed_Offshore,contributed_PV,contributed_Nuclear,contributed_Recip_gas,contributed_Biomass,total_CCGT,total_Coal,total_Onshore,total_Offshore,total_PV,total_Nuclear,total_Recip_gas,Carbon_tax,total_genco_wealth,Electricity_cost,Carbon_emitted
0,368742.2199999985,152448.33000000013,61694.76342329978,35270.556962000104,3156.384064249938,98765.39999999995,13284.63499999999,0,31912.0,14475.0,8862.6,6983.8,3377.7999999999997,9361.0,971.5,30.8,31944697033.546944,123.58853879023326,1142.434889195339
1,293508.48000000004,123061.41999999998,59034.540615499856,36350.17947100006,3119.338406599976,61630.88999999998,7006.794999999992,0,31912.0,14475.0,8862.6,6983.8,3377.7999999999997,9361.0,971.5,30.8,35650995454.413376,68.08857062274973,906.4778108751576
2,371957.87999999855,154349.75000000012,62779.59232399964,32785.391398000036,1668.8992219499314,90362.28999999994,12998.969999999992,0,31912.0,14475.0,8862.6,6983.8,3377.7999999999997,9361.0,971.5,30.8,69136710581.14052,123.33817385609854,1154.9885238304994
3,378372.1299999989,172740.3200000001,66567.1840614992,36025.41060900012,3177.709089699964,100419.24999999996,14679.979999999961,0,31912.0,14475.0,8862.6,6983.8,3377.7999999999997,9361.0,971.5,30.8,107502069765.3611,126.89062726343406,1208.9142027473576
4,196967.10000000006,106610.68000000004,43093.234530599926,27318.339498000012,2598.073489549982,46595.89,373.44999999999976,0,31912.0,14475.0,8862.6,6983.8,3377.7999999999997,9361.0,971.5,30.8,95713144809.86363,35.71649880376946,658.6242043106407
5,384882.9199999987,167460.68,64034.77585479986,36233.34832850007,3118.165183699979,93744.67999999993,13871.969999999965,0,31912.0,14475.0,8862.6,6983.8,3377.7999999999997,9361.0,971.5,30.8,156125403471.32288,126.67519167783213,1212.2542480106385
6,222743.46999999968,94516.71999999997,45397.87473839972,27828.17486399999,4223.3709652999805,45312.57999999999,409.3399999999997,0,31912.0,14475.0,8862.6,6983.8,3377.7999999999997,9361.0,971.5,30.8,139046267345.56052,38.25864541766392,684.41433139456
7,242546.4500000001,120855.36,47429.01621969966,28229.074805500008,7037.297521349934,50712.56999999999,3350.3799999999924,0,31912.0,14475.0,8862.6,6983.8,3377.7999999999997,9361.0,971.5,30.8,117111878580.98598,39.48188251966251,790.6325599732777
