,contributed_CCGT,contributed_Coal,contributed_Onshore,contributed_Offshore,contributed_PV,contributed_Nuclear,contributed_Recip_gas,contributed_Biomass,total_CCGT,total_Coal,total_Onshore,total_Offshore,total_PV,total_Nuclear,total_Recip_gas,Carbon_tax,total_genco_wealth,Electricity_cost,Carbon_emitted
0,309199.5,264202.05,57493.549504399954,30672.406226999992,3171.0221818499363,88302.00999999991,12326.760000000002,0,31912.0,14475.0,8862.6,6983.8,3377.7999999999997,9361.0,971.5,30.8,111715461695.4403,352.5412862771882,1247.7194286458969
1,234078.84999999992,247745.8499999999,52617.03886120005,25828.592573499973,3133.9738249999737,77555.37999999993,6401.029999999994,0,31912.0,14475.0,8862.6,6983.8,3377.7999999999997,9361.0,971.5,30.8,126014278311.49911,110.66034154456139,1041.560266758299
2,303172.24999999994,245415.3699999998,54619.356385099716,28308.370444000004,1670.7877881499348,112406.50999999998,12002.779999999997,0,31912.0,14475.0,8862.6,6983.8,3377.7999999999997,9361.0,971.5,30.8,245001390903.03226,350.78599168594957,1190.5429515672581
3,335244.1299999994,259875.68999999994,59863.68553809962,32117.002275000017,3199.3229469499606,117555.27000000002,13415.099999999977,0,31912.0,14475.0,8862.6,6983.8,3377.7999999999997,9361.0,971.5,30.8,386126728679.3766,356.78194077004883,1288.419686694621
4,157563.34000000008,189490.87999999998,39549.58178809992,19060.234502999974,3055.4116066499782,65009.39999999995,193.99999999999994,0,31912.0,14475.0,8862.6,6983.8,3377.7999999999997,9361.0,971.5,30.8,373089238989.54095,37.72477783373935,743.171390210241
5,358211.6299999995,245780.42999999985,61683.727054299845,27459.837247999963,3144.250640449974,99609.29999999993,12240.430000000004,0,31912.0,14475.0,8862.6,6983.8,3377.7999999999997,9361.0,971.5,30.8,573638873434.7053,355.83376691648476,1301.20699662114
6,169632.88999999972,180770.27999999985,39474.05350439976,19494.053237999968,3923.151967449966,68099.81999999995,145.5,0,31912.0,14475.0,8862.6,6983.8,3377.7999999999997,9361.0,971.5,30.8,553638768959.2079,38.32948548895367,748.4454600714399
7,203259.38999999964,188402.19999999992,48245.96066659988,22705.48169750001,7252.809290349935,68986.39999999995,1144.6000000000008,0,31912.0,14475.0,8862.6,6983.8,3377.7999999999997,9361.0,971.5,30.8,529246031348.94165,40.86252252800622,835.8124887756005
