,contributed_CCGT,contributed_Coal,contributed_Onshore,contributed_Offshore,contributed_PV,contributed_Nuclear,contributed_Recip_gas,contributed_Biomass,total_CCGT,total_Coal,total_Onshore,total_Offshore,total_PV,total_Nuclear,total_Recip_gas,Carbon_tax,total_genco_wealth,Electricity_cost,Carbon_emitted
0,315847.9699999998,255310.87999999992,58890.38330889989,26644.664743999983,3175.4988350999356,91852.20999999992,13319.069999999998,0,31912.0,14475.0,8862.6,6983.8,3377.7999999999997,9361.0,971.5,30.8,107376299630.53864,354.6194641399902,1239.8460930902365
1,243225.49,246871.73999999985,53673.743523700155,26189.27806399997,3136.6200772499747,55558.68999999998,8914.784999999987,0,31912.0,14475.0,8862.6,6983.8,3377.7999999999997,9361.0,971.5,30.8,127565782136.34344,134.00924024350778,1063.280381302517
2,328728.39999999956,263881.6,55384.35320949984,26320.52334200002,1664.1764302999352,83335.60999999991,13209.46,0,31912.0,14475.0,8862.6,6983.8,3377.7999999999997,9361.0,971.5,30.8,236876390501.72012,347.84826328510417,1289.6213851567986
3,365565.379999999,257515.84999999983,59464.89422989968,25024.478276000005,3173.6777768999605,89809.3899999999,14433.599999999979,0,31912.0,14475.0,8862.6,6983.8,3377.7999999999997,9361.0,971.5,30.8,379283242542.2383,356.7914447705686,1347.9550969382967
4,159371.4700000001,204800.05999999997,42257.546443900064,19060.234502999974,2767.1790162499765,46647.29999999998,1115.500000000001,0,31912.0,14475.0,8862.6,6983.8,3377.7999999999997,9361.0,971.5,30.8,365818018921.7925,36.92384197567531,782.8734127438796
5,343640.5899999999,269446.9599999999,61652.53106859985,27798.72015199996,3141.6422287999744,79636.99999999993,13702.704999999989,0,31912.0,14475.0,8862.6,6983.8,3377.7999999999997,9361.0,971.5,30.8,602264593593.4745,358.3502026056431,1338.038791380076
6,159144.36,209847.16999999993,40961.59541359989,19396.957309999972,3952.327541649967,49144.07999999999,1222.200000000001,0,31912.0,14475.0,8862.6,6983.8,3377.7999999999997,9361.0,971.5,30.8,581758674213.0591,37.96104630755476,794.1271400036594
7,193981.38999999955,224104.09999999986,46469.00396049989,22179.161472,7093.287056249936,41929.21999999998,4484.309999999997,0,31912.0,14475.0,8862.6,6983.8,3377.7999999999997,9361.0,971.5,30.8,556926477134.8191,41.00709923713098,903.4701180117987
