,contributed_CCGT,contributed_Coal,contributed_Onshore,contributed_Offshore,contributed_PV,contributed_Nuclear,contributed_Recip_gas,contributed_Biomass,total_CCGT,total_Coal,total_Onshore,total_Offshore,total_PV,total_Nuclear,total_Recip_gas,Carbon_tax,total_genco_wealth,Electricity_cost,Carbon_emitted
0,347242.9399999996,250899.11999999985,50510.92754459995,28464.46587400001,3166.6813088999365,85564.66999999993,12239.459999999985,0,31912.0,14475.0,8862.6,6983.8,3377.7999999999997,9361.0,971.5,30.8,96180882886.65056,326.0075610421225,1292.6761317697608
1,251887.56000000006,237217.68999999983,48700.529962399996,23361.084274999965,3102.774282499974,71381.32999999994,3758.749999999998,0,31912.0,14475.0,8862.6,6983.8,3377.7999999999997,9361.0,971.5,30.8,104127492834.46638,84.18032760621305,1048.85560449062
2,328878.6499999996,235564.3899999998,56968.7161924998,25309.171210000015,1663.0722601499351,105503.98999999998,12224.909999999989,0,31912.0,14475.0,8862.6,6983.8,3377.7999999999997,9361.0,971.5,30.8,235907320653.20035,352.1764536181078,1221.1019910372167
3,344934.00999999925,251687.11999999994,57543.63797639974,28588.320048000005,3202.427272199961,117733.74999999999,12320.939999999986,0,31912.0,14475.0,8862.6,6983.8,3377.7999999999997,9361.0,971.5,30.8,386399657559.60913,354.34780244784565,1304.1374795737615
4,150006.2300000001,188242.49999999983,40037.48902359995,19060.234502999974,2618.28624164998,76692.07999999994,329.79999999999984,0,31912.0,14475.0,8862.6,6983.8,3377.7999999999997,9361.0,971.5,30.8,373767728112.43774,35.67129764298271,725.2260789150008
5,345109.80000000005,252644.9499999999,58866.993213899994,28066.433821499966,3139.3344051499753,115030.35999999996,12541.129999999986,0,31912.0,14475.0,8862.6,6983.8,3377.7999999999997,9361.0,971.5,30.8,584701876895.9532,352.22717468520733,1294.0825589200972
6,155525.32000000018,195384.40999999995,40818.35933539978,19529.781730999966,3123.252886699975,68487.81999999996,226.00999999999993,0,31912.0,14475.0,8862.6,6983.8,3377.7999999999997,9361.0,971.5,30.8,564498064882.3501,35.712253069362404,752.1555816051807
7,190709.25999999972,212774.54999999993,43508.07979469988,21858.4161925,6018.625162649971,65000.66999999995,332.7099999999998,0,31912.0,14475.0,8862.6,6983.8,3377.7999999999997,9361.0,971.5,30.8,540437499871.2395,38.53552936412569,863.0720012209006
