,contributed_CCGT,contributed_Coal,contributed_Onshore,contributed_Offshore,contributed_PV,contributed_Nuclear,contributed_Recip_gas,contributed_Biomass,total_CCGT,total_Coal,total_Onshore,total_Offshore,total_PV,total_Nuclear,total_Recip_gas,Carbon_tax,total_genco_wealth,Electricity_cost,Carbon_emitted
0,362526.369999998,198287.80999999997,46632.62986549961,34252.85363600007,3135.583578099942,122901.91,12978.599999999999,0,31912.0,14475.0,8862.6,6983.8,3377.7999999999997,9361.0,971.5,30.8,16430330884.258657,94.89347879894324,1233.7972969583786
1,281569.8899999998,169153.0499999998,39644.347839299786,31745.813533999994,3096.501794099979,108971.73999999999,2729.5799999999963,0,31912.0,14475.0,8862.6,6983.8,3377.7999999999997,9361.0,971.5,30.8,10640006714.675087,46.51762056316329,978.3937402838977
2,354817.53999999806,219359.27999999988,45942.99203069941,32172.135307000037,1641.3974653999344,116947.08,12916.519999999997,0,31912.0,14475.0,8862.6,6983.8,3377.7999999999997,9361.0,971.5,30.8,28201743812.48281,103.88933062246144,1256.7709656734362
3,376977.0799999982,225285.1399999999,47727.63220379944,31697.941926000018,3141.0936592499656,124395.70999999998,12828.25,0,31912.0,14475.0,8862.6,6983.8,3377.7999999999997,9361.0,971.5,30.8,54277002525.220726,118.03201766594906,1323.116025605718
4,161325.27999999968,169180.51999999987,32578.928697099975,23646.568613000003,2581.8127366499843,88288.42999999993,843.9000000000008,0,31912.0,14475.0,8862.6,6983.8,3377.7999999999997,9361.0,971.5,30.8,36061079916.08635,23.339322603066307,725.6158693669596
5,385877.9499999982,218763.13000000006,45959.94979379965,31400.997088000004,3078.2063798499803,121674.85999999997,12784.600000000002,0,31912.0,14475.0,8862.6,6983.8,3377.7999999999997,9361.0,971.5,30.8,77138535696.86572,114.75035762364878,1326.4485627757385
6,167187.3799999997,169811.63999999987,31174.379250699956,24302.600915999985,2656.092989049976,92590.37999999996,921.5000000000007,0,31912.0,14475.0,8862.6,6983.8,3377.7999999999997,9361.0,971.5,30.8,50636868623.40464,26.721347680725014,737.9002802727197
7,225585.14999999985,163266.8199999998,35088.842089699756,29018.29889700001,6939.096378949941,84352.16999999994,1037.9000000000008,0,31912.0,14475.0,8862.6,6983.8,3377.7999999999997,9361.0,971.5,30.8,20316070977.47653,33.23129566633954,844.4428671143585
