,contributed_CCGT,contributed_Coal,contributed_Onshore,contributed_Offshore,contributed_PV,contributed_Nuclear,contributed_Recip_gas,contributed_Biomass,total_CCGT,total_Coal,total_Onshore,total_Offshore,total_PV,total_Nuclear,total_Recip_gas,Carbon_tax,total_genco_wealth,Electricity_cost,Carbon_emitted
0,291063.23999999976,240890.75999999998,52167.850776199906,30762.572870000018,3116.0906651499404,137104.65000000002,11677.829999999996,0,31912.0,14475.0,8862.6,6983.8,3377.7999999999997,9361.0,971.5,30.8,13040007431.760818,75.29405492637666,1152.7484677024775
1,192677.07999999943,233424.39999999997,50012.636856800076,30341.087032499992,3108.1773117499765,120775.67000000006,2493.870000000001,0,31912.0,14475.0,8862.6,6983.8,3377.7999999999997,9361.0,971.5,30.8,6960361721.722597,43.59944756399286,917.2486065311994
2,294719.42999999964,245079.39000000007,53116.20493519981,28951.041019000015,1648.7877262499362,134568.09999999998,12031.879999999997,0,31912.0,14475.0,8862.6,6983.8,3377.7999999999997,9361.0,971.5,30.8,18596722530.017704,81.23581667415549,1174.9615955072177
3,323645.30999999895,241256.62000000005,52487.12030099981,28879.021465500016,3164.638235249963,145450.53000000003,12091.049999999997,0,31912.0,14475.0,8862.6,6983.8,3377.7999999999997,9361.0,971.5,30.8,39007110459.08461,90.95690377449326,1224.1840850347594
4,103039.77000000014,182628.89999999997,36695.20804829997,25479.8829465,2691.4460700999825,119400.21000000002,164.89999999999998,0,31912.0,14475.0,8862.6,6983.8,3377.7999999999997,9361.0,971.5,30.8,21090077909.95315,21.845846372383935,617.0232423022015
5,314481.04999999894,243539.17000000007,54763.459992500124,34327.40812100002,3116.2670562499766,146479.7,11690.44,0,31912.0,14475.0,8862.6,6983.8,3377.7999999999997,9361.0,971.5,30.8,43633843831.30942,88.63523452958589,1207.4505467596593
6,128894.64999999986,183272.25999999998,35867.78677689984,24312.426562999983,3168.8721379999783,107636.05000000002,164.89999999999998,0,31912.0,14475.0,8862.6,6983.8,3377.7999999999997,9361.0,971.5,30.8,18376545496.07133,26.449948398602483,670.9442409194812
7,134343.72999999986,206942.1599999999,38477.144152399815,26462.948918500006,5698.533148249975,125466.59000000003,174.59999999999997,0,31912.0,14475.0,8862.6,6983.8,3377.7999999999997,9361.0,971.5,30.8,-11372787138.405518,30.75814750036679,734.842531839681
