,contributed_CCGT,contributed_Coal,contributed_Onshore,contributed_Offshore,contributed_PV,contributed_Nuclear,contributed_Recip_gas,contributed_Biomass,total_CCGT,total_Coal,total_Onshore,total_Offshore,total_PV,total_Nuclear,total_Recip_gas,Carbon_tax,total_genco_wealth,Electricity_cost,Carbon_emitted
0,357889.1399999986,257664.68999999997,22922.60895140003,29579.745223999984,3154.551064599939,95296.67999999996,13269.59999999999,0,31912.0,14475.0,8862.6,6983.8,3377.7999999999997,9361.0,971.5,30.8,31184952562.901814,145.1162289885627,1342.314471016616
1,257027.5200000002,243180.97999999992,23450.16195900004,29595.668287999964,3121.4257733499776,81549.83999999997,3527.89,0,31912.0,14475.0,8862.6,6983.8,3377.7999999999997,9361.0,971.5,30.8,25239912122.570404,54.897451984802444,1080.020190870039
2,360634.17999999865,249722.54999999993,21193.89638839991,28947.892623999986,1658.4248169499328,97265.77999999996,13259.89999999999,0,31912.0,14475.0,8862.6,6983.8,3377.7999999999997,9361.0,971.5,30.8,64311793226.231026,167.8037887904446,1330.0979262248966
3,370627.7199999986,264962.71,23278.20383160005,29656.706700000013,3188.160174599965,104550.47999999994,13269.59999999999,0,31912.0,14475.0,8862.6,6983.8,3377.7999999999997,9361.0,971.5,30.8,101968353780.63377,158.33171219883374,1385.3355356485758
4,168559.02000000034,198317.05000000005,17190.741259899994,21743.910440999985,2661.428726299983,75487.33999999997,183.32999999999998,0,31912.0,14475.0,8862.6,6983.8,3377.7999999999997,9361.0,971.5,30.8,87878993415.84875,39.76586533574787,785.0712392359018
5,372034.7199999985,261302.89999999988,23464.752699000044,29595.668287999964,3122.2863189999775,102154.57999999994,13268.62999999999,0,31912.0,14475.0,8862.6,6983.8,3377.7999999999997,9361.0,971.5,30.8,146145928296.9201,160.19654941130287,1379.0991141541965
6,182518.50000000012,187742.06,17939.175382800007,22928.596483999972,4211.639323299979,70347.30999999998,174.6,0,31912.0,14475.0,8862.6,6983.8,3377.7999999999997,9361.0,971.5,30.8,123805376207.22507,40.09652170264021,794.4150985998817
7,207697.8000000004,222445.97999999998,19065.020558900014,23569.7349255,5968.038088849973,73748.12999999998,174.6,0,31912.0,14475.0,8862.6,6983.8,3377.7999999999997,9361.0,971.5,30.8,95886298904.34361,38.75249186128147,919.2706565600412
