,contributed_CCGT,contributed_Coal,contributed_Onshore,contributed_Offshore,contributed_PV,contributed_Nuclear,contributed_Recip_gas,contributed_Biomass,total_CCGT,total_Coal,total_Onshore,total_Offshore,total_PV,total_Nuclear,total_Recip_gas,Carbon_tax,total_genco_wealth,Electricity_cost,Carbon_emitted
0,396386.63999999774,237104.25999999992,23300.55530880004,29579.745223999984,3154.551064599939,70045.64,13066.87,0,31912.0,14475.0,8862.6,6983.8,3377.7999999999997,9361.0,971.5,30.8,37536354332.30095,173.24538107641774,1375.051311735475
1,334437.4199999986,194652.4799999996,23457.71835600004,29595.668287999964,3122.2700208999777,51536.100000000006,4079.8199999999997,0,31912.0,14475.0,8862.6,6983.8,3377.7999999999997,9361.0,971.5,30.8,36973883501.84247,75.2180639959358,1129.0249285670407
2,415272.7999999977,208486.98999999985,21528.54314859996,29224.130127999983,1658.8167474499328,75603.73999999999,13088.210000000001,0,31912.0,14475.0,8862.6,6983.8,3377.7999999999997,9361.0,971.5,30.8,82042514500.28822,191.52592553646505,1349.577017692016
3,425106.1399999978,219747.13999999984,23278.20383160005,29656.706700000013,3188.032516099965,88104.12999999996,13776.909999999998,0,31912.0,14475.0,8862.6,6983.8,3377.7999999999997,9361.0,971.5,30.8,142365264616.83807,224.1150715242666,1396.0626350817158
4,239877.1800000003,155114.26999999996,17550.215519300007,22321.34345949998,3024.2444019499812,46356.3,0.0,0,31912.0,14475.0,8862.6,6983.8,3377.7999999999997,9361.0,971.5,30.8,128351576274.9289,42.4456934272093,836.7690259694623
5,417691.1799999978,232277.45999999993,23464.752699000044,29595.668287999964,3122.2863189999775,81432.46999999997,13230.8,0,31912.0,14475.0,8862.6,6983.8,3377.7999999999997,9361.0,971.5,30.8,217245985304.22504,217.81923565152715,1407.8617939690764
6,228834.4000000003,177656.9799999997,17417.10821989998,21913.36228299998,4201.8773782999815,37160.7,0.0,0,31912.0,14475.0,8862.6,6983.8,3377.7999999999997,9361.0,971.5,30.8,194640767928.3053,40.69802550211191,865.6725296180427
7,253718.07000000015,185866.86999999982,23480.48094830006,28762.526999500005,7322.127469599927,44765.5,0.0,0,31912.0,14475.0,8862.6,6983.8,3377.7999999999997,9361.0,971.5,30.8,167515259718.09842,42.305003015533316,938.1081712042624
