,contributed_CCGT,contributed_Coal,contributed_Onshore,contributed_Offshore,contributed_PV,contributed_Nuclear,contributed_Recip_gas,contributed_Biomass,total_CCGT,total_Coal,total_Onshore,total_Offshore,total_PV,total_Nuclear,total_Recip_gas,Carbon_tax,total_genco_wealth,Electricity_cost,Carbon_emitted
0,352166.6399999991,258919.21,23300.55530880004,29579.745223999984,3154.551064599939,97567.44999999995,13269.59999999999,0,31912.0,14475.0,8862.6,6983.8,3377.7999999999997,9361.0,971.5,30.8,31021344624.76664,146.31476613400875,1333.4971294355773
1,289089.18,212432.5599999999,23464.752699000044,29595.668287999964,3122.2863189999775,81549.83999999997,4066.2400000000002,0,31912.0,14475.0,8862.6,6983.8,3377.7999999999997,9361.0,971.5,30.8,25798298856.409023,58.790269428242276,1080.2171282788809
2,365750.17999999865,251477.41000000003,21297.350157299923,29224.130127999983,1658.4038025499326,85876.03999999998,13261.839999999991,0,31912.0,14475.0,8862.6,6983.8,3377.7999999999997,9361.0,971.5,30.8,65501880492.25751,170.53716175262244,1345.3273051991766
3,377269.25999999844,259111.97,23242.44003830005,29656.706700000013,3187.892091749965,102957.73999999995,13395.69999999999,0,31912.0,14475.0,8862.6,6983.8,3377.7999999999997,9361.0,971.5,30.8,102402222215.85242,157.07104054171643,1386.018515314056
4,171811.23000000016,198901.17000000013,18795.192855600017,24789.44420999998,3054.1135059499793,63485.52999999998,148.41000000000003,0,31912.0,14475.0,8862.6,6983.8,3377.7999999999997,9361.0,971.5,30.8,86378270659.66681,40.79722258523706,792.9057421356629
5,371548.5799999985,262446.55999999994,23464.752699000044,29595.668287999964,3122.2863189999775,103342.82999999994,13385.02999999999,0,31912.0,14475.0,8862.6,6983.8,3377.7999999999997,9361.0,971.5,30.8,142288148389.13486,157.94259866803284,1381.8246722708761
6,183424.89000000028,195551.37000000005,16441.660341000028,20804.560111999974,2918.1839987999806,74721.03999999998,192.05999999999997,0,31912.0,14475.0,8862.6,6983.8,3377.7999999999997,9361.0,971.5,30.8,119428285383.85399,38.09465182254824,810.0195140952628
7,214437.3900000003,199518.94999999992,22413.28986800001,27142.2598575,7167.298305599928,71901.24999999999,209.51999999999995,0,31912.0,14475.0,8862.6,6983.8,3377.7999999999997,9361.0,971.5,30.8,92963510957.4218,41.78534188639218,890.1811100921019
