,contributed_CCGT,contributed_Coal,contributed_Onshore,contributed_Offshore,contributed_PV,contributed_Nuclear,contributed_Recip_gas,contributed_Biomass,total_CCGT,total_Coal,total_Onshore,total_Offshore,total_PV,total_Nuclear,total_Recip_gas,Carbon_tax,total_genco_wealth,Electricity_cost,Carbon_emitted
0,328157.6100000001,264146.67999999993,54885.98041119984,26038.12137199999,3160.0753765499376,83154.21999999993,12172.529999999992,0,31912.0,14475.0,8862.6,6983.8,3377.7999999999997,9361.0,971.5,30.8,94968145813.49162,312.99699919996885,1283.3104131786374
1,230051.52000000016,254282.5499999999,51211.661839899985,25696.769107999975,3136.157072899974,73243.72999999995,3707.3399999999974,0,31912.0,14475.0,8862.6,6983.8,3377.7999999999997,9361.0,971.5,30.8,106786188633.77138,86.9129736751463,1042.4553657849012
2,342360.1299999993,234122.26999999987,57038.42763839972,26696.74807599998,1675.1030492999319,99709.20999999992,11964.949999999988,0,31912.0,14475.0,8862.6,6983.8,3377.7999999999997,9361.0,971.5,30.8,224487175205.3023,328.78893409904396,1245.9051929534594
3,334782.32999999914,273882.30000000005,54183.572148099745,24242.798336999997,3140.7994126999643,107598.21999999997,12280.199999999988,0,31912.0,14475.0,8862.6,6983.8,3377.7999999999997,9361.0,971.5,30.8,364610054718.8587,350.49263772234616,1325.8843872353982
4,135477.94999999998,215496.57,39801.791245600056,19060.234502999974,2614.3528336499803,69658.60999999996,310.39999999999986,0,31912.0,14475.0,8862.6,6983.8,3377.7999999999997,9361.0,971.5,30.8,352476433867.9095,32.954539850847176,756.5089658048595
5,331679.2199999997,265164.29,57858.13052279981,27093.080209999964,3139.9398136499753,116358.28999999996,12127.909999999987,0,31912.0,14475.0,8862.6,6983.8,3377.7999999999997,9361.0,971.5,30.8,578311175095.6082,343.4770828503629,1293.915275157421
6,147556.41000000006,200346.4700000001,39510.90714119987,20443.147469999974,3184.453162249977,70873.04999999994,277.4199999999999,0,31912.0,14475.0,8862.6,6983.8,3377.7999999999997,9361.0,971.5,30.8,559903273661.3617,34.84823661622376,747.1553873650599
7,180979.31999999972,225448.3499999999,39047.154040599766,18973.40636499997,5154.634459849984,73721.93999999994,340.4699999999998,0,31912.0,14475.0,8862.6,6983.8,3377.7999999999997,9361.0,971.5,30.8,537748673121.2029,36.42355736157547,871.2385903532999
