,contributed_CCGT,contributed_Coal,contributed_Onshore,contributed_Offshore,contributed_PV,contributed_Nuclear,contributed_Recip_gas,contributed_Biomass,total_CCGT,total_Coal,total_Onshore,total_Offshore,total_PV,total_Nuclear,total_Recip_gas,Carbon_tax,total_genco_wealth,Electricity_cost,Carbon_emitted
0,384712.9899999984,209719.6999999997,23300.55530880004,29579.745223999984,3154.551064599939,102171.06999999996,14081.974999999997,0,31912.0,14475.0,8862.6,6983.8,3377.7999999999997,9361.0,971.5,30.8,19142635351.15182,96.90190253337914,1291.320522650598
1,343792.56999999937,153955.05999999994,23464.752699000044,29595.668287999964,3122.2863189999775,67150.18999999997,10146.685000000005,0,31912.0,14475.0,8862.6,6983.8,3377.7999999999997,9361.0,971.5,30.8,24445769944.49615,70.63502662139602,1073.3729858238803
2,396254.1199999982,205175.28999999978,21601.84304159999,29224.130127999983,1658.9456695999324,102737.54999999997,15753.76999999998,0,31912.0,14475.0,8862.6,6983.8,3377.7999999999997,9361.0,971.5,30.8,43074066199.80127,104.32298252633882,1308.0023730154173
3,428153.6199999976,184326.7999999999,23278.20383160005,29656.706700000013,3188.160174599965,122288.86999999995,15022.389999999981,0,31912.0,14475.0,8862.6,6983.8,3377.7999999999997,9361.0,971.5,30.8,65178450081.8965,111.01234587758194,1323.5709177263968
4,234615.4700000004,123532.93000000005,23064.050413200028,29595.668287999968,3121.039424799978,45489.11999999999,4781.614999999997,0,31912.0,14475.0,8862.6,6983.8,3377.7999999999997,9361.0,971.5,30.8,61600211039.10984,54.464325018596924,771.7870406861393
5,410861.399999998,199467.53999999966,23464.752699000044,29595.668287999964,3122.2863189999775,118113.01999999999,14989.409999999982,0,31912.0,14475.0,8862.6,6983.8,3377.7999999999997,9361.0,971.5,30.8,88506736265.5971,99.55912302151101,1324.501489000917
6,238360.00000000038,108347.9600000001,25703.597011400016,32331.51805499999,4473.361297499983,56399.67999999997,8097.074999999993,0,31912.0,14475.0,8862.6,6983.8,3377.7999999999997,9361.0,971.5,30.8,80325965149.03683,51.2252276595234,752.1878990180794
7,245749.26000000027,136911.03,34221.978581299925,38306.24775700007,7426.631961399934,59752.969999999965,11036.175000000005,0,31912.0,14475.0,8862.6,6983.8,3377.7999999999997,9361.0,971.5,30.8,76376686716.06863,57.64019741362892,836.8428374099377
