,contributed_CCGT,contributed_Coal,contributed_Onshore,contributed_Offshore,contributed_PV,contributed_Nuclear,contributed_Recip_gas,contributed_Biomass,total_CCGT,total_Coal,total_Onshore,total_Offshore,total_PV,total_Nuclear,total_Recip_gas,Carbon_tax,total_genco_wealth,Electricity_cost,Carbon_emitted
0,320501.24999999965,243432.1399999999,57014.8832746,27445.06330399998,3172.215694049936,102387.37999999995,12153.129999999986,0,31912.0,14475.0,8862.6,6983.8,3377.7999999999997,9361.0,971.5,30.8,96239371877.12527,317.7609942637741,1220.324777251718
1,246106.0,235138.62999999998,51113.87319110009,27948.717247999964,3135.836330799975,74507.63999999996,3720.9199999999973,0,31912.0,14475.0,8862.6,6983.8,3377.7999999999997,9361.0,971.5,30.8,107423897844.09991,86.12960653975313,1034.7659524647404
2,331015.59999999986,257014.34999999992,53654.24411809975,22757.030968000014,1664.2460700999347,91058.74999999993,12097.839999999991,0,31912.0,14475.0,8862.6,6983.8,3377.7999999999997,9361.0,971.5,30.8,230766161789.72577,334.9986520926932,1276.6370349613007
3,340052.04999999923,256182.46999999994,53539.25727229983,27886.256976000004,3201.1368117999614,115725.84999999999,12143.42999999999,0,31912.0,14475.0,8862.6,6983.8,3377.7999999999997,9361.0,971.5,30.8,372683864248.67615,349.89766846885306,1294.4459904730622
4,154988.19000000003,182482.93000000005,41588.85212160005,19899.723358999967,3087.203279249976,69167.78999999995,379.26999999999975,0,31912.0,14475.0,8862.6,6983.8,3377.7999999999997,9361.0,971.5,30.8,361332889685.9298,35.624269554681725,722.6351985161409
5,350954.21999999974,255087.85999999987,58902.82458710003,26855.12652799996,3138.5614549499755,94575.96999999993,12303.479999999987,0,31912.0,14475.0,8862.6,6983.8,3377.7999999999997,9361.0,971.5,30.8,584554416580.736,352.7787030971878,1312.0968665082812
6,164180.76999999987,186223.22999999998,37035.09735779986,18650.369029999973,3349.741636149977,71131.06999999995,349.1999999999998,0,31912.0,14475.0,8862.6,6983.8,3377.7999999999997,9361.0,971.5,30.8,566636424259.5803,35.308739863466165,749.8172401555403
7,208013.1999999999,195197.94,41833.934368299815,21704.770478999995,5956.736997949969,66559.45999999996,311.36999999999983,0,31912.0,14475.0,8862.6,6983.8,3377.7999999999997,9361.0,971.5,30.8,545857253021.9129,38.62731573451043,858.8880571401196
