,contributed_CCGT,contributed_Coal,contributed_Onshore,contributed_Offshore,contributed_PV,contributed_Nuclear,contributed_Recip_gas,contributed_Biomass,total_CCGT,total_Coal,total_Onshore,total_Offshore,total_PV,total_Nuclear,total_Recip_gas,Carbon_tax,total_genco_wealth,Electricity_cost,Carbon_emitted
0,411552.1399999983,157465.3899999999,57401.744698299626,34227.19530950007,3157.2891466999376,52829.109999999964,13321.010000000006,0,31912.0,14475.0,8862.6,6983.8,3377.7999999999997,9361.0,971.5,30.8,14816129483.695093,71.14018085746089,1242.9708456952178
1,346049.8399999997,117110.58999999987,51679.04932679972,33556.93947600003,3111.6522335499726,31438.67000000001,11213.200000000012,0,31912.0,14475.0,8862.6,6983.8,3377.7999999999997,9361.0,971.5,30.8,13722358033.272863,54.933571572182736,1015.5802830248197
2,413323.88999999856,168956.70999999985,54372.10522809961,33746.32810000009,1671.5909901999337,44437.63999999998,13127.980000000007,0,31912.0,14475.0,8862.6,6983.8,3377.7999999999997,9361.0,971.5,30.8,25471727861.271286,71.67572520809439,1269.454435760578
3,405352.0499999984,163978.5899999999,58590.68174929942,34588.22801800006,3182.081356599961,90980.17999999993,14988.439999999979,0,31912.0,14475.0,8862.6,6983.8,3377.7999999999997,9361.0,971.5,30.8,39640838721.442924,73.02892931875584,1245.9401673488173
4,245727.01000000024,83594.77999999993,45035.14111409997,29615.515484000018,3083.920359949975,18872.320000000003,1103.860000000001,0,31912.0,14475.0,8862.6,6983.8,3377.7999999999997,9361.0,971.5,30.8,28241419124.4095,37.05898710551053,711.4179297224423
5,414500.84999999835,163799.21999999988,58961.89410479974,33322.67687750003,3120.9849449999756,80412.99999999993,13787.094999999998,0,31912.0,14475.0,8862.6,6983.8,3377.7999999999997,9361.0,971.5,30.8,47074834330.2466,74.09339557815505,1264.0361751395583
6,262275.6800000004,83293.0399999999,39322.67113339988,27480.476845999987,4233.217135649985,25949.440000000006,1309.500000000001,0,31912.0,14475.0,8862.6,6983.8,3377.7999999999997,9361.0,971.5,30.8,29102274072.215427,37.64543230625936,742.67621506992
7,277539.77000000054,105382.60999999993,42149.983318499755,29659.45516650001,7080.335412249937,28308.480000000007,5938.824999999991,0,31912.0,14475.0,8862.6,6983.8,3377.7999999999997,9361.0,971.5,30.8,6865778579.193079,39.850693274731114,834.71338983878
