,contributed_CCGT,contributed_Coal,contributed_Onshore,contributed_Offshore,contributed_PV,contributed_Nuclear,contributed_Recip_gas,contributed_Biomass,total_CCGT,total_Coal,total_Onshore,total_Offshore,total_PV,total_Nuclear,total_Recip_gas,Carbon_tax,total_genco_wealth,Electricity_cost,Carbon_emitted
0,350273.419999999,257826.63999999996,23061.463559000036,29579.745223999984,3154.551064599939,94454.71999999996,13269.59999999999,0,31912.0,14475.0,8862.6,6983.8,3377.7999999999997,9361.0,971.5,30.8,30990235660.467777,145.13921923170622,1327.215934322717
1,272502.48000000016,231977.84000000003,23136.719942000036,29595.668287999964,3121.0060524999776,76870.55999999997,3843.1400000000003,0,31912.0,14475.0,8862.6,6983.8,3377.7999999999997,9361.0,971.5,30.8,25047722487.489655,54.06505739798252,1090.6779123403196
2,355679.4599999987,250058.13,21601.84304159999,29224.130127999983,1658.8155434999326,99987.59999999995,13268.62999999999,0,31912.0,14475.0,8862.6,6983.8,3377.7999999999997,9361.0,971.5,30.8,64665537564.35991,170.57139184264085,1321.730548745737
3,382678.7799999982,252717.47999999995,23278.20383160005,29656.706700000013,3188.160174599965,101938.26999999995,14852.154999999982,0,31912.0,14475.0,8862.6,6983.8,3377.7999999999997,9361.0,971.5,30.8,102846737145.80888,160.38380858105128,1385.6877923670365
4,171076.80000000028,197511.89000000013,17599.06774570001,22609.719388999983,3024.2444019499812,71460.86999999997,209.51999999999995,0,31912.0,14475.0,8862.6,6983.8,3377.7999999999997,9361.0,971.5,30.8,86793189908.36969,40.23033458916746,790.2872052822224
5,371846.0599999985,261101.18999999994,23456.714406000046,29595.668287999964,3122.2863189999775,103128.45999999995,13269.59999999999,0,31912.0,14475.0,8862.6,6983.8,3377.7999999999997,9361.0,971.5,30.8,142532419649.8596,157.11438041849127,1379.1921778436172
6,174038.0400000002,194663.69999999987,17569.060912100013,22228.926575999976,2965.7006814999804,73577.40999999997,165.87,0,31912.0,14475.0,8862.6,6983.8,3377.7999999999997,9361.0,971.5,30.8,120190000040.1394,40.83904952291068,794.4753159126025
7,207921.45000000027,211340.91999999995,21886.228495200037,26435.11113150001,6895.405590649929,74343.70999999998,200.78999999999996,0,31912.0,14475.0,8862.6,6983.8,3377.7999999999997,9361.0,971.5,30.8,94377126020.05537,40.913134428875516,898.8835405261623
