,contributed_CCGT,contributed_Coal,contributed_Onshore,contributed_Offshore,contributed_PV,contributed_Nuclear,contributed_Recip_gas,contributed_Biomass,total_CCGT,total_Coal,total_Onshore,total_Offshore,total_PV,total_Nuclear,total_Recip_gas,Carbon_tax,total_genco_wealth,Electricity_cost,Carbon_emitted
0,372233.58999999956,227475.17999999982,43893.26313779976,23658.484738999996,3138.5893320499413,51042.36999999998,8352.669999999993,0,31912.0,14475.0,8862.6,6983.8,3377.7999999999997,9361.0,971.5,30.8,10423152544.27102,66.50114671752952,1304.467905021635
1,263135.8800000002,211337.06999999995,40078.877284300004,20060.47927149997,3084.8625680499795,48992.75999999999,2922.609999999996,0,31912.0,14475.0,8862.6,6983.8,3377.7999999999997,9361.0,971.5,30.8,1756009819.2344773,33.063530157958574,1034.3124287438573
2,369275.72999999986,231514.1299999999,39628.689119599774,18742.984282999936,1624.3620412999364,54894.23999999998,9973.539999999995,0,31912.0,14475.0,8862.6,6983.8,3377.7999999999997,9361.0,971.5,30.8,9711675122.009747,69.91258181930085,1313.1292402737358
3,396040.2599999991,229338.47999999978,43583.37967249962,22728.470140999998,3156.077413749967,63338.089999999975,12773.929999999998,0,31912.0,14475.0,8862.6,6983.8,3377.7999999999997,9361.0,971.5,30.8,19873700680.473076,74.48673822809168,1367.109826815036
4,179060.6799999998,166774.31999999986,27811.09349769996,16226.40335099999,2990.3635872999826,37533.18,999.1000000000008,0,31912.0,14475.0,8862.6,6983.8,3377.7999999999997,9361.0,971.5,30.8,-2944656577.564389,9.061300644290982,758.9275174993589
5,376824.4699999992,244303.43999999992,42907.85667630005,21745.451064499983,3100.227689749979,68981.54999999996,12246.734999999997,0,31912.0,14475.0,8862.6,6983.8,3377.7999999999997,9361.0,971.5,30.8,11139518795.458357,73.00331792446686,1360.4243490791155
6,164550.1399999999,185709.15000000008,27906.37121419997,15689.171871999988,2896.5369180999787,33232.2,970.0000000000007,0,31912.0,14475.0,8862.6,6983.8,3377.7999999999997,9361.0,971.5,30.8,-19946326551.715786,15.833237362382372,768.1188100916987
7,189473.22999999992,195338.21999999994,30677.676821499943,18032.302468999977,5842.063666149967,47906.359999999986,989.4000000000008,0,31912.0,14475.0,8862.6,6983.8,3377.7999999999997,9361.0,971.5,30.8,-50959929282.370705,26.589376345390985,842.6012723315583
