,contributed_CCGT,contributed_Coal,contributed_Onshore,contributed_Offshore,contributed_PV,contributed_Nuclear,contributed_Recip_gas,contributed_Biomass,total_CCGT,total_Coal,total_Onshore,total_Offshore,total_PV,total_Nuclear,total_Recip_gas,Carbon_tax,total_genco_wealth,Electricity_cost,Carbon_emitted
0,338761.3199999991,258385.16999999998,21730.296387700044,28335.565411999985,3154.551064599939,120086.97000000002,12511.544999999995,0,31912.0,14475.0,8862.6,6983.8,3377.7999999999997,9361.0,971.5,30.8,9581538914.948328,73.21987131619535,1302.5824430376595
1,242007.68000000034,244627.31999999992,21909.490113699998,28339.970485999966,3119.3708694999773,106110.23999999996,2773.23,0,31912.0,14475.0,8862.6,6983.8,3377.7999999999997,9361.0,971.5,30.8,2929436274.2552876,50.48487349453037,1046.6044676533618
2,352935.57999999844,255777.37999999995,19713.57860269983,27474.06870400001,1653.9607295499336,110065.89999999998,13010.124999999993,0,31912.0,14475.0,8862.6,6983.8,3377.7999999999997,9361.0,971.5,30.8,12105443428.45416,85.40214773598096,1326.5492908472388
3,378785.2799999979,248210.88999999996,21560.50521119992,28596.90342000001,3183.4751076499642,124698.35000000002,13270.56999999999,0,31912.0,14475.0,8862.6,6983.8,3377.7999999999997,9361.0,971.5,30.8,25650307230.167572,94.06362646210043,1364.5173739042184
4,165895.2600000004,188851.55000000013,16840.493941199973,21044.29558549999,2752.7454980499797,90371.01999999989,183.32999999999998,0,31912.0,14475.0,8862.6,6983.8,3377.7999999999997,9361.0,971.5,30.8,10595860013.844934,37.2866642517565,760.3908480269024
5,374039.07999999804,255003.96999999994,22790.01001930002,29337.077983999967,3122.2863189999775,120131.59000000003,13271.53999999999,0,31912.0,14475.0,8862.6,6983.8,3377.7999999999997,9361.0,971.5,30.8,31647690949.231373,97.2487454471376,1369.1184524500582
6,171933.46000000022,191939.06000000006,16333.721224200026,21018.73711799997,3055.1963445499778,86782.0199999999,192.05999999999997,0,31912.0,14475.0,8862.6,6983.8,3377.7999999999997,9361.0,971.5,30.8,9182737756.24357,35.93377835743621,778.6314098858836
7,201218.06000000046,202988.56999999998,22254.396428100023,27628.388452,7164.667296749929,89424.29999999992,183.32999999999998,0,31912.0,14475.0,8862.6,6983.8,3377.7999999999997,9361.0,971.5,30.8,-17277611342.324303,38.863814977289074,865.4897895408639
