,contributed_CCGT,contributed_Coal,contributed_Onshore,contributed_Offshore,contributed_PV,contributed_Nuclear,contributed_Recip_gas,contributed_Biomass,total_CCGT,total_Coal,total_Onshore,total_Offshore,total_PV,total_Nuclear,total_Recip_gas,Carbon_tax,total_genco_wealth,Electricity_cost,Carbon_emitted
0,380328.8499999986,171167.28999999975,51111.92629439971,31844.98330399999,3166.2271575999375,108099.70999999999,13467.96499999999,0,31912.0,14475.0,8862.6,6983.8,3377.7999999999997,9361.0,971.5,30.8,27628227762.396843,90.11471381520714,1195.101297901419
1,333112.54999999946,126826.93999999997,42658.28373699982,30881.99724799997,3128.1519639999774,69514.07999999996,12159.919999999993,0,31912.0,14475.0,8862.6,6983.8,3377.7999999999997,9361.0,971.5,30.8,39969022849.041084,67.3483513014116,997.7031189221173
2,369029.86999999895,171632.12999999995,50245.13150079965,34448.31188800007,1671.0645375999313,119600.99999999996,15409.904999999973,0,31912.0,14475.0,8862.6,6983.8,3377.7999999999997,9361.0,971.5,30.8,67333453628.17983,94.26631809463231,1177.190959427737
3,400723.4399999982,185208.1599999999,50598.445270799646,30938.63070000002,3201.378317599963,111028.13999999998,14698.409999999978,0,31912.0,14475.0,8862.6,6983.8,3377.7999999999997,9361.0,971.5,30.8,100082516378.89882,98.94760566781612,1272.7410178676753
4,219556.7000000001,98960.54,33219.63557059993,30404.487587999985,3115.9205797499767,67873.80999999997,9035.549999999988,0,31912.0,14475.0,8862.6,6983.8,3377.7999999999997,9361.0,971.5,30.8,105476632609.73509,52.738088159213795,697.2909443749202
5,401823.96999999817,182097.51999999987,52163.50773699996,30393.11724799997,3133.971963999976,108743.78999999998,14922.964999999975,0,31912.0,14475.0,8862.6,6983.8,3377.7999999999997,9361.0,971.5,30.8,156609186280.04715,98.85203218600067,1271.041623262958
6,222077.67000000022,97539.63999999994,36437.888485299816,31317.923418999988,4461.586124699984,66196.67999999996,7258.994999999997,0,31912.0,14475.0,8862.6,6983.8,3377.7999999999997,9361.0,971.5,30.8,161157626051.25256,50.99140886215317,693.2685934067206
7,246470.26000000015,118062.17999999998,42643.824742399695,38525.85215500007,7428.884710899934,58619.039999999964,8971.04499999999,0,31912.0,14475.0,8862.6,6983.8,3377.7999999999997,9361.0,971.5,30.8,172210874498.46585,55.59223681230214,793.283636997639
