,contributed_CCGT,contributed_Coal,contributed_Onshore,contributed_Offshore,contributed_PV,contributed_Nuclear,contributed_Recip_gas,contributed_Biomass,total_CCGT,total_Coal,total_Onshore,total_Offshore,total_PV,total_Nuclear,total_Recip_gas,Carbon_tax,total_genco_wealth,Electricity_cost,Carbon_emitted
0,308349.73000000004,265730.81999999983,21490.645413500013,28031.617243999983,3154.551064599939,128239.82000000007,13860.815,0,31912.0,14475.0,8862.6,6983.8,3377.7999999999997,9361.0,971.5,30.8,25738845039.904507,125.94913175634115,1276.1490215163565
1,224084.21000000022,234456.89999999985,22624.68801110002,29519.432383999963,3119.6462954499775,106173.29000000002,8309.02,0,31912.0,14475.0,8862.6,6983.8,3377.7999999999997,9361.0,971.5,30.8,24665621003.722897,63.59971935091337,1021.5779701662001
2,329052.6899999996,259555.7399999999,20340.95723969985,28590.490539999984,1657.5084716999327,124426.75000000007,13096.940000000006,0,31912.0,14475.0,8862.6,6983.8,3377.7999999999997,9361.0,971.5,30.8,49701850165.13114,127.08501225947127,1302.8463029045172
3,335032.6599999996,256555.87999999986,21772.418521299944,28523.152260000003,3179.1684988999646,154229.03000000012,14986.499999999978,0,31912.0,14475.0,8862.6,6983.8,3377.7999999999997,9361.0,971.5,30.8,78315170919.64943,129.98058996750765,1312.1275672002369
4,143389.3499999999,189915.33999999976,16851.201043699974,21201.148840999984,2601.3931625499827,97944.78000000001,16.490000000000002,0,31912.0,14475.0,8862.6,6983.8,3377.7999999999997,9361.0,971.5,30.8,65165464310.05957,40.090258138157786,737.5743534453198
5,343002.44999999943,264758.25999999983,22849.76730580002,29519.432383999963,3122.2863189999775,132708.6100000001,13846.75,0,31912.0,14475.0,8862.6,6983.8,3377.7999999999997,9361.0,971.5,30.8,110127216108.31041,133.5889286052385,1344.2953227274782
6,133841.50999999995,209399.42999999973,15330.71899180001,19592.42699199997,2664.1394744499753,96646.91999999998,18.43,0,31912.0,14475.0,8862.6,6983.8,3377.7999999999997,9361.0,971.5,30.8,88762912474.44785,37.435500392390566,759.4988546231398
7,173076.45000000004,213603.13999999975,20448.289146200023,25036.124592,6052.891947549968,100301.87999999999,2467.195000000001,0,31912.0,14475.0,8862.6,6983.8,3377.7999999999997,9361.0,971.5,30.8,64506257692.090485,40.45184393431806,852.3626755397199
