,contributed_CCGT,contributed_Coal,contributed_Onshore,contributed_Offshore,contributed_PV,contributed_Nuclear,contributed_Recip_gas,contributed_Biomass,total_CCGT,total_Coal,total_Onshore,total_Offshore,total_PV,total_Nuclear,total_Recip_gas,Carbon_tax,total_genco_wealth,Electricity_cost,Carbon_emitted
0,331543.62999999884,163424.50999999983,51288.677618599766,25660.735546500007,3165.2497445999375,155058.37999999995,15456.464999999975,0,31912.0,14475.0,8862.6,6983.8,3377.7999999999997,9361.0,971.5,30.8,11949793024.627207,69.52444660882854,1069.8306724949746
1,254990.4399999997,121161.45999999993,43209.54681349988,22917.191904999967,3113.989316699976,140357.05999999988,12336.460000000008,0,31912.0,14475.0,8862.6,6983.8,3377.7999999999997,9361.0,971.5,30.8,7983670987.7746935,58.428261109994686,813.6939820410761
2,322658.22999999876,161761.16999999987,48812.41005339967,24945.916213000022,1659.950392699932,158111.93999999994,15743.099999999975,0,31912.0,14475.0,8862.6,6983.8,3377.7999999999997,9361.0,971.5,30.8,15522979926.346714,66.93255348235586,1048.6636059956534
3,336833.5699999995,173762.5999999998,55752.25076459944,28893.49416400001,3186.5311066999625,164385.89999999997,15872.109999999973,0,31912.0,14475.0,8862.6,6983.8,3377.7999999999997,9361.0,971.5,30.8,27902103992.089592,73.40862073595427,1116.2960033947952
4,162417.8499999998,105157.76999999997,33150.284140200114,19082.956127999973,2772.748535749979,117235.16999999993,2853.2549999999974,0,31912.0,14475.0,8862.6,6983.8,3377.7999999999997,9361.0,971.5,30.8,13237331843.994501,38.71966607032707,570.4324388924601
5,340919.5799999988,180936.07999999978,50237.42526789988,25070.140899999988,3119.774534999978,155149.55999999994,15659.67999999997,0,31912.0,14475.0,8862.6,6983.8,3377.7999999999997,9361.0,971.5,30.8,30721631883.977356,73.71108677310582,1136.6218797198358
6,172169.62999999977,98593.69999999994,31508.888038100024,17149.998803999984,2953.8165462499796,121499.28999999992,6315.184999999992,0,31912.0,14475.0,8862.6,6983.8,3377.7999999999997,9361.0,971.5,30.8,8353106573.239955,39.62661714104063,582.8452659226003
7,215322.29999999964,102140.03,35252.33356239986,21137.069165499983,7053.759269249929,116826.79999999992,11281.58500000001,0,31912.0,14475.0,8862.6,6983.8,3377.7999999999997,9361.0,971.5,30.8,-16417831088.166475,46.32554305526971,688.6290904119362
