,contributed_CCGT,contributed_Coal,contributed_Onshore,contributed_Offshore,contributed_PV,contributed_Nuclear,contributed_Recip_gas,contributed_Biomass,total_CCGT,total_Coal,total_Onshore,total_Offshore,total_PV,total_Nuclear,total_Recip_gas,Carbon_tax,total_genco_wealth,Electricity_cost,Carbon_emitted
0,358210.4599999985,255246.5,23184.86697840004,29579.745223999984,3154.551064599939,91664.02999999997,13267.659999999989,0,31912.0,14475.0,8862.6,6983.8,3377.7999999999997,9361.0,971.5,30.8,30228743934.425175,145.9144700240594,1337.5196584069975
1,279348.9600000001,221669.09999999998,23236.43219780004,29595.668287999964,3122.057011299978,81549.83999999997,4289.34,0,31912.0,14475.0,8862.6,6983.8,3377.7999999999997,9361.0,971.5,30.8,24140223350.137447,56.78233040717916,1081.5077715617992
2,352184.90999999904,256958.42999999993,21271.863678899925,29224.130127999983,1658.2931883999327,101984.82999999994,13269.59999999999,0,31912.0,14475.0,8862.6,6983.8,3377.7999999999997,9361.0,971.5,30.8,63638355018.49773,168.60352281668085,1329.1117272851366
3,381841.3999999982,256112.33999999997,23278.20383160005,29656.706700000013,3188.160174599965,101898.49999999996,13245.349999999991,0,31912.0,14475.0,8862.6,6983.8,3377.7999999999997,9361.0,971.5,30.8,101119107890.5154,160.11838311562155,1388.3013806313156
4,151933.53000000026,215967.61,17427.143093000013,22036.40397449999,2603.510064849983,73643.36999999998,183.32999999999998,0,31912.0,14475.0,8862.6,6983.8,3377.7999999999997,9361.0,971.5,30.8,85633137144.87003,37.402553113232514,790.7541284987813
5,376880.5399999983,259447.71999999997,23464.752699000044,29595.668287999964,3122.2863189999775,98746.96999999996,13269.59999999999,0,31912.0,14475.0,8862.6,6983.8,3377.7999999999997,9361.0,971.5,30.8,140491827012.13242,156.85736593447893,1385.7226225925565
6,169266.8700000003,206930.61,16706.794010600013,21559.98722999998,2918.1839987999806,74721.03999999998,130.95000000000005,0,31912.0,14475.0,8862.6,6983.8,3377.7999999999997,9361.0,971.5,30.8,117183183920.3492,37.6162673210873,805.6221238927814
7,207126.6300000004,210174.82999999996,24059.706263300068,29678.999238500008,7366.0975046499225,66607.95999999998,200.78999999999996,0,31912.0,14475.0,8862.6,6983.8,3377.7999999999997,9361.0,971.5,30.8,89583453568.23828,41.703492158260495,900.0242243923425
