,contributed_CCGT,contributed_Coal,contributed_Onshore,contributed_Offshore,contributed_PV,contributed_Nuclear,contributed_Recip_gas,contributed_Biomass,total_CCGT,total_Coal,total_Onshore,total_Offshore,total_PV,total_Nuclear,total_Recip_gas,Carbon_tax,total_genco_wealth,Electricity_cost,Carbon_emitted
0,417008.5999999977,194789.29999999973,23300.55530880004,29579.745223999984,3154.551064599939,84001.99999999994,15006.869999999975,0,31912.0,14475.0,8862.6,6983.8,3377.7999999999997,9361.0,971.5,30.8,28650350586.46179,141.34052189964342,1327.4019527813941
1,328930.66999999975,197744.1099999999,23464.752699000044,29595.668287999964,3122.2863189999775,37616.599999999984,12264.19500000001,0,31912.0,14475.0,8862.6,6983.8,3377.7999999999997,9361.0,971.5,30.8,33263809771.16537,88.64185348448189,1147.7811423957785
2,424689.2299999974,202671.92999999973,21601.84304159999,29224.130127999983,1658.9456695999324,68532.43999999994,14971.949999999977,0,31912.0,14475.0,8862.6,6983.8,3377.7999999999997,9361.0,971.5,30.8,61825940159.93332,147.3992404440688,1360.464819218136
3,424465.75999999756,205239.1699999997,23278.20383160005,29656.706700000013,3188.160174599965,97083.41999999995,15167.889999999974,0,31912.0,14475.0,8862.6,6983.8,3377.7999999999997,9361.0,971.5,30.8,95660023459.60652,150.8478266829394,1366.137467519655
4,234848.28000000026,162124.84999999998,20260.027278200003,25689.52050349999,3111.8387692499764,24700.079999999987,4151.599999999994,0,31912.0,14475.0,8862.6,6983.8,3377.7999999999997,9361.0,971.5,30.8,84422818704.92805,50.5345932255569,860.7973676403017
5,417854.73999999766,234463.19999999978,23464.752699000044,29595.668287999964,3122.2863189999775,80777.71999999996,15006.869999999975,0,31912.0,14475.0,8862.6,6983.8,3377.7999999999997,9361.0,971.5,30.8,136698802872.6689,150.09805415899183,1417.600668413596
6,235259.98000000027,163939.47999999995,20447.25530079998,26371.757673999982,4340.972527699979,23670.90999999999,9998.760000000004,0,31912.0,14475.0,8862.6,6983.8,3377.7999999999997,9361.0,971.5,30.8,119926066176.1063,49.881262751092834,875.7036758330394
7,281918.94000000035,150314.34999999998,28506.684930599946,33923.33110100005,7381.89723899993,24700.079999999987,13407.340000000006,0,31912.0,14475.0,8862.6,6983.8,3377.7999999999997,9361.0,971.5,30.8,104284839188.07529,54.96789315293259,948.7860335612992
