,contributed_CCGT,contributed_Coal,contributed_Onshore,contributed_Offshore,contributed_PV,contributed_Nuclear,contributed_Recip_gas,contributed_Biomass,total_CCGT,total_Coal,total_Onshore,total_Offshore,total_PV,total_Nuclear,total_Recip_gas,Carbon_tax,total_genco_wealth,Electricity_cost,Carbon_emitted
0,334884.2599999995,229405.50999999978,58054.988647199876,30867.22330399999,3175.3040033999355,101957.66999999994,12467.409999999989,0,31912.0,14475.0,8862.6,6983.8,3377.7999999999997,9361.0,971.5,30.8,115295574907.41318,353.0052471966546,1221.31862118298
1,253140.39000000007,223768.21999999965,49199.05258689987,24380.268636499964,3129.969491899974,77428.30999999994,6013.999999999995,0,31912.0,14475.0,8862.6,6983.8,3377.7999999999997,9361.0,971.5,30.8,132293102763.40997,111.3195132254026,1025.9658864315586
2,343887.38000000006,210485.4499999996,58880.77816519973,29709.520167999985,1678.953513349932,111373.45999999999,12089.109999999984,0,31912.0,14475.0,8862.6,6983.8,3377.7999999999997,9361.0,971.5,30.8,277097572352.8876,357.49666932333236,1200.1532017390998
3,368470.3499999994,240527.25999999978,56112.219335999805,29991.89025600002,3198.308739849962,90332.21999999991,13772.059999999974,0,31912.0,14475.0,8862.6,6983.8,3377.7999999999997,9361.0,971.5,30.8,416063120336.7461,353.3679601439287,1321.6897140894798
4,183930.3699999998,164314.26999999981,40029.04342759994,20558.928358999972,3041.6366965499783,63674.67999999996,331.73999999999984,0,31912.0,14475.0,8862.6,6983.8,3377.7999999999997,9361.0,971.5,30.8,404263140434.8576,38.83368095314484,740.8914554694602
5,361526.2000000001,231744.79999999973,59513.9083978,31370.87724799997,3141.9697223499747,116827.76999999996,12739.979999999994,0,31912.0,14475.0,8862.6,6983.8,3377.7999999999997,9361.0,971.5,30.8,618941395422.9154,356.7672745336661,1278.8120435104
6,185957.27999999977,169643.16999999972,38380.25528529983,19722.144741999964,3426.9502878499784,69623.68999999996,315.24999999999983,0,31912.0,14475.0,8862.6,6983.8,3377.7999999999997,9361.0,971.5,30.8,599260425609.1499,37.20152819978458,756.7690855116599
7,212883.93999999994,190691.12999999974,40114.006629699696,22343.026677500002,6112.375522549967,69752.69999999995,969.030000000001,0,31912.0,14475.0,8862.6,6983.8,3377.7999999999997,9361.0,971.5,30.8,575084596150.7487,39.03185807497049,860.1486416797406
