,contributed_CCGT,contributed_Coal,contributed_Onshore,contributed_Offshore,contributed_PV,contributed_Nuclear,contributed_Recip_gas,contributed_Biomass,total_CCGT,total_Coal,total_Onshore,total_Offshore,total_PV,total_Nuclear,total_Recip_gas,Carbon_tax,total_genco_wealth,Electricity_cost,Carbon_emitted
0,367614.5299999985,156102.3400000001,62481.77913129973,36237.8429910001,3154.541943399939,90721.18999999994,12011.509999999997,0,31912.0,14475.0,8862.6,6983.8,3377.7999999999997,9361.0,971.5,30.8,33856994799.088436,123.37246845548118,1146.8490356713207
1,307398.5,125627.12999999998,54127.65506249963,34397.27914850003,3107.4765354999763,48562.079999999994,8269.24999999999,0,31912.0,14475.0,8862.6,6983.8,3377.7999999999997,9361.0,971.5,30.8,37471733738.04031,67.67377616483869,948.8697552877372
2,375897.6799999988,156861.50000000012,61021.22204979962,35030.475020000056,1664.6379961499317,81531.40999999993,12669.169999999993,0,31912.0,14475.0,8862.6,6983.8,3377.7999999999997,9361.0,971.5,30.8,72079153863.16794,123.16682796471692,1167.9215377569994
3,378765.4599999986,193297.19,63258.49830869948,33050.65309600003,3186.200482999963,92476.88999999993,14485.979999999969,0,31912.0,14475.0,8862.6,6983.8,3377.7999999999997,9361.0,971.5,30.8,111226542084.03108,125.10688226698541,1254.0079412516181
4,198673.40999999995,99612.35999999999,47455.97239359984,30078.836096000006,3074.198113749978,44466.73999999999,348.2299999999998,0,31912.0,14475.0,8862.6,6983.8,3377.7999999999997,9361.0,971.5,30.8,99132178999.29811,36.173106778534134,645.2393197592808
5,384626.63999999803,154857.07000000004,63513.76738869983,38790.62685200006,3129.4634393999777,107182.08999999994,12969.384999999991,0,31912.0,14475.0,8862.6,6983.8,3377.7999999999997,9361.0,971.5,30.8,156087469058.0254,126.532171465401,1181.778081913861
6,227316.45000000004,79433.44999999998,44373.54832669975,25715.45501399998,2953.2791076999806,46708.40999999999,979.6999999999997,0,31912.0,14475.0,8862.6,6983.8,3377.7999999999997,9361.0,971.5,30.8,139028553468.22006,39.277328154146666,658.9300324431006
7,236437.8300000001,118155.37000000002,45080.22536579958,28355.058877500007,7041.667192949933,46412.56,5660.919999999992,0,31912.0,14475.0,8862.6,6983.8,3377.7999999999997,9361.0,971.5,30.8,117349517506.31131,40.16374963916654,778.0791652872582
