,contributed_CCGT,contributed_Coal,contributed_Onshore,contributed_Offshore,contributed_PV,contributed_Nuclear,contributed_Recip_gas,contributed_Biomass,total_CCGT,total_Coal,total_Onshore,total_Offshore,total_PV,total_Nuclear,total_Recip_gas,Carbon_tax,total_genco_wealth,Electricity_cost,Carbon_emitted
0,350691.2799999996,166380.19999999992,57921.73396599978,28520.148594500017,3169.797036599936,126256.16999999991,12917.004999999997,0,31912.0,14475.0,8862.6,6983.8,3377.7999999999997,9361.0,971.5,30.8,30729841788.99162,123.77593640338767,1138.4956589495966
1,293946.36999999994,135907.91999999984,51311.614762399884,22045.61902199997,3112.729530749974,106134.48999999993,9660.229999999994,0,31912.0,14475.0,8862.6,6983.8,3377.7999999999997,9361.0,971.5,30.8,31894276564.3752,69.6252394217611,946.2391143921585
2,350283.5199999996,169697.7899999999,54597.51431309962,25762.76480800002,1672.1342308499336,142039.03999999995,13025.159999999998,0,31912.0,14475.0,8862.6,6983.8,3377.7999999999997,9361.0,971.5,30.8,69176268493.62846,124.45328834841727,1145.2903244904169
3,371797.7199999988,173103.7399999999,60408.39755469968,28659.65788400002,3192.1656233999615,148005.50999999995,13848.689999999971,0,31912.0,14475.0,8862.6,6983.8,3377.7999999999997,9361.0,971.5,30.8,107644981787.6216,130.3288235583227,1198.2359464085166
4,192487.2899999995,112387.02999999988,43789.60940339996,19124.063672999975,3087.7375034499755,87121.51999999996,317.18999999999994,0,31912.0,14475.0,8862.6,6983.8,3377.7999999999997,9361.0,971.5,30.8,94940354247.99605,37.728596312799425,664.9514961279413
5,361091.8299999997,172823.9199999999,61121.00646389992,29079.795067999967,3139.701321849975,150931.02999999997,14256.089999999976,0,31912.0,14475.0,8862.6,6983.8,3377.7999999999997,9361.0,971.5,30.8,158866656497.33893,130.85655769883212,1176.705621920156
6,202856.82999999973,98444.7199999999,44137.84712459994,18714.324787499972,4347.600098399984,90946.22999999995,895.3100000000017,0,31912.0,14475.0,8862.6,6983.8,3377.7999999999997,9361.0,971.5,30.8,139027984921.1881,38.311434913879644,657.340282638561
7,243194.43999999983,105766.03999999988,44221.80657069978,21262.267090999994,6429.01046754995,96565.43999999996,7181.395000000002,0,31912.0,14475.0,8862.6,6983.8,3377.7999999999997,9361.0,971.5,30.8,116487173095.21193,41.72076409819997,768.4175816539208
