,contributed_CCGT,contributed_Coal,contributed_Onshore,contributed_Offshore,contributed_PV,contributed_Nuclear,contributed_Recip_gas,contributed_Biomass,total_CCGT,total_Coal,total_Onshore,total_Offshore,total_PV,total_Nuclear,total_Recip_gas,Carbon_tax,total_genco_wealth,Electricity_cost,Carbon_emitted
0,333320.7299999998,273782.4500000001,49836.04569899961,25318.53068600001,3139.38753034994,90112.99999999991,11292.739999999998,0,31912.0,14475.0,8862.6,6983.8,3377.7999999999997,9361.0,971.5,30.8,40763256267.9902,154.62414203025472,1314.6882709850981
1,259234.49,236428.14000000004,52134.280579699654,25867.35266599997,3123.7030521999764,74026.51999999993,3124.3699999999963,0,31912.0,14475.0,8862.6,6983.8,3377.7999999999997,9361.0,971.5,30.8,45679981622.21478,70.71487543970166,1060.2953935797168
2,353316.1800000001,264977.0000000002,48948.88328189951,22973.40817400001,1662.891233599936,87159.3499999999,11609.93,0,31912.0,14475.0,8862.6,6983.8,3377.7999999999997,9361.0,971.5,30.8,99436590218.10785,175.59165068637898,1332.7300866659991
3,365438.29999999976,293232.21000000014,52230.48286139945,24234.821125,3194.3083782999624,82085.27999999993,13308.399999999987,0,31912.0,14475.0,8862.6,6983.8,3377.7999999999997,9361.0,971.5,30.8,185093550318.30646,233.66764193920474,1425.0159634495774
4,156387.12000000008,210898.9900000002,33525.762798200136,17321.218177999966,2989.124084549981,63048.05999999995,1030.1400000000003,0,31912.0,14475.0,8862.6,6983.8,3377.7999999999997,9361.0,971.5,30.8,169245616284.10672,24.367038250295327,790.1566222880182
5,378934.95999999973,284466.7700000002,52853.21302559977,27216.63639799998,3127.561268799978,68889.39999999994,12026.54499999999,0,31912.0,14475.0,8862.6,6983.8,3377.7999999999997,9361.0,971.5,30.8,318238761728.41486,261.65417604461203,1429.0713723144593
6,158632.6699999999,207363.96000000014,35147.14030219994,17731.078805999972,4308.966520499984,66559.45999999995,1108.7100000000005,0,31912.0,14475.0,8862.6,6983.8,3377.7999999999997,9361.0,971.5,30.8,294432725081.2542,26.942548226173482,786.9865270160777
7,188119.50999999992,227555.95000000016,42178.19840689972,23811.05289000001,7087.551769049939,63158.63999999995,1493.8000000000009,0,31912.0,14475.0,8862.6,6983.8,3377.7999999999997,9361.0,971.5,30.8,265962916517.86072,31.602475477589042,892.6829110180976
