,contributed_CCGT,contributed_Coal,contributed_Onshore,contributed_Offshore,contributed_PV,contributed_Nuclear,contributed_Recip_gas,contributed_Biomass,total_CCGT,total_Coal,total_Onshore,total_Offshore,total_PV,total_Nuclear,total_Recip_gas,Carbon_tax,total_genco_wealth,Electricity_cost,Carbon_emitted
0,316583.5500000001,214319.38000000006,55049.83313129972,24175.368576499997,3169.784101849936,126180.50999999992,13117.794999999996,0,31912.0,14475.0,8862.6,6983.8,3377.7999999999997,9361.0,971.5,30.8,33768660349.26977,125.21860827602511,1174.273041123235
1,247715.32000000004,180311.49999999988,52222.50904429992,24783.323017999974,3133.0277177999737,107988.15999999993,9958.019999999991,0,31912.0,14475.0,8862.6,6983.8,3377.7999999999997,9361.0,971.5,30.8,37117155113.97159,71.78592885024959,953.2109065169986
2,322689.5899999996,220691.42000000016,53496.12596039959,26959.43313000002,1661.1146223999347,125297.80999999994,12840.374999999998,0,31912.0,14475.0,8862.6,6983.8,3377.7999999999997,9361.0,971.5,30.8,72930953039.80855,123.51874710714078,1202.6866170351561
3,327590.4999999994,222576.9900000001,55819.30516709962,23892.277896000003,3190.5678021499616,152444.22999999998,13536.349999999975,0,31912.0,14475.0,8862.6,6983.8,3377.7999999999997,9361.0,971.5,30.8,107531600164.41489,129.86708877426278,1215.8928307120161
4,181629.41999999972,130202.51999999984,39532.159957600044,17918.067514999966,3075.261598449976,94753.47999999994,333.67999999999984,0,31912.0,14475.0,8862.6,6983.8,3377.7999999999997,9361.0,971.5,30.8,95650800884.90384,38.738284736112945,680.5228622029608
5,346938.70999999926,206889.45000000004,60773.4701593998,26659.68982999996,3135.8519566499763,138906.90999999995,13911.739999999963,0,31912.0,14475.0,8862.6,6983.8,3377.7999999999997,9361.0,971.5,30.8,160323652480.08698,131.67499793357237,1223.289513331098
6,178362.89999999956,138736.33999999997,47817.44299059985,20766.86223099997,4432.135796999988,79359.57999999996,1081.550000000002,0,31912.0,14475.0,8862.6,6983.8,3377.7999999999997,9361.0,971.5,30.8,141544188392.41766,39.09124275114166,700.2652322233214
7,211225.49999999974,150493.70999999993,44949.44866599979,21576.313511999993,7208.228846049937,83390.89999999997,7737.204999999994,0,31912.0,14475.0,8862.6,6983.8,3377.7999999999997,9361.0,971.5,30.8,120498191227.63231,42.88609893699215,804.5485804965788
