,contributed_CCGT,contributed_Coal,contributed_Onshore,contributed_Offshore,contributed_PV,contributed_Nuclear,contributed_Recip_gas,contributed_Biomass,total_CCGT,total_Coal,total_Onshore,total_Offshore,total_PV,total_Nuclear,total_Recip_gas,Carbon_tax,total_genco_wealth,Electricity_cost,Carbon_emitted
0,398570.54999999906,191164.7799999999,49982.90671569962,35574.36377600013,3150.4531140499403,90647.46999999994,12863.170000000002,0,31912.0,14475.0,8862.6,6983.8,3377.7999999999997,9361.0,971.5,30.8,30016344342.946312,123.37652223378704,1289.7040942424417
1,335152.68999999965,156455.94000000012,40500.781723399814,34705.848990500046,3096.2974060499782,61700.72999999995,9538.494999999988,0,31912.0,14475.0,8862.6,6983.8,3377.7999999999997,9361.0,971.5,30.8,28494740065.811245,68.64839521898229,1070.718582994119
2,399526.57999999914,197845.98000000007,47110.88547489957,30974.475913000028,1648.4929578999343,79224.74999999996,13441.289999999992,0,31912.0,14475.0,8862.6,6983.8,3377.7999999999997,9361.0,971.5,30.8,60154351897.17607,123.50695231826955,1307.7268350600416
3,402754.1799999992,183799.90999999995,49058.55565289941,33990.61563600005,3175.4877709999646,122889.3,15105.809999999992,0,31912.0,14475.0,8862.6,6983.8,3377.7999999999997,9361.0,971.5,30.8,90341488103.04276,126.45332049299566,1285.1340061541812
4,261297.45999999964,97127.17999999989,35174.87546369999,28586.943753000007,3068.3961339499792,44449.27999999999,950.6000000000008,0,31912.0,14475.0,8862.6,6983.8,3377.7999999999997,9361.0,971.5,30.8,75303734115.33391,39.11119125524207,773.2414634776386
5,412890.53999999975,172737.49000000005,53085.53893809987,38206.21428800005,3121.356806399979,107769.90999999996,14959.339999999987,0,31912.0,14475.0,8862.6,6983.8,3377.7999999999997,9361.0,971.5,30.8,130185833892.522,132.79842214505595,1283.1389506710195
6,260355.80999999965,107776.68999999993,32418.82636559992,27739.192316999986,4217.608288499982,46055.599999999984,1854.155000000001,0,31912.0,14475.0,8862.6,6983.8,3377.7999999999997,9361.0,971.5,30.8,106021700698.1288,38.66777277607158,792.1071665826178
7,298913.2899999996,116325.46,34164.89041469983,29383.36791900001,7112.315013549935,46752.05999999998,9307.149999999989,0,31912.0,14475.0,8862.6,6983.8,3377.7999999999997,9361.0,971.5,30.8,78928045297.23224,44.291264546833666,905.9072281530764
