,contributed_CCGT,contributed_Coal,contributed_Onshore,contributed_Offshore,contributed_PV,contributed_Nuclear,contributed_Recip_gas,contributed_Biomass,total_CCGT,total_Coal,total_Onshore,total_Offshore,total_PV,total_Nuclear,total_Recip_gas,Carbon_tax,total_genco_wealth,Electricity_cost,Carbon_emitted
0,352764.3399999985,259078.78999999995,23189.722546200042,29579.745223999984,3154.551064599939,93079.25999999997,13268.62999999999,0,31912.0,14475.0,8862.6,6983.8,3377.7999999999997,9361.0,971.5,30.8,30718931233.961716,144.95728351192645,1334.140408148417
1,262713.0300000002,240057.93000000005,23209.32449050004,29595.668287999964,3122.2863189999775,81549.83999999997,3657.385,0,31912.0,14475.0,8862.6,6983.8,3377.7999999999997,9361.0,971.5,30.8,25193327873.031536,56.39233590104461,1084.7142544561405
2,358833.4399999986,251582.13999999998,20613.724033299863,28637.066607999983,1657.2741790499326,99736.36999999995,13262.80999999999,0,31912.0,14475.0,8862.6,6983.8,3377.7999999999997,9361.0,971.5,30.8,65522166611.10862,169.40025728594046,1331.5219864117164
3,378078.73999999836,258641.12999999998,23250.34171650005,29656.706700000013,3188.160174599965,99807.17999999995,13270.56999999999,0,31912.0,14475.0,8862.6,6983.8,3377.7999999999997,9361.0,971.5,30.8,102956205281.56529,159.9145930384801,1386.3571143797358
4,173986.59000000014,193346.20999999993,18816.571636200006,23976.09323599998,3104.9881743499773,68539.22999999998,192.05999999999997,0,31912.0,14475.0,8862.6,6983.8,3377.7999999999997,9361.0,971.5,30.8,88986887883.0952,41.12255999926418,785.0150058015827
5,373207.2199999985,265552.02,23464.752699000044,29595.668287999964,3122.2863189999775,97567.44999999995,13269.59999999999,0,31912.0,14475.0,8862.6,6983.8,3377.7999999999997,9361.0,971.5,30.8,143980376606.38672,157.39286323403098,1391.8869058039559
6,188635.14000000016,191014.97999999986,17123.12715770001,21393.658968999975,2773.702615899976,68674.05999999998,174.6,0,31912.0,14475.0,8862.6,6983.8,3377.7999999999997,9361.0,971.5,30.8,121812252122.12973,39.5903772746755,810.6272249420421
7,225519.8400000002,183757.3999999999,23861.919237800055,29248.270217000005,7349.097063999925,75762.81999999998,335.61999999999995,0,31912.0,14475.0,8862.6,6983.8,3377.7999999999997,9361.0,971.5,30.8,95112670119.70198,42.16514847067857,878.6883451252028
