,contributed_CCGT,contributed_Coal,contributed_Onshore,contributed_Offshore,contributed_PV,contributed_Nuclear,contributed_Recip_gas,contributed_Biomass,total_CCGT,total_Coal,total_Onshore,total_Offshore,total_PV,total_Nuclear,total_Recip_gas,Carbon_tax,total_genco_wealth,Electricity_cost,Carbon_emitted
0,364365.19999999856,267380.11000000004,22995.136840800034,29579.745223999984,3154.551064599939,71385.20999999999,13269.59999999999,0,31912.0,14475.0,8862.6,6983.8,3377.7999999999997,9361.0,971.5,30.8,37366680597.541016,169.15851123040113,1377.139841573776
1,264196.89000000013,258246.12999999995,23311.65696850004,29595.668287999964,3121.9708641999778,55334.62,4386.339999999999,0,31912.0,14475.0,8862.6,6983.8,3377.7999999999997,9361.0,971.5,30.8,34085235834.068466,63.26796644911574,1132.563891049739
2,371297.89999999857,257908.01,20841.773846299882,28845.068271999986,1657.1918328499328,73411.53999999998,13267.659999999989,0,31912.0,14475.0,8862.6,6983.8,3377.7999999999997,9361.0,971.5,30.8,72861843817.41911,168.49135833396662,1370.9502193779765
3,389894.75999999815,255963.81999999992,23189.947421300047,29656.706700000013,3185.9006191499643,84613.09999999996,14280.824999999986,0,31912.0,14475.0,8862.6,6983.8,3377.7999999999997,9361.0,971.5,30.8,120418180126.65,187.85327190004807,1406.4203084503558
4,188007.78000000012,205273.00999999992,17053.93837689999,21622.30869299999,3024.2444019499812,44904.20999999999,209.51999999999995,0,31912.0,14475.0,8862.6,6983.8,3377.7999999999997,9361.0,971.5,30.8,106200519800.24599,40.124367186169025,841.1927016879818
5,388709.5599999981,262354.92,23464.752699000044,29595.668287999964,3122.2863189999775,80238.39999999997,13385.999999999989,0,31912.0,14475.0,8862.6,6983.8,3377.7999999999997,9361.0,971.5,30.8,190963574543.10965,205.90987463126672,1416.4589454581564
6,193906.77000000005,201176.13000000003,16783.611841399998,21178.307933999975,2918.1839987999806,49685.34,183.32999999999998,0,31912.0,14475.0,8862.6,6983.8,3377.7999999999997,9361.0,971.5,30.8,169630439347.19885,40.38813668462098,851.271653929742
7,230198.19000000012,196709.76000000007,23302.433432500035,28686.12762899999,6749.4775473999325,54122.12,1795.9550000000008,0,31912.0,14475.0,8862.6,6983.8,3377.7999999999997,9361.0,971.5,30.8,143867686080.1391,43.21431870794758,919.1747858744808
