,contributed_CCGT,contributed_Coal,contributed_Onshore,contributed_Offshore,contributed_PV,contributed_Nuclear,contributed_Recip_gas,contributed_Biomass,total_CCGT,total_Coal,total_Onshore,total_Offshore,total_PV,total_Nuclear,total_Recip_gas,Carbon_tax,total_genco_wealth,Electricity_cost,Carbon_emitted
0,354974.17999999906,185449.34000000008,58206.55942129964,32302.493110000032,3139.2312918499415,86012.80999999997,11979.499999999995,0,31912.0,14475.0,8862.6,6983.8,3377.7999999999997,9361.0,971.5,30.8,28024095412.321365,114.48091464622381,1187.7904419773183
1,271684.1700000001,159254.28000000006,59176.41868399973,36478.03208600007,3118.8166188999767,51854.25999999999,3721.8899999999935,0,31912.0,14475.0,8862.6,6983.8,3377.7999999999997,9361.0,971.5,30.8,26575805450.55657,53.36021345573247,942.1740798434373
2,362856.39999999874,188483.34000000005,58880.08428539941,33642.64480300009,1650.4277675999322,84950.65999999995,12157.979999999994,0,31912.0,14475.0,8862.6,6983.8,3377.7999999999997,9361.0,971.5,30.8,55573839899.39021,121.40945940192046,1210.9237245093193
3,358759.3499999987,203659.18999999997,59393.69511439934,34153.81673000005,3171.652980799965,105018.98999999996,13028.554999999993,0,31912.0,14475.0,8862.6,6983.8,3377.7999999999997,9361.0,971.5,30.8,91150084964.79457,122.83229868746928,1238.28455127762
4,167417.19999999998,134822.5599999999,44147.73057099974,28224.91484250001,3017.82044934998,45862.56999999999,351.1399999999998,0,31912.0,14475.0,8862.6,6983.8,3377.7999999999997,9361.0,971.5,30.8,78392685311.9343,33.67739940277854,659.1816306188798
5,353469.62999999867,219502.70999999996,63635.110954899865,36398.50001450006,3117.720788449977,87137.03999999994,12614.849999999997,0,31912.0,14475.0,8862.6,6983.8,3377.7999999999997,9361.0,971.5,30.8,128517607282.2494,123.19810611907126,1257.3339573685778
6,181336.94999999998,138049.59999999992,41823.84151829974,25981.744958999985,4335.790364449978,46891.73999999999,372.4799999999998,0,31912.0,14475.0,8862.6,6983.8,3377.7999999999997,9361.0,971.5,30.8,108092448305.22093,33.50404151750204,695.864313920799
7,211550.29999999978,154852.62000000005,43349.099306999626,28072.83862750001,7089.959638349932,43254.23999999999,345.3199999999998,0,31912.0,14475.0,8862.6,6983.8,3377.7999999999997,9361.0,971.5,30.8,84157364219.21637,37.11273507776119,795.0141822827579
