,contributed_CCGT,contributed_Coal,contributed_Onshore,contributed_Offshore,contributed_PV,contributed_Nuclear,contributed_Recip_gas,contributed_Biomass,total_CCGT,total_Coal,total_Onshore,total_Offshore,total_PV,total_Nuclear,total_Recip_gas,Carbon_tax,total_genco_wealth,Electricity_cost,Carbon_emitted
0,429836.5499999985,110936.4299999999,52967.351819799725,30080.677674000013,3161.920817099937,93028.81999999995,12799.149999999987,0,31912.0,14475.0,8862.6,6983.8,3377.7999999999997,9361.0,971.5,30.8,20081702235.99653,83.38091092718818,1153.9379139091395
1,369876.169999999,77394.79999999994,45937.83440489978,21583.184567499968,3111.9499620499732,58988.609999999986,10202.459999999997,0,31912.0,14475.0,8862.6,6983.8,3377.7999999999997,9361.0,971.5,30.8,19150449113.268383,58.183912802832424,944.9191563503975
2,420066.54999999877,144012.11,51342.9923999995,24858.137270000007,1660.8258976499355,77007.32999999996,12311.239999999996,0,31912.0,14475.0,8862.6,6983.8,3377.7999999999997,9361.0,971.5,30.8,35975631111.73756,82.43366708182542,1201.01206280978
3,432938.1699999986,137066.86999999997,55215.05181509958,27958.87135200001,3188.8450586499616,101407.67999999993,14347.269999999982,0,31912.0,14475.0,8862.6,6983.8,3377.7999999999997,9361.0,971.5,30.8,58604729169.881836,89.27875080031976,1219.3213776642629
4,261459.39999999967,67915.51999999997,33859.33737860001,18632.941849999977,3082.4338263499762,37613.68999999999,805.1000000000007,0,31912.0,14475.0,8862.6,6983.8,3377.7999999999997,9361.0,971.5,30.8,47267187676.69074,38.35837192498938,684.3683776169585
5,412808.0699999988,172856.9500000002,52675.945680799756,26322.51402499996,3139.3943439499753,84128.09999999996,13957.329999999994,0,31912.0,14475.0,8862.6,6983.8,3377.7999999999997,9361.0,971.5,30.8,75382667184.24208,88.65560681427978,1262.2534493961016
6,262812.51999999955,69863.27999999998,36192.72787229975,18420.72012449997,4347.607688749985,42554.869999999995,2407.055000000001,0,31912.0,14475.0,8862.6,6983.8,3377.7999999999997,9361.0,971.5,30.8,57109383985.15117,38.77021850680118,694.7606173154388
7,293435.6499999997,74109.11999999997,37145.26159639968,20567.033644999985,7017.623127749941,46850.99999999999,8180.494999999996,0,31912.0,14475.0,8862.6,6983.8,3377.7999999999997,9361.0,971.5,30.8,37679632601.49548,43.53472043626292,778.1670229797585
