,contributed_CCGT,contributed_Coal,contributed_Onshore,contributed_Offshore,contributed_PV,contributed_Nuclear,contributed_Recip_gas,contributed_Biomass,total_CCGT,total_Coal,total_Onshore,total_Offshore,total_PV,total_Nuclear,total_Recip_gas,Carbon_tax,total_genco_wealth,Electricity_cost,Carbon_emitted
0,413264.69999999774,219657.23999999987,23300.55530880004,29579.745223999984,3154.551064599939,73446.45999999999,13094.03,0,31912.0,14475.0,8862.6,6983.8,3377.7999999999997,9361.0,971.5,30.8,38477655679.03677,174.82556945942738,1370.4376628015166
1,337178.33999999857,184926.65999999992,22808.790800400013,28990.95756799996,3122.055727749978,55173.600000000006,6362.229999999997,0,31912.0,14475.0,8862.6,6983.8,3377.7999999999997,9361.0,971.5,30.8,37834134067.153336,73.82349156327005,1122.0465422106806
2,400759.1599999977,217154.73999999982,21598.78579559999,29224.130127999983,1658.5152624499328,79719.44999999998,13077.54,0,31912.0,14475.0,8862.6,6983.8,3377.7999999999997,9361.0,971.5,30.8,84221768320.93417,190.65635208881613,1339.433868406516
3,418300.55999999784,223160.7299999999,23271.16948860005,29656.706700000013,3188.160174599965,89247.75999999995,14161.514999999996,0,31912.0,14475.0,8862.6,6983.8,3377.7999999999997,9361.0,971.5,30.8,142740283528.7102,220.662826917601,1390.6451337305355
4,203961.54000000027,178013.68999999986,20695.664036399983,27074.05235599997,3099.583543299977,50828.0,0.0,0,31912.0,14475.0,8862.6,6983.8,3377.7999999999997,9361.0,971.5,30.8,128298820463.86491,41.78075835319201,811.2613180386226
5,431036.8499999978,225665.87999999998,23464.752699000044,29595.668287999964,3122.2863189999775,75805.49999999999,13076.570000000002,0,31912.0,14475.0,8862.6,6983.8,3377.7999999999997,9361.0,971.5,30.8,216582626408.6462,218.9854897319498,1419.8873507802368
6,221459.5200000003,182105.55999999974,17146.540222300013,21773.147165999977,3168.8072653999798,45143.8,0.0,0,31912.0,14475.0,8862.6,6983.8,3377.7999999999997,9361.0,971.5,30.8,193757270924.5345,39.089828571832875,857.7611473328822
7,258184.4100000001,168182.93999999994,26706.05252270001,32347.18963500001,7189.416638199933,52748.600000000006,116.39999999999999,0,31912.0,14475.0,8862.6,6983.8,3377.7999999999997,9361.0,971.5,30.8,169222797749.86365,44.56544452326194,909.8467964101224
