,contributed_CCGT,contributed_Coal,contributed_Onshore,contributed_Offshore,contributed_PV,contributed_Nuclear,contributed_Recip_gas,contributed_Biomass,total_CCGT,total_Coal,total_Onshore,total_Offshore,total_PV,total_Nuclear,total_Recip_gas,Carbon_tax,total_genco_wealth,Electricity_cost,Carbon_emitted
0,423584.74999999796,124206.22000000003,60313.20291869967,24967.609844000006,3170.646866099936,89516.44999999994,12759.380000000003,0,31912.0,14475.0,8862.6,6983.8,3377.7999999999997,9361.0,971.5,30.8,18392210644.449745,84.60797468550915,1168.413289675562
1,369549.70999999903,82595.22999999995,51580.853568999744,23269.15974199997,3129.8965469499735,59595.82999999998,9732.009999999986,0,31912.0,14475.0,8862.6,6983.8,3377.7999999999997,9361.0,971.5,30.8,17282338542.937366,59.56918755743433,954.8584484715398
2,412135.60999999783,124447.21000000002,60137.81652999963,29289.623422000015,1672.2340009999336,95793.31999999992,12476.139999999994,0,31912.0,14475.0,8862.6,6983.8,3377.7999999999997,9361.0,971.5,30.8,32567031500.223858,84.3544581523021,1154.5859828795813
3,440199.6999999979,135350.64,59535.54499469969,23700.179142999998,3166.2577790999635,105125.68999999993,13904.949999999986,0,31912.0,14475.0,8862.6,6983.8,3377.7999999999997,9361.0,971.5,30.8,51452442823.81092,87.93050190068654,1241.1493817747257
4,263730.27999999985,72073.62999999998,46237.88506749977,19314.67647999997,3086.428163949976,43209.61999999999,329.7999999999999,0,31912.0,14475.0,8862.6,6983.8,3377.7999999999997,9361.0,971.5,30.8,39187625762.32427,38.96055181993656,697.1973839947395
5,436250.2399999979,145038.90999999997,57395.825282999955,26834.697017999977,3131.5328126499767,103827.82999999993,14480.159999999983,0,31912.0,14475.0,8862.6,6983.8,3377.7999999999997,9361.0,971.5,30.8,67267567181.45332,89.64669521751978,1239.3776005761815
6,293608.95999999956,49290.77999999998,38119.7612517997,17342.52340999998,4196.5044809999845,47505.749999999985,4136.564999999998,0,31912.0,14475.0,8862.6,6983.8,3377.7999999999997,9361.0,971.5,30.8,48543671213.79695,38.95720314800152,714.88286046044
7,297952.9499999996,79815.62999999996,42221.8799609997,19637.973782499972,7147.256133249938,52059.89999999999,7373.939999999996,0,31912.0,14475.0,8862.6,6983.8,3377.7999999999997,9361.0,971.5,30.8,24833620730.453175,41.871057850030304,798.4805400107393
