,contributed_CCGT,contributed_Coal,contributed_Onshore,contributed_Offshore,contributed_PV,contributed_Nuclear,contributed_Recip_gas,contributed_Biomass,total_CCGT,total_Coal,total_Onshore,total_Offshore,total_PV,total_Nuclear,total_Recip_gas,Carbon_tax,total_genco_wealth,Electricity_cost,Carbon_emitted
0,332651.4599999994,240088.7399999998,56319.471650599895,28274.93853199999,3164.5306892999374,97723.61999999994,12228.78999999999,0,31912.0,14475.0,8862.6,6983.8,3377.7999999999997,9361.0,971.5,30.8,98471289620.1148,329.2908831183312,1237.682837278519
1,242347.06000000003,231832.66999999998,51628.120340099966,24940.489659499977,3128.057423899974,82496.55999999992,3718.009999999998,0,31912.0,14475.0,8862.6,6983.8,3377.7999999999997,9361.0,971.5,30.8,107714128969.45987,86.60440654669674,1017.2479353926605
2,310735.12999999954,261295.9699999999,55452.10923239977,25583.69537500002,1660.7317422999347,94576.93999999993,12245.279999999992,0,31912.0,14475.0,8862.6,6983.8,3377.7999999999997,9361.0,971.5,30.8,227551000173.43524,348.0937337337817,1245.273772686058
3,344440.5100000004,251454.34999999995,63196.60083359944,29471.990700000017,3204.925889699961,95915.53999999994,13321.009999999993,0,31912.0,14475.0,8862.6,6983.8,3377.7999999999997,9361.0,971.5,30.8,374442978906.7116,356.3630011907094,1289.2874341612978
4,151141.63000000012,203054.9700000001,40368.37576309997,19060.234502999974,3054.960606849978,63519.47999999996,304.57999999999987,0,31912.0,14475.0,8862.6,6983.8,3377.7999999999997,9361.0,971.5,30.8,361544670409.875,34.289585885127245,760.5322602480609
5,334601.94999999966,267788.33999999997,57896.02095379992,28773.660176999987,3134.876065999976,105674.70999999996,12607.08999999999,0,31912.0,14475.0,8862.6,6983.8,3377.7999999999997,9361.0,971.5,30.8,602155317471.7001,351.29743043623375,1304.3135323793176
6,156544.7700000001,205750.71999999986,38618.201125599786,18548.35137999997,2966.8933655499777,65009.39999999995,340.4699999999998,0,31912.0,14475.0,8862.6,6983.8,3377.7999999999997,9361.0,971.5,30.8,581909299231.0348,34.91878490919151,777.58878230656
7,214024.03999999983,192149.4199999999,45597.93538569983,23005.3358975,7242.000857349932,62245.86999999996,349.1999999999998,0,31912.0,14475.0,8862.6,6983.8,3377.7999999999997,9361.0,971.5,30.8,558304922248.7377,39.16222021273822,864.4116054891606
