,contributed_CCGT,contributed_Coal,contributed_Onshore,contributed_Offshore,contributed_PV,contributed_Nuclear,contributed_Recip_gas,contributed_Biomass,total_CCGT,total_Coal,total_Onshore,total_Offshore,total_PV,total_Nuclear,total_Recip_gas,Carbon_tax,total_genco_wealth,Electricity_cost,Carbon_emitted
0,368934.31999999995,164286.39999999994,55619.344070899824,26392.687471999987,3171.8797606499356,119665.98999999993,12719.124999999998,0,31912.0,14475.0,8862.6,6983.8,3377.7999999999997,9361.0,971.5,30.8,34906906618.76972,125.27309674899784,1170.455232617196
1,296767.9699999999,128031.36999999982,48130.458071799825,26705.426173999964,3137.760096249974,101681.21999999993,10155.899999999998,0,31912.0,14475.0,8862.6,6983.8,3377.7999999999997,9361.0,971.5,30.8,38568093414.97006,72.21964538392876,937.7603745752583
2,366959.1699999995,170039.91999999993,55800.3294838996,27387.396592000016,1672.2484126999336,121403.25999999992,13291.910000000002,0,31912.0,14475.0,8862.6,6983.8,3377.7999999999997,9361.0,971.5,30.8,70711114011.00317,123.85811856152525,1180.4468246881568
3,368845.56999999913,172181.59999999992,57630.302878599665,29032.797370000008,3194.700354549961,150675.91999999995,13659.53999999997,0,31912.0,14475.0,8862.6,6983.8,3377.7999999999997,9361.0,971.5,30.8,112435273348.14153,132.7434685578639,1183.8941460567976
4,207294.24999999983,99959.29999999992,38242.16891769998,18955.62135799997,3083.174534949976,87056.52999999996,240.5599999999999,0,31912.0,14475.0,8862.6,6983.8,3377.7999999999997,9361.0,971.5,30.8,98893274321.9905,36.817523264434826,666.8868057614013
5,386747.12999999867,160501.6999999999,61052.04022049996,31859.757247999973,3140.3841898499754,135445.94999999995,13585.334999999977,0,31912.0,14475.0,8862.6,6983.8,3377.7999999999997,9361.0,971.5,30.8,154004751853.78186,130.6385599223515,1199.9284712065974
6,210148.34999999974,100403.1299999999,35987.836547399864,17036.48801599999,2962.549610849978,100949.83999999994,805.1000000000012,0,31912.0,14475.0,8862.6,6983.8,3377.7999999999997,9361.0,971.5,30.8,133600225357.43135,37.68387909003097,671.6030940957405
7,246633.25,112829.42999999988,41314.72134309971,20990.42795399999,7206.817451249931,87849.01999999995,7396.250000000002,0,31912.0,14475.0,8862.6,6983.8,3377.7999999999997,9361.0,971.5,30.8,109800403194.90732,42.50245409878183,791.6901752831399
