,contributed_CCGT,contributed_Coal,contributed_Onshore,contributed_Offshore,contributed_PV,contributed_Nuclear,contributed_Recip_gas,contributed_Biomass,total_CCGT,total_Coal,total_Onshore,total_Offshore,total_PV,total_Nuclear,total_Recip_gas,Carbon_tax,total_genco_wealth,Electricity_cost,Carbon_emitted
0,393072.3799999981,226567.64999999985,23300.55530880004,29579.745223999984,3154.551064599939,73347.51999999999,13078.510000000002,0,31912.0,14475.0,8862.6,6983.8,3377.7999999999997,9361.0,971.5,30.8,51906396503.629234,224.9306204235721,1344.8356226546944
1,308445.23999999964,214452.93999999965,23464.752699000044,29595.668287999964,3122.2863189999775,56353.12000000001,9181.049999999987,0,31912.0,14475.0,8862.6,6983.8,3377.7999999999997,9361.0,971.5,30.8,61359248862.88431,102.74019468129313,1136.2496056301188
2,380662.41999999835,223304.12999999977,21601.84304159999,29224.130127999983,1658.9456695999324,89483.46999999996,13105.67,0,31912.0,14475.0,8862.6,6983.8,3377.7999999999997,9361.0,971.5,30.8,143644143494.8796,289.9515411855985,1312.4163266537325
3,401587.9799999979,225090.31999999983,23278.20383160005,29656.706700000013,3188.160174599965,98707.19999999994,14967.099999999986,0,31912.0,14475.0,8862.6,6983.8,3377.7999999999997,9361.0,971.5,30.8,244657527655.4303,329.8395810631436,1362.6596171473548
4,229027.9200000004,155084.4499999999,18862.817928499982,23888.78215599998,3076.980128299978,48150.8,698.4,0,31912.0,14475.0,8862.6,6983.8,3377.7999999999997,9361.0,971.5,30.8,231491878484.3399,43.87459606644646,816.3322882811012
5,402529.1199999979,234489.05999999976,23464.752699000044,29595.668287999964,3122.2863189999775,88455.26999999996,13840.445,0,31912.0,14475.0,8862.6,6983.8,3377.7999999999997,9361.0,971.5,30.8,373088317988.5535,297.3595283237518,1383.2553513358748
6,219634.1100000003,170731.29999999993,19454.819103799964,25010.594852499977,4261.859082699983,48655.2,126.1,0,31912.0,14475.0,8862.6,6983.8,3377.7999999999997,9361.0,971.5,30.8,353002131639.04425,43.391913233592696,835.4002347774015
7,255342.45000000013,180573.01999999993,24111.039361700066,28374.840406999992,7168.539468599928,47064.40000000001,4681.2199999999975,0,31912.0,14475.0,8862.6,6983.8,3377.7999999999997,9361.0,971.5,30.8,328838941596.9375,44.998787107598595,940.9914019419617
