,contributed_CCGT,contributed_Coal,contributed_Onshore,contributed_Offshore,contributed_PV,contributed_Nuclear,contributed_Recip_gas,contributed_Biomass,total_CCGT,total_Coal,total_Onshore,total_Offshore,total_PV,total_Nuclear,total_Recip_gas,Carbon_tax,total_genco_wealth,Electricity_cost,Carbon_emitted
0,317074.82999999967,271671.4400000003,51337.91850459975,21486.587323000007,3121.1361917499407,121681.65000000001,5605.144999999992,0,31912.0,14475.0,8862.6,6983.8,3377.7999999999997,9361.0,971.5,30.8,27103484544.085804,106.33813500108415,1264.176893283118
1,237672.61000000016,204495.73000000004,49359.91576699983,21273.182780999963,3108.0941328499744,133472.0,1261.0000000000007,0,31912.0,14475.0,8862.6,6983.8,3377.7999999999997,9361.0,971.5,30.8,18554963210.113808,31.37813422960063,941.4410105905372
2,328696.2099999995,266277.02000000025,44623.38413599963,20602.386253999975,1623.0133023499384,127829.51,5387.864999999992,0,31912.0,14475.0,8862.6,6983.8,3377.7999999999997,9361.0,971.5,30.8,45876406896.52319,106.02253551475606,1274.1086582839562
3,350246.43999999965,263551.9100000001,49688.141990499586,22284.210789499994,3096.1907847999687,139888.55,6633.344999999991,0,31912.0,14475.0,8862.6,6983.8,3377.7999999999997,9361.0,971.5,30.8,98834431869.72679,153.4295437824956,1316.760483940177
4,163635.12000000014,178871.88,31717.430908600003,17444.337949999965,2570.8782324999834,98368.66999999997,1068.9400000000007,0,31912.0,14475.0,8862.6,6983.8,3377.7999999999997,9361.0,971.5,30.8,77836190497.77106,12.171452502409617,733.4835970882381
5,347092.3499999993,284084.1500000002,49354.357987099786,21311.012812999987,3086.657813799978,117473.78999999998,7836.629999999992,0,31912.0,14475.0,8862.6,6983.8,3377.7999999999997,9361.0,971.5,30.8,125059888193.69731,109.97959417294003,1356.2058193816972
6,163282.04000000015,184095.16,34191.83928449997,17697.059153999973,3913.6088126499662,89433.02999999991,1164.9700000000005,0,31912.0,14475.0,8862.6,6983.8,3377.7999999999997,9361.0,971.5,30.8,96991670411.3837,20.023304614593627,744.6170021336787
7,172921.23999999996,208336.92000000007,37244.797215199826,18031.590348999976,5135.3854017999865,111964.19,913.7400000000006,0,31912.0,14475.0,8862.6,6983.8,3377.7999999999997,9361.0,971.5,30.8,64221132891.67245,23.55682170933052,817.7675960141582
