,contributed_CCGT,contributed_Coal,contributed_Onshore,contributed_Offshore,contributed_PV,contributed_Nuclear,contributed_Recip_gas,contributed_Biomass,total_CCGT,total_Coal,total_Onshore,total_Offshore,total_PV,total_Nuclear,total_Recip_gas,Carbon_tax,total_genco_wealth,Electricity_cost,Carbon_emitted
0,343888.8100000004,230093.6999999997,60133.250313199875,26403.216175999987,3172.947192049935,99474.46999999991,12321.909999999996,0,31912.0,14475.0,8862.6,6983.8,3377.7999999999997,9361.0,971.5,30.8,102526839631.53888,353.52446546221023,1237.246528792598
1,271623.8000000001,212672.44999999966,50244.15770810002,28437.597247999965,3142.0091051999743,65362.47999999996,5855.889999999996,0,31912.0,14475.0,8862.6,6983.8,3377.7999999999997,9361.0,971.5,30.8,118506544674.49261,113.10267254743788,1038.407166445101
2,337516.22000000015,231413.3399999998,60231.43351919963,27529.50817599998,1680.1755317999323,98237.71999999991,12337.42999999999,0,31912.0,14475.0,8862.6,6983.8,3377.7999999999997,9361.0,971.5,30.8,259061268933.74884,357.32082382913796,1239.1009187493191
3,354184.3799999998,244914.9799999998,59305.73264319966,26908.942020000006,3204.01765369996,113484.17999999998,13869.059999999974,0,31912.0,14475.0,8862.6,6983.8,3377.7999999999997,9361.0,971.5,30.8,405115509086.4522,358.71128564416443,1296.7695546220382
4,161050.11999999997,191240.3499999996,38567.43632109996,19060.234502999974,2615.5610759499796,64975.44999999996,312.33999999999986,0,31912.0,14475.0,8862.6,6983.8,3377.7999999999997,9361.0,971.5,30.8,392052937150.87964,35.75953629886862,754.3463379892993
5,371961.30999999883,231319.1599999997,59729.37066629984,31785.99605599997,3139.544690699975,98855.60999999996,12972.779999999986,0,31912.0,14475.0,8862.6,6983.8,3377.7999999999997,9361.0,971.5,30.8,600886892312.8379,355.08450968797933,1298.3366685656817
6,180238.7999999997,171834.10999999978,41661.18811589987,20267.952269999972,3214.226731449978,65904.70999999995,302.6399999999999,0,31912.0,14475.0,8862.6,6983.8,3377.7999999999997,9361.0,971.5,30.8,580314721347.6235,36.74271579436569,749.9766222657805
7,232462.30000000016,169411.84999999977,41635.18929319987,19962.78253499998,7121.982554249941,68082.35999999996,1002.0100000000012,0,31912.0,14475.0,8862.6,6983.8,3377.7999999999997,9361.0,971.5,30.8,555557700795.3741,39.02658798833114,852.4771190463007
