,contributed_CCGT,contributed_Coal,contributed_Onshore,contributed_Offshore,contributed_PV,contributed_Nuclear,contributed_Recip_gas,contributed_Biomass,total_CCGT,total_Coal,total_Onshore,total_Offshore,total_PV,total_Nuclear,total_Recip_gas,Carbon_tax,total_genco_wealth,Electricity_cost,Carbon_emitted
0,312146.22000000015,259926.6099999998,21654.942005600034,28502.055343999986,3154.551064599939,130481.49000000006,13982.065000000002,0,31912.0,14475.0,8862.6,6983.8,3377.7999999999997,9361.0,971.5,30.8,26754252648.752804,127.75498152436096,1271.150531130777
1,218341.30000000013,245535.9399999998,21254.068194699994,27228.33421799998,3118.150720899977,110796.31000000003,7569.880000000002,0,31912.0,14475.0,8862.6,6983.8,3377.7999999999997,9361.0,971.5,30.8,25539228071.642353,63.03394101132855,1034.2281970041201
2,321094.7299999999,253265.20999999982,19740.424351799833,27246.5377,1655.8672092499332,132644.59000000003,13132.830000000004,0,31912.0,14475.0,8862.6,6983.8,3377.7999999999997,9361.0,971.5,30.8,51636496907.14578,128.13717362998736,1270.3649047435772
3,347137.0599999999,264299.4699999998,22004.85504289993,28829.885904000006,3183.4751076499642,139350.20000000007,14980.679999999977,0,31912.0,14475.0,8862.6,6983.8,3377.7999999999997,9361.0,971.5,30.8,80824529046.31369,130.12455882193876,1352.7852558390553
4,149927.60000000015,183513.11999999982,16579.57902470002,20796.549692999997,2768.6883233499793,96984.47999999998,20.369999999999997,0,31912.0,14475.0,8862.6,6983.8,3377.7999999999997,9361.0,971.5,30.8,68116513178.380394,40.16532670449043,734.30047580176
5,317859.5,266239.45999999985,22543.6524942,28980.159715999962,3122.2863189999775,153371.55000000013,13874.88,0,31912.0,14475.0,8862.6,6983.8,3377.7999999999997,9361.0,971.5,30.8,113692558591.47063,132.53196209891578,1296.6173848450774
6,145196.5700000002,193765.0499999998,16017.403273600024,20819.582822999975,4299.7973580999815,92610.74999999997,22.309999999999995,0,31912.0,14475.0,8862.6,6983.8,3377.7999999999997,9361.0,971.5,30.8,93012380764.0585,37.78035606903324,749.8922695199
7,179692.07999999996,203220.60999999972,19140.993936800012,24534.353934000002,7236.756897449928,97772.12000000002,3207.789999999995,0,31912.0,14475.0,8862.6,6983.8,3377.7999999999997,9361.0,971.5,30.8,68562785120.81633,40.444133034907146,850.08276529278
