,contributed_CCGT,contributed_Coal,contributed_Onshore,contributed_Offshore,contributed_PV,contributed_Nuclear,contributed_Recip_gas,contributed_Biomass,total_CCGT,total_Coal,total_Onshore,total_Offshore,total_PV,total_Nuclear,total_Recip_gas,Carbon_tax,total_genco_wealth,Electricity_cost,Carbon_emitted
0,323709.239999999,217735.6799999995,23300.55530880004,29579.745223999984,3154.551064599939,165604.86687359976,16966.270000000004,0,31912.0,14475.0,8862.6,6983.8,3377.7999999999997,9361.0,971.5,30.8,17187160522.143784,102.22367617738935,1190.3646217006387
1,229584.78000000044,186941.64999999982,23464.752699000044,29595.668287999964,3122.2863189999775,165604.86687359976,13408.309999999992,0,31912.0,14475.0,8862.6,6983.8,3377.7999999999997,9361.0,971.5,30.8,12296578589.979757,56.85863814761859,921.5072327867022
2,331955.3999999991,206932.42999999961,21601.84304159999,29224.130127999983,1658.9456695999324,165604.86687359976,17178.215000000004,0,31912.0,14475.0,8862.6,6983.8,3377.7999999999997,9361.0,971.5,30.8,21558359119.408695,89.86041830213192,1183.4282244071396
3,354986.0599999983,213166.78999999966,23278.20383160005,29656.706700000013,3188.160174599965,165604.86687359976,18430.970000000023,0,31912.0,14475.0,8862.6,6983.8,3377.7999999999997,9361.0,971.5,30.8,49417763676.04213,135.22200138939024,1248.4832346524172
4,168090.78000000023,104938.06999999996,22058.4045137,29595.668287999968,3116.600719849977,146673.35227440007,10475.999999999998,0,31912.0,14475.0,8862.6,6983.8,3377.7999999999997,9361.0,971.5,30.8,37156501818.35653,44.728431562218994,596.7435822818607
5,351162.23999999824,220421.67999999956,23464.752699000044,29595.668287999964,3122.2863189999775,165604.86687359976,18430.970000000023,0,31912.0,14475.0,8862.6,6983.8,3377.7999999999997,9361.0,971.5,30.8,54684129168.84743,93.38139125265529,1255.0610877286356
6,119222.82000000005,163953.4399999999,25312.70320070002,33123.92137699999,4481.354669799984,133733.90566480023,10475.999999999998,0,31912.0,14475.0,8862.6,6983.8,3377.7999999999997,9361.0,971.5,30.8,33527833399.457188,41.458535318434265,629.1339827091222
7,163092.42000000016,155182.06999999995,31091.167208999937,38204.78456500007,7411.1254933499295,140632.63420640014,12571.199999999995,0,31912.0,14475.0,8862.6,6983.8,3377.7999999999997,9361.0,971.5,30.8,9248671472.216269,43.65520235270577,705.642618273862
