,contributed_CCGT,contributed_Coal,contributed_Onshore,contributed_Offshore,contributed_PV,contributed_Nuclear,contributed_Recip_gas,contributed_Biomass,total_CCGT,total_Coal,total_Onshore,total_Offshore,total_PV,total_Nuclear,total_Recip_gas,Carbon_tax,total_genco_wealth,Electricity_cost,Carbon_emitted
0,364920.0299999998,154202.92999999982,56437.88116079984,36741.33378200009,3168.494024399936,126467.6299999999,11807.810000000009,0,31912.0,14475.0,8862.6,6983.8,3377.7999999999997,9361.0,971.5,30.8,34321770641.370346,125.57928228954044,1134.4116396761353
1,305671.65000000026,119960.54999999983,47290.30084589988,34985.106080000034,3132.903153499973,104425.34999999993,6689.605,0,31912.0,14475.0,8862.6,6983.8,3377.7999999999997,9361.0,971.5,30.8,36051434017.73164,65.58869086618569,930.6946351588986
2,393523.44999999896,154722.8499999998,50545.37255499971,34607.00700400009,1672.0615266999337,114508.49999999994,12029.940000000002,0,31912.0,14475.0,8862.6,6983.8,3377.7999999999997,9361.0,971.5,30.8,72048109532.70319,122.18740511545359,1192.9061946242953
3,375453.82999999926,196361.06999999998,53590.13088169957,35540.35484000013,3189.1216780999616,126010.75999999992,14195.949999999973,0,31912.0,14475.0,8862.6,6983.8,3377.7999999999997,9361.0,971.5,30.8,108250317924.8161,124.22713391210975,1258.259147155856
4,200907.4800000001,99251.0099999999,37612.495619600006,26067.324741,3078.5505602499757,96206.53999999995,205.63999999999993,0,31912.0,14475.0,8862.6,6983.8,3377.7999999999997,9361.0,971.5,30.8,96165427098.50551,36.363089831255174,651.0416284919813
5,395273.42999999877,166684.96999999994,53011.776558799895,36110.18041400007,3133.063757449976,125647.00999999991,12603.210000000001,0,31912.0,14475.0,8862.6,6983.8,3377.7999999999997,9361.0,971.5,30.8,151369065852.30902,123.63986002825148,1227.859022768057
6,211908.2799999999,101289.8899999999,38361.5446157999,26652.099606499985,3249.8135825499808,89840.42999999996,163.92999999999998,0,31912.0,14475.0,8862.6,6983.8,3377.7999999999997,9361.0,971.5,30.8,131790897386.32726,36.123621191167665,676.8455126662203
7,245021.66000000003,103321.2399999999,40136.66388969975,29742.369267500013,7209.1212130499325,99804.26999999995,2826.094999999992,0,31912.0,14475.0,8862.6,6983.8,3377.7999999999997,9361.0,971.5,30.8,109156958931.08662,39.396500631857215,754.2858774235202
