,contributed_CCGT,contributed_Coal,contributed_Onshore,contributed_Offshore,contributed_PV,contributed_Nuclear,contributed_Recip_gas,contributed_Biomass,total_CCGT,total_Coal,total_Onshore,total_Offshore,total_PV,total_Nuclear,total_Recip_gas,Carbon_tax,total_genco_wealth,Electricity_cost,Carbon_emitted
0,401035.7999999978,181668.38999999996,23213.926393600035,29579.745223999984,3154.551064599939,122615.76000000007,13097.910000000007,0,31912.0,14475.0,8862.6,6983.8,3377.7999999999997,9361.0,971.5,30.8,14025477830.830982,89.94221345521377,1260.8526282892174
1,316950.4199999992,159635.68000000002,22757.712598600025,29319.430783999964,3120.2875331499777,108512.93000000004,3752.9299999999953,0,31912.0,14475.0,8862.6,6983.8,3377.7999999999997,9361.0,971.5,30.8,11811081452.161148,63.294368327672544,1019.2527434206412
2,398864.97999999794,190180.17999999993,20896.606530099874,29147.89422399998,1657.8470005499325,121334.39000000007,13124.100000000004,0,31912.0,14475.0,8862.6,6983.8,3377.7999999999997,9361.0,971.5,30.8,27685055302.97553,104.7638124710901,1273.6438812116355
3,418677.3999999979,184013.06999999995,23022.775623100042,29656.706700000013,3188.032516099965,132596.09000000008,14015.045,0,31912.0,14475.0,8862.6,6983.8,3377.7999999999997,9361.0,971.5,30.8,49598328204.97534,118.43031870022922,1303.758774601855
4,206411.78000000044,137813.17,17990.490914500042,23106.23432399998,3107.0543216999768,97516.03999999998,22.309999999999995,0,31912.0,14475.0,8862.6,6983.8,3377.7999999999997,9361.0,971.5,30.8,36149406909.19511,40.62572894111344,727.6430333316616
5,409950.5599999978,187894.3099999999,23464.752699000044,29595.668287999964,3122.2863189999775,135716.58000000007,14217.775,0,31912.0,14475.0,8862.6,6983.8,3377.7999999999997,9361.0,971.5,30.8,82199442457.14865,140.1765806011047,1295.162632155375
6,229564.43000000025,118576.66999999994,18297.904565799996,23253.406946499967,4208.756987399979,91529.19999999995,143.56,0,31912.0,14475.0,8862.6,6983.8,3377.7999999999997,9361.0,971.5,30.8,63566886852.06489,43.073052790670964,740.1406607846611
7,246825.68000000017,141244.27000000002,22509.726239800028,27435.432023500005,7161.611562199933,101621.07999999999,1892.4700000000016,0,31912.0,14475.0,8862.6,6983.8,3377.7999999999997,9361.0,971.5,30.8,40492556104.462616,44.05082265187945,830.2358925694616
