,contributed_CCGT,contributed_Coal,contributed_Onshore,contributed_Offshore,contributed_PV,contributed_Nuclear,contributed_Recip_gas,contributed_Biomass,total_CCGT,total_Coal,total_Onshore,total_Offshore,total_PV,total_Nuclear,total_Recip_gas,Carbon_tax,total_genco_wealth,Electricity_cost,Carbon_emitted
0,335888.98999999923,193348.59999999995,54904.665618199695,24295.850588000005,3164.2747271499366,137404.37999999995,12270.499999999995,0,31912.0,14475.0,8862.6,6983.8,3377.7999999999997,9361.0,971.5,30.8,29802070139.074203,121.77983760917407,1162.5859989227972
1,267185.00000000023,171945.0099999999,50886.13297299991,23823.931184999965,3128.0212964499733,97141.61999999997,10234.469999999998,0,31912.0,14475.0,8862.6,6983.8,3377.7999999999997,9361.0,971.5,30.8,34203713085.503414,69.83096498607158,975.8080413639783
2,340422.71999999916,186659.00999999998,63148.35739859958,29718.98239599999,1677.2179891999328,127601.55999999995,12717.669999999998,0,31912.0,14475.0,8862.6,6983.8,3377.7999999999997,9361.0,971.5,30.8,69930955169.69502,124.2064635281052,1162.4959281759764
3,352045.769999999,208815.95000000007,61714.7155472996,30417.125202000014,3184.0296163499615,130400.00999999992,13855.479999999961,0,31912.0,14475.0,8862.6,6983.8,3377.7999999999997,9361.0,971.5,30.8,112955599886.83127,127.70259795329339,1235.4785055780987
4,185389.1199999998,122459.50999999983,42596.7924979,19203.53245549997,3088.0070836499754,86523.99999999996,1010.7400000000017,0,31912.0,14475.0,8862.6,6983.8,3377.7999999999997,9361.0,971.5,30.8,102837322090.4559,38.87703677193092,676.7887492549816
5,366611.43999999895,200337.87,58887.31138679989,26992.800165999975,3136.1454216999764,123191.93999999993,14224.079999999964,0,31912.0,14475.0,8862.6,6983.8,3377.7999999999997,9361.0,971.5,30.8,162860927140.70227,126.50953811034573,1249.2400229222571
6,180945.28999999972,132314.16999999987,43850.63173479991,18606.79784999997,4352.079584399987,89110.98999999995,347.2599999999998,0,31912.0,14475.0,8862.6,6983.8,3377.7999999999997,9361.0,971.5,30.8,145874152137.7867,37.49311469125834,686.0004488896619
7,206287.60999999952,154206.86999999994,41342.304253399845,19876.53763999997,6954.921816449942,94583.72999999995,6191.509999999991,0,31912.0,14475.0,8862.6,6983.8,3377.7999999999997,9361.0,971.5,30.8,125865983641.1647,39.5892418462798,798.3493517042605
