,contributed_CCGT,contributed_Coal,contributed_Onshore,contributed_Offshore,contributed_PV,contributed_Nuclear,contributed_Recip_gas,contributed_Biomass,total_CCGT,total_Coal,total_Onshore,total_Offshore,total_PV,total_Nuclear,total_Recip_gas,Carbon_tax,total_genco_wealth,Electricity_cost,Carbon_emitted
0,402026.88999999827,161658.6999999999,58969.98275049963,35610.436359000116,3159.742551649937,57704.32999999994,14233.780000000008,0,31912.0,14475.0,8862.6,6983.8,3377.7999999999997,9361.0,971.5,30.8,15927839202.853088,71.45253455732269,1234.8444548425966
1,339957.6999999998,116850.2799999999,49975.35298619979,33389.32683400002,3120.0290967499723,34980.14000000001,10547.78000000001,0,31912.0,14475.0,8862.6,6983.8,3377.7999999999997,9361.0,971.5,30.8,14297427090.27912,54.329519557314505,997.7372010114395
2,408249.8199999982,159903.6999999999,53393.619842699685,32634.76172100003,1666.3685614499336,62184.759999999944,13057.169999999993,0,31912.0,14475.0,8862.6,6983.8,3377.7999999999997,9361.0,971.5,30.8,26962097174.884018,71.56287169719512,1239.9909209525977
3,425586.66999999795,160356.3299999999,62451.08179349968,34695.90432400007,3188.1947955499613,74096.35999999993,15052.459999999974,0,31912.0,14475.0,8862.6,6983.8,3377.7999999999997,9361.0,971.5,30.8,40642621467.24971,73.31407325731875,1279.0637028293372
4,245677.79000000018,76131.00999999997,39537.05331660001,27132.939455000007,3042.344918149978,28308.480000000007,1627.6600000000014,0,31912.0,14475.0,8862.6,6983.8,3377.7999999999997,9361.0,971.5,30.8,29346021412.114994,37.52526788979105,693.5998140719818
5,407659.1299999986,167954.0599999999,59723.11549519979,36384.55094600006,3131.1394060499756,74487.26999999992,14528.659999999976,0,31912.0,14475.0,8862.6,6983.8,3377.7999999999997,9361.0,971.5,30.8,50892716218.997345,74.62464755022104,1260.9239621558784
6,260606.75000000035,69207.31000000003,40512.08912979991,26054.708315999986,4350.0723667999855,28308.480000000007,2020.9950000000013,0,31912.0,14475.0,8862.6,6983.8,3377.7999999999997,9361.0,971.5,30.8,32183321810.86494,37.6400879282898,708.0730825893816
7,304065.1800000006,87798.11999999991,44514.660327999765,29282.22297000001,7198.466131049935,18872.320000000003,5498.444999999991,0,31912.0,14475.0,8862.6,6983.8,3377.7999999999997,9361.0,971.5,30.8,9310373886.25904,40.422248179311346,844.9308346017607
