,contributed_CCGT,contributed_Coal,contributed_Onshore,contributed_Offshore,contributed_PV,contributed_Nuclear,contributed_Recip_gas,contributed_Biomass,total_CCGT,total_Coal,total_Onshore,total_Offshore,total_PV,total_Nuclear,total_Recip_gas,Carbon_tax,total_genco_wealth,Electricity_cost,Carbon_emitted
0,360157.13999999873,250953.63999999996,22866.347806800037,29438.272591999987,3154.551064599939,94085.14999999997,13249.22999999999,0,31912.0,14475.0,8862.6,6983.8,3377.7999999999997,9361.0,971.5,30.8,30373755852.219395,144.1322030381558,1332.7790963687169
1,274368.9600000002,225294.57000000004,23413.300775600044,29595.668287999964,3121.7229002499776,78151.92999999998,6035.339999999997,0,31912.0,14475.0,8862.6,6983.8,3377.7999999999997,9361.0,971.5,30.8,24578223262.260754,54.95564887536593,1083.0326180688594
2,355988.8199999986,251801.25,21570.92251649998,29224.130127999983,1658.6901237499328,96386.95999999996,13268.62999999999,0,31912.0,14475.0,8862.6,6983.8,3377.7999999999997,9361.0,971.5,30.8,64116601019.80096,169.5555231735776,1326.248144027497
3,384908.77999999817,251222.23999999993,23221.047910500045,29656.706700000013,3187.751667399965,103337.97999999994,13251.169999999991,0,31912.0,14475.0,8862.6,6983.8,3377.7999999999997,9361.0,971.5,30.8,100759906633.82057,158.1557506157048,1383.6282172715164
4,154598.07000000024,214182.99,17056.21240609999,21655.910192999992,2603.510064849983,77912.33999999997,148.41000000000003,0,31912.0,14475.0,8862.6,6983.8,3377.7999999999997,9361.0,971.5,30.8,85920636744.95544,38.626681726848865,792.0628499200209
5,372046.0299999985,270428.85000000015,23464.752699000044,29595.668287999964,3122.2863189999775,94916.43999999996,13268.62999999999,0,31912.0,14475.0,8862.6,6983.8,3377.7999999999997,9361.0,971.5,30.8,142942323818.44586,159.69023396908884,1400.4098697122972
6,190375.3500000001,177822.85999999987,17492.624980000015,22289.884123999975,2664.179642599975,77211.99999999997,148.41000000000003,0,31912.0,14475.0,8862.6,6983.8,3377.7999999999997,9361.0,971.5,30.8,121217607351.44682,41.01715101429401,787.5839534382824
7,222564.69000000038,201889.46000000002,20031.017107,24023.2636525,7061.6816624999365,69682.85999999999,174.6,0,31912.0,14475.0,8862.6,6983.8,3377.7999999999997,9361.0,971.5,30.8,95045684474.07262,40.97495030058465,912.8223624450828
