,contributed_CCGT,contributed_Coal,contributed_Onshore,contributed_Offshore,contributed_PV,contributed_Nuclear,contributed_Recip_gas,contributed_Biomass,total_CCGT,total_Coal,total_Onshore,total_Offshore,total_PV,total_Nuclear,total_Recip_gas,Carbon_tax,total_genco_wealth,Electricity_cost,Carbon_emitted
0,322373.1899999997,255308.1199999999,54901.26226649985,25637.565608000004,3166.230469799936,98553.93999999992,11986.28999999999,0,31912.0,14475.0,8862.6,6983.8,3377.7999999999997,9361.0,971.5,30.8,98090997994.61609,312.0427266787861,1253.830548271759
1,238849.09000000017,239099.57000000007,51227.93346380005,24974.211273999972,3136.5696991499735,79068.57999999993,3625.859999999998,0,31912.0,14475.0,8862.6,6983.8,3377.7999999999997,9361.0,971.5,30.8,109134427779.56894,85.40892375463004,1028.5854675988605
2,310096.4699999997,274823.94,50685.1492736997,29714.566123000022,1668.406159749934,90790.05999999991,12303.47999999999,0,31912.0,14475.0,8862.6,6983.8,3377.7999999999997,9361.0,971.5,30.8,231686629040.08466,326.80305253865635,1273.1474737681185
3,363907.6299999991,242931.80999999988,59640.79390379952,25668.798600000006,3200.9973385499616,108387.79999999999,12482.929999999986,0,31912.0,14475.0,8862.6,6983.8,3377.7999999999997,9361.0,971.5,30.8,377606506511.22925,353.7548074659423,1312.8130466503792
4,159030.37999999998,184180.15000000002,40754.11333509997,19083.82051399997,3067.723294249976,68117.27999999996,324.9499999999998,0,31912.0,14475.0,8862.6,6983.8,3377.7999999999997,9361.0,971.5,30.8,366332576840.0958,34.58949389584355,734.4705382497
5,340488.96000000025,262877.0299999999,59479.32748069984,28437.597247999965,3141.5061834499747,107880.48999999993,12059.039999999986,0,31912.0,14475.0,8862.6,6983.8,3377.7999999999997,9361.0,971.5,30.8,579860356970.3665,340.02798753247134,1312.4627538679379
6,176863.56999999972,185898.36000000007,40685.25944679989,19067.75525399997,3213.6497508499783,64156.76999999996,323.0099999999998,0,31912.0,14475.0,8862.6,6983.8,3377.7999999999997,9361.0,971.5,30.8,562325827757.806,35.45704986686281,774.501986107279
7,184949.3299999998,220859.90999999983,42649.854815299834,21704.770478999995,5943.460428749976,70045.63999999996,356.9599999999998,0,31912.0,14475.0,8862.6,6983.8,3377.7999999999997,9361.0,971.5,30.8,540656697755.8466,37.05492996661228,869.1397591941806
