,contributed_CCGT,contributed_Coal,contributed_Onshore,contributed_Offshore,contributed_PV,contributed_Nuclear,contributed_Recip_gas,contributed_Biomass,total_CCGT,total_Coal,total_Onshore,total_Offshore,total_PV,total_Nuclear,total_Recip_gas,Carbon_tax,total_genco_wealth,Electricity_cost,Carbon_emitted
0,355681.4999999987,257106.16,22947.32579300002,29503.509319999983,3154.551064599939,93886.29999999996,13268.62999999999,0,31912.0,14475.0,8862.6,6983.8,3377.7999999999997,9361.0,971.5,30.8,30510407614.43983,144.32516480032862,1337.461649991677
1,278947.9200000001,222703.6199999999,23096.927205200023,29595.668287999964,3120.6670758999776,80406.20999999998,5357.794999999997,0,31912.0,14475.0,8862.6,6983.8,3377.7999999999997,9361.0,971.5,30.8,24867294755.150963,54.516352650098746,1085.2182595507606
2,355354.2199999987,254523.11999999994,21180.47630259991,29089.07022399998,1658.8659999499328,97426.79999999996,13271.53999999999,0,31912.0,14475.0,8862.6,6983.8,3377.7999999999997,9361.0,971.5,30.8,63864614588.48944,168.35885457872473,1329.1910492417567
3,381143.77999999817,255009.46999999994,23278.20383160005,29656.706700000013,3188.160174599965,104457.35999999994,13271.53999999999,0,31912.0,14475.0,8862.6,6983.8,3377.7999999999997,9361.0,971.5,30.8,100767364494.7229,158.64675144917393,1384.4774358190562
4,151259.40000000023,214848.90000000002,17423.345523600005,22253.431540999984,2741.1003961499837,76939.42999999998,174.6,0,31912.0,14475.0,8862.6,6983.8,3377.7999999999997,9361.0,971.5,30.8,85822046193.49234,37.714277419900675,786.8244257622013
5,363711.91999999864,270470.0600000001,23464.752699000044,29595.668287999964,3122.2863189999775,102244.78999999995,13269.59999999999,0,31912.0,14475.0,8862.6,6983.8,3377.7999999999997,9361.0,971.5,30.8,144095290562.16495,159.3363217592314,1383.5855514238763
6,196144.11000000013,162186.85999999987,19654.241956699956,25402.753142499987,4252.772543699981,75487.33999999997,183.32999999999998,0,31912.0,14475.0,8862.6,6983.8,3377.7999999999997,9361.0,971.5,30.8,123341738467.43623,43.03181662170194,768.7656653502822
7,218673.0300000003,189424.83000000002,24002.56553240003,29312.344810000006,6196.219299599964,77077.16999999998,183.32999999999998,0,31912.0,14475.0,8862.6,6983.8,3377.7999999999997,9361.0,971.5,30.8,98326771152.22748,42.801358587076436,877.1264640923426
