,contributed_CCGT,contributed_Coal,contributed_Onshore,contributed_Offshore,contributed_PV,contributed_Nuclear,contributed_Recip_gas,contributed_Biomass,total_CCGT,total_Coal,total_Onshore,total_Offshore,total_PV,total_Nuclear,total_Recip_gas,Carbon_tax,total_genco_wealth,Electricity_cost,Carbon_emitted
0,362736.01999999955,170073.28999999992,56030.26299809989,25672.83127999999,3170.111804849936,130085.72999999995,12876.265000000001,0,31912.0,14475.0,8862.6,6983.8,3377.7999999999997,9361.0,971.5,30.8,34671727622.861435,125.49874452803881,1171.1045325894163
1,287304.5599999998,137749.6399999998,47972.55223739978,23636.948185499965,3123.0396566999743,104913.25999999994,10283.940000000011,0,31912.0,14475.0,8862.6,6983.8,3377.7999999999997,9361.0,971.5,30.8,37790805311.57017,71.21966536929102,940.4476920367183
2,351350.89999999944,173915.9599999999,57270.48202849966,27292.934919999985,1675.1915680999327,128579.31999999993,13328.770000000006,0,31912.0,14475.0,8862.6,6983.8,3377.7999999999997,9361.0,971.5,30.8,72485467403.14218,125.4293617982778,1155.1229302920756
3,370126.7599999998,200230.39999999997,56063.99147919978,26971.979764000003,3197.713184449961,125698.41999999993,14120.289999999974,0,31912.0,14475.0,8862.6,6983.8,3377.7999999999997,9361.0,971.5,30.8,113300829789.8822,132.12060769507602,1254.7441604791966
4,208690.84999999977,98574.6299999999,38310.191680899945,19571.88181699997,3035.706158749978,83696.44999999995,856.5100000000015,0,31912.0,14475.0,8862.6,6983.8,3377.7999999999997,9361.0,971.5,30.8,100911610910.75848,38.30315327163506,669.3944601527409
5,381502.2599999987,175243.7899999999,56577.54119819999,31869.214585999973,3140.912375649975,137747.75999999995,13847.719999999974,0,31912.0,14475.0,8862.6,6983.8,3377.7999999999997,9361.0,971.5,30.8,163188012297.16287,130.9882273300119,1221.5280367984178
6,214230.52999999977,93681.20999999992,38510.554531699854,19174.698045999965,2965.921285999978,96092.07999999993,836.1400000000014,0,31912.0,14475.0,8862.6,6983.8,3377.7999999999997,9361.0,971.5,30.8,143479127402.57748,37.68382732213633,666.0879021715807
7,246655.09,107476.68999999989,38092.11983109976,19698.005146999967,7068.021289649938,96898.14999999995,8970.559999999994,0,31912.0,14475.0,8862.6,6983.8,3377.7999999999997,9361.0,971.5,30.8,121626827662.84868,43.16925528523617,782.9862664526199
