,contributed_CCGT,contributed_Coal,contributed_Onshore,contributed_Offshore,contributed_PV,contributed_Nuclear,contributed_Recip_gas,contributed_Biomass,total_CCGT,total_Coal,total_Onshore,total_Offshore,total_PV,total_Nuclear,total_Recip_gas,Carbon_tax,total_genco_wealth,Electricity_cost,Carbon_emitted
0,389044.7999999986,199309.61999999965,23300.55530880004,29579.745223999984,3154.551064599939,107387.72999999997,14103.314999999993,0,31912.0,14475.0,8862.6,6983.8,3377.7999999999997,9361.0,971.5,30.8,18327925201.588043,95.41125487883964,1273.3367957787593
1,313210.53999999975,175997.11999999994,23464.752699000044,29595.668287999964,3122.2863189999775,72109.79999999996,10121.950000000004,0,31912.0,14475.0,8862.6,6983.8,3377.7999999999997,9361.0,971.5,30.8,23256977482.832993,71.47665809459914,1059.14998211376
2,392056.0599999982,202403.34999999971,21601.84304159999,29224.130127999983,1658.9456695999324,113366.80999999998,15054.399999999981,0,31912.0,14475.0,8862.6,6983.8,3377.7999999999997,9361.0,971.5,30.8,41902600173.12715,104.27859778313926,1291.9224984232978
3,417311.65999999765,211135.81999999972,23278.20383160005,29656.706700000013,3188.160174599965,112451.12999999999,15712.059999999981,0,31912.0,14475.0,8862.6,6983.8,3377.7999999999997,9361.0,971.5,30.8,62453433368.85681,106.62708235042896,1362.8777819963577
4,238151.2100000003,106165.1500000001,22740.31121570003,29253.57081799997,3121.8702995499775,58870.26999999998,6479.599999999995,0,31912.0,14475.0,8862.6,6983.8,3377.7999999999997,9361.0,971.5,30.8,58744559904.3629,54.37825600432328,738.7896038396996
5,408964.9399999977,201842.7099999996,23464.752699000044,29595.668287999964,3122.2863189999775,126873.08999999998,15989.964999999978,0,31912.0,14475.0,8862.6,6983.8,3377.7999999999997,9361.0,971.5,30.8,90433884913.13503,105.01126051022511,1323.3513307985766
6,234458.21000000022,111022.14000000007,25929.567871900013,32071.424584999986,4474.444016699984,57973.019999999975,7536.414999999995,0,31912.0,14475.0,8862.6,6983.8,3377.7999999999997,9361.0,971.5,30.8,82338257968.76836,51.41804076114869,747.9148254217197
7,249039.13000000035,131216.07,33621.273935499936,38306.24775700007,7430.309491349933,62070.29999999995,9492.419999999987,0,31912.0,14475.0,8862.6,6983.8,3377.7999999999997,9361.0,971.5,30.8,76943772837.52187,56.684838875831865,825.3168085058588
