,contributed_CCGT,contributed_Coal,contributed_Onshore,contributed_Offshore,contributed_PV,contributed_Nuclear,contributed_Recip_gas,contributed_Biomass,total_CCGT,total_Coal,total_Onshore,total_Offshore,total_PV,total_Nuclear,total_Recip_gas,Carbon_tax,total_genco_wealth,Electricity_cost,Carbon_emitted
0,404475.25999999803,188495.81999999992,23300.55530880004,29579.745223999984,3154.551064599939,105181.95,15054.399999999981,0,31912.0,14475.0,8862.6,6983.8,3377.7999999999997,9361.0,971.5,30.8,17729577220.309383,94.05336254689932,1290.7316604363575
1,332323.18999999936,160768.71999999988,23464.752699000044,29595.668287999964,3122.2863189999775,71863.41999999995,10339.715000000006,0,31912.0,14475.0,8862.6,6983.8,3377.7999999999997,9361.0,971.5,30.8,22770551343.44298,71.31431079301167,1065.6387729405603
2,387982.4499999983,202861.93999999983,21601.84304159999,29224.130127999983,1658.9456695999324,116671.59999999998,14807.53499999998,0,31912.0,14475.0,8862.6,6983.8,3377.7999999999997,9361.0,971.5,30.8,41006063258.433075,102.90350520430678,1282.8993516221187
3,405214.8599999979,220626.19999999978,23278.20383160005,29656.706700000013,3188.160174599965,106491.44999999998,15021.419999999982,0,31912.0,14475.0,8862.6,6983.8,3377.7999999999997,9361.0,971.5,30.8,61679355413.93222,106.88343964003717,1359.1359247075982
4,237177.47000000026,125857.74999999997,22153.69891420003,28731.58628799997,3114.587247799977,46347.56999999999,1420.565000000001,0,31912.0,14475.0,8862.6,6983.8,3377.7999999999997,9361.0,971.5,30.8,55942660887.18949,50.794667836069124,775.1637291644998
5,409493.3799999979,215706.19999999972,23464.752699000044,29595.668287999964,3122.2863189999775,112492.83999999997,15049.54999999998,0,31912.0,14475.0,8862.6,6983.8,3377.7999999999997,9361.0,971.5,30.8,88655100129.3567,107.23159017756511,1358.1286157275981
6,232507.22000000035,118524.18000000005,25563.45590250002,31856.985454999984,4477.198216499983,54747.76999999998,5615.329999999996,0,31912.0,14475.0,8862.6,6983.8,3377.7999999999997,9361.0,971.5,30.8,79284923653.58961,49.79796543353985,755.4714611836393
7,244546.17000000033,145596.56999999995,33271.88344689992,37962.08711500006,7422.101189099931,52556.539999999986,9231.004999999988,0,31912.0,14475.0,8862.6,6983.8,3377.7999999999997,9361.0,971.5,30.8,70017459718.50314,53.135115167384754,845.4383358748586
