,contributed_CCGT,contributed_Coal,contributed_Onshore,contributed_Offshore,contributed_PV,contributed_Nuclear,contributed_Recip_gas,contributed_Biomass,total_CCGT,total_Coal,total_Onshore,total_Offshore,total_PV,total_Nuclear,total_Recip_gas,Carbon_tax,total_genco_wealth,Electricity_cost,Carbon_emitted
0,351089.77999999933,163381.75999999992,59591.51205469968,25608.871009999995,3171.7293125499355,133816.34999999995,12876.265,0,31912.0,14475.0,8862.6,6983.8,3377.7999999999997,9361.0,971.5,30.8,32796945513.274162,126.97798513162923,1132.5311987304776
1,283068.7699999999,134213.74999999985,53924.386508799886,26708.162641999974,3135.0281846999733,104886.09999999993,9915.339999999991,0,31912.0,14475.0,8862.6,6983.8,3377.7999999999997,9361.0,971.5,30.8,35788846100.260925,70.9835431076822,923.2580121424984
2,354096.4799999989,172931.60999999993,61149.259634499766,24041.306587000014,1667.9204351999344,132815.30999999994,12314.150000000007,0,31912.0,14475.0,8862.6,6983.8,3377.7999999999997,9361.0,971.5,30.8,68649796050.1634,123.95026957517325,1156.440302470776
3,388966.0599999988,195523.06999999995,59969.03515259946,27221.131488,3197.927896249961,116261.28999999992,14295.859999999977,0,31912.0,14475.0,8862.6,6983.8,3377.7999999999997,9361.0,971.5,30.8,109607625762.85426,131.47428445772465,1284.0218798318583
4,206415.4599999998,106223.85999999988,44965.70783509995,20092.571145499965,3090.3489799499753,78731.98999999996,236.6799999999999,0,31912.0,14475.0,8862.6,6983.8,3377.7999999999997,9361.0,971.5,30.8,97209368591.18896,38.91733620593313,676.9940503962811
5,350261.60999999975,187028.28999999995,61506.680442700024,31605.995596999976,3137.934963149976,146840.53999999998,13827.834999999981,0,31912.0,14475.0,8862.6,6983.8,3377.7999999999997,9361.0,971.5,30.8,157125422644.25043,129.55097372349132,1185.5465204794152
6,235896.00999999995,76547.76999999999,40295.890825299866,18530.388209999972,4351.692678899985,84371.56999999995,3146.1949999999933,0,31912.0,14475.0,8862.6,6983.8,3377.7999999999997,9361.0,971.5,30.8,138290938700.1499,39.81904862489122,679.0312635124606
7,253577.74999999994,102701.5799999999,44954.179569399785,22282.376844000006,7125.897834349937,85416.25999999995,8218.325,0,31912.0,14475.0,8862.6,6983.8,3377.7999999999997,9361.0,971.5,30.8,116029923706.44377,43.54099369207393,780.0840086188398
