,contributed_CCGT,contributed_Coal,contributed_Onshore,contributed_Offshore,contributed_PV,contributed_Nuclear,contributed_Recip_gas,contributed_Biomass,total_CCGT,total_Coal,total_Onshore,total_Offshore,total_PV,total_Nuclear,total_Recip_gas,Carbon_tax,total_genco_wealth,Electricity_cost,Carbon_emitted
0,351311.9599999985,258968.97999999998,23300.55530880004,29579.745223999984,3154.551064599939,96339.42999999996,13269.59999999999,0,31912.0,14475.0,8862.6,6983.8,3377.7999999999997,9361.0,971.5,30.8,31010535146.557186,147.48054520114036,1331.8259760340372
1,262078.98000000016,240626.45000000004,23418.05127300004,29595.668287999964,3121.018470099978,81549.83999999997,3657.385,0,31912.0,14475.0,8862.6,6983.8,3377.7999999999997,9361.0,971.5,30.8,25026964574.919792,54.72683541376146,1083.9131867070998
2,361140.2799999986,247124.83,21390.989931799926,29224.130127999983,1657.859040049933,99654.88999999996,13268.62999999999,0,31912.0,14475.0,8862.6,6983.8,3377.7999999999997,9361.0,971.5,30.8,63935443861.543816,167.30722016903755,1324.4695239123366
3,374349.6399999986,260252.31999999995,23269.996176600052,29656.706700000013,3187.2537992499647,105446.75999999994,13269.59999999999,0,31912.0,14475.0,8862.6,6983.8,3377.7999999999997,9361.0,971.5,30.8,101266956452.62497,157.7111303269615,1382.3802784233558
4,188420.1300000002,184491.5899999999,17562.533714200003,22535.744028999983,2603.510064849983,65910.52999999997,165.87,0,31912.0,14475.0,8862.6,6983.8,3377.7999999999997,9361.0,971.5,30.8,85717293598.42595,41.51700439356396,796.4465036628226
5,369423.02999999846,265856.58,23464.752699000044,29595.668287999964,3122.2863189999775,100955.65999999995,13269.59999999999,0,31912.0,14475.0,8862.6,6983.8,3377.7999999999997,9361.0,971.5,30.8,142685914971.09894,159.6235992066926,1384.884594678837
6,185193.39000000007,195789.15999999992,17606.849425200013,22280.88255099997,2963.667498499981,63485.52999999998,130.95000000000005,0,31912.0,14475.0,8862.6,6983.8,3377.7999999999997,9361.0,971.5,30.8,121447852140.08536,39.597576574375275,818.636968325682
7,206223.6900000005,209087.59999999992,21181.573508400048,25622.761476500007,6661.283563249941,73113.74999999999,200.78999999999996,0,31912.0,14475.0,8862.6,6983.8,3377.7999999999997,9361.0,971.5,30.8,95304468205.39706,42.40086518609581,894.8410436648035
