,contributed_CCGT,contributed_Coal,contributed_Onshore,contributed_Offshore,contributed_PV,contributed_Nuclear,contributed_Recip_gas,contributed_Biomass,total_CCGT,total_Coal,total_Onshore,total_Offshore,total_PV,total_Nuclear,total_Recip_gas,Carbon_tax,total_genco_wealth,Electricity_cost,Carbon_emitted
0,336216.2399999993,249185.31999999983,54087.508275699875,29207.187109999988,3168.671251699936,90486.44999999991,12600.29999999999,0,31912.0,14475.0,8862.6,6983.8,3377.7999999999997,9361.0,971.5,30.8,93032200233.27858,328.79498515394664,1267.1530563973577
1,234182.9100000002,244432.3799999999,49454.51770389988,24499.080376999962,3133.0948172499743,74089.56999999995,3717.0399999999972,0,31912.0,14475.0,8862.6,6983.8,3377.7999999999997,9361.0,971.5,30.8,101367693040.15996,86.01140447944022,1031.2922585272404
2,358055.02999999985,235339.34999999983,53189.017849399606,27481.374183999982,1674.7136555499326,81437.31999999992,12258.859999999991,0,31912.0,14475.0,8862.6,6983.8,3377.7999999999997,9361.0,971.5,30.8,219451672052.15738,345.90366999173943,1281.1726864912994
3,375552.6699999988,238498.63999999978,54975.59581089978,26633.01310000001,3176.4232293999607,106357.58999999998,13857.419999999978,0,31912.0,14475.0,8862.6,6983.8,3377.7999999999997,9361.0,971.5,30.8,369597959069.22955,357.1619442936532,1325.8061458787192
4,170660.22999999984,161351.08999999985,39229.069819399905,20164.26263899997,3034.1781688499786,79188.85999999993,359.8699999999998,0,31912.0,14475.0,8862.6,6983.8,3377.7999999999997,9361.0,971.5,30.8,356417499934.10364,35.76673130462958,707.2565122038203
5,366057.65999999957,250948.86999999982,54143.67973410003,26414.95971499999,3100.6796608499753,103587.26999999992,13020.309999999994,0,31912.0,14475.0,8862.6,6983.8,3377.7999999999997,9361.0,971.5,30.8,583049818900.3976,352.5136411983538,1336.1577406002589
6,198457.08999999965,156373.44999999992,38338.54517859981,18548.35137999997,4176.109363249982,64751.379999999954,356.9599999999998,0,31912.0,14475.0,8862.6,6983.8,3377.7999999999997,9361.0,971.5,30.8,563723346028.5326,38.184055376993236,752.9488122031013
7,222362.2800000001,166686.07999999984,43101.53835139985,22174.06704,6914.109672849939,75512.55999999994,1676.1600000000014,0,31912.0,14475.0,8862.6,6983.8,3377.7999999999997,9361.0,971.5,30.8,539838144642.88513,39.98179414492375,827.2131155398406
