,contributed_CCGT,contributed_Coal,contributed_Onshore,contributed_Offshore,contributed_PV,contributed_Nuclear,contributed_Recip_gas,contributed_Biomass,total_CCGT,total_Coal,total_Onshore,total_Offshore,total_PV,total_Nuclear,total_Recip_gas,Carbon_tax,total_genco_wealth,Electricity_cost,Carbon_emitted
0,359642.4699999984,256995.56,23133.49067620004,29579.745223999984,3154.551064599939,94100.66999999985,13271.53999999999,0,31912.0,14475.0,8862.6,6983.8,3377.7999999999997,9361.0,971.5,30.8,13183019078.339207,89.54856649021742,1344.3373640928787
1,257249.76000000007,249469.60999999996,23162.616303600036,29595.668287999964,3121.0118732499777,78011.27999999991,3705.885,0,31912.0,14475.0,8862.6,6983.8,3377.7999999999997,9361.0,971.5,30.8,7149383403.389671,55.13594055537876,1097.4959843247811
2,357753.6599999985,253480.85,19788.83450069983,27117.744756,1655.7083773999334,99096.16999999987,13269.59999999999,0,31912.0,14475.0,8862.6,6983.8,3377.7999999999997,9361.0,971.5,30.8,18612751838.55587,95.65094474340913,1333.5805944082986
3,376791.0299999985,255369.74,22668.345063000033,29580.470796000012,3184.496375649964,107014.27999999993,14143.569999999987,0,31912.0,14475.0,8862.6,6983.8,3377.7999999999997,9361.0,971.5,30.8,37974668206.268814,112.31452872793284,1378.2154799765178
4,177282.74000000017,198429.42999999985,16859.588206899978,21163.002692999988,2603.510064849983,67683.68999999994,174.6,0,31912.0,14475.0,8862.6,6983.8,3377.7999999999997,9361.0,971.5,30.8,24042242600.914387,40.317531296005704,803.9848128031438
5,365875.1499999985,268645.6900000001,23300.381407200035,29595.668287999964,3122.1122934999776,101368.87999999989,13260.86999999999,0,31912.0,14475.0,8862.6,6983.8,3377.7999999999997,9361.0,971.5,30.8,50865854311.75674,107.93700170596871,1383.8882908546177
6,164239.38000000006,217524.6100000002,18313.911816199983,23294.674091499972,4215.719141699981,63541.78999999995,209.51999999999995,0,31912.0,14475.0,8862.6,6983.8,3377.7999999999997,9361.0,971.5,30.8,27834123765.650208,38.857471179965636,819.2624563847843
7,219814.1800000002,201157.1699999999,20097.703957100002,24183.93819750001,7077.097287049934,74623.06999999992,165.87,0,31912.0,14475.0,8862.6,6983.8,3377.7999999999997,9361.0,971.5,30.8,1096534867.8200345,40.46436742344178,904.6629051236645
