,contributed_CCGT,contributed_Coal,contributed_Onshore,contributed_Offshore,contributed_PV,contributed_Nuclear,contributed_Recip_gas,contributed_Biomass,total_CCGT,total_Coal,total_Onshore,total_Offshore,total_PV,total_Nuclear,total_Recip_gas,Carbon_tax,total_genco_wealth,Electricity_cost,Carbon_emitted
0,338886.0899999995,286716.64000000025,52345.222667599635,22793.866923499994,3159.9074245499382,78143.19999999992,12330.154999999995,0,31912.0,14475.0,8862.6,6983.8,3377.7999999999997,9361.0,971.5,30.8,42134215595.08965,166.49343470712282,1355.7717699327193
1,240457.8999999996,274100.16000000015,46983.862839999834,22023.021324499972,3106.2288330999763,63356.51999999996,3099.149999999997,0,31912.0,14475.0,8862.6,6983.8,3377.7999999999997,9361.0,971.5,30.8,48284029599.43583,79.80768791257613,1106.2361990436755
2,324353.7399999999,271342.9800000002,51835.74499889942,27616.49576799999,1668.4289252499348,92706.77999999991,13149.31999999999,0,31912.0,14475.0,8862.6,6983.8,3377.7999999999997,9361.0,971.5,30.8,134836700349.51976,266.8173106993159,1295.9921702060387
3,356245.6999999992,272459.5800000002,56428.232512599505,23915.603183000003,3187.0512053999632,96520.8199999999,13039.709999999986,0,31912.0,14475.0,8862.6,6983.8,3377.7999999999997,9361.0,971.5,30.8,253382208673.62582,336.04988469526523,1361.8676693928378
4,150169.04999999976,207320.04000000012,37910.96568660002,18795.328256999972,2753.9157130499784,71814.91999999994,1270.7000000000007,0,31912.0,14475.0,8862.6,6983.8,3377.7999999999997,9361.0,971.5,30.8,237433877739.3155,27.572985211917228,770.0362151159188
5,341367.5899999994,280857.2200000002,56952.65823049974,30623.406943999973,3132.5295242999764,100460.95999999992,13001.879999999988,0,31912.0,14475.0,8862.6,6983.8,3377.7999999999997,9361.0,971.5,30.8,407617329466.1955,287.46432260623976,1349.0981186135566
6,147560.93999999977,220167.4600000001,35811.25677739995,17955.02699899998,4312.298102749983,69341.41999999994,1101.9200000000008,0,31912.0,14475.0,8862.6,6983.8,3377.7999999999997,9361.0,971.5,30.8,384727059111.00037,31.49736526138774,793.066835709079
7,171753.0,235951.2900000001,39710.222314399754,21767.615068999992,6071.027448349967,75279.75999999994,1104.8300000000006,0,31912.0,14475.0,8862.6,6983.8,3377.7999999999997,9361.0,971.5,30.8,356015307071.19464,32.900893619810226,877.4026315034167
