,contributed_CCGT,contributed_Coal,contributed_Onshore,contributed_Offshore,contributed_PV,contributed_Nuclear,contributed_Recip_gas,contributed_Biomass,total_CCGT,total_Coal,total_Onshore,total_Offshore,total_PV,total_Nuclear,total_Recip_gas,Carbon_tax,total_genco_wealth,Electricity_cost,Carbon_emitted
0,369039.85999999853,263553.35,23291.90125980004,29579.745223999984,3154.551064599939,71256.19999999998,13262.80999999999,0,31912.0,14475.0,8862.6,6983.8,3377.7999999999997,9361.0,971.5,30.8,37458243671.70171,171.6884857314259,1378.0293833832966
1,301410.0899999997,222081.17000000007,23321.404411200037,29595.668287999964,3122.0696975499777,55403.490000000005,5336.939999999998,0,31912.0,14475.0,8862.6,6983.8,3377.7999999999997,9361.0,971.5,30.8,35174877375.99773,66.04394863011971,1131.1863249956596
2,367988.30999999866,257105.37000000002,21283.667958099923,29224.130127999983,1658.0580300999327,76799.74999999997,13253.109999999991,0,31912.0,14475.0,8862.6,6983.8,3377.7999999999997,9361.0,971.5,30.8,78589423816.59813,180.21793346003378,1362.4112058872563
3,394043.5599999981,251016.8399999999,23226.465729100048,29656.706700000013,3187.892091749965,84793.51999999996,13388.90999999999,0,31912.0,14475.0,8862.6,6983.8,3377.7999999999997,9361.0,971.5,30.8,125541430912.95908,188.0437331811738,1401.9931037223166
4,218975.3100000004,173851.15999999995,17909.85684180001,22595.914957999987,3024.2444019499812,44904.20999999999,200.78999999999996,0,31912.0,14475.0,8862.6,6983.8,3377.7999999999997,9361.0,971.5,30.8,112327211926.65633,43.08656049352661,836.7913408416824
5,385927.05999999814,267831.99000000005,23464.752699000044,29595.668287999964,3122.2863189999775,77943.37999999998,13269.59999999999,0,31912.0,14475.0,8862.6,6983.8,3377.7999999999997,9361.0,971.5,30.8,197251476777.9437,209.22014435577452,1422.795701502017
6,172293.27000000022,219908.14,18309.9524702,23489.169329999968,3168.8072653999798,55334.62,157.14000000000001,0,31912.0,14475.0,8862.6,6983.8,3377.7999999999997,9361.0,971.5,30.8,174813246321.297,39.53646852073961,846.3219341597216
7,205896.69000000035,221016.14,28627.058690799935,34962.82414100004,7390.8360403999295,45841.229999999996,384.11999999999995,0,31912.0,14475.0,8862.6,6983.8,3377.7999999999997,9361.0,971.5,30.8,148794814066.8472,43.55785956385743,919.4127938637221
