,contributed_CCGT,contributed_Coal,contributed_Onshore,contributed_Offshore,contributed_PV,contributed_Nuclear,contributed_Recip_gas,contributed_Biomass,total_CCGT,total_Coal,total_Onshore,total_Offshore,total_PV,total_Nuclear,total_Recip_gas,Carbon_tax,total_genco_wealth,Electricity_cost,Carbon_emitted
0,365775.7399999989,164656.69000000006,59204.584476999655,33992.63245650006,3150.6574990999397,93311.08999999994,12120.149999999994,0,31912.0,14475.0,8862.6,6983.8,3377.7999999999997,9361.0,971.5,30.8,30676466719.562107,122.25902308572365,1163.6064506526184
1,304938.60000000003,130703.80999999998,55723.359557099684,34786.330290000034,3116.1995994999756,54858.349999999984,8537.939999999984,0,31912.0,14475.0,8862.6,6983.8,3377.7999999999997,9361.0,971.5,30.8,34032673817.996517,68.06703379185542,956.9783622663771
2,381619.8999999986,152380.38,59803.75100349958,33929.461798000106,1661.564714899932,88535.77999999994,12969.86999999999,0,31912.0,14475.0,8862.6,6983.8,3377.7999999999997,9361.0,971.5,30.8,69904495492.77977,123.2182684248899,1170.1489031512403
3,394829.35999999865,164256.0100000001,60984.86864199956,37440.68612400011,3184.415761099964,101172.93999999992,13577.089999999966,0,31912.0,14475.0,8862.6,6983.8,3377.7999999999997,9361.0,971.5,30.8,107797755059.4782,125.4761860359849,1218.7887205819823
4,200284.52000000002,93867.15999999993,43649.73502509991,27893.026177000007,2764.9147119499794,53800.07999999999,383.14999999999975,0,31912.0,14475.0,8862.6,6983.8,3377.7999999999997,9361.0,971.5,30.8,96064894085.65742,37.30192510183184,639.4941515896807
5,398757.199999998,164610.06000000014,63607.699414499846,37448.16102800005,3126.2949631499782,95166.69999999997,13679.424999999987,0,31912.0,14475.0,8862.6,6983.8,3377.7999999999997,9361.0,971.5,30.8,161636932467.04193,127.37931328313773,1233.6673022938812
6,210059.75999999983,111526.05999999998,41140.35747019981,26848.81297999999,2923.7019463999795,48470.899999999994,348.2299999999998,0,31912.0,14475.0,8862.6,6983.8,3377.7999999999997,9361.0,971.5,30.8,142461577469.59418,36.08097666281109,697.3951559718794
7,246290.37000000005,112118.23999999998,46784.720423799605,30728.65873200001,7195.290087849927,49316.73999999999,5687.10999999999,0,31912.0,14475.0,8862.6,6983.8,3377.7999999999997,9361.0,971.5,30.8,121187367449.16092,40.82856990028544,783.5274970595179
