,contributed_CCGT,contributed_Coal,contributed_Onshore,contributed_Offshore,contributed_PV,contributed_Nuclear,contributed_Recip_gas,contributed_Biomass,total_CCGT,total_Coal,total_Onshore,total_Offshore,total_PV,total_Nuclear,total_Recip_gas,Carbon_tax,total_genco_wealth,Electricity_cost,Carbon_emitted
0,345360.5200000003,269420.3,48626.258187599815,22784.393899999995,3159.646315999937,75449.50999999994,12009.569999999987,0,31912.0,14475.0,8862.6,6983.8,3377.7999999999997,9361.0,971.5,30.8,97629029824.93013,308.9309776463654,1330.8505167993983
1,244579.68000000017,238475.05999999988,49555.64787659987,27561.660691999972,3135.3728092999745,75638.65999999995,3669.509999999998,0,31912.0,14475.0,8862.6,6983.8,3377.7999999999997,9361.0,971.5,30.8,109288619696.22345,88.01409567082503,1036.645143793881
2,312813.76999999967,262442.93,52052.63744509957,29320.142920000013,1676.4990766999335,87985.78999999992,12351.009999999987,0,31912.0,14475.0,8862.6,6983.8,3377.7999999999997,9361.0,971.5,30.8,232646367867.8968,338.7694812270856,1253.4960377161392
3,348996.52999999997,261395.68999999992,52175.11020769971,26457.06560800002,3197.713184449961,112776.07999999997,12516.879999999985,0,31912.0,14475.0,8862.6,6983.8,3377.7999999999997,9361.0,971.5,30.8,379701269692.9924,349.6288151871916,1322.6312370546173
4,146056.94999999995,199777.96000000017,38010.168944599965,18951.54530699997,3084.167360249976,73704.47999999994,312.33999999999986,0,31912.0,14475.0,8862.6,6983.8,3377.7999999999997,9361.0,971.5,30.8,367816556781.45197,34.82828883084113,742.91379908808
5,330575.6399999998,259122.41999999987,56456.11146689989,28286.759185999967,3137.8600903999754,117719.20000000001,12419.879999999994,0,31912.0,14475.0,8862.6,6983.8,3377.7999999999997,9361.0,971.5,30.8,585921183479.7891,353.3388349304386,1275.241510223159
6,159714.83999999997,201142.48,36683.79045959985,17992.959301999974,2932.059816649978,65104.45999999996,348.2299999999998,0,31912.0,14475.0,8862.6,6983.8,3377.7999999999997,9361.0,971.5,30.8,567586211126.287,35.29964390376645,773.7569596870402
7,188513.21999999965,208167.5699999998,42116.89230199977,21704.770478999995,6088.874031249967,74341.76999999995,414.1899999999997,0,31912.0,14475.0,8862.6,6983.8,3377.7999999999997,9361.0,971.5,30.8,544863818320.2793,37.16865543203976,848.3105997428592
