,contributed_CCGT,contributed_Coal,contributed_Onshore,contributed_Offshore,contributed_PV,contributed_Nuclear,contributed_Recip_gas,contributed_Biomass,total_CCGT,total_Coal,total_Onshore,total_Offshore,total_PV,total_Nuclear,total_Recip_gas,Carbon_tax,total_genco_wealth,Electricity_cost,Carbon_emitted
0,406262.41999999766,216311.01999999984,23213.926393600035,29579.745223999984,3154.551064599939,76661.03999999998,13195.880000000003,0,31912.0,14475.0,8862.6,6983.8,3377.7999999999997,9361.0,971.5,30.8,38362420034.94742,172.73270621076554,1348.9630412859565
1,326922.7199999987,196321.38999999993,23464.752699000044,29595.668287999964,3122.2863189999775,55173.600000000006,6664.384999999997,0,31912.0,14475.0,8862.6,6983.8,3377.7999999999997,9361.0,971.5,30.8,38606956421.01782,77.42271121031315,1126.390225993221
2,401633.99999999773,219196.8899999998,21594.808698599987,29224.130127999983,1658.8830741499328,77990.90999999997,13094.03,0,31912.0,14475.0,8862.6,6983.8,3377.7999999999997,9361.0,971.5,30.8,82936428528.54443,188.92930610007213,1345.800117732215
3,424083.43999999773,225554.86999999997,23278.20383160005,29656.706700000013,3188.160174599965,81086.17999999998,13954.419999999995,0,31912.0,14475.0,8862.6,6983.8,3377.7999999999997,9361.0,971.5,30.8,141553077633.9816,223.5652723278439,1407.3062564882557
4,220539.65000000026,167164.06999999998,18103.48825150002,23403.921915999978,3085.0228625499776,48403.0,0.0,0,31912.0,14475.0,8862.6,6983.8,3377.7999999999997,9361.0,971.5,30.8,126954013227.786,41.08852133247882,822.6006100098627
5,429748.65999999776,224852.17999999985,23464.752699000044,29595.668287999964,3122.2863189999775,76421.44999999998,13076.570000000002,0,31912.0,14475.0,8862.6,6983.8,3377.7999999999997,9361.0,971.5,30.8,214211232525.57907,217.51355240857603,1415.4566365276364
6,242554.61000000028,154447.16999999993,17363.0504109,22127.61482349997,2961.777834299981,55173.600000000006,0.0,0,31912.0,14475.0,8862.6,6983.8,3377.7999999999997,9361.0,971.5,30.8,192116978180.83902,41.60590172165305,838.1791826236623
7,270758.78,160939.51999999976,23875.07405770006,28909.2917205,7316.723783799925,55173.600000000006,0.0,0,31912.0,14475.0,8862.6,6983.8,3377.7999999999997,9361.0,971.5,30.8,165687080961.6118,43.53401596043049,918.926312928962
