,contributed_CCGT,contributed_Coal,contributed_Onshore,contributed_Offshore,contributed_PV,contributed_Nuclear,contributed_Recip_gas,contributed_Biomass,total_CCGT,total_Coal,total_Onshore,total_Offshore,total_PV,total_Nuclear,total_Recip_gas,Carbon_tax,total_genco_wealth,Electricity_cost,Carbon_emitted
0,348213.5099999991,279060.9700000002,47536.46954109972,24275.175300000006,3149.664556249939,81797.18999999992,11906.749999999995,0,31912.0,14475.0,8862.6,6983.8,3377.7999999999997,9361.0,971.5,30.8,42855814226.7444,154.97271558746604,1354.4011536560583
1,261456.06000000003,234239.42000000027,47098.54754049976,23542.454316999956,3112.2504315499764,76606.71999999993,3728.194999999998,0,31912.0,14475.0,8862.6,6983.8,3377.7999999999997,9361.0,971.5,30.8,51799084991.47826,81.68572006489408,1063.7460083991577
2,345698.2099999994,269588.1100000002,45010.03749469959,23962.24830200001,1651.2169704999362,87471.68999999993,12537.249999999995,0,31912.0,14475.0,8862.6,6983.8,3377.7999999999997,9361.0,971.5,30.8,123183780726.7649,223.00031304003824,1332.9816687977766
3,355140.62999999925,271704.36000000016,56110.70456459964,27210.089219999998,3185.198895099963,93430.3999999999,13381.149999999989,0,31912.0,14475.0,8862.6,6983.8,3377.7999999999997,9361.0,971.5,30.8,223509937516.3273,283.1802861907992,1362.129474415277
4,142033.0999999999,219026.58000000022,37398.90210460004,18450.52203299998,3057.090668549977,67023.11999999995,1213.4700000000007,0,31912.0,14475.0,8862.6,6983.8,3377.7999999999997,9361.0,971.5,30.8,208534456007.81912,26.925463072970143,779.5260096588391
5,365744.8399999994,284558.39000000013,51919.66454889971,26590.514083999984,3115.0321828999768,84643.16999999991,12779.26499999999,0,31912.0,14475.0,8862.6,6983.8,3377.7999999999997,9361.0,971.5,30.8,354210871374.60077,266.24116530504347,1406.3908109992167
6,154231.62999999992,215583.08000000022,38042.88093359992,18207.379925999976,3215.2708134499762,58995.399999999965,1173.7000000000007,0,31912.0,14475.0,8862.6,6983.8,3377.7999999999997,9361.0,971.5,30.8,330749492213.30914,28.063286003732788,796.524473445838
7,189295.18000000002,233591.69000000012,39166.16830699981,19035.30334899997,7001.929404449941,65797.03999999995,1422.020000000001,0,31912.0,14475.0,8862.6,6983.8,3377.7999999999997,9361.0,971.5,30.8,303587119296.3526,31.322824500461497,908.3919458826177
