,contributed_CCGT,contributed_Coal,contributed_Onshore,contributed_Offshore,contributed_PV,contributed_Nuclear,contributed_Recip_gas,contributed_Biomass,total_CCGT,total_Coal,total_Onshore,total_Offshore,total_PV,total_Nuclear,total_Recip_gas,Carbon_tax,total_genco_wealth,Electricity_cost,Carbon_emitted
0,377268.5099999984,219719.87999999966,23300.55530880004,29579.745223999984,3154.551064599939,102223.45,14963.219999999978,0,31912.0,14475.0,8862.6,6983.8,3377.7999999999997,9361.0,971.5,30.8,27583478999.486553,139.41462898071094,1301.299627572235
1,326149.96999999974,201865.5399999999,23464.752699000044,29595.668287999964,3122.2863189999775,38506.08999999997,12290.38500000001,0,31912.0,14475.0,8862.6,6983.8,3377.7999999999997,9361.0,971.5,30.8,32379752910.490158,88.79668240133708,1152.3102074349185
2,386852.9999999983,208866.69999999963,21601.84304159999,29224.130127999983,1658.9456695999324,103599.87999999999,14963.219999999978,0,31912.0,14475.0,8862.6,6983.8,3377.7999999999997,9361.0,971.5,30.8,61702243696.38082,147.19911650580235,1297.4625478065946
3,434657.99999999744,217646.11999999968,23278.20383160005,29656.706700000013,3188.160174599965,81640.04999999993,15146.549999999977,0,31912.0,14475.0,8862.6,6983.8,3377.7999999999997,9361.0,971.5,30.8,93283742053.51218,150.19009970269397,1414.5164476157559
4,233114.1800000002,156575.09999999995,21484.12619869999,28256.646175999973,3116.859031799977,24700.079999999987,9651.984999999991,0,31912.0,14475.0,8862.6,6983.8,3377.7999999999997,9361.0,971.5,30.8,82056993782.86032,51.723428207792004,856.0592251398007
5,412437.0299999978,245687.18999999968,23464.752699000044,29595.668287999964,3122.2863189999775,76630.96999999994,15059.249999999973,0,31912.0,14475.0,8862.6,6983.8,3377.7999999999997,9361.0,971.5,30.8,132681433548.35689,149.41144738544122,1431.7542373516164
6,244670.2400000003,152143.19999999995,20706.38526209995,26579.807208499984,4423.484116599981,24700.079999999987,10039.985000000004,0,31912.0,14475.0,8862.6,6983.8,3377.7999999999997,9361.0,971.5,30.8,115101244624.3115,50.07256605977309,870.4163341435992
7,270722.94000000035,164759.49999999994,28441.855795399948,33703.35935150003,7381.89723899993,24700.079999999987,10277.635000000011,0,31912.0,14475.0,8862.6,6983.8,3377.7999999999997,9361.0,971.5,30.8,97691802994.0741,54.094439194608675,951.9377312309994
