,contributed_CCGT,contributed_Coal,contributed_Onshore,contributed_Offshore,contributed_PV,contributed_Nuclear,contributed_Recip_gas,contributed_Biomass,total_CCGT,total_Coal,total_Onshore,total_Offshore,total_PV,total_Nuclear,total_Recip_gas,Carbon_tax,total_genco_wealth,Electricity_cost,Carbon_emitted
0,365332.8699999985,262809.17,23293.520965800042,29579.745223999984,3154.551064599939,75810.34999999998,13268.62999999999,0,31912.0,14475.0,8862.6,6983.8,3377.7999999999997,9361.0,971.5,30.8,37765677856.60969,170.5715814026627,1368.8554465196567
1,276917.7000000002,247197.54000000007,23436.89058390004,29595.668287999964,3122.2863189999775,56547.12,4008.0400000000004,0,31912.0,14475.0,8862.6,6983.8,3377.7999999999997,9361.0,971.5,30.8,35059580023.85291,67.26896341911394,1132.965384720919
2,367519.2399999986,258728.81999999995,21455.186549399943,29224.130127999983,1658.4236129999326,76841.45999999998,13269.59999999999,0,31912.0,14475.0,8862.6,6983.8,3377.7999999999997,9361.0,971.5,30.8,77517546826.02905,179.5510782919464,1365.1150315703562
3,383787.2199999983,258269.83000000002,23277.03051960005,29656.706700000013,3187.2537992499647,87666.65999999996,14875.919999999984,0,31912.0,14475.0,8862.6,6983.8,3377.7999999999997,9361.0,971.5,30.8,125080627725.6963,187.35773490745865,1400.375671202337
4,188454.87000000023,203495.10000000006,17774.555567300005,22816.338774499978,3060.2440989499783,48266.229999999996,157.14000000000001,0,31912.0,14475.0,8862.6,6983.8,3377.7999999999997,9361.0,971.5,30.8,110662848165.80962,40.25624677968069,837.0553588098009
5,388882.9399999981,261325.54999999993,23464.752699000044,29595.668287999964,3122.2863189999775,78764.96999999997,13443.22999999999,0,31912.0,14475.0,8862.6,6983.8,3377.7999999999997,9361.0,971.5,30.8,192533752059.40237,205.05506347459513,1414.6301495988967
6,170715.93000000017,226433.46,18671.012757199984,24149.412537499982,3194.3412737999797,44628.729999999996,139.68000000000004,0,31912.0,14475.0,8862.6,6983.8,3377.7999999999997,9361.0,971.5,30.8,169115145168.88205,39.243144487731996,852.100058077082
7,221021.7900000003,219268.28000000003,23807.84653930006,29476.896969999994,7167.15622954993,48472.84,157.14000000000001,0,31912.0,14475.0,8862.6,6983.8,3377.7999999999997,9361.0,971.5,30.8,142392635929.1593,41.90469792924542,945.7085964754418
