,contributed_CCGT,contributed_Coal,contributed_Onshore,contributed_Offshore,contributed_PV,contributed_Nuclear,contributed_Recip_gas,contributed_Biomass,total_CCGT,total_Coal,total_Onshore,total_Offshore,total_PV,total_Nuclear,total_Recip_gas,Carbon_tax,total_genco_wealth,Electricity_cost,Carbon_emitted
0,407487.31999999756,206843.65999999974,22616.289605600043,29423.653687999984,3154.551064599939,95500.37999999987,13288.999999999995,0,31912.0,14475.0,8862.6,6983.8,3377.7999999999997,9361.0,971.5,30.8,12423383751.054008,88.05285369364384,1329.5890040366774
1,315726.23999999906,186328.1199999998,22979.614173300022,29519.432383999963,3120.710537499978,78011.27999999991,6255.5299999999925,0,31912.0,14475.0,8862.6,6983.8,3377.7999999999997,9361.0,971.5,30.8,6657954319.668855,55.07288344998883,1081.4093932517628
2,405229.9999999976,208646.59999999983,20496.57362189986,29020.760511999983,1657.0633683999326,95668.18999999987,13289.969999999996,0,31912.0,14475.0,8862.6,6983.8,3377.7999999999997,9361.0,971.5,30.8,17674998142.807354,94.85562290085585,1329.9558599267962
3,416033.95999999787,216682.85999999984,22477.59332139997,29618.293260000013,3183.8197855999642,104761.93999999992,14026.68499999999,0,31912.0,14475.0,8862.6,6983.8,3377.7999999999997,9361.0,971.5,30.8,35132676763.10025,106.94997349115506,1371.3155246682759
4,231156.88000000027,141318.2099999999,17234.33751220001,21765.481758499987,3097.105406249977,66351.87999999995,180.41999999999996,0,31912.0,14475.0,8862.6,6983.8,3377.7999999999997,9361.0,971.5,30.8,20875413888.77996,40.200464722385526,785.9232695175831
5,421727.4799999977,213374.20999999988,23240.916507800037,29595.668287999964,3122.2863189999775,101203.9799999999,13289.969999999996,0,31912.0,14475.0,8862.6,6983.8,3377.7999999999997,9361.0,971.5,30.8,45487539737.68789,105.26900269752348,1373.9949238255767
6,219966.25000000032,164971.39999999994,16767.2132251,21003.43055649997,4108.214207499977,64971.569999999934,217.27999999999994,0,31912.0,14475.0,8862.6,6983.8,3377.7999999999997,9361.0,971.5,30.8,22581196484.852245,38.11753730973935,816.0135875972028
7,255831.2600000002,171586.03999999986,20199.7429034,24326.16495850001,7285.132285049927,71673.29999999993,231.82999999999993,0,31912.0,14475.0,8862.6,6983.8,3377.7999999999997,9361.0,971.5,30.8,-4250646035.835785,40.58888686340943,911.9737256639223
