,contributed_CCGT,contributed_Coal,contributed_Onshore,contributed_Offshore,contributed_PV,contributed_Nuclear,contributed_Recip_gas,contributed_Biomass,total_CCGT,total_Coal,total_Onshore,total_Offshore,total_PV,total_Nuclear,total_Recip_gas,Carbon_tax,total_genco_wealth,Electricity_cost,Carbon_emitted
0,360330.7599999986,267254.50000000006,23081.708205900042,29579.745223999984,3154.551064599939,75348.62999999998,13251.169999999991,0,31912.0,14475.0,8862.6,6983.8,3377.7999999999997,9361.0,971.5,30.8,36922896934.55968,166.58107722158047,1368.5850198909964
1,277737.60000000015,244782.1600000001,23392.464341400042,29595.668287999964,3121.6249922499774,56547.12,5522.694999999998,0,31912.0,14475.0,8862.6,6983.8,3377.7999999999997,9361.0,971.5,30.8,33494861140.63043,64.63283127696428,1133.2862366296788
2,369070.3399999986,258430.32999999993,21148.022828299898,29224.130127999983,1657.201902249933,74685.14999999998,13259.89999999999,0,31912.0,14475.0,8862.6,6983.8,3377.7999999999997,9361.0,971.5,30.8,76106078055.77066,180.000050772227,1367.578023581336
3,383167.2399999982,263489.36,23222.969868500048,29656.706700000013,3185.9006191499643,82633.32999999996,13270.56999999999,0,31912.0,14475.0,8862.6,6983.8,3377.7999999999997,9361.0,971.5,30.8,122698322310.86336,186.0958697543085,1407.5051001052757
4,170263.26000000018,224212.28000000014,17485.07873890001,22406.387658999985,3024.2444019499812,48059.62,148.41000000000003,0,31912.0,14475.0,8862.6,6983.8,3377.7999999999997,9361.0,971.5,30.8,107469106524.34686,39.717986400723625,846.2897329474424
5,385675.33999999816,265194.97000000003,23464.752699000044,29595.668287999964,3122.2863189999775,79889.19999999998,13268.62999999999,0,31912.0,14475.0,8862.6,6983.8,3377.7999999999997,9361.0,971.5,30.8,191156813925.5362,206.23965704016962,1416.398499648056
6,219701.0400000003,167970.5499999999,17416.29301250001,22194.395111499973,2963.667498499981,56547.12,888.0350000000003,0,31912.0,14475.0,8862.6,6983.8,3377.7999999999997,9361.0,971.5,30.8,169967687831.22934,41.452327752735336,832.7708380589008
7,209868.60000000027,219652.88000000012,25846.328825400018,31164.55317899999,7363.018755749924,49547.6,174.6,0,31912.0,14475.0,8862.6,6983.8,3377.7999999999997,9361.0,971.5,30.8,143409887718.73352,43.343741883928146,924.9326396062422
