,contributed_CCGT,contributed_Coal,contributed_Onshore,contributed_Offshore,contributed_PV,contributed_Nuclear,contributed_Recip_gas,contributed_Biomass,total_CCGT,total_Coal,total_Onshore,total_Offshore,total_PV,total_Nuclear,total_Recip_gas,Carbon_tax,total_genco_wealth,Electricity_cost,Carbon_emitted
0,358651.8999999985,253986.5799999999,23300.55530880004,29579.745223999984,3154.551064599939,95180.27999999997,13259.89999999999,0,31912.0,14475.0,8862.6,6983.8,3377.7999999999997,9361.0,971.5,30.8,30601713102.815937,146.39969756933374,1335.5886458388375
1,258695.31000000017,241290.09000000008,23464.752699000044,29595.668287999964,3122.2863189999775,81549.83999999997,3657.385,0,31912.0,14475.0,8862.6,6983.8,3377.7999999999997,9361.0,971.5,30.8,25915231294.199062,59.16843679873872,1083.0044009358203
2,347657.8699999992,260457.33999999997,21561.46123349998,29224.130127999983,1658.8131355999326,97417.09999999996,13269.59999999999,0,31912.0,14475.0,8862.6,6983.8,3377.7999999999997,9361.0,971.5,30.8,66646768097.46483,170.05128904382013,1326.8523368613164
3,379506.9599999984,255206.99999999997,23276.36878560005,29656.706700000013,3187.892091749965,103065.40999999995,13562.53999999999,0,31912.0,14475.0,8862.6,6983.8,3377.7999999999997,9361.0,971.5,30.8,104745052259.7151,159.65768002052414,1382.1861892659965
4,177610.38000000024,197953.14999999985,17396.467609300005,22279.60388899998,2874.6311871499825,63243.029999999984,157.14000000000001,0,31912.0,14475.0,8862.6,6983.8,3377.7999999999997,9361.0,971.5,30.8,90640489653.38448,39.76192578728999,802.6275382837023
5,376680.4999999984,261362.9399999999,23464.752699000044,29595.668287999964,3122.2863189999775,99849.85999999996,13268.62999999999,0,31912.0,14475.0,8862.6,6983.8,3377.7999999999997,9361.0,971.5,30.8,145867545631.45718,157.80434499765863,1389.5881903701165
6,156542.4900000003,217665.69999999998,17535.17346740001,22266.089806499975,2962.914024799981,72502.64999999997,174.6,0,31912.0,14475.0,8862.6,6983.8,3377.7999999999997,9361.0,971.5,30.8,123193603472.91264,38.92543305406885,803.8345003486012
7,204658.89000000036,205426.83,23522.066458500034,28596.925935,7176.9690886999315,76340.93999999997,209.51999999999995,0,31912.0,14475.0,8862.6,6983.8,3377.7999999999997,9361.0,971.5,30.8,96818224826.62053,40.266798645776646,882.636626708343
