,contributed_CCGT,contributed_Coal,contributed_Onshore,contributed_Offshore,contributed_PV,contributed_Nuclear,contributed_Recip_gas,contributed_Biomass,total_CCGT,total_Coal,total_Onshore,total_Offshore,total_PV,total_Nuclear,total_Recip_gas,Carbon_tax,total_genco_wealth,Electricity_cost,Carbon_emitted
0,388284.92999999895,142267.61000000004,57442.651935999675,34471.232855500064,3145.71144054994,94355.77999999996,13328.769999999988,0,31912.0,14475.0,8862.6,6983.8,3377.7999999999997,9361.0,971.5,30.8,25242850734.32706,105.97026137079001,1154.7058966187815
1,289487.3500000005,123949.67999999998,51845.03920909978,33157.68807400001,3097.4863167499775,76877.34999999998,7932.174999999986,0,31912.0,14475.0,8862.6,6983.8,3377.7999999999997,9361.0,971.5,30.8,21493920068.558334,55.12246853273411,908.082799962637
2,367139.7699999989,165060.3300000001,54356.24365229962,30620.45898200002,1646.8936331999353,103020.78999999995,12799.14999999999,0,31912.0,14475.0,8862.6,6983.8,3377.7999999999997,9361.0,971.5,30.8,41717384128.373184,104.638639368836,1163.9758527213412
3,393254.66999999876,158115.98000000013,56943.63690069948,34903.67308600005,3171.3724649499654,111450.08999999992,14707.139999999983,0,31912.0,14475.0,8862.6,6983.8,3377.7999999999997,9361.0,971.5,30.8,68941585632.16968,106.93216998838675,1210.0925507200393
4,181420.49000000017,98074.90999999989,39401.044475599934,25862.634583500003,2581.0070652499844,79262.57999999997,1067.9700000000007,0,31912.0,14475.0,8862.6,6983.8,3377.7999999999997,9361.0,971.5,30.8,54417281500.69278,33.69446030701334,607.0176318241797
5,394287.099999999,162589.69000000006,61526.1675583998,36050.634731000064,3111.0856080999797,105138.29999999994,14849.24499999998,0,31912.0,14475.0,8862.6,6983.8,3377.7999999999997,9361.0,971.5,30.8,95553180465.31885,106.93351233949677,1217.7336443166207
6,206778.6300000003,98101.50999999988,39265.01372229982,24687.92277799998,4186.004949249978,64425.45999999997,1212.5000000000007,0,31912.0,14475.0,8862.6,6983.8,3377.7999999999997,9361.0,971.5,30.8,73561179125.63509,35.329142581866286,661.3047464709788
7,245843.46000000014,98060.85999999988,45490.346836599616,29740.74415000001,7056.576645849933,65467.23999999997,2740.2499999999964,0,31912.0,14475.0,8862.6,6983.8,3377.7999999999997,9361.0,971.5,30.8,47352716992.78177,39.22712961201005,744.0418646622784
