,contributed_CCGT,contributed_Coal,contributed_Onshore,contributed_Offshore,contributed_PV,contributed_Nuclear,contributed_Recip_gas,contributed_Biomass,total_CCGT,total_Coal,total_Onshore,total_Offshore,total_PV,total_Nuclear,total_Recip_gas,Carbon_tax,total_genco_wealth,Electricity_cost,Carbon_emitted
0,370352.53999999864,256217.40999999995,23153.223260100043,29579.745223999984,3154.551064599939,78073.35999999997,13251.169999999991,0,31912.0,14475.0,8862.6,6983.8,3377.7999999999997,9361.0,971.5,30.8,38779490745.64881,171.2341306393852,1365.225262419177
1,284941.1400000001,236518.53000000017,23452.794315900042,29595.668287999964,3122.211992499978,56547.12,7676.579999999988,0,31912.0,14475.0,8862.6,6983.8,3377.7999999999997,9361.0,971.5,30.8,36806108370.775955,66.5353261341176,1133.7951522449393
2,372938.0599999985,251927.3,20952.932024499878,29224.130127999983,1657.6315730999327,77887.11999999997,13244.379999999992,0,31912.0,14475.0,8862.6,6983.8,3377.7999999999997,9361.0,971.5,30.8,80262624850.12671,181.22414988067612,1360.8871414453968
3,383245.9899999983,261864.33,23278.20383160005,29656.706700000013,3188.160174599965,83364.70999999996,13388.90999999999,0,31912.0,14475.0,8862.6,6983.8,3377.7999999999997,9361.0,971.5,30.8,128937567928.54858,190.32685486881576,1404.279104113337
4,150950.73000000024,233093.20999999996,17655.25303630001,22620.135065499984,2753.12327964998,54122.12,192.05999999999997,0,31912.0,14475.0,8862.6,6983.8,3377.7999999999997,9361.0,971.5,30.8,114061290372.1046,39.386005767280864,827.9149656675819
5,379251.3799999982,274586.49000000017,23464.752699000044,29595.668287999964,3122.2863189999775,76743.48999999998,13268.62999999999,0,31912.0,14475.0,8862.6,6983.8,3377.7999999999997,9361.0,971.5,30.8,196322265495.43228,206.2502967219926,1424.3140797930162
6,191069.04,198242.42000000022,18831.806853899994,24208.61723099998,3489.4103346999746,48335.1,148.41000000000003,0,31912.0,14475.0,8862.6,6983.8,3377.7999999999997,9361.0,971.5,30.8,175578823140.64343,42.09558369197552,836.074181083162
7,221900.58000000037,210172.86999999994,24383.20678260005,30100.155917499993,7343.887622099925,51697.12,209.51999999999995,0,31912.0,14475.0,8862.6,6983.8,3377.7999999999997,9361.0,971.5,30.8,150142036144.96686,42.8689576298201,927.3978112522617
