,contributed_CCGT,contributed_Coal,contributed_Onshore,contributed_Offshore,contributed_PV,contributed_Nuclear,contributed_Recip_gas,contributed_Biomass,total_CCGT,total_Coal,total_Onshore,total_Offshore,total_PV,total_Nuclear,total_Recip_gas,Carbon_tax,total_genco_wealth,Electricity_cost,Carbon_emitted
0,367051.0199999986,261709.49,23298.29773080004,29579.745223999984,3154.551064599939,75584.33999999998,13267.659999999989,0,31912.0,14475.0,8862.6,6983.8,3377.7999999999997,9361.0,971.5,30.8,38420932980.94291,171.1313595262993,1370.8116678470167
1,285053.13000000006,236122.97000000006,23464.752699000044,29595.668287999964,3122.2077239499777,56547.12,7069.359999999986,0,31912.0,14475.0,8862.6,6983.8,3377.7999999999997,9361.0,971.5,30.8,36201549362.925064,67.43018482716919,1131.9071835520588
2,372008.0299999986,255903.77999999994,21557.959659599976,29224.130127999983,1658.7996732499328,74221.48999999999,13259.89999999999,0,31912.0,14475.0,8862.6,6983.8,3377.7999999999997,9361.0,971.5,30.8,78733593180.81958,180.2164198551446,1367.9037956644365
3,384325.0599999982,258732.10999999996,23278.20383160005,29656.706700000013,3188.160174599965,87721.94999999995,13970.909999999987,0,31912.0,14475.0,8862.6,6983.8,3377.7999999999997,9361.0,971.5,30.8,126416803061.69836,188.43302665098645,1400.6618467697765
4,188193.60000000027,199114.18999999986,18932.790643900018,23781.07754949998,3075.957407599978,50760.1,183.32999999999998,0,31912.0,14475.0,8862.6,6983.8,3377.7999999999997,9361.0,971.5,30.8,112209651670.86192,41.02373076025719,826.7553829176214
5,374172.51999999845,275226.3900000002,23464.752699000044,29595.668287999964,3122.2863189999775,81152.13999999996,13268.62999999999,0,31912.0,14475.0,8862.6,6983.8,3377.7999999999997,9361.0,971.5,30.8,194540026382.37637,204.5017359197975,1415.431865573216
6,185730.6900000002,211089.22999999995,17269.2610721,21734.793433499974,3182.899490199979,49478.729999999996,192.05999999999997,0,31912.0,14475.0,8862.6,6983.8,3377.7999999999997,9361.0,971.5,30.8,172221036535.2474,40.82323851013815,849.6074862235413
7,232821.7800000004,197860.96999999988,26953.401969800012,33244.60306900001,7374.713070349929,48059.62,183.32999999999998,0,31912.0,14475.0,8862.6,6983.8,3377.7999999999997,9361.0,971.5,30.8,146796116076.31012,44.13941689138568,924.7200221960621
