,contributed_CCGT,contributed_Coal,contributed_Onshore,contributed_Offshore,contributed_PV,contributed_Nuclear,contributed_Recip_gas,contributed_Biomass,total_CCGT,total_Coal,total_Onshore,total_Offshore,total_PV,total_Nuclear,total_Recip_gas,Carbon_tax,total_genco_wealth,Electricity_cost,Carbon_emitted
0,340272.4499999989,209787.96000000005,52334.68793409982,25103.436967999998,3166.2383098999367,116710.39999999994,12707.969999999994,0,31912.0,14475.0,8862.6,6983.8,3377.7999999999997,9361.0,971.5,30.8,32620387489.976967,122.29920548106695,1213.7810818480802
1,272216.51000000036,167318.3499999999,49971.50758609994,25889.391031999963,3138.0989633999743,103956.83999999994,8393.894999999986,0,31912.0,14475.0,8862.6,6983.8,3377.7999999999997,9361.0,971.5,30.8,36243298440.235245,70.0890741472634,969.5987995432985
2,340708.7999999982,210850.6500000001,53176.6582354997,25799.880435999985,1675.489172099933,126163.04999999992,12318.99999999999,0,31912.0,14475.0,8862.6,6983.8,3377.7999999999997,9361.0,971.5,30.8,71542509055.41563,124.0478993144987,1213.8856275886963
3,360169.1199999978,200510.54000000004,57348.78187379959,23517.832754999996,3182.950187249962,136621.5899999999,14286.159999999973,0,31912.0,14475.0,8862.6,6983.8,3377.7999999999997,9361.0,971.5,30.8,113220941643.07542,126.17444681913803,1233.1290512149164
4,180499.45,126056.11999999986,36794.83467250011,18809.14095299997,2762.770565149977,100718.97999999994,347.2599999999998,0,31912.0,14475.0,8862.6,6983.8,3377.7999999999997,9361.0,971.5,30.8,102208302352.88875,37.39745768262458,669.8553140757617
5,353175.33999999834,211271.09000000008,57415.87373769989,27311.167801999964,3137.9826279999756,133658.23999999996,13194.42499999999,0,31912.0,14475.0,8862.6,6983.8,3377.7999999999997,9361.0,971.5,30.8,155231831141.9091,125.83664105338944,1244.270905513816
6,168926.49999999974,150144.53999999995,36257.7224604,17899.378259999976,4232.4889652999855,94851.44999999994,436.49999999999966,0,31912.0,14475.0,8862.6,6983.8,3377.7999999999997,9361.0,971.5,30.8,137356906782.09393,37.007554513718,698.1673633869212
7,224134.0300000002,138801.96999999997,41461.79509049987,20398.09373899998,6718.716947349941,95910.68999999996,8510.779999999986,0,31912.0,14475.0,8862.6,6983.8,3377.7999999999997,9361.0,971.5,30.8,119018342100.9228,42.978894119282735,802.6899483940601
