,contributed_CCGT,contributed_Coal,contributed_Onshore,contributed_Offshore,contributed_PV,contributed_Nuclear,contributed_Recip_gas,contributed_Biomass,total_CCGT,total_Coal,total_Onshore,total_Offshore,total_PV,total_Nuclear,total_Recip_gas,Carbon_tax,total_genco_wealth,Electricity_cost,Carbon_emitted
0,328660.85999999894,213377.24999999948,23300.55530880004,29579.745223999984,3154.551064599939,165604.86687359976,16487.574999999983,0,31912.0,14475.0,8862.6,6983.8,3377.7999999999997,9361.0,971.5,30.8,16638884800.964046,101.4025093587514,1189.7192674654998
1,203907.96000000034,215308.96999999954,23464.752699000044,29595.668287999964,3122.2863189999775,165604.86687359976,13408.309999999992,0,31912.0,14475.0,8862.6,6983.8,3377.7999999999997,9361.0,971.5,30.8,11173793150.601686,55.437158152474666,925.4303409000614
2,340244.69999999885,199109.05999999982,21601.84304159999,29224.130127999983,1658.9456695999324,165604.86687359976,18044.910000000018,0,31912.0,14475.0,8862.6,6983.8,3377.7999999999997,9361.0,971.5,30.8,20562864562.23695,90.52143613637146,1184.5578420858794
3,353080.87999999826,214398.3999999995,23278.20383160005,29656.706700000013,3188.160174599965,165604.86687359976,18382.470000000023,0,31912.0,14475.0,8862.6,6983.8,3377.7999999999997,9361.0,971.5,30.8,47935423253.42307,134.82623298399952,1245.4643466631983
4,162746.94000000032,107930.5900000001,21895.013329299996,29595.668287999968,3116.600719849977,144165.6618696001,12571.199999999995,0,31912.0,14475.0,8862.6,6983.8,3377.7999999999997,9361.0,971.5,30.8,34740179850.54466,43.79731303091436,596.7319268648223
5,334003.2599999991,238256.71999999954,23464.752699000044,29595.668287999964,3122.2863189999775,165604.86687359976,18012.415000000015,0,31912.0,14475.0,8862.6,6983.8,3377.7999999999997,9361.0,971.5,30.8,50781696881.459076,91.04935735115316,1259.222973944557
6,135064.98000000007,147222.81999999992,25107.37461920003,32925.914206999994,4477.2553294999825,132812.50266480024,12571.199999999995,0,31912.0,14475.0,8862.6,6983.8,3377.7999999999997,9361.0,971.5,30.8,30529501127.797073,42.4014280466551,628.2141515023618
7,166706.1000000002,151924.10999999996,31274.169717599932,38306.24775700007,7415.083125749929,144264.43627120007,11523.599999999997,0,31912.0,14475.0,8862.6,6983.8,3377.7999999999997,9361.0,971.5,30.8,6728976358.719203,43.430485819775924,704.5061249257818
