,contributed_CCGT,contributed_Coal,contributed_Onshore,contributed_Offshore,contributed_PV,contributed_Nuclear,contributed_Recip_gas,contributed_Biomass,total_CCGT,total_Coal,total_Onshore,total_Offshore,total_PV,total_Nuclear,total_Recip_gas,Carbon_tax,total_genco_wealth,Electricity_cost,Carbon_emitted
0,362327.72999999893,199908.1899999997,49691.65229439976,31844.98330399999,3164.869157599938,98227.04999999993,13793.884999999987,0,31912.0,14475.0,8862.6,6983.8,3377.7999999999997,9361.0,971.5,30.8,29098992882.279823,93.13836658181049,1220.9901086796167
1,305830.20999999996,147500.47999999984,43018.44473699982,33815.27724800003,3127.9540834999775,80201.53999999995,11373.249999999996,0,31912.0,14475.0,8862.6,6983.8,3377.7999999999997,9361.0,971.5,30.8,44538117529.950096,71.0390346728205,984.4437947510374
2,381166.5999999986,173870.99,49475.24250079966,32492.79188799999,1668.5425375999316,110134.76999999996,14829.35999999998,0,31912.0,14475.0,8862.6,6983.8,3377.7999999999997,9361.0,971.5,30.8,72624644005.32864,92.75552341370962,1205.5985930240172
3,390652.9399999984,176827.44999999972,57040.603270799635,34360.790700000056,3198.8563175999634,118322.53999999996,14787.649999999974,0,31912.0,14475.0,8862.6,6983.8,3377.7999999999997,9361.0,971.5,30.8,103121466738.31522,98.4023996724667,1233.778360535097
4,232532.53000000017,108187.09999999995,37295.51967919987,30018.986347999977,3122.616562599978,57222.23999999996,5566.344999999997,0,31912.0,14475.0,8862.6,6983.8,3377.7999999999997,9361.0,971.5,30.8,107698538164.07695,51.35594867450459,732.4044709757997
5,396929.1999999982,183710.45999999976,55511.17173699979,34793.03724800004,3134.165963999976,111286.15999999997,14601.40999999997,0,31912.0,14475.0,8862.6,6983.8,3377.7999999999997,9361.0,971.5,30.8,159459587344.00177,100.00751073247811,1260.271166203077
6,239465.23000000016,94587.93000000001,38494.43827269979,33243.345609,4491.203931499983,48345.76999999998,10640.899999999994,0,31912.0,14475.0,8862.6,6983.8,3377.7999999999997,9361.0,971.5,30.8,165707314993.2874,52.28071984043654,725.2997875661396
7,248363.10000000006,113367.04999999999,43884.4762666997,39414.26989900005,7424.2850656999335,70173.67999999996,8329.874999999995,0,31912.0,14475.0,8862.6,6983.8,3377.7999999999997,9361.0,971.5,30.8,177588591628.75473,56.45927833724655,780.574773725897
