,contributed_CCGT,contributed_Coal,contributed_Onshore,contributed_Offshore,contributed_PV,contributed_Nuclear,contributed_Recip_gas,contributed_Biomass,total_CCGT,total_Coal,total_Onshore,total_Offshore,total_PV,total_Nuclear,total_Recip_gas,Carbon_tax,total_genco_wealth,Electricity_cost,Carbon_emitted
0,361694.4199999986,267912.57,22894.13592060003,29579.745223999984,3154.551064599939,73561.88999999998,13269.59999999999,0,31912.0,14475.0,8862.6,6983.8,3377.7999999999997,9361.0,971.5,30.8,37294390782.12529,168.03442355078607,1372.9062883528566
1,272172.00000000023,250976.9999999999,23378.25432640004,29595.668287999964,3121.031275749978,56547.12,4017.7400000000002,0,31912.0,14475.0,8862.6,6983.8,3377.7999999999997,9361.0,971.5,30.8,33943500451.35039,64.70188448883123,1131.7847842059987
2,373862.0799999985,251069.77,21530.73947109996,29224.130127999983,1658.4225184999327,74470.77999999997,13428.679999999991,0,31912.0,14475.0,8862.6,6983.8,3377.7999999999997,9361.0,971.5,30.8,78191345419.87279,182.1442299281532,1361.2235403184566
3,381585.65999999834,259918.55999999997,22897.38702110004,29580.470796000012,3185.9006191499643,88894.67999999996,13272.509999999991,0,31912.0,14475.0,8862.6,6983.8,3377.7999999999997,9361.0,971.5,30.8,127154671692.60454,189.2019167066934,1396.3305549268764
4,172835.0100000003,221126.05000000005,19457.702244499982,24779.550643999984,3024.2444019499812,44490.990000000005,148.41000000000003,0,31912.0,14475.0,8862.6,6983.8,3377.7999999999997,9361.0,971.5,30.8,112710295621.85,41.86308141435579,845.5479476779013
5,392485.1399999981,258293.87999999995,23464.752699000044,29595.668287999964,3122.2863189999775,81282.11999999997,13268.62999999999,0,31912.0,14475.0,8862.6,6983.8,3377.7999999999997,9361.0,971.5,30.8,197895701293.41406,206.78693525772383,1414.8233152242376
6,206315.10000000027,193005.86000000007,19006.779818899966,23962.81322399997,4261.048197499982,42479.20999999999,200.78999999999996,0,31912.0,14475.0,8862.6,6983.8,3377.7999999999997,9361.0,971.5,30.8,176604121865.99756,41.6446099600495,856.4637538122818
7,228110.19000000026,214254.83000000005,21431.858427700026,26504.134464500014,7226.515641049933,49272.12,309.42999999999995,0,31912.0,14475.0,8862.6,6983.8,3377.7999999999997,9361.0,971.5,30.8,150458352316.2972,42.47996015299475,951.0685342323416
