,contributed_CCGT,contributed_Coal,contributed_Onshore,contributed_Offshore,contributed_PV,contributed_Nuclear,contributed_Recip_gas,contributed_Biomass,total_CCGT,total_Coal,total_Onshore,total_Offshore,total_PV,total_Nuclear,total_Recip_gas,Carbon_tax,total_genco_wealth,Electricity_cost,Carbon_emitted
0,400445.509999998,192815.6099999997,23300.55530880004,29579.745223999984,3154.551064599939,104145.98999999996,14211.954999999994,0,31912.0,14475.0,8862.6,6983.8,3377.7999999999997,9361.0,971.5,30.8,19067790884.23472,95.95617472569529,1286.9358953527774
1,344742.33999999944,147533.72999999995,23464.752699000044,29595.668287999964,3122.2863189999775,75017.85999999996,12218.605000000001,0,31912.0,14475.0,8862.6,6983.8,3377.7999999999997,9361.0,971.5,30.8,23662441698.530113,71.71029382580916,1061.7285129645381
2,386627.86999999854,206749.71999999962,21601.84304159999,29224.130127999983,1658.9456695999324,111252.20999999998,15048.57999999998,0,31912.0,14475.0,8862.6,6983.8,3377.7999999999997,9361.0,971.5,30.8,39064683087.11929,96.494194831044,1286.951140088557
3,420457.7199999979,197816.45999999973,23278.20383160005,29656.706700000013,3188.160174599965,120205.30999999998,15045.669999999982,0,31912.0,14475.0,8862.6,6983.8,3377.7999999999997,9361.0,971.5,30.8,60945646185.89252,109.3731382519029,1340.6008485110779
4,230448.6000000003,120832.04000000008,22790.058296200023,29008.604767999965,3120.771341949978,59595.82999999999,6541.194999999995,0,31912.0,14475.0,8862.6,6983.8,3377.7999999999997,9361.0,971.5,30.8,56076080480.24769,51.38772855994868,755.9588027219195
5,392981.59999999806,205434.13999999972,22668.411284900023,29062.487551999966,3119.575272349978,126546.19999999997,15973.474999999979,0,31912.0,14475.0,8862.6,6983.8,3377.7999999999997,9361.0,971.5,30.8,83190898645.532,97.44227232979688,1308.3372656177166
6,112114.29999999993,195786.99999999974,15361.988784800007,19556.71459199997,3287.3352971499808,96132.81999999995,17.46,0,31912.0,14475.0,8862.6,6983.8,3377.7999999999997,9361.0,971.5,30.8,59613675181.23113,35.15257337604272,688.135393026001
7,158899.18000000017,192726.91999999984,18419.507345100013,23457.76834349999,6914.839393349931,96269.58999999995,15.520000000000003,0,31912.0,14475.0,8862.6,6983.8,3377.7999999999997,9361.0,971.5,30.8,32199252806.56738,37.93816946169998,775.4727222741603
