,contributed_CCGT,contributed_Coal,contributed_Onshore,contributed_Offshore,contributed_PV,contributed_Nuclear,contributed_Recip_gas,contributed_Biomass,total_CCGT,total_Coal,total_Onshore,total_Offshore,total_PV,total_Nuclear,total_Recip_gas,Carbon_tax,total_genco_wealth,Electricity_cost,Carbon_emitted
0,388283.05999999814,183958.98,23300.55530880004,29579.745223999984,3154.551064599939,124559.64000000007,13796.310000000003,0,31912.0,14475.0,8862.6,6983.8,3377.7999999999997,9361.0,971.5,30.8,19987681213.32675,112.66933174245419,1241.4935360340364
1,313150.41999999963,151899.99999999997,23370.71678620004,29595.668287999964,3122.211992499978,107483.76000000002,10883.885000000013,0,31912.0,14475.0,8862.6,6983.8,3377.7999999999997,9361.0,971.5,30.8,19604628518.62781,69.03626545700229,1009.6773708699995
2,383396.6599999984,176655.38999999998,21547.066918499968,29224.130127999983,1658.9456695999324,139015.55000000005,14913.749999999978,0,31912.0,14475.0,8862.6,6983.8,3377.7999999999997,9361.0,971.5,30.8,43112350452.57339,127.63626646637779,1217.5453311152166
3,395015.859999998,200717.3299999997,23278.20383160005,29656.706700000013,3188.160174599965,140316.32000000007,14958.369999999975,0,31912.0,14475.0,8862.6,6983.8,3377.7999999999997,9361.0,971.5,30.8,74436136795.8689,144.28850918884655,1294.9146505073343
4,210662.68000000037,126128.28000000006,18411.79180990004,23475.314900499976,3050.823677749979,107483.76000000002,16.490000000000002,0,31912.0,14475.0,8862.6,6983.8,3377.7999999999997,9361.0,971.5,30.8,61486675640.717186,43.153378333613766,713.0538339554406
5,394349.159999998,205146.89999999962,23464.752699000044,29595.668287999964,3122.2863189999775,135204.42000000007,13854.995000000003,0,31912.0,14475.0,8862.6,6983.8,3377.7999999999997,9361.0,971.5,30.8,107473230973.83765,140.7048283655984,1302.129701576194
6,228586.9700000003,113666.41999999994,17174.69640260001,21568.378199999974,3218.0342137999805,101967.36999999998,196.91,0,31912.0,14475.0,8862.6,6983.8,3377.7999999999997,9361.0,971.5,30.8,87407742645.43375,43.166336517099886,728.3265844951613
7,244771.14000000016,144246.53000000003,21836.446475300014,26139.187024499995,7299.392435999927,96674.07999999999,4697.709999999995,0,31912.0,14475.0,8862.6,6983.8,3377.7999999999997,9361.0,971.5,30.8,63706474300.18335,43.931713329351105,838.4590505289412
