,contributed_CCGT,contributed_Coal,contributed_Onshore,contributed_Offshore,contributed_PV,contributed_Nuclear,contributed_Recip_gas,contributed_Biomass,total_CCGT,total_Coal,total_Onshore,total_Offshore,total_PV,total_Nuclear,total_Recip_gas,Carbon_tax,total_genco_wealth,Electricity_cost,Carbon_emitted
0,306872.8399999994,249423.2200000001,50285.499350599894,31721.033924000018,3127.6163022499404,119470.05,11922.27,0,31912.0,14475.0,8862.6,6983.8,3377.7999999999997,9361.0,971.5,30.8,11539874716.419844,75.10041003338844,1206.7404030815587
1,181956.99999999962,229357.24000000005,46094.1474895998,27415.806575499988,3096.367943049976,141074.86,2486.110000000001,0,31912.0,14475.0,8862.6,6983.8,3377.7999999999997,9361.0,971.5,30.8,4730773140.616254,41.19403842963631,886.4900580015203
2,279060.73999999947,238967.26000000004,49674.82431729975,31022.696606000023,1647.2668235999372,151957.28999999998,11522.145000000006,0,31912.0,14475.0,8862.6,6983.8,3377.7999999999997,9361.0,971.5,30.8,12359139941.994123,76.57005414839624,1132.0454780994771
3,314355.0499999993,251084.66000000006,52335.108787999736,30942.936070000014,3157.0075761499634,150795.23,11779.680000000002,0,31912.0,14475.0,8862.6,6983.8,3377.7999999999997,9361.0,971.5,30.8,23794083010.920246,84.27452478148132,1226.5286255746782
4,89998.89000000019,178097.49,37281.12037839991,23838.8060235,2584.5015543499826,138331.7,164.89999999999998,0,31912.0,14475.0,8862.6,6983.8,3377.7999999999997,9361.0,971.5,30.8,3930828358.436801,17.026199237336783,580.4388766910214
5,303137.6299999995,242650.43000000005,54299.53390210007,33437.66330550004,3106.4496810499772,158826.83000000002,11864.069999999998,0,31912.0,14475.0,8862.6,6983.8,3377.7999999999997,9361.0,971.5,30.8,20694252092.161686,81.41100308614092,1186.2899107211379
6,87459.39000000017,190013.47,40414.31956089985,24157.700012999987,2950.006018499978,131063.49,145.5,0,31912.0,14475.0,8862.6,6983.8,3377.7999999999997,9361.0,971.5,30.8,-6386112764.728039,23.62057498289003,601.8336036310615
7,147788.99999999977,196060.11,38967.51891269976,23551.4955165,5885.741701749978,126640.29000000001,174.59999999999997,0,31912.0,14475.0,8862.6,6983.8,3377.7999999999997,9361.0,971.5,30.8,-36907940088.92395,29.19743243757839,737.854245333781
