,contributed_CCGT,contributed_Coal,contributed_Onshore,contributed_Offshore,contributed_PV,contributed_Nuclear,contributed_Recip_gas,contributed_Biomass,total_CCGT,total_Coal,total_Onshore,total_Offshore,total_PV,total_Nuclear,total_Recip_gas,Carbon_tax,total_genco_wealth,Electricity_cost,Carbon_emitted
0,350423.5799999982,192594.7199999998,23300.55530880004,29579.745223999984,3154.551064599939,165604.86687359976,18035.210000000017,0,31912.0,14475.0,8862.6,6983.8,3377.7999999999997,9361.0,971.5,30.8,17308448280.997696,103.42758889442057,1191.6365715985603
1,223367.64000000045,195671.9399999995,23464.752699000044,29595.668287999964,3122.2863189999775,165604.86687359976,13408.309999999992,0,31912.0,14475.0,8862.6,6983.8,3377.7999999999997,9361.0,971.5,30.8,12120643665.085388,56.58390370111365,924.6705115121217
2,340877.9999999987,200331.18999999962,21601.84304159999,29224.130127999983,1658.9456695999324,165604.86687359976,17424.11000000001,0,31912.0,14475.0,8862.6,6983.8,3377.7999999999997,9361.0,971.5,30.8,21184166438.416306,91.68344388213491,1188.2344452036189
3,353921.79999999836,216634.56999999963,23278.20383160005,29656.706700000013,3188.160174599965,165604.86687359976,18430.970000000023,0,31912.0,14475.0,8862.6,6983.8,3377.7999999999997,9361.0,971.5,30.8,49324556575.489716,135.7983568322539,1254.0607842088575
4,146512.98000000007,125734.03,21976.508373999994,29595.668287999968,3116.600719849977,145749.00078480007,10999.799999999997,0,31912.0,14475.0,8862.6,6983.8,3377.7999999999997,9361.0,971.5,30.8,36809618327.7772,44.2611043828766,600.408025833941
5,355061.8799999981,214872.71999999954,23464.752699000044,29595.668287999964,3122.2863189999775,165604.86687359976,18012.415000000015,0,31912.0,14475.0,8862.6,6983.8,3377.7999999999997,9361.0,971.5,30.8,52548358829.959496,92.30611542854626,1249.745752032557
6,167141.82000000027,115208.06999999996,25031.85691820003,32764.901290999987,4477.2553294999825,133702.20940160024,12047.399999999996,0,31912.0,14475.0,8862.6,6983.8,3377.7999999999997,9361.0,971.5,30.8,34344389594.08117,44.42465956774333,621.9893916618607
7,195709.86000000045,123812.75000000004,31091.167208999937,38204.78456500007,7411.1254933499295,141522.3409432001,12571.199999999995,0,31912.0,14475.0,8862.6,6983.8,3377.7999999999997,9361.0,971.5,30.8,10628418671.52632,44.117139573047716,701.0288332445023
