,contributed_CCGT,contributed_Coal,contributed_Onshore,contributed_Offshore,contributed_PV,contributed_Nuclear,contributed_Recip_gas,contributed_Biomass,total_CCGT,total_Coal,total_Onshore,total_Offshore,total_PV,total_Nuclear,total_Recip_gas,Carbon_tax,total_genco_wealth,Electricity_cost,Carbon_emitted
0,312270.4799999997,266867.72,54187.06321689975,24560.633622499994,3171.010021699936,99740.24999999994,11807.809999999983,0,31912.0,14475.0,8862.6,6983.8,3377.7999999999997,9361.0,971.5,30.8,102989314135.75809,316.8505582874955,1254.07517057256
1,238900.33000000002,237017.26999999993,50379.48343629993,26872.773727999964,3138.3786591499743,83432.60999999993,3689.8799999999983,0,31912.0,14475.0,8862.6,6983.8,3377.7999999999997,9361.0,971.5,30.8,116487298058.44844,89.4700908370768,1022.89712598346
2,348875.6400000001,237005.56999999986,53494.01921739968,28749.407367999982,1676.9384053999327,91903.61999999992,12186.10999999999,0,31912.0,14475.0,8862.6,6983.8,3377.7999999999997,9361.0,971.5,30.8,235297476272.82477,334.8586151232508,1266.0144229068592
3,346770.1800000003,252606.03999999992,56015.18601649977,28585.878156000013,3203.818733549961,105584.49999999997,13405.884999999977,0,31912.0,14475.0,8862.6,6983.8,3377.7999999999997,9361.0,971.5,30.8,378597190949.106,350.2297501468856,1302.6661392739184
4,144280.38000000006,199924.55000000008,36281.44668160002,19060.234502999974,2886.97201824998,75943.23999999993,314.27999999999986,0,31912.0,14475.0,8862.6,6983.8,3377.7999999999997,9361.0,971.5,30.8,366119757782.20416,33.002447281678315,739.6384008208989
5,357550.5199999998,259789.55999999988,55465.91722120011,31769.796372499994,3134.111329149976,90502.93999999992,12064.859999999993,0,31912.0,14475.0,8862.6,6983.8,3377.7999999999997,9361.0,971.5,30.8,576972238273.7985,350.49204022765207,1341.4016208848784
6,162600.5699999999,193620.13000000006,40447.171491799825,19753.428013999965,2966.1294050499782,68470.35999999996,342.4099999999998,0,31912.0,14475.0,8862.6,6983.8,3377.7999999999997,9361.0,971.5,30.8,559022746293.4064,35.67863011592453,763.0538686417401
7,208726.91,191947.03000000012,44676.863951099906,22955.38618950001,7133.7455610499355,66946.48999999995,323.97999999999985,0,31912.0,14475.0,8862.6,6983.8,3377.7999999999997,9361.0,971.5,30.8,538272506784.3864,39.2495172928926,853.1084126679397
