,contributed_CCGT,contributed_Coal,contributed_Onshore,contributed_Offshore,contributed_PV,contributed_Nuclear,contributed_Recip_gas,contributed_Biomass,total_CCGT,total_Coal,total_Onshore,total_Offshore,total_PV,total_Nuclear,total_Recip_gas,Carbon_tax,total_genco_wealth,Electricity_cost,Carbon_emitted
0,349347.4799999991,262409.54,23300.55530880004,29579.745223999984,3154.551064599939,95123.04999999996,13268.62999999999,0,31912.0,14475.0,8862.6,6983.8,3377.7999999999997,9361.0,971.5,30.8,30406276839.01601,146.01007475559038,1335.5133712369172
1,270885.24000000017,228918.5500000002,23173.520704100036,29519.432383999963,3122.130233349978,81549.83999999997,6125.549999999997,0,31912.0,14475.0,8862.6,6983.8,3377.7999999999997,9361.0,971.5,30.8,24883341327.949398,55.85174786750446,1084.2303344929005
2,352535.8899999987,257723.14999999997,21204.717708399905,29224.130127999983,1657.8530202999327,96302.56999999996,13235.649999999992,0,31912.0,14475.0,8862.6,6983.8,3377.7999999999997,9361.0,971.5,30.8,64004123285.35154,168.01617361572593,1331.4616928636965
3,390489.78999999806,243391.75999999998,22899.43999700004,29618.293260000013,3184.253824499964,105186.79999999994,15086.409999999982,0,31912.0,14475.0,8862.6,6983.8,3377.7999999999997,9361.0,971.5,30.8,100898267734.27165,157.14616434476275,1381.210287360476
4,178673.55000000028,184286.8900000002,18156.148610600045,23449.85663899998,2919.8148535499813,76035.38999999998,174.6,0,31912.0,14475.0,8862.6,6983.8,3377.7999999999997,9361.0,971.5,30.8,86859037514.63043,41.512372666258194,776.127481632222
5,372581.69999999856,262210.35,23457.718356000045,29595.668287999964,3122.2863189999775,98596.61999999995,13259.89999999999,0,31912.0,14475.0,8862.6,6983.8,3377.7999999999997,9361.0,971.5,30.8,142628006799.06995,157.58554809474612,1382.2638534492958
6,180927.6600000002,190754.00999999983,18823.904147499976,24094.615425999982,4209.653979899979,67514.90999999997,200.78999999999996,0,31912.0,14475.0,8862.6,6983.8,3377.7999999999997,9361.0,971.5,30.8,119785506186.63872,40.34278224089273,794.310249265982
7,222354.4800000002,200207.25000000006,21820.728731100033,26638.273144,7163.73346934993,67446.03999999998,139.68000000000004,0,31912.0,14475.0,8862.6,6983.8,3377.7999999999997,9361.0,971.5,30.8,93591628032.07768,41.12232465263463,908.571068515501
