,contributed_CCGT,contributed_Coal,contributed_Onshore,contributed_Offshore,contributed_PV,contributed_Nuclear,contributed_Recip_gas,contributed_Biomass,total_CCGT,total_Coal,total_Onshore,total_Offshore,total_PV,total_Nuclear,total_Recip_gas,Carbon_tax,total_genco_wealth,Electricity_cost,Carbon_emitted
0,360420.1999999999,185371.9399999999,57358.075016999755,25328.253353999993,3169.681278299936,123726.40999999993,12018.300000000001,0,31912.0,14475.0,8862.6,6983.8,3377.7999999999997,9361.0,971.5,30.8,31163104441.24487,123.27448012947052,1196.4362060521153
1,294155.02000000025,130895.76999999981,52689.526456799846,24790.667857499968,3126.174744849973,112422.99999999993,7539.81,0,31912.0,14475.0,8862.6,6983.8,3377.7999999999997,9361.0,971.5,30.8,33578766313.9737,67.12903842077789,929.8982404464583
2,364357.6599999993,174010.4799999999,54017.51184379962,22694.132918000014,1660.6893545499343,129860.68999999993,12577.020000000006,0,31912.0,14475.0,8862.6,6983.8,3377.7999999999997,9361.0,971.5,30.8,70494162358.64891,122.91264437616701,1182.5744323310353
3,391509.7899999992,164522.1399999999,60082.28226459961,27374.37379600001,3196.305030599961,125253.18999999992,13454.869999999972,0,31912.0,14475.0,8862.6,6983.8,3377.7999999999997,9361.0,971.5,30.8,111143059324.55309,125.14661140489208,1218.3030288317166
4,199749.78999999972,109109.00999999988,39465.50005409997,18323.52861699997,3080.6399056499754,90486.44999999995,162.95999999999998,0,31912.0,14475.0,8862.6,6983.8,3377.7999999999997,9361.0,971.5,30.8,98792426687.27148,35.74830424548605,670.649208555981
5,390243.3599999991,159617.17999999985,60130.667523299824,25671.406577999973,3138.4652481499757,147613.62999999998,13673.119999999975,0,31912.0,14475.0,8862.6,6983.8,3377.7999999999997,9361.0,971.5,30.8,159313843538.2159,126.90708779442822,1205.230305497636
6,236616.99000000008,87955.54999999993,38704.69091369987,18367.467921999974,4348.186405249985,79191.76999999996,859.9050000000011,0,31912.0,14475.0,8862.6,6983.8,3377.7999999999997,9361.0,971.5,30.8,140852135572.1323,38.17596763100146,698.9460616889007
7,252939.59000000014,103644.5799999999,47051.79622739978,20039.22409499998,7122.268467249939,84790.60999999996,6081.900000000001,0,31912.0,14475.0,8862.6,6983.8,3377.7999999999997,9361.0,971.5,30.8,118165594417.40498,40.08344829373914,780.0529797028396
