,contributed_CCGT,contributed_Coal,contributed_Onshore,contributed_Offshore,contributed_PV,contributed_Nuclear,contributed_Recip_gas,contributed_Biomass,total_CCGT,total_Coal,total_Onshore,total_Offshore,total_PV,total_Nuclear,total_Recip_gas,Carbon_tax,total_genco_wealth,Electricity_cost,Carbon_emitted
0,342427.67999999993,243984.72999999984,56308.81856739991,28078.014571999993,3174.8988597999355,92361.45999999992,12229.759999999984,0,31912.0,14475.0,8862.6,6983.8,3377.7999999999997,9361.0,971.5,30.8,93119336683.58441,325.6253944256746,1265.0897869525397
1,247709.04000000024,235457.01999999993,49937.696363999945,24329.767880999963,3134.9311122499726,75751.17999999995,3806.279999999998,0,31912.0,14475.0,8862.6,6983.8,3377.7999999999997,9361.0,971.5,30.8,104435865570.66788,88.19604239245363,1036.5409392739593
2,324263.9299999995,247336.57999999987,51450.89341519967,23349.358064000015,1661.2414208499338,108776.76999999997,12148.27999999999,0,31912.0,14475.0,8862.6,6983.8,3377.7999999999997,9361.0,971.5,30.8,231184121400.4535,346.52987115085404,1239.0284517588368
3,345208.7400000003,246703.16999999984,58012.93384129961,27635.692140000006,3204.91398004996,108220.95999999995,12852.499999999984,0,31912.0,14475.0,8862.6,6983.8,3377.7999999999997,9361.0,971.5,30.8,361880969796.40784,355.1398007210626,1292.2901522116613
4,147618.38000000015,197733.52000000002,35716.162788599984,19060.234502999974,2765.0256474499765,72146.65999999995,357.9299999999998,0,31912.0,14475.0,8862.6,6983.8,3377.7999999999997,9361.0,971.5,30.8,349187790373.39325,34.609377439257,741.6613000409606
5,360262.85000000027,250907.92999999982,58920.52512770001,31370.87724799997,3143.497186899974,92660.21999999994,12257.889999999987,0,31912.0,14475.0,8862.6,6983.8,3377.7999999999997,9361.0,971.5,30.8,559935004838.5787,354.4111858301981,1326.2523805861397
6,177121.42999999985,186324.54000000007,37405.80872769984,17036.025669999988,4201.909954049985,60420.32999999996,276.4499999999999,0,31912.0,14475.0,8862.6,6983.8,3377.7999999999997,9361.0,971.5,30.8,539707745135.1619,34.79954025073993,775.929111986921
7,196494.03999999998,205761.6799999999,42528.731390599794,21107.01695099999,7061.814592449944,65198.54999999996,304.57999999999987,0,31912.0,14475.0,8862.6,6983.8,3377.7999999999997,9361.0,971.5,30.8,515344545455.5577,36.87256585073364,858.6373998286405
