,contributed_CCGT,contributed_Coal,contributed_Onshore,contributed_Offshore,contributed_PV,contributed_Nuclear,contributed_Recip_gas,contributed_Biomass,total_CCGT,total_Coal,total_Onshore,total_Offshore,total_PV,total_Nuclear,total_Recip_gas,Carbon_tax,total_genco_wealth,Electricity_cost,Carbon_emitted
0,326496.2900000006,234163.06999999983,41756.69543139986,20524.49287299998,3119.7162956499405,98887.61999999995,5247.214999999995,0,31912.0,14475.0,8862.6,6983.8,3377.7999999999997,9361.0,971.5,30.8,7109305002.710161,56.82310314206589,1216.6488670618558
1,212460.36000000054,207191.41999999995,38156.80865580002,18603.330159999965,3086.307687099978,89172.09999999996,2853.2549999999956,0,31912.0,14475.0,8862.6,6983.8,3377.7999999999997,9361.0,971.5,30.8,-2793221514.6210685,29.734399075931407,926.6811580151581
2,336679.80000000016,227268.30999999988,40258.918043399746,19197.517336999954,1635.9339036999384,96038.72999999994,6787.574999999996,0,31912.0,14475.0,8862.6,6983.8,3377.7999999999997,9361.0,971.5,30.8,-1646487640.338899,57.96489963777649,1223.929119167376
3,350407.1600000002,239474.72999999978,45688.944267999665,23233.245250999993,3147.7611831999643,108303.40999999995,8406.989999999987,0,31912.0,14475.0,8862.6,6983.8,3377.7999999999997,9361.0,971.5,30.8,7526448973.818095,71.71417730370966,1284.6833735925327
4,127092.30999999978,159939.41999999995,23820.89010019996,13721.222076999991,2605.211450649982,97577.14999999995,892.4000000000008,0,31912.0,14475.0,8862.6,6983.8,3377.7999999999997,9361.0,971.5,30.8,-16833527854.42412,5.137652413461573,632.0564432091597
5,348241.3700000002,236636.4099999999,41708.559928299954,19949.847743499973,3097.2336335999776,101591.97999999997,9218.879999999986,0,31912.0,14475.0,8862.6,6983.8,3377.7999999999997,9361.0,971.5,30.8,-5609257303.714444,69.53326673328219,1277.964455021173
6,151165.11,169163.14999999988,25175.0598708999,12431.57667099999,3447.764757549975,61771.539999999964,523.8,0,31912.0,14475.0,8862.6,6983.8,3377.7999999999997,9361.0,971.5,30.8,-42439817120.50899,6.695979859345787,705.4836218836999
7,168443.07000000007,172337.58999999982,31295.427112399957,15586.433494999987,5873.227661749979,90492.26999999996,1008.8000000000009,0,31912.0,14475.0,8862.6,6983.8,3377.7999999999997,9361.0,971.5,30.8,-78041917851.37283,21.181744957426307,748.6258697508191
