,contributed_CCGT,contributed_Coal,contributed_Onshore,contributed_Offshore,contributed_PV,contributed_Nuclear,contributed_Recip_gas,contributed_Biomass,total_CCGT,total_Coal,total_Onshore,total_Offshore,total_PV,total_Nuclear,total_Recip_gas,Carbon_tax,total_genco_wealth,Electricity_cost,Carbon_emitted
0,345268.2399999987,251964.83999999994,22603.14856940003,28992.681703999988,3154.551064599939,116548.41,13224.009999999997,0,31912.0,14475.0,8862.6,6983.8,3377.7999999999997,9361.0,971.5,30.8,9558869928.911762,73.46253610430834,1303.8356527463193
1,254686.00000000026,235752.46,21354.75267179999,27451.765316499976,3116.4881952999767,102739.48999999995,2796.5100000000007,0,31912.0,14475.0,8862.6,6983.8,3377.7999999999997,9361.0,971.5,30.8,2505116901.236104,50.4129262209327,1053.4623307990823
2,353869.1599999985,244419.55000000002,19467.18444069982,27159.43303600001,1655.4254988999332,119045.19000000002,13281.239999999996,0,31912.0,14475.0,8862.6,6983.8,3377.7999999999997,9361.0,971.5,30.8,12205687682.50311,86.40807818628251,1305.4993219108987
3,372070.429999998,251858.97999999998,22259.60347539996,29656.706700000013,3184.496375649964,124547.03000000003,13985.459999999992,0,31912.0,14475.0,8862.6,6983.8,3377.7999999999997,9361.0,971.5,30.8,25418484305.502464,94.04964088510349,1360.4777958340387
4,158820.70000000033,191808.70999999993,16612.653813100034,20663.57581799999,2644.9149102999822,93712.66999999993,194.96999999999997,0,31912.0,14475.0,8862.6,6983.8,3377.7999999999997,9361.0,971.5,30.8,10468890965.534874,36.62500317738979,750.8033819765827
5,365073.08999999845,262441.81999999995,23274.303869000032,29595.668287999964,3122.2863189999775,121116.14000000001,13289.969999999996,0,31912.0,14475.0,8862.6,6983.8,3377.7999999999997,9361.0,971.5,30.8,30530096417.060055,96.0340296889724,1367.5517092643584
6,182165.78000000026,175352.3299999998,16770.90558830001,21863.793952499975,2960.8096893499805,92008.37999999989,193.99999999999997,0,31912.0,14475.0,8862.6,6983.8,3377.7999999999997,9361.0,971.5,30.8,8186407691.133226,36.79849807577235,761.5184015373427
7,179948.42000000016,214201.15000000005,18704.64963150002,23610.013272499997,6014.512767749966,106110.23999999996,213.39999999999995,0,31912.0,14475.0,8862.6,6983.8,3377.7999999999997,9361.0,971.5,30.8,-19923129906.047546,37.325853391188446,851.089869747704
