,contributed_CCGT,contributed_Coal,contributed_Onshore,contributed_Offshore,contributed_PV,contributed_Nuclear,contributed_Recip_gas,contributed_Biomass,total_CCGT,total_Coal,total_Onshore,total_Offshore,total_PV,total_Nuclear,total_Recip_gas,Carbon_tax,total_genco_wealth,Electricity_cost,Carbon_emitted
0,445631.02999999846,134345.85999999984,51634.858474199886,26979.168247999994,3149.01557374994,87566.74999999997,13953.449999999999,0,31912.0,14475.0,8862.6,6983.8,3377.7999999999997,9361.0,971.5,30.8,21439278181.79359,121.60126662358125,1258.3015925922812
1,362469.19999999925,128616.13999999991,43986.22492109983,23579.27069299996,3106.2974246999775,59985.76999999995,9943.470000000008,0,31912.0,14475.0,8862.6,6983.8,3377.7999999999997,9361.0,971.5,30.8,20326296095.79472,67.31318584215995,1071.9130738237168
2,449865.89999999775,128491.1399999999,56447.630310699875,23966.001733000016,1653.2284662499321,91972.48999999995,13716.769999999997,0,31912.0,14475.0,8862.6,6983.8,3377.7999999999997,9361.0,971.5,30.8,49749219594.882545,123.80773816047993,1255.7166277937215
3,463585.62999999814,132406.8299999999,57782.63882749979,27168.586860000018,3168.3780696499657,99702.41999999994,15415.239999999983,0,31912.0,14475.0,8862.6,6983.8,3377.7999999999997,9361.0,971.5,30.8,86666709670.99576,126.08042995649247,1293.3901166283408
4,269548.77000000025,98459.84999999999,36947.05833419998,19259.505096999972,3049.291258349979,43622.83999999999,1813.9000000000008,0,31912.0,14475.0,8862.6,6983.8,3377.7999999999997,9361.0,971.5,30.8,71623370412.17386,36.874235218729574,788.2912324702957
5,453505.48999999784,169137.12999999968,51506.816757300054,26071.568344999978,3116.9550049999784,85942.96999999996,14634.874999999989,0,31912.0,14475.0,8862.6,6983.8,3377.7999999999997,9361.0,971.5,30.8,121760139835.65239,125.47296419561553,1353.30320943774
6,286979.20000000007,89744.32999999997,35069.4564941999,17998.66450799998,4322.387161499981,35758.08,2027.3000000000009,0,31912.0,14475.0,8862.6,6983.8,3377.7999999999997,9361.0,971.5,30.8,98574960769.62885,37.437107174424796,808.6296805933358
7,303161.4799999997,108187.24999999997,36077.99751389978,18795.148298499967,6994.455870549941,52007.519999999975,8661.129999999992,0,31912.0,14475.0,8862.6,6983.8,3377.7999999999997,9361.0,971.5,30.8,70755860487.77872,40.476947641104665,897.3757580554961
