,contributed_CCGT,contributed_Coal,contributed_Onshore,contributed_Offshore,contributed_PV,contributed_Nuclear,contributed_Recip_gas,contributed_Biomass,total_CCGT,total_Coal,total_Onshore,total_Offshore,total_PV,total_Nuclear,total_Recip_gas,Carbon_tax,total_genco_wealth,Electricity_cost,Carbon_emitted
0,323135.50999999983,286825.3100000002,52646.098722599694,27149.037127999985,3150.923228149939,83686.74999999991,12702.634999999987,0,31912.0,14475.0,8862.6,6983.8,3377.7999999999997,9361.0,971.5,30.8,43149530970.45372,168.30930742439406,1322.433792953379
1,242890.0599999997,249496.36000000016,51650.47368939966,26012.21531599997,3123.7914227499764,80071.55999999992,3162.1999999999975,0,31912.0,14475.0,8862.6,6983.8,3377.7999999999997,9361.0,971.5,30.8,50877453227.69878,81.62917627815636,1056.4950245912771
2,324784.2399999998,285098.2500000002,53306.921844099525,27213.248944000024,1655.0725840499367,83235.69999999991,12544.039999999985,0,31912.0,14475.0,8862.6,6983.8,3377.7999999999997,9361.0,971.5,30.8,131132466973.09082,262.54029816953744,1325.1493887735007
3,360350.34999999916,277346.44000000006,53921.14066569949,26353.429,3186.949434799964,97359.86999999994,13170.659999999989,0,31912.0,14475.0,8862.6,6983.8,3377.7999999999997,9361.0,971.5,30.8,251724905371.25156,330.14313070182806,1377.7788773431184
4,142203.10999999987,226055.66000000027,39391.7251521,18805.712402999972,3027.8173904499795,56737.23999999997,1196.9800000000007,0,31912.0,14475.0,8862.6,6983.8,3377.7999999999997,9361.0,971.5,30.8,237469583890.12207,30.153844047477435,795.5223303126799
5,345712.26999999944,269641.5000000001,53990.02947399972,26974.72701799998,3118.0552280999777,98477.3099999999,12623.579999999989,0,31912.0,14475.0,8862.6,6983.8,3377.7999999999997,9361.0,971.5,30.8,392346189319.82825,282.2593577415208,1333.3045948369977
6,157609.43999999974,206868.59000000017,39958.26746489989,18774.083425999976,3408.2287164999793,64976.419999999955,1295.9200000000008,0,31912.0,14475.0,8862.6,6983.8,3377.7999999999997,9361.0,971.5,30.8,370128953805.0228,30.757789093519857,784.1840387888186
7,178248.52000000005,242958.88000000012,38494.92261309981,21236.36726949999,6010.6410713499745,65517.67999999994,1003.9500000000007,0,31912.0,14475.0,8862.6,6983.8,3377.7999999999997,9361.0,971.5,30.8,344031990996.7245,35.04310259851383,906.0204730142369
