,contributed_CCGT,contributed_Coal,contributed_Onshore,contributed_Offshore,contributed_PV,contributed_Nuclear,contributed_Recip_gas,contributed_Biomass,total_CCGT,total_Coal,total_Onshore,total_Offshore,total_PV,total_Nuclear,total_Recip_gas,Carbon_tax,total_genco_wealth,Electricity_cost,Carbon_emitted
0,321883.1399999996,200158.15999999997,58078.63342539982,30836.366948000003,3171.8402948499356,132115.93999999992,12704.574999999986,0,31912.0,14475.0,8862.6,6983.8,3377.7999999999997,9361.0,971.5,30.8,33462910058.528015,127.05368399069077,1154.9559742376782
1,252109.33000000034,182802.77999999988,50622.641881999974,24436.402720999966,3133.7151132999725,101417.37999999995,10264.539999999997,0,31912.0,14475.0,8862.6,6983.8,3377.7999999999997,9361.0,971.5,30.8,39417299138.55641,77.63304665269713,969.5406893064393
2,340278.78999999905,203399.38999999998,53936.52719369977,26798.500471000014,1670.7520033499336,122685.59999999993,13854.99499999999,0,31912.0,14475.0,8862.6,6983.8,3377.7999999999997,9361.0,971.5,30.8,77144860296.93584,124.16992645910994,1201.8669704772174
3,347569.99999999796,208475.13000000006,55434.908445499634,30132.993446000015,3193.0719441499614,138802.14999999997,14389.949999999963,0,31912.0,14475.0,8862.6,6983.8,3377.7999999999997,9361.0,971.5,30.8,120002142203.09827,134.01930257529807,1229.0800815117361
4,184361.0299999999,128117.36999999985,38423.75906750013,18965.77106299997,3036.5974593499777,90533.97999999995,379.26999999999975,0,31912.0,14475.0,8862.6,6983.8,3377.7999999999997,9361.0,971.5,30.8,108959205099.01859,38.91514335044247,682.5948193032611
5,346563.17999999906,206127.11000000002,59787.003672199935,27640.320887999973,3138.1249129999755,142200.05999999994,13798.24999999997,0,31912.0,14475.0,8862.6,6983.8,3377.7999999999997,9361.0,971.5,30.8,171753838562.39148,130.5221911134382,1220.5957187797796
6,184196.43999999997,128860.15999999986,37647.32244140001,19008.34544599997,3046.8737902499765,91975.39999999994,5066.309999999992,0,31912.0,14475.0,8862.6,6983.8,3377.7999999999997,9361.0,971.5,30.8,154790205839.77185,40.2806675597248,693.6216916436813
7,208951.8400000002,139880.05999999985,46898.444669099794,24605.446823,7290.218544649929,92308.10999999994,7918.594999999991,0,31912.0,14475.0,8862.6,6983.8,3377.7999999999997,9361.0,971.5,30.8,136025690605.8925,44.01313066131312,772.9791956538819
