,contributed_CCGT,contributed_Coal,contributed_Onshore,contributed_Offshore,contributed_PV,contributed_Nuclear,contributed_Recip_gas,contributed_Biomass,total_CCGT,total_Coal,total_Onshore,total_Offshore,total_PV,total_Nuclear,total_Recip_gas,Carbon_tax,total_genco_wealth,Electricity_cost,Carbon_emitted
0,359601.9699999999,237532.57999999993,40400.58080099988,19720.99868099997,3059.2829480999444,57338.639999999985,7496.159999999995,0,31912.0,14475.0,8862.6,6983.8,3377.7999999999997,9361.0,971.5,30.8,10443629502.179113,64.84381970627767,1299.481853686834
1,277267.22000000044,210347.2199999999,41697.37513959989,21869.866713499963,3094.129351299978,29749.899999999983,3019.609999999996,0,31912.0,14475.0,8862.6,6983.8,3377.7999999999997,9361.0,971.5,30.8,1424841546.0836759,31.80462015370004,1066.8000902735555
2,348696.74999999977,237763.7599999999,38747.36110699975,20075.553461999974,1611.3677331999381,65111.24999999997,10023.00999999999,0,31912.0,14475.0,8862.6,6983.8,3377.7999999999997,9361.0,971.5,30.8,8642747140.108889,69.28709208557488,1284.2182868564748
3,393732.19999999914,232957.0299999999,42737.44128539969,22207.121161000003,3140.4948189999664,65721.37999999998,12582.840000000002,0,31912.0,14475.0,8862.6,6983.8,3377.7999999999997,9361.0,971.5,30.8,18777508330.407856,74.20705260472316,1371.2924375479354
4,165087.20999999982,165761.79999999996,28489.976554499994,17205.678313499968,2841.8402158999843,42563.599999999984,1037.9000000000008,0,31912.0,14475.0,8862.6,6983.8,3377.7999999999997,9361.0,971.5,30.8,-3539771308.633969,10.119952331173339,724.8364222963986
5,370119.9199999991,248708.60999999987,45659.8556266999,21666.77722399999,3090.1718581999803,58739.31999999998,11548.820000000003,0,31912.0,14475.0,8862.6,6983.8,3377.7999999999997,9361.0,971.5,30.8,12514166832.83898,74.29243838177992,1352.864112656776
6,151718.23999999993,177881.34999999992,29342.845436399974,15675.173716999983,2651.4422396499754,48948.139999999985,940.9000000000008,0,31912.0,14475.0,8862.6,6983.8,3377.7999999999997,9361.0,971.5,30.8,-17636952798.358124,16.857274070356496,725.7255028272995
7,196637.5,203942.41999999995,31085.25446729997,16606.414408999983,6871.406568749946,42385.11999999997,960.3000000000009,0,31912.0,14475.0,8862.6,6983.8,3377.7999999999997,9361.0,971.5,30.8,-49839038920.288956,25.451076019929417,878.6479821031575
