,contributed_CCGT,contributed_Coal,contributed_Onshore,contributed_Offshore,contributed_PV,contributed_Nuclear,contributed_Recip_gas,contributed_Biomass,total_CCGT,total_Coal,total_Onshore,total_Offshore,total_PV,total_Nuclear,total_Recip_gas,Carbon_tax,total_genco_wealth,Electricity_cost,Carbon_emitted
0,416939.8099999987,160106.77000000008,53512.87292309979,35763.29251800011,3134.7925336999424,82045.50999999995,12863.169999999998,0,31912.0,14475.0,8862.6,6983.8,3377.7999999999997,9361.0,971.5,30.8,26804298340.46943,122.18422139565199,1258.8251609644647
1,336729.1999999989,158019.1800000001,47332.02422219964,32285.061382999982,3107.873923099978,55262.83999999997,5932.519999999995,0,31912.0,14475.0,8862.6,6983.8,3377.7999999999997,9361.0,971.5,30.8,23189901511.177063,57.17061902447466,1071.2212299736389
2,392561.3299999988,187548.33999999994,50910.18632489962,34232.56163500011,1649.275124299933,82276.36999999998,12776.839999999998,0,31912.0,14475.0,8862.6,6983.8,3377.7999999999997,9361.0,971.5,30.8,52403799654.55157,122.33129368694483,1269.1659913993221
3,418140.94999999844,181743.31999999998,54809.449244499505,32011.108837000014,3153.7722850499645,104165.38999999998,14646.99999999998,0,31912.0,14475.0,8862.6,6983.8,3377.7999999999997,9361.0,971.5,30.8,84385561532.12032,123.7685262691575,1313.211614141365
4,240791.00000000006,125286.50999999997,36557.43689189992,28458.98498750001,3058.7035205499797,41450.03999999999,1173.700000000001,0,31912.0,14475.0,8862.6,6983.8,3377.7999999999997,9361.0,971.5,30.8,69433888428.21623,35.11687015367203,788.4743088409788
5,417790.8199999983,202352.28000000003,53081.067179899874,35350.853625500065,3115.982149099979,82546.02999999996,13150.289999999994,0,31912.0,14475.0,8862.6,6983.8,3377.7999999999997,9361.0,971.5,30.8,121339096467.40237,124.82921889103103,1355.4493210674432
6,238820.03000000006,127300.63999999997,34504.64664989986,27047.822995999988,4014.7692600999762,46185.57999999998,1115.5000000000007,0,31912.0,14475.0,8862.6,6983.8,3377.7999999999997,9361.0,971.5,30.8,97966939412.06253,35.39077684709493,792.4410090747187
7,287730.54999999993,124751.09999999998,38980.12503269967,32169.585088000018,7210.224466249926,43492.85999999999,1115.500000000001,0,31912.0,14475.0,8862.6,6983.8,3377.7999999999997,9361.0,971.5,30.8,70440733970.87598,39.18294578725631,889.9623836577971
