,contributed_CCGT,contributed_Coal,contributed_Onshore,contributed_Offshore,contributed_PV,contributed_Nuclear,contributed_Recip_gas,contributed_Biomass,total_CCGT,total_Coal,total_Onshore,total_Offshore,total_PV,total_Nuclear,total_Recip_gas,Carbon_tax,total_genco_wealth,Electricity_cost,Carbon_emitted
0,322766.69999999896,219831.5499999995,23300.55530880004,29579.745223999984,3154.551064599939,165604.86687359976,17964.885000000017,0,31912.0,14475.0,8862.6,6983.8,3377.7999999999997,9361.0,971.5,30.8,16950431850.820204,101.29711008353195,1195.1551740768978
1,290403.18,127126.01000000007,23464.752699000044,29595.668287999964,3122.2863189999775,165604.86687359976,13285.604999999992,0,31912.0,14475.0,8862.6,6983.8,3377.7999999999997,9361.0,971.5,30.8,11517347101.389137,58.39895201249115,911.294203851982
2,312513.17999999935,224855.94999999952,21601.84304159999,29224.130127999983,1658.9456695999324,165604.86687359976,17126.805000000004,0,31912.0,14475.0,8862.6,6983.8,3377.7999999999997,9361.0,971.5,30.8,20074510746.193737,89.52733790773992,1183.8506621880983
3,352944.73999999824,215675.03999999946,23278.20383160005,29656.706700000013,3188.160174599965,165604.86687359976,18430.970000000023,0,31912.0,14475.0,8862.6,6983.8,3377.7999999999997,9361.0,971.5,30.8,46961497705.77465,135.05034284936553,1249.9362590859166
4,149549.34000000014,124955.09000000001,21963.9421307,29595.668287999968,3116.600719849977,144165.6618696001,12571.199999999995,0,31912.0,14475.0,8862.6,6983.8,3377.7999999999997,9361.0,971.5,30.8,33802753964.899376,44.23212335945496,607.9292341158218
5,348799.25999999826,221795.4899999996,23464.752699000044,29595.668287999964,3122.2863189999775,165604.86687359976,18012.415000000015,0,31912.0,14475.0,8862.6,6983.8,3377.7999999999997,9361.0,971.5,30.8,50108785806.104126,92.49266247579173,1252.4800885650166
6,164130.72000000026,119767.95000000004,25107.37461920003,32925.914206999994,4477.2553294999825,132812.50266480024,12571.199999999995,0,31912.0,14475.0,8862.6,6983.8,3377.7999999999997,9361.0,971.5,30.8,29624158150.096,44.23631834290634,625.9548616941016
7,189599.22000000023,128198.83000000003,31140.259490999935,38204.78456500007,7414.15220374993,142418.6817816001,12571.199999999995,0,31912.0,14475.0,8862.6,6983.8,3377.7999999999997,9361.0,971.5,30.8,4975390077.017794,44.216392072771434,703.8619229043424
