,contributed_CCGT,contributed_Coal,contributed_Onshore,contributed_Offshore,contributed_PV,contributed_Nuclear,contributed_Recip_gas,contributed_Biomass,total_CCGT,total_Coal,total_Onshore,total_Offshore,total_PV,total_Nuclear,total_Recip_gas,Carbon_tax,total_genco_wealth,Electricity_cost,Carbon_emitted
0,405269.1399999976,199332.85999999993,23300.55530880004,29579.745223999984,3154.551064599939,97887.54999999987,13289.969999999996,0,31912.0,14475.0,8862.6,6983.8,3377.7999999999997,9361.0,971.5,30.8,13450217377.752274,92.09590470987963,1309.2526533182747
1,334243.61999999883,161098.37999999992,23109.54375270003,29595.668287999964,3121.035544299978,78011.27999999991,8295.439999999988,0,31912.0,14475.0,8862.6,6983.8,3377.7999999999997,9361.0,971.5,30.8,10777133598.304512,65.68843725076492,1067.7672702552422
2,404402.8399999978,192922.28999999978,21498.64643909995,29224.130127999983,1657.8605723499327,104883.18999999989,13289.969999999996,0,31912.0,14475.0,8862.6,6983.8,3377.7999999999997,9361.0,971.5,30.8,30018899790.632423,119.78590863836052,1293.189531241415
3,419443.7599999979,198724.54999999964,23136.232439400046,29656.706700000013,3188.032516099965,114151.53999999996,14921.024999999969,0,31912.0,14475.0,8862.6,6983.8,3377.7999999999997,9361.0,971.5,30.8,55018663544.72167,131.71621361705573,1339.9807918508966
4,240772.78000000032,129573.35000000005,17107.016359799996,21612.82529899999,3024.2444019499812,67343.21999999993,210.48999999999995,0,31912.0,14475.0,8862.6,6983.8,3377.7999999999997,9361.0,971.5,30.8,40651527865.581566,41.423758709141374,780.2685108633027
5,427361.0199999979,200667.54999999984,23464.752699000044,29595.668287999964,3122.2863189999775,103648.37999999992,13406.369999999995,0,31912.0,14475.0,8862.6,6983.8,3377.7999999999997,9361.0,971.5,30.8,77145579138.29625,129.70044033143893,1357.3136863148966
6,246297.49000000028,119696.65000000002,17947.634190200002,22840.961624999974,4165.41639929998,73706.41999999991,217.27999999999994,0,31912.0,14475.0,8862.6,6983.8,3377.7999999999997,9361.0,971.5,30.8,54737197619.09589,41.837350559538805,775.8333756367018
7,262199.7600000002,148540.00999999998,20190.32949960003,24270.366480500008,6997.9428480499355,78011.27999999991,2948.315000000002,0,31912.0,14475.0,8862.6,6983.8,3377.7999999999997,9361.0,971.5,30.8,28633856127.595154,43.23743054946768,880.8869290039821
