,contributed_CCGT,contributed_Coal,contributed_Onshore,contributed_Offshore,contributed_PV,contributed_Nuclear,contributed_Recip_gas,contributed_Biomass,total_CCGT,total_Coal,total_Onshore,total_Offshore,total_PV,total_Nuclear,total_Recip_gas,Carbon_tax,total_genco_wealth,Electricity_cost,Carbon_emitted
0,333752.1999999998,255498.9299999999,53087.50426479991,24205.021594999995,3171.8783196499357,91517.55999999991,12010.539999999988,0,31912.0,14475.0,8862.6,6983.8,3377.7999999999997,9361.0,971.5,30.8,95231938865.57478,316.49103625895606,1279.8150688041403
1,230671.10999999996,249426.53999999998,47439.9283704999,24755.242898999968,3118.8164929999753,82482.00999999994,3697.6399999999976,0,31912.0,14475.0,8862.6,6983.8,3377.7999999999997,9361.0,971.5,30.8,106615092076.01729,87.25690167462466,1033.992001802921
2,336929.9199999995,249974.46999999997,51590.72492919962,26271.719823999978,1677.7604838499321,93696.1799999999,12077.469999999988,0,31912.0,14475.0,8862.6,6983.8,3377.7999999999997,9361.0,971.5,30.8,238857017059.27963,339.45181958619565,1270.482849629061
3,346074.5400000001,247183.11999999988,57890.276865999665,28768.06654500002,3201.8787335499615,120283.88000000005,13954.904999999977,0,31912.0,14475.0,8862.6,6983.8,3377.7999999999997,9361.0,971.5,30.8,389089524849.80615,353.31757033102,1283.179047831757
4,150895.6700000001,204015.0000000001,37705.84695489999,19298.22375299997,3086.1872842499756,57656.799999999974,341.4399999999998,0,31912.0,14475.0,8862.6,6983.8,3377.7999999999997,9361.0,971.5,30.8,376896894682.54,34.22642832845377,762.2972059499998
5,336236.01000000007,270809.62,55489.134122699994,24444.403902499984,3139.5744588499756,109527.54999999999,12571.199999999992,0,31912.0,14475.0,8862.6,6983.8,3377.7999999999997,9361.0,971.5,30.8,608982901858.2214,353.1466969602564,1313.1180356287568
6,156080.7600000001,204864.6999999999,38275.071337099806,17179.367597999986,2962.9747485999774,66653.54999999996,312.33999999999986,0,31912.0,14475.0,8862.6,6983.8,3377.7999999999997,9361.0,971.5,30.8,588529932915.4623,32.865925244587466,774.6126748505998
7,185548.71999999988,225216.25999999992,42784.84500109987,23499.922817000006,7137.493836249937,62616.40999999997,385.08999999999975,0,31912.0,14475.0,8862.6,6983.8,3377.7999999999997,9361.0,971.5,30.8,565960864471.7495,37.425941953694014,880.4176335514796
