,contributed_CCGT,contributed_Coal,contributed_Onshore,contributed_Offshore,contributed_PV,contributed_Nuclear,contributed_Recip_gas,contributed_Biomass,total_CCGT,total_Coal,total_Onshore,total_Offshore,total_PV,total_Nuclear,total_Recip_gas,Carbon_tax,total_genco_wealth,Electricity_cost,Carbon_emitted
0,311449.07999999967,267295.57,52472.006197499875,25204.304611999993,3161.6050611999376,102221.50999999992,12162.829999999987,0,31912.0,14475.0,8862.6,6983.8,3377.7999999999997,9361.0,971.5,30.8,99838543005.26672,314.112021364501,1257.6275028068603
1,241990.16000000006,244011.23999999993,48866.89111219983,26676.70923199996,3140.818776749974,75475.69999999994,3717.039999999999,0,31912.0,14475.0,8862.6,6983.8,3377.7999999999997,9361.0,971.5,30.8,111656705898.26358,87.87000488527946,1043.743905713521
2,339586.21000000025,265319.82,47980.87550669965,20833.035721999968,1662.0115651499343,90126.57999999991,12087.169999999987,0,31912.0,14475.0,8862.6,6983.8,3377.7999999999997,9361.0,971.5,30.8,237933983909.51352,336.3509418129292,1309.0493519883578
3,353301.3899999998,270044.55999999994,56152.170949099636,26646.99891800001,3170.961776899961,98239.65999999992,12197.749999999993,0,31912.0,14475.0,8862.6,6983.8,3377.7999999999997,9361.0,971.5,30.8,385437291549.03064,350.5231472416158,1354.747180174879
4,138164.53000000006,209652.83000000002,39164.32085469994,20106.331600999965,2886.804131149979,69770.15999999996,330.7699999999998,0,31912.0,14475.0,8862.6,6983.8,3377.7999999999997,9361.0,971.5,30.8,372853707165.1987,33.74471274506468,748.9643645563397
5,337186.2400000002,271877.31,54005.56171539996,23579.806844499988,3115.583944949976,111844.87999999999,12063.889999999992,0,31912.0,14475.0,8862.6,6983.8,3377.7999999999997,9361.0,971.5,30.8,590509088480.7251,346.16369694174927,1316.3523948793775
6,154704.5400000001,210958.11000000002,37668.89770519984,19059.484933999967,2751.1194631499734,61428.159999999974,321.0699999999998,0,31912.0,14475.0,8862.6,6983.8,3377.7999999999997,9361.0,971.5,30.8,571930834329.3704,35.707332719551836,785.6223317577796
7,197680.75999999986,215790.2599999999,38505.046726199726,19594.566980999974,7001.474658949942,66671.00999999995,315.24999999999983,0,31912.0,14475.0,8862.6,6983.8,3377.7999999999997,9361.0,971.5,30.8,549258697239.6239,38.06595711754633,883.965161363479
