,contributed_CCGT,contributed_Coal,contributed_Onshore,contributed_Offshore,contributed_PV,contributed_Nuclear,contributed_Recip_gas,contributed_Biomass,total_CCGT,total_Coal,total_Onshore,total_Offshore,total_PV,total_Nuclear,total_Recip_gas,Carbon_tax,total_genco_wealth,Electricity_cost,Carbon_emitted
0,396815.579999999,157160.9499999999,57094.03713699961,34458.70900800008,3148.870614499937,62569.84999999994,13575.635000000002,0,31912.0,14475.0,8862.6,6983.8,3377.7999999999997,9361.0,971.5,30.8,15906055276.278597,71.27690085528918,1211.7117308380964
1,337152.9899999998,113553.02999999991,52027.64657849971,31488.94508099998,3120.9109271999732,35245.920000000006,8754.249999999995,0,31912.0,14475.0,8862.6,6983.8,3377.7999999999997,9361.0,971.5,30.8,14402431309.207607,54.164007708286675,982.1323373959395
2,395593.5899999984,154909.29999999987,58466.305012499586,32682.84564100003,1665.1969211999346,73124.41999999994,14964.18999999997,0,31912.0,14475.0,8862.6,6983.8,3377.7999999999997,9361.0,971.5,30.8,25669833817.981274,71.75836771894755,1208.2069904813968
3,436002.50999999786,142976.4999999999,56503.42240209948,33413.59621800004,3167.5491945499616,87770.44999999998,14892.40999999998,0,31912.0,14475.0,8862.6,6983.8,3377.7999999999997,9361.0,971.5,30.8,37477965728.36086,73.10499782499295,1256.3757986269975
4,226481.44000000026,102064.60999999986,42337.25616479999,26673.500348000012,3083.523279949975,27128.960000000006,1238.690000000001,0,31912.0,14475.0,8862.6,6983.8,3377.7999999999997,9361.0,971.5,30.8,25656230615.74755,36.338859468231284,712.5607898847808
5,429847.1799999979,149929.1799999999,58212.99891179973,34515.49186400005,3126.1048751999756,85143.68999999992,14457.849999999973,0,31912.0,14475.0,8862.6,6983.8,3377.7999999999997,9361.0,971.5,30.8,43781499676.29466,74.6769240849322,1265.6012781736383
6,258757.93000000046,78303.39999999998,39639.21951719988,25136.006604999988,4203.281784799983,20051.840000000004,1964.7350000000015,0,31912.0,14475.0,8862.6,6983.8,3377.7999999999997,9361.0,971.5,30.8,26016380984.142418,38.18909960507682,725.7786465832002
7,281015.3900000003,99711.94999999984,41540.85991659976,29752.302627000015,7101.640720649937,28308.480000000007,5923.30499999999,0,31912.0,14475.0,8862.6,6983.8,3377.7999999999997,9361.0,971.5,30.8,3151512587.159761,39.41160978838628,827.902433456101
