,contributed_CCGT,contributed_Coal,contributed_Onshore,contributed_Offshore,contributed_PV,contributed_Nuclear,contributed_Recip_gas,contributed_Biomass,total_CCGT,total_Coal,total_Onshore,total_Offshore,total_PV,total_Nuclear,total_Recip_gas,Carbon_tax,total_genco_wealth,Electricity_cost,Carbon_emitted
0,364416.01999999996,219900.12999999968,54315.506009399935,27368.82739999998,3170.736620449936,98938.05999999994,12154.09999999999,0,31912.0,14475.0,8862.6,6983.8,3377.7999999999997,9361.0,971.5,30.8,104020465827.70216,349.0412687296278,1258.1931190817406
1,256590.18999999997,206506.3499999996,51651.733263500064,26245.235191999967,3138.189265749974,81338.37999999993,5759.859999999996,0,31912.0,14475.0,8862.6,6983.8,3377.7999999999997,9361.0,971.5,30.8,119795844439.36482,111.18433881652989,993.9349740373005
2,353157.3400000001,215250.92999999961,54206.44464139971,29074.26399000001,1674.3212910999332,103567.86999999997,12090.07999999999,0,31912.0,14475.0,8862.6,6983.8,3377.7999999999997,9361.0,971.5,30.8,242844660365.59534,352.2471759650162,1222.5181121801386
3,374123.73999999894,226605.74999999968,57302.39791909975,26557.168908000007,3207.002454699961,107774.75999999995,13974.78999999998,0,31912.0,14475.0,8862.6,6983.8,3377.7999999999997,9361.0,971.5,30.8,386742868702.23785,355.8126944654776,1297.7873681184972
4,164908.15999999997,183404.26999999976,39722.71193739994,19060.234502999974,3038.819742349978,67316.05999999995,320.09999999999985,0,31912.0,14475.0,8862.6,6983.8,3377.7999999999997,9361.0,971.5,30.8,373787222282.1784,35.77979180708362,744.7084987494601
5,379109.2299999986,233389.64999999976,56029.20567870001,27698.801215999963,3136.556744499975,104931.68999999994,12808.849999999988,0,31912.0,14475.0,8862.6,6983.8,3377.7999999999997,9361.0,971.5,30.8,590336036628.1797,355.68143197512865,1317.1342555107005
6,177530.9599999998,186846.94999999963,38943.394750799845,19228.948061999967,3403.3849185499726,57269.769999999975,320.09999999999985,0,31912.0,14475.0,8862.6,6983.8,3377.7999999999997,9361.0,971.5,30.8,570394619520.5999,37.25943338001517,778.2508204160997
7,225510.06999999995,175386.4699999997,42967.812715799904,22337.498580000003,7095.809056249937,65216.00999999996,908.8900000000009,0,31912.0,14475.0,8862.6,6983.8,3377.7999999999997,9361.0,971.5,30.8,546554130042.9127,40.220105969219354,851.5068136650603
