,contributed_CCGT,contributed_Coal,contributed_Onshore,contributed_Offshore,contributed_PV,contributed_Nuclear,contributed_Recip_gas,contributed_Biomass,total_CCGT,total_Coal,total_Onshore,total_Offshore,total_PV,total_Nuclear,total_Recip_gas,Carbon_tax,total_genco_wealth,Electricity_cost,Carbon_emitted
0,310489.9099999997,268781.18,53547.94187629986,27304.32685000001,3166.7246319499363,95749.66999999994,12456.73999999999,0,31912.0,14475.0,8862.6,6983.8,3377.7999999999997,9361.0,971.5,30.8,100511712474.12471,313.5734435432514,1260.7734721896393
1,253381.5700000002,219621.8300000001,50693.078373799945,27459.837247999963,3137.8354276999744,79197.58999999992,5039.149999999996,0,31912.0,14475.0,8862.6,6983.8,3377.7999999999997,9361.0,971.5,30.8,111879293666.1523,88.14263813292689,1015.2242899783399
2,328325.08999999956,256603.44999999998,49192.46028259964,24422.824516000015,1664.9199784999346,107610.82999999996,12060.009999999991,0,31912.0,14475.0,8862.6,6983.8,3377.7999999999997,9361.0,971.5,30.8,234720125266.94128,338.1176937382691,1264.274323323099
3,342743.90999999974,272691.4200000001,53584.90148559978,29861.144316000005,3198.7704915999607,103711.42999999996,12894.209999999986,0,31912.0,14475.0,8862.6,6983.8,3377.7999999999997,9361.0,971.5,30.8,378732809236.5333,349.7387602610709,1338.2725876851582
4,135325.07999999993,213606.88999999984,42510.13694650001,20507.50810799997,3087.0419907499763,58974.05999999997,374.4199999999998,0,31912.0,14475.0,8862.6,6983.8,3377.7999999999997,9361.0,971.5,30.8,366848613732.18774,34.52982967392145,752.1119721322202
5,326317.9599999996,265269.6699999999,53987.336210800015,29503.05474199999,3135.3658874499756,106688.35999999994,12317.059999999987,0,31912.0,14475.0,8862.6,6983.8,3377.7999999999997,9361.0,971.5,30.8,595547798316.5315,351.70941607309345,1290.69258689866
6,160203.84000000008,192235.57000000007,37353.16467429985,19396.957309999972,3412.3216513499788,71345.43999999994,384.1199999999998,0,31912.0,14475.0,8862.6,6983.8,3377.7999999999997,9361.0,971.5,30.8,576683932729.0253,34.504628465098854,754.9476252268588
7,187230.21000000008,216929.24999999997,36749.989448199754,19016.38109699997,6919.228119149943,73704.47999999994,357.9299999999998,0,31912.0,14475.0,8862.6,6983.8,3377.7999999999997,9361.0,971.5,30.8,554552735932.4785,36.91190933759768,865.2843059115005
