,contributed_CCGT,contributed_Coal,contributed_Onshore,contributed_Offshore,contributed_PV,contributed_Nuclear,contributed_Recip_gas,contributed_Biomass,total_CCGT,total_Coal,total_Onshore,total_Offshore,total_PV,total_Nuclear,total_Recip_gas,Carbon_tax,total_genco_wealth,Electricity_cost,Carbon_emitted
0,375191.2999999986,193300.68999999986,23300.55530880004,29579.745223999984,3154.551064599939,131964.62000000005,13872.455000000002,0,31912.0,14475.0,8862.6,6983.8,3377.7999999999997,9361.0,971.5,30.8,20913390029.370937,113.02546028623124,1235.916910594616
1,305619.2999999999,158237.86,23398.33422850004,29595.668287999964,3122.2863189999775,109771.02000000003,10698.130000000012,0,31912.0,14475.0,8862.6,6983.8,3377.7999999999997,9361.0,971.5,30.8,20760231851.64337,68.82918715809119,1008.1544027482802
2,379733.0999999985,185013.02999999988,21570.92251649998,29224.130127999983,1658.9456695999324,135794.18000000005,13982.065000000002,0,31912.0,14475.0,8862.6,6983.8,3377.7999999999997,9361.0,971.5,30.8,44686803033.14264,128.68864598641773,1226.866204945937
3,402280.13999999786,190913.60999999972,23278.20383160005,29656.706700000013,3188.160174599965,142928.5300000001,14755.154999999977,0,31912.0,14475.0,8862.6,6983.8,3377.7999999999997,9361.0,971.5,30.8,76623489942.7192,145.21435032624365,1287.4198209367746
4,199965.5300000005,142175.81000000003,17570.824275100033,22330.67119599998,3082.589779099977,97591.7,20.369999999999997,0,31912.0,14475.0,8862.6,6983.8,3377.7999999999997,9361.0,971.5,30.8,63445703287.26911,41.67396313184266,725.1649538023814
5,390262.879999998,210559.96999999968,23464.752699000044,29595.668287999964,3122.2863189999775,136073.54000000007,13933.564999999999,0,31912.0,14475.0,8862.6,6983.8,3377.7999999999997,9361.0,971.5,30.8,111411895496.71382,140.86815925833804,1305.1485941680544
6,233016.0800000002,111113.14000000006,16917.000450499985,21178.98015399997,3168.8072653999798,101927.59999999999,717.8000000000005,0,31912.0,14475.0,8862.6,6983.8,3377.7999999999997,9361.0,971.5,30.8,92955990255.87651,42.905796576045724,733.5074509297212
7,252988.42000000025,143699.46000000002,21222.169793200002,25692.795657000017,7204.654088099933,91658.20999999996,1894.4100000000017,0,31912.0,14475.0,8862.6,6983.8,3377.7999999999997,9361.0,971.5,30.8,70254899322.94836,44.25142249902049,848.2759087050814
