,contributed_CCGT,contributed_Coal,contributed_Onshore,contributed_Offshore,contributed_PV,contributed_Nuclear,contributed_Recip_gas,contributed_Biomass,total_CCGT,total_Coal,total_Onshore,total_Offshore,total_PV,total_Nuclear,total_Recip_gas,Carbon_tax,total_genco_wealth,Electricity_cost,Carbon_emitted
0,394042.73999999807,197395.4799999997,23300.55530880004,29579.745223999984,3154.551064599939,100843.13999999997,14812.384999999982,0,31912.0,14475.0,8862.6,6983.8,3377.7999999999997,9361.0,971.5,30.8,17883090146.310932,94.45852903648957,1284.1951979110358
1,314789.24999999977,170152.93999999994,23464.752699000044,29595.668287999964,3122.2863189999775,77205.20999999995,10911.530000000004,0,31912.0,14475.0,8862.6,6983.8,3377.7999999999997,9361.0,971.5,30.8,21493121411.69782,69.05687701321959,1049.87708829012
2,392634.9799999984,194061.18999999977,21601.84304159999,29224.130127999983,1658.9456695999324,107257.74999999999,15011.719999999983,0,31912.0,14475.0,8862.6,6983.8,3377.7999999999997,9361.0,971.5,30.8,38298021962.23734,100.68772523668035,1277.893556803619
3,421849.55999999755,197949.66999999966,23278.20383160005,29656.706700000013,3188.160174599965,111545.14999999997,15789.659999999978,0,31912.0,14475.0,8862.6,6983.8,3377.7999999999997,9361.0,971.5,30.8,58983028353.61646,106.11069902565947,1347.455118898658
4,222835.46000000034,118523.69000000006,22507.46733290001,29202.832381999968,3120.6473052499773,52022.069999999985,8149.939999999996,0,31912.0,14475.0,8862.6,6983.8,3377.7999999999997,9361.0,971.5,30.8,55296051143.62441,52.931793921490254,742.30504233862
5,414324.91999999806,216051.51999999973,23464.752699000044,29595.668287999964,3122.2863189999775,108411.07999999996,15049.54999999998,0,31912.0,14475.0,8862.6,6983.8,3377.7999999999997,9361.0,971.5,30.8,84435567616.11906,104.03830790080228,1371.1173179649584
6,240414.3000000002,99700.76000000001,26177.954074400044,33535.97722699999,4485.709207699983,51217.93999999998,4353.8449999999975,0,31912.0,14475.0,8862.6,6983.8,3377.7999999999997,9361.0,971.5,30.8,74939422300.36789,49.95272776198519,730.5038572924797
7,258359.49000000017,136199.00000000003,33099.7650366999,37165.683457000065,7428.772723799932,60046.87999999997,8933.699999999988,0,31912.0,14475.0,8862.6,6983.8,3377.7999999999997,9361.0,971.5,30.8,68051987876.36483,53.68978284466849,854.1746280620001
