,contributed_CCGT,contributed_Coal,contributed_Onshore,contributed_Offshore,contributed_PV,contributed_Nuclear,contributed_Recip_gas,contributed_Biomass,total_CCGT,total_Coal,total_Onshore,total_Offshore,total_PV,total_Nuclear,total_Recip_gas,Carbon_tax,total_genco_wealth,Electricity_cost,Carbon_emitted
0,351679.3199999985,263796.93,23300.55530880004,29579.745223999984,3154.551064599939,91698.94999999997,13233.709999999992,0,31912.0,14475.0,8862.6,6983.8,3377.7999999999997,9361.0,971.5,30.8,31492982453.83825,146.67636249347623,1342.3949781081365
1,250550.88000000027,258569.37,23195.263874900036,29595.668287999964,3121.6804833999777,74274.83999999997,3075.385,0,31912.0,14475.0,8862.6,6983.8,3377.7999999999997,9361.0,971.5,30.8,25130364899.50082,54.07470822022552,1099.320269829259
2,357388.8799999987,254420.60999999993,20799.131792699885,28860.821019999985,1658.3836637499326,94908.67999999995,13225.949999999993,0,31912.0,14475.0,8862.6,6983.8,3377.7999999999997,9361.0,971.5,30.8,64603169230.29836,167.76736118345187,1334.8484600927768
3,372621.3999999986,259663.1599999999,23278.20383160005,29656.706700000013,3188.032516099965,105546.66999999994,14154.724999999986,0,31912.0,14475.0,8862.6,6983.8,3377.7999999999997,9361.0,971.5,30.8,102583008822.53212,159.1672355196982,1379.3541045276759
4,172107.3000000003,195222.40999999986,17807.116255700028,22696.431085499982,2775.519575449979,68969.90999999997,183.32999999999998,0,31912.0,14475.0,8862.6,6983.8,3377.7999999999997,9361.0,971.5,30.8,88455419222.04672,40.340839655152095,786.3402534891823
5,371825.0799999985,270002.9100000001,23464.752699000044,29595.668287999964,3122.2863189999775,96271.52999999996,13269.59999999999,0,31912.0,14475.0,8862.6,6983.8,3377.7999999999997,9361.0,971.5,30.8,146005156955.1066,159.1368384678349,1399.0128686481771
6,172008.33000000028,204558.83,19392.776846499968,24669.121959999982,4214.425979999978,66676.82999999999,209.51999999999995,0,31912.0,14475.0,8862.6,6983.8,3377.7999999999997,9361.0,971.5,30.8,123447351292.56473,40.61874327050912,806.0543996443414
7,220532.2500000004,190120.30999999988,26946.527453699982,32830.45942300001,7393.146987599928,66269.42999999996,139.68000000000004,0,31912.0,14475.0,8862.6,6983.8,3377.7999999999997,9361.0,971.5,30.8,97507308492.61263,43.842648472473265,876.0836148333825
