,contributed_CCGT,contributed_Coal,contributed_Onshore,contributed_Offshore,contributed_PV,contributed_Nuclear,contributed_Recip_gas,contributed_Biomass,total_CCGT,total_Coal,total_Onshore,total_Offshore,total_PV,total_Nuclear,total_Recip_gas,Carbon_tax,total_genco_wealth,Electricity_cost,Carbon_emitted
0,384860.0199999983,199760.59999999992,23300.55530880004,29579.745223999984,3154.551064599939,113280.47999999998,14114.954999999994,0,31912.0,14475.0,8862.6,6983.8,3377.7999999999997,9361.0,971.5,30.8,18117715455.16918,94.29584883812602,1269.4160174487981
1,317464.20999999985,169156.55999999988,23464.752699000044,29595.668287999964,3122.2863189999775,79481.79999999994,10374.635000000004,0,31912.0,14475.0,8862.6,6983.8,3377.7999999999997,9361.0,971.5,30.8,21240633142.882927,66.66944719447439,1051.89962054088
2,400102.09999999794,176998.65999999995,21601.84304159999,29224.130127999983,1658.9456695999324,117638.68999999997,15033.05999999998,0,31912.0,14475.0,8862.6,6983.8,3377.7999999999997,9361.0,971.5,30.8,36311806334.71138,96.31715905312096,1251.4774552866793
3,416066.7599999976,206743.78999999975,23278.20383160005,29656.706700000013,3188.160174599965,123866.08999999995,15169.829999999982,0,31912.0,14475.0,8862.6,6983.8,3377.7999999999997,9361.0,971.5,30.8,57277167877.15365,107.0431390908049,1352.9467114584174
4,242033.4900000003,102846.21999999996,23359.328152000035,29595.668287999968,3120.578262199977,56629.56999999998,6258.439999999995,0,31912.0,14475.0,8862.6,6983.8,3377.7999999999997,9361.0,971.5,30.8,51861135236.584145,52.6933571953117,744.8175430355595
5,421094.8199999979,204034.14999999964,23464.752699000044,29595.668287999964,3122.2863189999775,113812.03999999996,15011.719999999983,0,31912.0,14475.0,8862.6,6983.8,3377.7999999999997,9361.0,971.5,30.8,80727985212.63078,101.52392420042969,1359.1021350016974
6,234586.14000000033,118181.25000000006,24314.969077100035,31131.941920999983,4482.048304199983,44488.07999999999,6282.204999999995,0,31912.0,14475.0,8862.6,6983.8,3377.7999999999997,9361.0,971.5,30.8,70186401489.24527,48.04085216071636,761.5560910774998
7,250017.99000000025,128323.84000000003,33824.4541221999,38158.13439700007,7431.698511349931,63009.25999999997,7526.229999999994,0,31912.0,14475.0,8862.6,6983.8,3377.7999999999997,9361.0,971.5,30.8,61968029709.33223,53.72358875856052,820.4504020483203
