,contributed_CCGT,contributed_Coal,contributed_Onshore,contributed_Offshore,contributed_PV,contributed_Nuclear,contributed_Recip_gas,contributed_Biomass,total_CCGT,total_Coal,total_Onshore,total_Offshore,total_PV,total_Nuclear,total_Recip_gas,Carbon_tax,total_genco_wealth,Electricity_cost,Carbon_emitted
0,340651.6399999989,254361.69999999998,22167.55709080005,29231.902837999987,3154.551064599939,119045.19000000002,12434.914999999999,0,31912.0,14475.0,8862.6,6983.8,3377.7999999999997,9361.0,971.5,30.8,9164349748.90146,73.25642225185925,1298.2104405065995
1,245070.12000000034,242414.12,21536.5177417,27496.305714999973,3119.007316399977,106110.23999999996,2767.4100000000003,0,31912.0,14475.0,8862.6,6983.8,3377.7999999999997,9361.0,971.5,30.8,2261894402.2267632,49.10477935784656,1050.501756199763
2,346834.0199999989,251834.61999999997,19574.802448699833,27149.631544000007,1653.8794778499337,121303.35000000002,13260.869999999995,0,31912.0,14475.0,8862.6,6983.8,3377.7999999999997,9361.0,971.5,30.8,11139195805.788872,85.18085447683478,1305.8742696187585
3,373690.57999999827,255432.93999999997,22559.135149199992,29656.706700000013,3184.955946249964,122377.14000000001,13289.969999999996,0,31912.0,14475.0,8862.6,6983.8,3377.7999999999997,9361.0,971.5,30.8,24583198629.823387,94.42156240012439,1370.3297828301181
4,142886.02000000016,206749.60999999996,16652.21490420004,20777.21242399999,2873.3539255499823,95059.02999999993,169.75,0,31912.0,14475.0,8862.6,6983.8,3377.7999999999997,9361.0,971.5,30.8,9104830657.598751,35.391483664527875,751.7438793547823
5,377829.0699999979,252993.41999999993,22844.893637800014,29266.48918399997,3122.2863189999775,120086.97000000002,13288.029999999995,0,31912.0,14475.0,8862.6,6983.8,3377.7999999999997,9361.0,971.5,30.8,28985288971.066376,96.84734029282566,1373.283439281158
6,154787.7000000003,196902.09000000005,15743.252202700009,20450.512126499976,4134.395045499982,98197.94999999991,203.69999999999996,0,31912.0,14475.0,8862.6,6983.8,3377.7999999999997,9361.0,971.5,30.8,5373454822.957938,35.15900853200744,753.9994718218232
7,201739.62000000043,204252.0000000001,18637.310757100004,23536.467293499994,7011.649570049935,95059.02999999993,208.54999999999995,0,31912.0,14475.0,8862.6,6983.8,3377.7999999999997,9361.0,971.5,30.8,-22851019589.430878,37.70930412338034,867.8538868360044
