,contributed_CCGT,contributed_Coal,contributed_Onshore,contributed_Offshore,contributed_PV,contributed_Nuclear,contributed_Recip_gas,contributed_Biomass,total_CCGT,total_Coal,total_Onshore,total_Offshore,total_PV,total_Nuclear,total_Recip_gas,Carbon_tax,total_genco_wealth,Electricity_cost,Carbon_emitted
0,416824.89999999816,118006.56000000003,59483.785523099774,24300.696721999997,3170.9591575499353,106699.99999999994,12858.804999999993,0,31912.0,14475.0,8862.6,6983.8,3377.7999999999997,9361.0,971.5,30.8,20422849477.82223,85.7072233890018,1137.514338000881
1,362507.98999999906,90227.48999999992,52939.82173569978,23788.25394449997,3131.0380966499733,56678.06999999999,9781.479999999987,0,31912.0,14475.0,8862.6,6983.8,3377.7999999999997,9361.0,971.5,30.8,19017158329.10507,59.371403234451414,957.7420003510189
2,414284.56999999797,155832.68,54383.350011299575,26368.304998000018,1667.3438836999342,74465.92999999995,13298.214999999993,0,31912.0,14475.0,8862.6,6983.8,3377.7999999999997,9361.0,971.5,30.8,34401203325.25378,83.1755104284123,1218.8360589166427
3,449137.60999999737,137214.01,61428.2456606995,25753.86589300001,3190.674326599961,88565.84999999993,13643.04999999998,0,31912.0,14475.0,8862.6,6983.8,3377.7999999999997,9361.0,971.5,30.8,55230817821.40568,88.57088222598007,1257.0123021659847
4,277011.05999999976,52775.16999999996,40447.8393173999,17765.537167999963,3074.0081357499757,50760.099999999984,155.2,0,31912.0,14475.0,8862.6,6983.8,3377.7999999999997,9361.0,971.5,30.8,42879421277.922195,38.017653034439,680.83480370766
5,451492.6099999974,136204.55,59251.286475299974,29485.113291499994,3127.2862144499754,84074.74999999996,14543.209999999986,0,31912.0,14475.0,8862.6,6983.8,3377.7999999999997,9361.0,971.5,30.8,71440215666.60402,89.0085660605932,1262.5492299409034
6,270952.03999999963,74996.77999999998,39850.51818679979,17867.845517999973,4351.363682649986,44251.39999999999,320.0999999999999,0,31912.0,14475.0,8862.6,6983.8,3377.7999999999997,9361.0,971.5,30.8,51526735809.10205,37.67400539920515,718.4549962184389
7,303570.1499999994,70512.24999999999,44775.12243879968,20195.00311899998,7173.799949949935,39955.26999999999,7482.094999999997,0,31912.0,14475.0,8862.6,6983.8,3377.7999999999997,9361.0,971.5,30.8,29185604830.86401,42.429024167411,789.2962574554991
