,contributed_CCGT,contributed_Coal,contributed_Onshore,contributed_Offshore,contributed_PV,contributed_Nuclear,contributed_Recip_gas,contributed_Biomass,total_CCGT,total_Coal,total_Onshore,total_Offshore,total_PV,total_Nuclear,total_Recip_gas,Carbon_tax,total_genco_wealth,Electricity_cost,Carbon_emitted
0,332538.7599999996,251833.49999999988,53382.57562639987,28622.34987199999,3171.6556281999356,97670.26999999992,12393.68999999999,0,31912.0,14475.0,8862.6,6983.8,3377.7999999999997,9361.0,971.5,30.8,88563739803.12578,309.15887872715075,1265.2247069329999
1,242280.37000000005,250102.7099999999,47812.93757339986,25089.064170999965,3123.978699499974,73318.41999999994,3776.2099999999978,0,31912.0,14475.0,8862.6,6983.8,3377.7999999999997,9361.0,971.5,30.8,100098501336.69725,87.50360463655898,1058.0456410885809
2,325071.98999999964,253500.4999999999,51204.919845199656,22722.746304000022,1662.8084945999349,104434.07999999993,12189.01999999999,0,31912.0,14475.0,8862.6,6983.8,3377.7999999999997,9361.0,971.5,30.8,227699675768.59775,336.1065078299582,1258.050054518999
3,344811.64,257629.77999999994,52432.70856809982,27336.125156000002,3170.545707199961,111610.13999999994,13466.024999999978,0,31912.0,14475.0,8862.6,6983.8,3377.7999999999997,9361.0,971.5,30.8,374226255448.1104,353.34020866471974,1311.2038106624384
4,163211.75999999983,184226.28000000003,38252.16272099997,19061.153627999975,3036.956356349978,67979.53999999995,365.68999999999977,0,31912.0,14475.0,8862.6,6983.8,3377.7999999999997,9361.0,971.5,30.8,362866224203.19653,35.65788906289946,743.1915859194402
5,351162.40999999974,258804.6199999999,56122.74512609997,25674.248179999973,3137.8027388499754,110489.78999999998,12293.779999999986,0,31912.0,14475.0,8862.6,6983.8,3377.7999999999997,9361.0,971.5,30.8,600064472752.4934,351.61022738288375,1317.2489920387582
6,157835.62000000005,203853.1299999999,37151.93486659983,18084.53886499998,3466.745581999972,63794.959999999955,323.97999999999985,0,31912.0,14475.0,8862.6,6983.8,3377.7999999999997,9361.0,971.5,30.8,579516919094.1392,32.145079530001446,775.9886642557398
7,187376.51999999973,210150.21999999988,41716.705357799845,22383.4536235,7126.734641549936,72172.84999999995,403.51999999999975,0,31912.0,14475.0,8862.6,6983.8,3377.7999999999997,9361.0,971.5,30.8,557875163850.0247,38.16143420908774,850.4055198875591
