,contributed_CCGT,contributed_Coal,contributed_Onshore,contributed_Offshore,contributed_PV,contributed_Nuclear,contributed_Recip_gas,contributed_Biomass,total_CCGT,total_Coal,total_Onshore,total_Offshore,total_PV,total_Nuclear,total_Recip_gas,Carbon_tax,total_genco_wealth,Electricity_cost,Carbon_emitted
0,367261.3699999988,168548.72999999998,52118.98029439974,33311.62330400002,3163.123157599938,113573.41999999995,13540.229999999992,0,31912.0,14475.0,8862.6,6983.8,3377.7999999999997,9361.0,971.5,30.8,28610206292.288097,90.21639173183898,1166.4223419045372
1,317177.2599999996,140906.6699999999,44065.55973699983,30393.11724799997,3130.673963999977,75359.29999999994,10596.279999999999,0,31912.0,14475.0,8862.6,6983.8,3377.7999999999997,9361.0,971.5,30.8,45402963441.78499,74.53941204173678,986.4145930246577
2,366775.42999999836,194816.77999999985,50527.98350079961,31026.151887999986,1669.512537599932,102410.65999999997,13721.134999999987,0,31912.0,14475.0,8862.6,6983.8,3377.7999999999997,9361.0,971.5,30.8,72458527308.09686,93.45341353582735,1217.3760447684353
3,397358.08999999834,182047.32999999993,51986.61227079959,32894.15070000003,3199.2443175999633,118088.76999999996,14652.819999999974,0,31912.0,14475.0,8862.6,6983.8,3377.7999999999997,9361.0,971.5,30.8,105182553656.74501,100.3863731668821,1257.5822799273374
4,233213.89000000016,96083.52999999993,34539.94425149995,28850.24134399997,3122.0519437499775,67641.97999999995,3944.989999999999,0,31912.0,14475.0,8862.6,6983.8,3377.7999999999997,9361.0,971.5,30.8,109306235138.51508,51.65108667952476,702.35414891494
5,403989.73999999807,190386.3199999999,49841.71573699981,34304.15724800005,3129.703963999977,104838.56999999998,14522.839999999976,0,31912.0,14475.0,8862.6,6983.8,3377.7999999999997,9361.0,971.5,30.8,154199156235.53024,94.11883726996341,1292.9326556353567
6,208509.93000000023,115650.62000000001,38168.798573599786,34132.35538700001,4485.760336999984,65065.65999999997,7801.224999999995,0,31912.0,14475.0,8862.6,6983.8,3377.7999999999997,9361.0,971.5,30.8,159383863110.22946,52.321734770857006,703.6952326567599
7,247141.86999999997,119731.18999999994,43203.41078749972,37986.200197000064,7441.753498499934,62362.269999999975,10546.324999999999,0,31912.0,14475.0,8862.6,6983.8,3377.7999999999997,9361.0,971.5,30.8,170761593107.27777,58.56075862278268,798.0718789536173
