,contributed_CCGT,contributed_Coal,contributed_Onshore,contributed_Offshore,contributed_PV,contributed_Nuclear,contributed_Recip_gas,contributed_Biomass,total_CCGT,total_Coal,total_Onshore,total_Offshore,total_PV,total_Nuclear,total_Recip_gas,Carbon_tax,total_genco_wealth,Electricity_cost,Carbon_emitted
0,377121.24999999837,228670.47999999963,23300.55530880004,29579.745223999984,3154.551064599939,88797.67999999993,15033.059999999974,0,31912.0,14475.0,8862.6,6983.8,3377.7999999999997,9361.0,971.5,30.8,28435041463.39428,139.89358398464626,1321.1620255910343
1,337124.11999999953,193907.8699999997,23464.752699000044,29595.668287999964,3122.2863189999775,37227.62999999997,13089.180000000008,0,31912.0,14475.0,8862.6,6983.8,3377.7999999999997,9361.0,971.5,30.8,33743180848.478115,88.89423476365666,1158.452556862258
2,386218.45999999833,228473.87999999977,21601.84304159999,29224.130127999983,1658.9456695999324,88083.75999999998,15041.789999999974,0,31912.0,14475.0,8862.6,6983.8,3377.7999999999997,9361.0,971.5,30.8,64876413822.90154,147.77466794221297,1340.0853509442334
3,391298.35999999836,228663.33999999973,23278.20383160005,29656.706700000013,3188.160174599965,111420.98999999993,15041.789999999974,0,31912.0,14475.0,8862.6,6983.8,3377.7999999999997,9361.0,971.5,30.8,98765616545.01968,149.49111079282633,1350.8203086093133
4,230595.9600000001,164682.52999999994,21602.81080090001,28628.584513999973,3113.6553506999767,24700.079999999987,4392.159999999994,0,31912.0,14475.0,8862.6,6983.8,3377.7999999999997,9361.0,971.5,30.8,87398072123.85973,50.878458513619655,858.3606968769415
5,407131.0899999981,219436.4099999997,23464.752699000044,29595.668287999964,3122.2863189999775,107596.27999999997,14971.949999999977,0,31912.0,14475.0,8862.6,6983.8,3377.7999999999997,9361.0,971.5,30.8,141065123552.57755,150.24668228898824,1362.2300221611747
6,245458.06000000032,150369.30999999997,21745.087122299996,28109.278584999982,4447.146768799982,23670.90999999999,10174.330000000009,0,31912.0,14475.0,8862.6,6983.8,3377.7999999999997,9361.0,971.5,30.8,124463451670.06914,50.46764335272062,868.3300744953792
7,273870.7800000003,159938.12999999995,28519.866047199946,33923.33110100005,7382.85323499993,24700.079999999987,12068.740000000013,0,31912.0,14475.0,8862.6,6983.8,3377.7999999999997,9361.0,971.5,30.8,108536280776.42023,54.76648716444888,951.205394205739
