,contributed_CCGT,contributed_Coal,contributed_Onshore,contributed_Offshore,contributed_PV,contributed_Nuclear,contributed_Recip_gas,contributed_Biomass,total_CCGT,total_Coal,total_Onshore,total_Offshore,total_PV,total_Nuclear,total_Recip_gas,Carbon_tax,total_genco_wealth,Electricity_cost,Carbon_emitted
0,408481.5199999976,217132.61999999985,23300.55530880004,29579.745223999984,3154.551064599939,76775.49999999999,13101.789999999999,0,31912.0,14475.0,8862.6,6983.8,3377.7999999999997,9361.0,971.5,30.8,38429911395.35141,174.0815485391679,1354.2331681827563
1,325061.51999999885,202259.25999999975,23405.52149200004,29595.668287999964,3122.278169949978,52748.600000000006,3856.72,0,31912.0,14475.0,8862.6,6983.8,3377.7999999999997,9361.0,971.5,30.8,38184314170.70736,75.13784612321794,1130.1149716054815
2,404037.0399999977,218220.4499999998,20663.03913399987,28609.549515999985,1657.8411996999325,78808.61999999998,13087.240000000002,0,31912.0,14475.0,8862.6,6983.8,3377.7999999999997,9361.0,971.5,30.8,83891522754.89276,187.50939670704702,1348.485678969096
3,423880.61999999784,224946.56999999986,23271.16948860005,29656.706700000013,3188.160174599965,83904.02999999997,13076.570000000002,0,31912.0,14475.0,8862.6,6983.8,3377.7999999999997,9361.0,971.5,30.8,142546886558.7537,221.52224541213977,1403.7551369848552
4,220071.58000000028,168388.65999999992,21181.768575399983,27036.746283499975,3115.6191821999764,40167.7,0.0,0,31912.0,14475.0,8862.6,6983.8,3377.7999999999997,9361.0,971.5,30.8,128437506705.82455,43.92851936115047,823.4115962266833
5,430250.2199999977,226105.0899999998,23464.752699000044,29595.668287999964,3122.2863189999775,74475.62999999999,13079.480000000001,0,31912.0,14475.0,8862.6,6983.8,3377.7999999999997,9361.0,971.5,30.8,216508005591.89798,219.62166397565193,1419.2764514958155
6,217123.9000000004,180730.3099999998,17183.38572080001,21717.760740999976,3302.413238599982,50449.70000000001,0.0,0,31912.0,14475.0,8862.6,6983.8,3377.7999999999997,9361.0,971.5,30.8,194022905843.84406,41.19718830755658,848.8524563933829
7,262437.1400000002,169676.22999999995,28315.456569799957,34332.931771000025,7391.155345849929,41254.100000000006,116.39999999999999,0,31912.0,14475.0,8862.6,6983.8,3377.7999999999997,9361.0,971.5,30.8,169013019420.31494,45.10448440928669,922.7361323095421
