,contributed_CCGT,contributed_Coal,contributed_Onshore,contributed_Offshore,contributed_PV,contributed_Nuclear,contributed_Recip_gas,contributed_Biomass,total_CCGT,total_Coal,total_Onshore,total_Offshore,total_PV,total_Nuclear,total_Recip_gas,Carbon_tax,total_genco_wealth,Electricity_cost,Carbon_emitted
0,381317.22999999917,148386.9399999998,55470.614417099794,25558.924493999988,3168.1687887499356,139979.72999999998,12838.434999999998,0,31912.0,14475.0,8862.6,6983.8,3377.7999999999997,9361.0,971.5,30.8,31802467758.312115,124.01860378796307,1160.356715972115
1,301660.1800000002,129684.79999999981,47344.094970099875,23867.487145999967,3130.613997299974,109335.48999999993,8187.7699999999995,0,31912.0,14475.0,8862.6,6983.8,3377.7999999999997,9361.0,971.5,30.8,34115840478.557262,67.59925828951566,941.4312076903981
2,368579.8999999994,157820.83999999994,55458.77051339955,26049.266056000004,1676.6806098499326,116448.49999999994,12138.580000000005,0,31912.0,14475.0,8862.6,6983.8,3377.7999999999997,9361.0,971.5,30.8,65507134051.60441,123.56864989243395,1154.1300160143157
3,388057.7399999988,163073.57999999993,53321.969521999614,26859.077310000004,3189.4781776499617,153265.81999999998,14032.989999999976,0,31912.0,14475.0,8862.6,6983.8,3377.7999999999997,9361.0,971.5,30.8,102874084067.64424,125.50746749485279,1209.2366370448362
4,219951.72000000015,92408.06999999992,37659.059063100045,18914.401598999975,3088.668319849975,87121.51999999996,193.99999999999994,0,31912.0,14475.0,8862.6,6983.8,3377.7999999999997,9361.0,971.5,30.8,91017763434.2924,37.28758298839106,672.1871929018613
5,408330.2599999984,166009.7699999999,56803.33869059985,27588.653097999984,3136.7755641499753,122956.22999999991,13175.995000000004,0,31912.0,14475.0,8862.6,6983.8,3377.7999999999997,9361.0,971.5,30.8,146650784063.33502,126.72283855866965,1254.0205012884571
6,227064.8000000001,96137.61999999991,35170.02648219989,17294.44970499998,4232.4491101999865,83245.39999999997,178.47999999999996,0,31912.0,14475.0,8862.6,6983.8,3377.7999999999997,9361.0,971.5,30.8,128050603208.02895,37.38639095451112,697.5163185127606
7,256244.1900000003,97866.3599999999,39715.75078089977,21041.41794999999,7186.561814249934,101967.36999999994,3349.4099999999935,0,31912.0,14475.0,8862.6,6983.8,3377.7999999999997,9361.0,971.5,30.8,105319801886.09015,39.84205254500743,767.1393944512796
