,contributed_CCGT,contributed_Coal,contributed_Onshore,contributed_Offshore,contributed_PV,contributed_Nuclear,contributed_Recip_gas,contributed_Biomass,total_CCGT,total_Coal,total_Onshore,total_Offshore,total_PV,total_Nuclear,total_Recip_gas,Carbon_tax,total_genco_wealth,Electricity_cost,Carbon_emitted
0,311955.8499999998,259116.7199999999,58024.87818849985,26490.886381999982,3167.640001849936,96075.58999999991,12056.129999999996,0,31912.0,14475.0,8862.6,6983.8,3377.7999999999997,9361.0,971.5,30.8,106329213737.14114,347.2684362354941,1240.2365850545573
1,228017.52999999985,252765.9199999999,50940.3923965001,25124.60002999998,3133.9515806499735,75687.15999999995,4983.374999999997,0,31912.0,14475.0,8862.6,6983.8,3377.7999999999997,9361.0,971.5,30.8,120793323436.8601,109.50211580577258,1037.5797216661588
2,320501.66999999975,236644.40999999992,57480.34814389981,26985.163407999982,1677.5158041499328,119206.21000000004,11979.500000000004,0,31912.0,14475.0,8862.6,6983.8,3377.7999999999997,9361.0,971.5,30.8,252906930969.3056,355.38737302807544,1203.7399931651782
3,348926.94000000035,256293.9099999999,56938.8362736998,27518.26074000001,3202.1889732999607,107105.45999999999,13549.929999999982,0,31912.0,14475.0,8862.6,6983.8,3377.7999999999997,9361.0,971.5,30.8,399832107337.5865,354.6215522245641,1310.8400391661771
4,151989.85,187529.5399999998,45224.72487870005,19399.54125299997,3090.3795667499753,65664.14999999995,223.0999999999999,0,31912.0,14475.0,8862.6,6983.8,3377.7999999999997,9361.0,971.5,30.8,386594473846.05,36.329690351757925,727.4925386769211
5,331273.94999999955,263399.79,59946.79520599997,27948.717247999964,3138.1708929499755,110208.48999999996,13439.349999999993,0,31912.0,14475.0,8862.6,6983.8,3377.7999999999997,9361.0,971.5,30.8,599487161715.981,352.202695973689,1292.9989584864188
6,153859.39999999985,201313.20999999996,39884.84375139983,19059.484933999967,2962.8329373499787,69261.87999999995,145.5,0,31912.0,14475.0,8862.6,6983.8,3377.7999999999997,9361.0,971.5,30.8,579260583550.848,36.94296495693464,761.887050847581
7,187270.84999999966,213230.16999999995,42974.54642669988,21510.885178499993,7019.442318449946,66963.94999999995,2154.855000000001,0,31912.0,14475.0,8862.6,6983.8,3377.7999999999997,9361.0,971.5,30.8,554888897276.2269,39.65614587812136,860.8076528276597
