,contributed_CCGT,contributed_Coal,contributed_Onshore,contributed_Offshore,contributed_PV,contributed_Nuclear,contributed_Recip_gas,contributed_Biomass,total_CCGT,total_Coal,total_Onshore,total_Offshore,total_PV,total_Nuclear,total_Recip_gas,Carbon_tax,total_genco_wealth,Electricity_cost,Carbon_emitted
0,350074.14999999874,195537.33999999997,58346.19826419962,33483.46617200006,3149.1304914999396,83514.08999999997,12164.769999999995,0,31912.0,14475.0,8862.6,6983.8,3377.7999999999997,9361.0,971.5,30.8,27988987366.403206,114.54159253692796,1199.5483622013196
1,272838.0,159850.78000000006,55694.3732604996,31752.251761999978,3112.3987402999765,54086.22999999999,3770.3899999999926,0,31912.0,14475.0,8862.6,6983.8,3377.7999999999997,9361.0,971.5,30.8,25381254370.853115,51.94912108741345,945.945838650437
2,346810.90999999875,180537.01999999984,60129.661866099625,35303.66532300003,1665.8236179999315,85037.95999999993,12055.159999999993,0,31912.0,14475.0,8862.6,6983.8,3377.7999999999997,9361.0,971.5,30.8,55577949381.12511,121.92504271411923,1160.4584623339606
3,376609.4399999987,187732.63999999996,59297.62777909958,33196.861648000035,3173.1089559499637,93110.29999999993,13774.969999999967,0,31912.0,14475.0,8862.6,6983.8,3377.7999999999997,9361.0,971.5,30.8,92302839001.41365,123.58315094741364,1240.4969846107197
4,176131.56999999998,128670.23999999987,43791.929255399766,26531.851719000006,2598.811203449982,47737.57999999999,349.1999999999998,0,31912.0,14475.0,8862.6,6983.8,3377.7999999999997,9361.0,971.5,30.8,80224875951.79985,35.705475038580985,663.32842769552
5,371201.57999999856,198375.4799999999,61917.5335359999,36013.902658000065,3122.2628539999773,84006.84999999995,12358.769999999991,0,31912.0,14475.0,8862.6,6983.8,3377.7999999999997,9361.0,971.5,30.8,131872896087.07956,124.21468606929619,1250.3925547010406
6,171779.87999999998,141556.91999999993,43498.912702999645,27183.187931999983,2951.1955871499786,46708.40999999999,340.4699999999998,0,31912.0,14475.0,8862.6,6983.8,3377.7999999999997,9361.0,971.5,30.8,110489613319.36797,32.38654403751447,685.3589586741592
7,222228.86999999985,142872.98999999996,46815.115674499626,29417.20864700001,5994.87854664996,53800.07999999999,323.0099999999998,0,31912.0,14475.0,8862.6,6983.8,3377.7999999999997,9361.0,971.5,30.8,86216513446.99579,37.306311216255864,793.3178186200183
