,contributed_CCGT,contributed_Coal,contributed_Onshore,contributed_Offshore,contributed_PV,contributed_Nuclear,contributed_Recip_gas,contributed_Biomass,total_CCGT,total_Coal,total_Onshore,total_Offshore,total_PV,total_Nuclear,total_Recip_gas,Carbon_tax,total_genco_wealth,Electricity_cost,Carbon_emitted
0,345287.7399999993,189400.6199999999,56416.91770509986,27709.702123999985,3171.7267801499356,135507.05999999997,13003.335,0,31912.0,14475.0,8862.6,6983.8,3377.7999999999997,9361.0,971.5,30.8,34641245118.395424,125.8254020017334,1179.069441796756
1,266794.5300000001,172166.2599999999,53997.09895039988,25845.851239999974,3134.9455098999733,98146.53999999995,10332.440000000004,0,31912.0,14475.0,8862.6,6983.8,3377.7999999999997,9361.0,971.5,30.8,39952047128.647484,73.2495184219905,975.7551728514787
2,337464.1499999995,210202.77000000005,57011.374396599786,24296.783678000007,1669.5436291999342,113555.95999999992,12545.980000000003,0,31912.0,14475.0,8862.6,6983.8,3377.7999999999997,9361.0,971.5,30.8,73585637019.84485,123.03134126752877,1208.6769993524572
3,330986.5399999993,211578.79000000004,61036.59126329972,30109.90208800001,3195.338886349961,142092.38999999993,14028.139999999976,0,31912.0,14475.0,8862.6,6983.8,3377.7999999999997,9361.0,971.5,30.8,111944083813.42558,132.47172017883813,1199.2437641284157
4,167487.2199999996,130958.6099999999,43270.155818200015,19238.761219999975,3083.633268749976,99262.03999999995,215.33999999999992,0,31912.0,14475.0,8862.6,6983.8,3377.7999999999997,9361.0,971.5,30.8,99875288495.94633,37.46360536904169,652.8362165967816
5,338311.7699999994,201977.69,59973.72997199994,26008.31218999998,3138.3900013999755,144701.68999999997,13616.374999999976,0,31912.0,14475.0,8862.6,6983.8,3377.7999999999997,9361.0,971.5,30.8,160269854913.40866,130.04293403058708,1194.217142740616
6,196308.67999999967,112159.15999999989,39374.62602119989,17324.63889999998,3216.3064442499776,103920.94999999994,4579.854999999993,0,31912.0,14475.0,8862.6,6983.8,3377.7999999999997,9361.0,971.5,30.8,142444247765.51285,39.33297322686019,677.4509081556804
7,220801.89999999985,138680.57999999996,44800.416498299724,20713.672946999985,7002.5199406499405,90801.69999999994,7402.070000000001,0,31912.0,14475.0,8862.6,6983.8,3377.7999999999997,9361.0,971.5,30.8,122319794330.41707,42.71412733789256,794.5384241108388
