,contributed_CCGT,contributed_Coal,contributed_Onshore,contributed_Offshore,contributed_PV,contributed_Nuclear,contributed_Recip_gas,contributed_Biomass,total_CCGT,total_Coal,total_Onshore,total_Offshore,total_PV,total_Nuclear,total_Recip_gas,Carbon_tax,total_genco_wealth,Electricity_cost,Carbon_emitted
0,310329.6399999998,272318.42,52989.46898379992,26000.88919399999,3169.3500011499364,96090.13999999991,12184.16999999999,0,31912.0,14475.0,8862.6,6983.8,3377.7999999999997,9361.0,971.5,30.8,93418271519.71696,310.86790939948094,1263.0619572511605
1,242119.78000000014,243945.16999999998,49230.24341219995,26263.61962999997,3137.745857799974,76541.72999999994,3755.8399999999974,0,31912.0,14475.0,8862.6,6983.8,3377.7999999999997,9361.0,971.5,30.8,106874810599.02713,86.90726665775924,1043.8439504876608
2,325765.45999999996,257712.6699999999,49809.62362649952,26728.24481800001,1671.7918785999334,97923.43999999992,12214.239999999993,0,31912.0,14475.0,8862.6,6983.8,3377.7999999999997,9361.0,971.5,30.8,230217938984.80917,337.2872233041748,1261.819262932658
3,365718.4199999998,256427.25999999986,52897.48787049967,28620.392021000014,3171.4897116999605,105712.53999999995,12609.029999999982,0,31912.0,14475.0,8862.6,6983.8,3377.7999999999997,9361.0,971.5,30.8,370177782977.27686,349.51981052083596,1344.4957334894802
4,158110.1000000001,197084.68000000008,40317.862867599986,19060.234502999974,3057.5909327499776,56752.75999999997,395.75999999999976,0,31912.0,14475.0,8862.6,6983.8,3377.7999999999997,9361.0,971.5,30.8,357902909406.6805,34.148107992380325,761.5884662626402
5,332415.6600000002,266261.04999999993,55876.3864661,30253.28173799997,3140.231458349975,110305.48999999995,12373.319999999994,0,31912.0,14475.0,8862.6,6983.8,3377.7999999999997,9361.0,971.5,30.8,584449729804.754,355.33669720830363,1294.811358727897
6,169664.5299999998,183969.22999999998,36073.86739939989,18895.18562599997,2677.543085449973,79068.57999999993,276.4499999999999,0,31912.0,14475.0,8862.6,6983.8,3377.7999999999997,9361.0,971.5,30.8,566146554588.0974,35.02339819327602,755.7248096835399
7,173250.71999999968,231786.1799999999,39101.02589089975,21704.770478999995,5787.321098999975,70794.47999999995,358.8999999999998,0,31912.0,14475.0,8862.6,6983.8,3377.7999999999997,9361.0,971.5,30.8,544098177101.4222,37.247915012989175,869.9180051596389
