,contributed_CCGT,contributed_Coal,contributed_Onshore,contributed_Offshore,contributed_PV,contributed_Nuclear,contributed_Recip_gas,contributed_Biomass,total_CCGT,total_Coal,total_Onshore,total_Offshore,total_PV,total_Nuclear,total_Recip_gas,Carbon_tax,total_genco_wealth,Electricity_cost,Carbon_emitted
0,422614.97999999794,153817.9099999999,56107.44525789957,31430.72319700002,3149.1461610999386,46570.66999999997,13485.909999999998,0,31912.0,14475.0,8862.6,6983.8,3377.7999999999997,9361.0,971.5,30.8,15834059765.573513,71.40583154765584,1257.6241783181786
1,330604.7799999998,118219.6699999999,53473.14685439972,34395.98866250002,3125.1719486499737,34945.22,9227.609999999993,0,31912.0,14475.0,8862.6,6983.8,3377.7999999999997,9361.0,971.5,30.8,15123069916.131826,54.81717500593722,980.2607327386594
2,375688.04,171332.03999999983,54527.85489799957,33590.55832900008,1666.106022849934,80417.84999999993,13268.630000000003,0,31912.0,14475.0,8862.6,6983.8,3377.7999999999997,9361.0,971.5,30.8,28716277160.86117,71.33449480234238,1197.4580263719154
3,419495.4699999981,156592.1899999999,57281.74464999949,34253.04048700005,3180.2539321499617,86145.69999999992,14678.03999999997,0,31912.0,14475.0,8862.6,6983.8,3377.7999999999997,9361.0,971.5,30.8,40593198402.97155,73.19824924185299,1258.7206597616182
4,220422.57000000024,106166.64999999985,41017.4581404,26345.553185000008,3081.111031549975,23590.400000000005,1095.130000000001,0,31912.0,14475.0,8862.6,6983.8,3377.7999999999997,9361.0,971.5,30.8,29033085277.500725,35.72556848124983,704.3973008367013
5,401472.9899999987,172085.06999999983,60902.2835598,36038.09814150007,3133.7482018999754,82556.69999999991,14529.629999999977,0,31912.0,14475.0,8862.6,6983.8,3377.7999999999997,9361.0,971.5,30.8,48324762396.980194,74.40956768280824,1252.8601545078573
6,259571.46000000046,75883.20999999996,39459.50712249988,25382.17297999999,4231.923099599986,23590.400000000005,1790.6200000000013,0,31912.0,14475.0,8862.6,6983.8,3377.7999999999997,9361.0,971.5,30.8,31201817813.86667,38.131545867082785,719.3133319075808
7,279395.81000000046,98924.07999999984,39904.1519311998,27947.288005000013,7002.247028949941,27128.960000000006,6117.789999999992,0,31912.0,14475.0,8862.6,6983.8,3377.7999999999997,9361.0,971.5,30.8,10687731355.703949,40.346502180249956,823.3458584238413
