,contributed_CCGT,contributed_Coal,contributed_Onshore,contributed_Offshore,contributed_PV,contributed_Nuclear,contributed_Recip_gas,contributed_Biomass,total_CCGT,total_Coal,total_Onshore,total_Offshore,total_PV,total_Nuclear,total_Recip_gas,Carbon_tax,total_genco_wealth,Electricity_cost,Carbon_emitted
0,330543.87999999966,192175.5100000001,59478.30712799983,34778.26330400004,3167.912860599937,119810.51999999997,7062.084999999994,0,31912.0,14475.0,8862.6,6983.8,3377.7999999999997,9361.0,971.5,30.8,14109164481.483164,56.765724347102974,1131.314323452977
1,258225.9400000002,133520.41999999998,53133.89573699981,33326.39724800001,3133.6679417499763,111614.01999999997,2969.654999999997,0,31912.0,14475.0,8862.6,6983.8,3377.7999999999997,9361.0,971.5,30.8,19368252501.885086,50.09378949410999,846.0749947171591
2,361821.66999999963,162211.50999999983,57705.971695899556,34937.191888000074,1669.5102391499315,123572.17999999998,7904.5299999999925,0,31912.0,14475.0,8862.6,6983.8,3377.7999999999997,9361.0,971.5,30.8,28218590060.981365,56.42750238325087,1126.112410830976
3,377673.9699999992,158768.6299999998,53565.89259929947,26321.371065,3173.481936549963,142914.94999999995,14943.819999999976,0,31912.0,14475.0,8862.6,6983.8,3377.7999999999997,9361.0,971.5,30.8,35034136996.92285,61.3109045874404,1166.2229920247376
4,181761.62000000005,106324.10999999993,32914.05773160007,18063.026390499967,3017.2497270499803,104911.31999999995,2039.9100000000008,0,31912.0,14475.0,8862.6,6983.8,3377.7999999999997,9361.0,971.5,30.8,21987700253.71245,37.70867539656536,610.5573510257805
5,365640.0499999992,157865.72999999978,55665.84684089987,30446.78642599999,3125.2091071999776,161280.93,15513.694999999974,0,31912.0,14475.0,8862.6,6983.8,3377.7999999999997,9361.0,971.5,30.8,33605427242.153416,70.32756389319825,1126.7587314205339
6,189294.38999999996,100423.92999999998,33654.25859150004,17156.248644999985,2953.99600469998,111283.24999999993,1935.1500000000008,0,31912.0,14475.0,8862.6,6983.8,3377.7999999999997,9361.0,971.5,30.8,13035190379.339304,38.02357153951895,612.8010292341409
7,205368.04999999984,119065.70999999996,35902.71085089983,19087.447300499967,6064.333089849961,118456.39999999992,5839.884999999992,0,31912.0,14475.0,8862.6,6983.8,3377.7999999999997,9361.0,971.5,30.8,-12995377805.211874,40.04105219398181,694.9544016925753
