,contributed_CCGT,contributed_Coal,contributed_Onshore,contributed_Offshore,contributed_PV,contributed_Nuclear,contributed_Recip_gas,contributed_Biomass,total_CCGT,total_Coal,total_Onshore,total_Offshore,total_PV,total_Nuclear,total_Recip_gas,Carbon_tax,total_genco_wealth,Electricity_cost,Carbon_emitted
0,424025.24999999825,191330.1399999999,21423.651286800014,27943.105154999983,3154.551064599939,88867.51999999996,14205.164999999992,0,31912.0,14475.0,8862.6,6983.8,3377.7999999999997,9361.0,971.5,30.8,25706665125.116276,129.29727557403388,1345.6518290657177
1,360859.0999999991,160586.45999999993,21431.44504279999,27579.227737999976,3117.356113899977,55249.259999999995,7459.784999999993,0,31912.0,14475.0,8862.6,6983.8,3377.7999999999997,9361.0,971.5,30.8,22283483387.332317,63.491933726210306,1132.6254880610786
2,432233.8399999979,196058.05999999988,19709.97467439982,27636.380307999996,1656.295327899933,82313.22999999997,13288.999999999995,0,31912.0,14475.0,8862.6,6983.8,3377.7999999999997,9361.0,971.5,30.8,44916710741.08091,129.00144135369536,1371.0053230478804
3,439021.29999999795,190808.4999999999,22291.641382299964,29573.600700000014,3185.4410485499643,114767.48999999992,15155.279999999968,0,31912.0,14475.0,8862.6,6983.8,3377.7999999999997,9361.0,971.5,30.8,70251302311.7291,129.75884407506342,1376.8585575630004
4,253388.9700000005,128208.68999999996,16754.568450600003,20960.577405499993,3073.1194785499783,48040.219999999994,186.23999999999998,0,31912.0,14475.0,8862.6,6983.8,3377.7999999999997,9361.0,971.5,30.8,54508266967.24455,39.002473171003366,824.5659101086212
5,433076.3299999982,216328.79999999964,22789.560385500023,29464.992595999964,3122.2863189999775,97796.36999999997,13970.909999999993,0,31912.0,14475.0,8862.6,6983.8,3377.7999999999997,9361.0,971.5,30.8,95035751175.8507,132.54200455660757,1419.3319437423993
6,266273.87000000046,129614.06999999995,15990.880049500012,20658.809021999976,4304.173626799977,44402.719999999994,221.15999999999994,0,31912.0,14475.0,8862.6,6983.8,3377.7999999999997,9361.0,971.5,30.8,70605348895.7861,37.81010282866334,849.5337345898612
7,295341.2599999999,143286.2199999999,18751.69982100002,24183.757308000004,7196.25874574993,44385.26,4968.824999999993,0,31912.0,14475.0,8862.6,6983.8,3377.7999999999997,9361.0,971.5,30.8,42733465919.6499,40.647953911388555,957.0509437655613
