,contributed_CCGT,contributed_Coal,contributed_Onshore,contributed_Offshore,contributed_PV,contributed_Nuclear,contributed_Recip_gas,contributed_Biomass,total_CCGT,total_Coal,total_Onshore,total_Offshore,total_PV,total_Nuclear,total_Recip_gas,Carbon_tax,total_genco_wealth,Electricity_cost,Carbon_emitted
0,351826.87999999896,261513.57000000004,22928.87224140003,29579.745223999984,3154.551064599939,93926.06999999996,13268.62999999999,0,31912.0,14475.0,8862.6,6983.8,3377.7999999999997,9361.0,971.5,30.8,30708574553.255096,142.83720804733326,1338.547287570858
1,267143.0100000002,239605.42,23457.71835600004,29595.668287999964,3122.2863189999775,79124.83999999997,3707.34,0,31912.0,14475.0,8862.6,6983.8,3377.7999999999997,9361.0,971.5,30.8,25176881963.442696,56.728021061505075,1095.6657209971597
2,358416.91999999876,256869.15999999997,19429.078136199838,26765.092786000012,1650.3855353499343,96387.92999999996,13233.709999999992,0,31912.0,14475.0,8862.6,6983.8,3377.7999999999997,9361.0,971.5,30.8,63349204657.50833,163.7771269115445,1340.5664843056763
3,378499.41999999835,257204.56999999995,23020.66067390004,29656.706700000013,3185.9006191499643,104383.63999999994,13395.69999999999,0,31912.0,14475.0,8862.6,6983.8,3377.7999999999997,9361.0,971.5,30.8,100887558427.26723,157.4740348827468,1384.2595715688558
4,178792.83000000025,194320.71000000005,17917.42900130002,22845.09847599998,3024.2444019499812,62132.37999999998,148.41000000000003,0,31912.0,14475.0,8862.6,6983.8,3377.7999999999997,9361.0,971.5,30.8,86962520523.4954,40.47374721309157,798.7059002125814
5,378650.6599999984,255857.95999999993,23464.752699000044,29595.668287999964,3122.2863189999775,99909.02999999996,13260.86999999999,0,31912.0,14475.0,8862.6,6983.8,3377.7999999999997,9361.0,971.5,30.8,143552625916.7589,159.5398538338551,1381.2880610080767
6,171192.2100000002,219787.46000000008,17381.90822939999,22017.446353999978,4200.154476099982,57028.23999999998,192.05999999999997,0,31912.0,14475.0,8862.6,6983.8,3377.7999999999997,9361.0,971.5,30.8,122671965684.12918,40.133776336075506,838.3905764490826
7,207924.78000000032,208001.94,25735.984031000015,31065.343501000003,7192.530789199932,66643.84999999998,209.51999999999995,0,31912.0,14475.0,8862.6,6983.8,3377.7999999999997,9361.0,971.5,30.8,96444682925.61496,42.64210104621462,894.1355187121226
