,contributed_CCGT,contributed_Coal,contributed_Onshore,contributed_Offshore,contributed_PV,contributed_Nuclear,contributed_Recip_gas,contributed_Biomass,total_CCGT,total_Coal,total_Onshore,total_Offshore,total_PV,total_Nuclear,total_Recip_gas,Carbon_tax,total_genco_wealth,Electricity_cost,Carbon_emitted
0,405654.1999999976,199977.48999999973,23300.55530880004,29579.745223999984,3154.551064599939,95543.05999999987,13289.969999999996,0,31912.0,14475.0,8862.6,6983.8,3377.7999999999997,9361.0,971.5,30.8,13310991887.60986,93.63697480357195,1310.5957912110164
1,315863.8199999991,181358.97999999992,23368.19348640004,29595.668287999964,3121.035544299978,81511.03999999989,4079.8199999999956,0,31912.0,14475.0,8862.6,6983.8,3377.7999999999997,9361.0,971.5,30.8,9908896434.840843,64.11370890622214,1065.2596906140418
2,406861.6399999977,194902.05999999974,20759.77352859987,29224.130127999983,1657.1213569999327,102516.38999999991,13289.969999999996,0,31912.0,14475.0,8862.6,6983.8,3377.7999999999997,9361.0,971.5,30.8,28859991305.523457,117.87261935913193,1302.5985500598754
3,425438.89999999787,193224.85999999975,23136.232439400046,29656.706700000013,3187.892091749965,113097.14999999995,15106.779999999968,0,31912.0,14475.0,8862.6,6983.8,3377.7999999999997,9361.0,971.5,30.8,54318199205.5753,132.99610565412127,1340.2560114342766
4,228915.61000000034,124247.73,19111.624189500002,25142.937651999975,3094.932584949977,74923.76999999993,231.82999999999993,0,31912.0,14475.0,8862.6,6983.8,3377.7999999999997,9361.0,971.5,30.8,39871068907.85655,42.5396442803081,746.1121181465421
5,430475.3599999979,202563.09999999971,23464.752699000044,29595.668287999964,3122.2863189999775,100044.82999999989,13406.369999999995,0,31912.0,14475.0,8862.6,6983.8,3377.7999999999997,9361.0,971.5,30.8,75531573435.08974,131.00401940142413,1367.865522993798
6,252487.50000000032,123108.21000000002,17115.1151517,21571.709450999977,4157.353337199979,68988.33999999992,203.69999999999996,0,31912.0,14475.0,8862.6,6983.8,3377.7999999999997,9361.0,971.5,30.8,53156162791.786995,42.05958114873918,796.9554560575831
7,270812.54000000015,144385.95999999993,22326.90875870004,26850.075653500007,7328.881639049924,69026.16999999994,1172.7300000000012,0,31912.0,14475.0,8862.6,6983.8,3377.7999999999997,9361.0,971.5,30.8,25778012306.960857,42.74072949668059,883.6015469520822
