,contributed_CCGT,contributed_Coal,contributed_Onshore,contributed_Offshore,contributed_PV,contributed_Nuclear,contributed_Recip_gas,contributed_Biomass,total_CCGT,total_Coal,total_Onshore,total_Offshore,total_PV,total_Nuclear,total_Recip_gas,Carbon_tax,total_genco_wealth,Electricity_cost,Carbon_emitted
0,384964.29999999853,168788.79000000007,51255.77729439969,31844.98330399999,3163.511157599938,99381.34999999998,14280.339999999976,0,31912.0,14475.0,8862.6,6983.8,3377.7999999999997,9361.0,971.5,30.8,28914636925.54619,92.76220029415651,1198.5372921884195
1,319919.22999999946,140078.68999999994,41394.37373699984,31859.757247999973,3133.5839639999763,87787.90999999996,11666.674999999997,0,31912.0,14475.0,8862.6,6983.8,3377.7999999999997,9361.0,971.5,30.8,44751931242.350975,73.55822226782557,991.0774713786168
2,385526.0799999985,189040.56999999983,52082.69950079963,32492.79188799999,1668.7365375999318,80636.09999999995,13905.434999999987,0,31912.0,14475.0,8862.6,6983.8,3377.7999999999997,9361.0,971.5,30.8,74075602114.28658,97.00513205509874,1247.6036001468576
3,391541.1599999985,173156.3899999998,54270.18627079959,31916.39070000002,3196.916317599964,134080.18999999994,14356.969999999974,0,31912.0,14475.0,8862.6,6983.8,3377.7999999999997,9361.0,971.5,30.8,105946776329.65643,99.38155705819806,1227.6970307932168
4,216022.78000000026,107302.50000000001,37675.15016029986,30521.23833199997,3126.326471949977,52470.20999999997,7113.494999999997,0,31912.0,14475.0,8862.6,6983.8,3377.7999999999997,9361.0,971.5,30.8,112044116454.59656,55.382276355318915,701.2379583049996
5,389591.2799999981,197751.54999999976,50035.81273699982,32837.51724799998,3134.359963999976,110183.26999999995,14371.519999999973,0,31912.0,14475.0,8862.6,6983.8,3377.7999999999997,9361.0,971.5,30.8,156959414818.36792,93.93316539176062,1275.1055217268968
6,232679.3700000001,100764.37000000001,35726.20072689984,32062.386586999983,4485.975734099984,58012.78999999998,9245.554999999988,0,31912.0,14475.0,8862.6,6983.8,3377.7999999999997,9361.0,971.5,30.8,162003446078.01825,52.53365600427196,722.4268275992594
7,247714.33999999988,109424.19999999998,41989.345265699725,38963.96019700006,7439.025110499932,73204.92999999996,12184.169999999991,0,31912.0,14475.0,8862.6,6983.8,3377.7999999999997,9361.0,971.5,30.8,174681090174.46323,58.528645426220116,780.7884912115977
