,contributed_CCGT,contributed_Coal,contributed_Onshore,contributed_Offshore,contributed_PV,contributed_Nuclear,contributed_Recip_gas,contributed_Biomass,total_CCGT,total_Coal,total_Onshore,total_Offshore,total_PV,total_Nuclear,total_Recip_gas,Carbon_tax,total_genco_wealth,Electricity_cost,Carbon_emitted
0,400570.8599999981,197308.2299999997,23300.55530880004,29579.745223999984,3154.551064599939,103118.75999999998,13147.38,0,31912.0,14475.0,8862.6,6983.8,3377.7999999999997,9361.0,971.5,30.8,18656764036.6436,96.45159450968238,1298.5984718855382
1,312646.2899999997,187099.52999999994,23464.752699000044,29595.668287999964,3122.2863189999775,66350.90999999997,12247.705000000002,0,31912.0,14475.0,8862.6,6983.8,3377.7999999999997,9361.0,971.5,30.8,22075961140.03182,67.65810169071041,1084.8252320929391
2,397308.19999999803,190603.1699999997,21601.84304159999,29224.130127999983,1658.9456695999324,115822.84999999995,14089.734999999995,0,31912.0,14475.0,8862.6,6983.8,3377.7999999999997,9361.0,971.5,30.8,37014192519.95796,95.24042052022564,1273.0192952616565
3,417875.95999999763,196265.4199999996,23278.20383160005,29656.706700000013,3188.160174599965,128267.94999999995,15041.789999999979,0,31912.0,14475.0,8862.6,6983.8,3377.7999999999997,9361.0,971.5,30.8,53418097587.43148,97.73083795444632,1332.8836330371564
4,228319.01000000013,117555.40000000007,23082.72329150003,29595.668287999968,3120.057548849977,60248.63999999997,6337.009999999996,0,31912.0,14475.0,8862.6,6983.8,3377.7999999999997,9361.0,971.5,30.8,49376873125.33306,52.52021370399145,746.319881209199
5,419167.01999999746,207038.76999999973,23464.752699000044,29595.668287999964,3122.2863189999775,111704.22999999998,15019.479999999983,0,31912.0,14475.0,8862.6,6983.8,3377.7999999999997,9361.0,971.5,30.8,79862388054.12527,104.55761080223556,1364.2718768604589
6,238700.68000000037,109541.16000000005,24399.818905600026,30751.130943999986,4467.2351620999825,59244.68999999998,5937.369999999995,0,31912.0,14475.0,8862.6,6983.8,3377.7999999999997,9361.0,971.5,30.8,71594841148.88231,51.17334426737143,747.5189830016798
7,260616.09000000037,121171.33000000003,33665.357205399916,38306.24775700007,7429.476417649932,54826.33999999997,9060.284999999987,0,31912.0,14475.0,8862.6,6983.8,3377.7999999999997,9361.0,971.5,30.8,64771317459.86022,55.59635542240497,825.5742001893407
