,contributed_CCGT,contributed_Coal,contributed_Onshore,contributed_Offshore,contributed_PV,contributed_Nuclear,contributed_Recip_gas,contributed_Biomass,total_CCGT,total_Coal,total_Onshore,total_Offshore,total_PV,total_Nuclear,total_Recip_gas,Carbon_tax,total_genco_wealth,Electricity_cost,Carbon_emitted
0,306652.14999999973,235250.55999999997,52495.1464787,30916.02076850001,3147.514242449939,133238.22999999998,10966.335,0,31912.0,14475.0,8862.6,6983.8,3377.7999999999997,9361.0,971.5,30.8,8470972299.380592,63.548818317162606,1170.3640891528783
1,199201.66999999984,223793.03000000017,49655.63430289995,30651.391921499995,3104.6775509499744,125981.6599999999,1845.9100000000012,0,31912.0,14475.0,8862.6,6983.8,3377.7999999999997,9361.0,971.5,30.8,2155597228.650963,41.63882371524205,907.6867456759398
2,320913.8299999996,235006.74999999994,50086.166843499755,31031.52533600002,1650.0265020999352,127197.06999999998,10981.37,0,31912.0,14475.0,8862.6,6983.8,3377.7999999999997,9361.0,971.5,30.8,12162791552.183668,76.83671568862358,1198.8017834564996
3,324383.519999999,247625.37000000008,53553.76782239982,32266.471940000014,3164.7581682999617,140932.27000000002,11801.019999999999,0,31912.0,14475.0,8862.6,6983.8,3377.7999999999997,9361.0,971.5,30.8,25711107885.31849,84.6590769121084,1240.39214708726
4,114231.18000000024,178181.7,35379.20131739994,22593.073750000003,2581.7512305499818,118329.32999999993,164.89999999999998,0,31912.0,14475.0,8862.6,6983.8,3377.7999999999997,9361.0,971.5,30.8,6319062163.325186,17.743583867666732,629.8183314166013
5,307071.6299999994,263552.48000000016,50652.85735290011,31259.953624499998,3096.441937449976,140527.77999999997,11927.605,0,31912.0,14475.0,8862.6,6983.8,3377.7999999999997,9361.0,971.5,30.8,22368781482.579224,80.79866097047567,1238.7299890170386
6,114974.66000000027,195256.85000000003,34633.15680889984,22745.388458999972,2937.8595968999766,112480.2299999999,135.8,0,31912.0,14475.0,8862.6,6983.8,3377.7999999999997,9361.0,971.5,30.8,-5192558610.737032,21.924175011900573,669.3699783763014
7,168503.9499999998,189194.03000000003,40734.63276689976,27133.72334150001,6931.995381549949,104317.67999999988,184.29999999999995,0,31912.0,14475.0,8862.6,6983.8,3377.7999999999997,9361.0,971.5,30.8,-34049295971.436207,30.97221939258273,764.6515373339407
