,contributed_CCGT,contributed_Coal,contributed_Onshore,contributed_Offshore,contributed_PV,contributed_Nuclear,contributed_Recip_gas,contributed_Biomass,total_CCGT,total_Coal,total_Onshore,total_Offshore,total_PV,total_Nuclear,total_Recip_gas,Carbon_tax,total_genco_wealth,Electricity_cost,Carbon_emitted
0,405860.4899999986,185245.7199999999,21948.624783100033,28803.623419999985,3154.551064599939,98679.06999999996,14164.424999999992,0,31912.0,14475.0,8862.6,6983.8,3377.7999999999997,9361.0,971.5,30.8,25826296416.901337,130.11636117683713,1295.1179014465588
1,355882.83999999904,145852.69999999995,22245.911227,28725.423751999962,3119.7797846499775,59889.73999999999,11424.660000000003,0,31912.0,14475.0,8862.6,6983.8,3377.7999999999997,9361.0,971.5,30.8,27134758251.68485,77.79800521990347,1100.1056235945994
2,423796.4899999984,179729.50999999992,20424.82942459986,28607.27863599999,1656.5146656999327,101662.78999999995,13988.369999999992,0,31912.0,14475.0,8862.6,6983.8,3377.7999999999997,9361.0,971.5,30.8,52334165103.93755,129.9011865707621,1318.86172983498
3,448657.4799999984,192312.6999999999,22546.573202999964,29398.11639600001,3184.496375649964,102939.30999999995,15154.309999999969,0,31912.0,14475.0,8862.6,6983.8,3377.7999999999997,9361.0,971.5,30.8,78887136108.54294,132.2303873773077,1399.7745027345982
4,275183.7000000002,103508.10999999991,16852.014505099974,21105.86536099999,3073.968631449979,44385.26,1831.8450000000012,0,31912.0,14475.0,8862.6,6983.8,3377.7999999999997,9361.0,971.5,30.8,64951306225.82244,42.88344717919707,818.6393124677802
5,435985.4799999987,209077.5499999999,23179.408545900034,29595.668287999964,3122.2863189999775,98843.96999999996,15155.279999999968,0,31912.0,14475.0,8862.6,6983.8,3377.7999999999997,9361.0,971.5,30.8,106537218869.37491,135.2379971069366,1411.4613645948982
6,249924.19000000018,136826.42,17756.99996409999,22708.792475999973,4372.269277599983,42489.88,900.1600000000009,0,31912.0,14475.0,8862.6,6983.8,3377.7999999999997,9361.0,971.5,30.8,83928376792.16718,40.48050017399741,839.7231775551617
7,289794.1300000005,132940.82000000004,21286.134784500016,26153.739628000003,7312.580544099926,48210.939999999995,8288.649999999989,0,31912.0,14475.0,8862.6,6983.8,3377.7999999999997,9361.0,971.5,30.8,58597104463.41682,43.34728555321507,930.6734794263593
