,contributed_CCGT,contributed_Coal,contributed_Onshore,contributed_Offshore,contributed_PV,contributed_Nuclear,contributed_Recip_gas,contributed_Biomass,total_CCGT,total_Coal,total_Onshore,total_Offshore,total_PV,total_Nuclear,total_Recip_gas,Carbon_tax,total_genco_wealth,Electricity_cost,Carbon_emitted
0,320251.54999999964,256374.84999999992,57123.990048299864,25178.040436999992,3174.136217049936,99129.14999999994,11990.169999999986,0,31912.0,14475.0,8862.6,6983.8,3377.7999999999997,9361.0,971.5,30.8,94319581292.85976,318.46999099761916,1247.1859546602996
1,252903.8099999999,226157.58000000002,50973.36184289999,27459.837247999963,3137.335273799975,78249.89999999992,5214.234999999996,0,31912.0,14475.0,8862.6,6983.8,3377.7999999999997,9361.0,971.5,30.8,105854191688.48721,89.34554406300617,1029.1937192068406
2,341886.78999999986,257399.12999999992,46180.64667699965,23712.203914000016,1663.5519692999346,92065.60999999993,12029.93999999999,0,31912.0,14475.0,8862.6,6983.8,3377.7999999999997,9361.0,971.5,30.8,219447485489.165,330.4940273153267,1293.4718013037389
3,375792.68999999884,253754.83999999985,51798.2626565997,25994.678708000007,3199.829774449961,99568.55999999995,12364.589999999991,0,31912.0,14475.0,8862.6,6983.8,3377.7999999999997,9361.0,971.5,30.8,361697597547.1102,351.18528303631865,1354.942675746319
4,143821.22000000006,206424.48000000007,39038.72021069993,19395.16205699997,3084.5511618499754,60395.10999999997,324.9499999999998,0,31912.0,14475.0,8862.6,6983.8,3377.7999999999997,9361.0,971.5,30.8,349149134091.95184,33.66029622900191,753.2318969230392
5,342982.55,261337.00999999998,56693.32488929998,29026.357003999983,3140.408035649975,100331.94999999994,12096.869999999997,0,31912.0,14475.0,8862.6,6983.8,3377.7999999999997,9361.0,971.5,30.8,572739300071.6573,354.6243134294598,1309.4392989199791
6,159603.6200000001,195848.72999999992,36604.85579779987,18650.369029999973,2962.5433869999783,72172.84999999995,349.1999999999998,0,31912.0,14475.0,8862.6,6983.8,3377.7999999999997,9361.0,971.5,30.8,553431093242.6367,34.449549853417714,761.7678987045398
7,190649.6999999997,217853.82000000007,40332.34165019979,20529.044987999987,7074.0366458499375,65086.99999999996,348.2299999999998,0,31912.0,14475.0,8862.6,6983.8,3377.7999999999997,9361.0,971.5,30.8,530281305063.07806,37.1908301042854,874.3164729403596
