,contributed_CCGT,contributed_Coal,contributed_Onshore,contributed_Offshore,contributed_PV,contributed_Nuclear,contributed_Recip_gas,contributed_Biomass,total_CCGT,total_Coal,total_Onshore,total_Offshore,total_PV,total_Nuclear,total_Recip_gas,Carbon_tax,total_genco_wealth,Electricity_cost,Carbon_emitted
0,404964.5599999975,224151.3899999999,23300.55530880004,29579.745223999984,3154.551064599939,75553.29999999999,13086.27,0,31912.0,14475.0,8862.6,6983.8,3377.7999999999997,9361.0,971.5,30.8,38098949437.8218,173.23809844898344,1363.6008631232164
1,311983.97999999905,213328.0799999998,23268.422041200043,29595.668287999964,3122.1526208499777,55173.600000000006,3847.02,0,31912.0,14475.0,8862.6,6983.8,3377.7999999999997,9361.0,971.5,30.8,37518660746.06807,72.91603293653424,1128.246817215841
2,408327.8599999977,214184.3399999999,21601.84304159999,29224.130127999983,1658.9410726999326,75613.43999999997,13102.759999999998,0,31912.0,14475.0,8862.6,6983.8,3377.7999999999997,9361.0,971.5,30.8,83132583719.36122,191.73890645681027,1348.221381387316
3,416765.1399999978,229247.29999999993,23271.16948860005,29656.706700000013,3188.160174599965,88015.85999999996,13927.259999999997,0,31912.0,14475.0,8862.6,6983.8,3377.7999999999997,9361.0,971.5,30.8,142338781053.00058,220.71325253956115,1400.6342536053958
4,213824.57000000024,179805.73999999982,17816.533297000013,22903.94595049998,3024.2444019499812,46230.2,0.0,0,31912.0,14475.0,8862.6,6983.8,3377.7999999999997,9361.0,971.5,30.8,127207101959.3665,40.22783597303185,837.1303850845227
5,412327.15999999776,233322.49999999988,23464.752699000044,29595.668287999964,3122.2863189999775,84262.92999999996,13121.189999999999,0,31912.0,14475.0,8862.6,6983.8,3377.7999999999997,9361.0,971.5,30.8,216934011856.94943,220.1227704874609,1399.0822252349956
6,230090.8900000004,166952.05999999994,18214.03786139999,23131.971286999968,4202.83683689998,42592.7,0.0,0,31912.0,14475.0,8862.6,6983.8,3377.7999999999997,9361.0,971.5,30.8,194387052453.58014,40.99139765693814,847.9385265998833
7,238187.06000000023,183146.4399999998,29180.780659099953,35667.44404300003,7409.429903899928,51662.20000000001,0.0,0,31912.0,14475.0,8862.6,6983.8,3377.7999999999997,9361.0,971.5,30.8,167521089814.52206,43.67014590355961,900.5098588431221
