,contributed_CCGT,contributed_Coal,contributed_Onshore,contributed_Offshore,contributed_PV,contributed_Nuclear,contributed_Recip_gas,contributed_Biomass,total_CCGT,total_Coal,total_Onshore,total_Offshore,total_PV,total_Nuclear,total_Recip_gas,Carbon_tax,total_genco_wealth,Electricity_cost,Carbon_emitted
0,376901.7599999985,260599.12999999995,23300.55530880004,29579.745223999984,3154.551064599939,64624.30999999998,14016.984999999986,0,31912.0,14475.0,8862.6,6983.8,3377.7999999999997,9361.0,971.5,30.8,38628830970.62598,174.31386360636938,1389.8521447137364
1,295559.8199999999,223786.18000000005,23378.04924900004,29595.668287999964,3121.023126699978,56547.12,5459.644999999997,0,31912.0,14475.0,8862.6,6983.8,3377.7999999999997,9361.0,971.5,30.8,36367933015.70481,65.38703210454496,1123.3639239496397
2,363676.8299999986,257101.41999999993,21287.612385499917,29224.130127999983,1657.8605723499327,81493.57999999996,13269.59999999999,0,31912.0,14475.0,8862.6,6983.8,3377.7999999999997,9361.0,971.5,30.8,79778513861.2965,180.2328383681859,1352.8066021651564
3,387544.45999999816,254827.0099999999,23278.20383160005,29656.706700000013,3188.160174599965,87584.20999999996,14019.894999999988,0,31912.0,14475.0,8862.6,6983.8,3377.7999999999997,9361.0,971.5,30.8,128362837155.62903,190.68434252419812,1398.5828359899763
4,184311.54000000024,197914.81999999992,17736.276573700015,22721.169208999985,2874.6311871499825,52978.490000000005,183.32999999999998,0,31912.0,14475.0,8862.6,6983.8,3377.7999999999997,9361.0,971.5,30.8,115148093617.33208,42.07469075530273,820.8665873783631
5,383743.63999999827,265675.29,23464.752699000044,29595.668287999964,3122.2863189999775,79078.27999999997,13268.62999999999,0,31912.0,14475.0,8862.6,6983.8,3377.7999999999997,9361.0,971.5,30.8,196593519615.19504,205.64487367765977,1413.5489337354168
6,196314.30000000005,190861.02,18602.314321099977,23785.710195999975,3999.1463471999687,52909.62,192.05999999999997,0,31912.0,14475.0,8862.6,6983.8,3377.7999999999997,9361.0,971.5,30.8,174984502913.38174,40.404421116028026,833.1123362259617
7,206874.00000000023,232816.13000000006,21277.90998960003,25821.78014950001,6103.2027096499705,50553.490000000005,200.78999999999996,0,31912.0,14475.0,8862.6,6983.8,3377.7999999999997,9361.0,971.5,30.8,148602243617.5958,41.496871247170915,949.1561770297415
