,contributed_CCGT,contributed_Coal,contributed_Onshore,contributed_Offshore,contributed_PV,contributed_Nuclear,contributed_Recip_gas,contributed_Biomass,total_CCGT,total_Coal,total_Onshore,total_Offshore,total_PV,total_Nuclear,total_Recip_gas,Carbon_tax,total_genco_wealth,Electricity_cost,Carbon_emitted
0,321697.0899999999,285717.9500000002,51102.48357719963,24840.163310000007,3153.2186059499386,85661.66999999991,12350.524999999996,0,31912.0,14475.0,8862.6,6983.8,3377.7999999999997,9361.0,971.5,30.8,50196973410.336006,168.88451730658423,1318.6909761640975
1,231114.1499999996,275865.91000000027,47065.41170999973,25368.90305599998,3111.133673149975,67882.53999999995,3166.0799999999967,0,31912.0,14475.0,8862.6,6983.8,3377.7999999999997,9361.0,971.5,30.8,58112937535.121826,82.43944014687742,1091.3443454621765
2,349860.9899999991,268973.3800000002,49971.3481471996,22837.132732000016,1655.7939082999367,78971.57999999993,12916.519999999986,0,31912.0,14475.0,8862.6,6983.8,3377.7999999999997,9361.0,971.5,30.8,146492098220.3876,260.32873957631085,1337.2859430052395
3,362365.179999999,281925.2600000001,53156.06675539942,24395.85788000001,3181.4453384499634,94402.33999999991,13074.629999999992,0,31912.0,14475.0,8862.6,6983.8,3377.7999999999997,9361.0,971.5,30.8,259254950266.14313,333.69069324492625,1395.4828008134787
4,146965.83999999985,219775.64000000022,35471.17678530005,18519.239978999973,3021.9425292499795,57870.19999999997,1167.8800000000008,0,31912.0,14475.0,8862.6,6983.8,3377.7999999999997,9361.0,971.5,30.8,243558667525.46387,27.971251015465572,791.118375144719
5,346325.0499999994,288747.8200000002,52202.73518689976,23271.13487749999,3115.9474032999765,96449.03999999995,13015.459999999992,0,31912.0,14475.0,8862.6,6983.8,3377.7999999999997,9361.0,971.5,30.8,396327515369.9506,279.19369517148704,1376.7963988723575
6,162163.3299999999,213044.28000000006,38695.30252619987,19698.04025899997,4209.8278409499835,52643.839999999975,1363.8200000000008,0,31912.0,14475.0,8862.6,6983.8,3377.7999999999997,9361.0,971.5,30.8,372825418433.6024,30.701371918357836,807.3939044834392
7,189474.81999999986,233466.05000000034,38283.1150426998,19072.669651499968,6978.208991749942,64522.45999999995,1499.6200000000008,0,31912.0,14475.0,8862.6,6983.8,3377.7999999999997,9361.0,971.5,30.8,344147743463.41486,32.694819495597784,908.6337902378971
