,contributed_CCGT,contributed_Coal,contributed_Onshore,contributed_Offshore,contributed_PV,contributed_Nuclear,contributed_Recip_gas,contributed_Biomass,total_CCGT,total_Coal,total_Onshore,total_Offshore,total_PV,total_Nuclear,total_Recip_gas,Carbon_tax,total_genco_wealth,Electricity_cost,Carbon_emitted
0,419315.84999999835,151852.94999999978,49852.83198549984,25135.212301999996,3143.3120308999405,106403.18000000011,13617.829999999993,0,31912.0,14475.0,8862.6,6983.8,3377.7999999999997,9361.0,971.5,30.8,26321375207.585,121.44298005617027,1243.2657542041015
1,343656.1799999995,116659.90999999995,46628.72917539994,25586.10039699997,3113.8463011499784,81978.58000000003,7875.9149999999945,0,31912.0,14475.0,8862.6,6983.8,3377.7999999999997,9361.0,971.5,30.8,22808654008.62217,61.33343611551328,1001.6649388641755
2,432746.08999999805,148929.25,49326.38734839965,24602.808640000017,1655.5912618999325,101513.41000000002,14046.57,0,31912.0,14475.0,8862.6,6983.8,3377.7999999999997,9361.0,971.5,30.8,51179533920.17152,122.44168782917684,1267.2384652715016
3,457087.9599999982,139013.8499999999,54212.553905099754,28911.571164000008,3181.0308667499644,113378.45000000004,15689.749999999995,0,31912.0,14475.0,8862.6,6983.8,3377.7999999999997,9361.0,971.5,30.8,81053222139.89656,124.66917658729295,1297.8629130423
4,245322.0600000001,88984.49999999994,34366.4157523,18536.267493999974,2652.6253642999827,78675.73000000004,1872.1000000000008,0,31912.0,14475.0,8862.6,6983.8,3377.7999999999997,9361.0,971.5,30.8,65950699523.42993,36.41378910467324,721.7246794909988
5,431986.36999999796,139956.33999999994,53452.75943320005,27438.979699999967,3123.6438136499787,126892.49000000012,14172.67,0,31912.0,14475.0,8862.6,6983.8,3377.7999999999997,9361.0,971.5,30.8,121426622575.33638,125.37671450991559,1247.1115432433216
6,263495.67000000016,100351.89999999998,33691.442678199914,17056.99205599999,4084.5285906999716,57964.289999999964,1775.1000000000008,0,31912.0,14475.0,8862.6,6983.8,3377.7999999999997,9361.0,971.5,30.8,97847575658.38826,35.8265514540739,782.6983507761965
7,310155.5899999996,94825.78,36864.85313309972,19765.57340299997,7111.927938649934,62868.60999999996,3268.8999999999983,0,31912.0,14475.0,8862.6,6983.8,3377.7999999999997,9361.0,971.5,30.8,69283249096.43047,39.65590953425356,869.5841473404362
