,contributed_CCGT,contributed_Coal,contributed_Onshore,contributed_Offshore,contributed_PV,contributed_Nuclear,contributed_Recip_gas,contributed_Biomass,total_CCGT,total_Coal,total_Onshore,total_Offshore,total_PV,total_Nuclear,total_Recip_gas,Carbon_tax,total_genco_wealth,Electricity_cost,Carbon_emitted
0,315238.7499999997,271546.81,53240.910754199744,25884.961510999983,3168.270120799936,93969.71999999994,12437.339999999991,0,31912.0,14475.0,8862.6,6983.8,3377.7999999999997,9361.0,971.5,30.8,101609468001.68344,315.91877373221234,1271.772406960379
1,249731.68000000023,244050.93999999994,47040.98793449987,24419.952270499965,3127.613099449974,69604.28999999995,3670.4799999999977,0,31912.0,14475.0,8862.6,6983.8,3377.7999999999997,9361.0,971.5,30.8,112469712209.66727,84.49863767507884,1059.4532610141205
2,338482.7299999995,252113.1399999999,51726.10295979974,27962.18984200002,1668.6768009999348,98530.65999999997,12172.529999999984,0,31912.0,14475.0,8862.6,6983.8,3377.7999999999997,9361.0,971.5,30.8,230806328245.21985,334.72314598955,1275.0558696897203
3,340858.32999999996,257821.30999999988,56232.62680369975,30709.73164400001,3195.6921786499615,107985.24999999994,12647.829999999987,0,31912.0,14475.0,8862.6,6983.8,3377.7999999999997,9361.0,971.5,30.8,381526240908.90344,350.5385088183698,1293.6748151713784
4,137713.76000000007,210605.03999999998,36880.983263099995,19060.234502999974,3035.2294358499785,64552.529999999955,304.57999999999987,0,31912.0,14475.0,8862.6,6983.8,3377.7999999999997,9361.0,971.5,30.8,368506323551.231,32.0128816332387,750.1208952459192
5,354847.7900000002,248964.24999999994,55094.5665631,26618.71971199996,3138.5987916999757,113832.40999999997,12556.649999999992,0,31912.0,14475.0,8862.6,6983.8,3377.7999999999997,9361.0,971.5,30.8,598391574644.5353,354.5360568670372,1302.1246976014988
6,146934.77000000002,213931.91999999993,35590.834549699895,18471.022861999973,2677.9721837999723,68479.08999999995,331.73999999999984,0,31912.0,14475.0,8862.6,6983.8,3377.7999999999997,9361.0,971.5,30.8,578126218584.0193,32.7194616601991,776.3182737241597
7,197043.51999999987,221567.52000000002,40801.2248479998,20628.017222999988,6015.172261149965,60257.36999999997,386.0599999999998,0,31912.0,14475.0,8862.6,6983.8,3377.7999999999997,9361.0,971.5,30.8,554996084977.3271,36.90429895605217,895.5650458329593
