,contributed_CCGT,contributed_Coal,contributed_Onshore,contributed_Offshore,contributed_PV,contributed_Nuclear,contributed_Recip_gas,contributed_Biomass,total_CCGT,total_Coal,total_Onshore,total_Offshore,total_PV,total_Nuclear,total_Recip_gas,Carbon_tax,total_genco_wealth,Electricity_cost,Carbon_emitted
0,446082.5299999983,200633.7899999999,20749.028731899998,26782.265479999995,3154.316742099939,71365.80999999997,13288.999999999995,0,31912.0,14475.0,8862.6,6983.8,3377.7999999999997,9361.0,971.5,30.8,22547222790.64082,119.99769048993528,1409.3284385184202
1,364952.28999999876,157394.40999999997,21286.060472799993,27542.744317999975,3116.3197218999767,51608.84999999999,6441.284999999992,0,31912.0,14475.0,8862.6,6983.8,3377.7999999999997,9361.0,971.5,30.8,18907113494.022152,60.66863090958362,1130.5157050951777
2,434694.50999999803,187152.16999999993,19075.11797759983,26613.817180000013,1653.9167306499335,89511.59999999998,13970.909999999993,0,31912.0,14475.0,8862.6,6983.8,3377.7999999999997,9361.0,971.5,30.8,41061596832.22311,124.65066464867442,1357.5121753136593
3,451159.81999999826,185043.74999999988,20672.23517049991,26814.92461800001,3177.7177092999646,104183.81999999995,15106.779999999968,0,31912.0,14475.0,8862.6,6983.8,3377.7999999999997,9361.0,971.5,30.8,66639271588.11447,127.69512986061606,1388.5378465424983
4,256539.58000000045,121720.41999999997,17026.975412999986,21527.83423299999,3085.463697299977,50465.219999999994,189.14999999999995,0,31912.0,14475.0,8862.6,6983.8,3377.7999999999997,9361.0,971.5,30.8,51315357133.32822,38.37436515561951,818.8997726871611
5,452007.9499999982,193293.56999999992,22024.700612399996,28192.828405999968,3117.863951949978,101714.19999999992,13987.399999999992,0,31912.0,14475.0,8862.6,6983.8,3377.7999999999997,9361.0,971.5,30.8,93197861091.09453,130.7429022751163,1406.3958408908597
6,254063.73000000036,134895.18999999994,16651.12733050002,21468.911024499976,4412.575513699982,44214.54,180.41999999999996,0,31912.0,14475.0,8862.6,6983.8,3377.7999999999997,9361.0,971.5,30.8,69422182297.65154,37.61508963881549,845.5227313556207
7,302870.45999999985,128964.36999999995,19361.94313640002,24465.716871000008,7114.827109949932,53060.939999999995,1603.4100000000012,0,31912.0,14475.0,8862.6,6983.8,3377.7999999999997,9361.0,971.5,30.8,42275228991.5671,40.11205345373043,931.1827598692615
