,contributed_CCGT,contributed_Coal,contributed_Onshore,contributed_Offshore,contributed_PV,contributed_Nuclear,contributed_Recip_gas,contributed_Biomass,total_CCGT,total_Coal,total_Onshore,total_Offshore,total_PV,total_Nuclear,total_Recip_gas,Carbon_tax,total_genco_wealth,Electricity_cost,Carbon_emitted
0,331954.4399999994,260825.93999999994,52129.2300418999,26496.532756,3168.4036286499368,86923.63999999991,11976.589999999986,0,31912.0,14475.0,8862.6,6983.8,3377.7999999999997,9361.0,971.5,30.8,98092639683.80244,311.15570536500485,1280.8946169641204
1,241705.21000000014,243372.85999999993,49377.53970670001,24880.34643849997,3127.6823397499747,78155.80999999992,3639.4399999999987,0,31912.0,14475.0,8862.6,6983.8,3377.7999999999997,9361.0,971.5,30.8,107469462783.72864,83.44655504798475,1041.583449358281
2,340058.1400000001,241819.0699999998,55266.56580879979,24722.798505000013,1664.413279849935,96420.90999999993,11918.38999999999,0,31912.0,14475.0,8862.6,6983.8,3377.7999999999997,9361.0,971.5,30.8,228128549053.66736,327.1588608884568,1255.9965502598602
3,350610.56000000023,244121.6499999999,58479.04092819944,31134.38970000001,3194.388781999961,99489.01999999993,12224.909999999989,0,31912.0,14475.0,8862.6,6983.8,3377.7999999999997,9361.0,971.5,30.8,375063677448.65295,354.6506631348843,1297.4029005466998
4,145912.23000000007,193013.83999999988,44798.29713560005,20977.62812899997,3089.6531391499766,66963.94999999995,376.3599999999998,0,31912.0,14475.0,8862.6,6983.8,3377.7999999999997,9361.0,971.5,30.8,364397712066.6691,37.03888165059985,727.7037439283192
5,349099.45999999996,252466.21999999994,55637.29824709995,26639.136053999966,3134.2628969999764,114719.95999999999,12188.049999999994,0,31912.0,14475.0,8862.6,6983.8,3377.7999999999997,9361.0,971.5,30.8,591659952627.8801,340.40294719902573,1301.0187888755588
6,152210.0400000001,200525.59999999992,39771.98702559989,18413.487061999975,3243.84367669998,65216.00999999996,276.4499999999999,0,31912.0,14475.0,8862.6,6983.8,3377.7999999999997,9361.0,971.5,30.8,572454916928.9633,33.6252545960382,756.9999974888001
7,186880.3199999997,215300.70999999993,40646.22400839979,21235.198550999994,5953.202583949969,69693.52999999996,295.84999999999985,0,31912.0,14475.0,8862.6,6983.8,3377.7999999999997,9361.0,971.5,30.8,551370468641.8558,38.07362634541409,860.766876232579
