,contributed_CCGT,contributed_Coal,contributed_Onshore,contributed_Offshore,contributed_PV,contributed_Nuclear,contributed_Recip_gas,contributed_Biomass,total_CCGT,total_Coal,total_Onshore,total_Offshore,total_PV,total_Nuclear,total_Recip_gas,Carbon_tax,total_genco_wealth,Electricity_cost,Carbon_emitted
0,327099.07,148370.65000000008,61192.498616399724,36588.714794000094,3155.5571575999397,136816.55999999994,15021.419999999975,0,31912.0,14475.0,8862.6,6983.8,3377.7999999999997,9361.0,971.5,30.8,28844585275.299206,112.58412717754881,1054.6889612486968
1,246129.0400000006,123171.90999999997,49928.64246159976,35165.653664500045,3105.824730049978,116189.50999999992,11413.989999999998,0,31912.0,14475.0,8862.6,6983.8,3377.7999999999997,9361.0,971.5,30.8,33118849909.538113,74.0488526097047,826.673880050179
2,322123.29999999976,171303.33000000013,57022.29307549939,36650.211112000005,1650.8289767499327,127689.82999999994,14737.209999999981,0,31912.0,14475.0,8862.6,6983.8,3377.7999999999997,9361.0,971.5,30.8,58524416264.39796,107.10170409280715,1095.1831381353365
3,361578.26999999955,156542.0300000001,61596.753565999585,37092.50504400012,3178.527896249965,136625.46999999997,14745.939999999982,0,31912.0,14475.0,8862.6,6983.8,3377.7999999999997,9361.0,971.5,30.8,90928574730.41992,119.40530752766112,1137.6302738379386
4,174435.40000000002,92115.0599999999,41220.55770069989,28751.891138000006,3066.7023255499794,89918.99999999996,4279.6399999999985,0,31912.0,14475.0,8862.6,6983.8,3377.7999999999997,9361.0,971.5,30.8,79673776620.17287,39.90743541229465,591.3039383338796
5,350701.1399999997,172556.8900000001,59456.7318544997,38338.050386000046,3123.6934493499784,134417.7499999999,15231.909999999982,0,31912.0,14475.0,8862.6,6983.8,3377.7999999999997,9361.0,971.5,30.8,128139402538.92278,113.3101668983453,1156.9975856122173
6,177728.3599999998,96973.87999999989,40301.65987119977,26850.258252999993,4330.98875739998,94765.11999999995,2350.7950000000005,0,31912.0,14475.0,8862.6,6983.8,3377.7999999999997,9361.0,971.5,30.8,109696598437.9952,38.984686724469334,603.73359301424
7,211302.89000000028,102260.61999999995,44285.97448599972,31319.947580000022,7196.123883449928,89356.39999999997,9297.934999999981,0,31912.0,14475.0,8862.6,6983.8,3377.7999999999997,9361.0,971.5,30.8,89560407497.67952,44.50457455487722,697.8366138567603
