,contributed_CCGT,contributed_Coal,contributed_Onshore,contributed_Offshore,contributed_PV,contributed_Nuclear,contributed_Recip_gas,contributed_Biomass,total_CCGT,total_Coal,total_Onshore,total_Offshore,total_PV,total_Nuclear,total_Recip_gas,Carbon_tax,total_genco_wealth,Electricity_cost,Carbon_emitted
0,349573.6899999982,248576.79,22502.847455700034,29308.87689199999,3154.551064599939,118874.47000000002,12453.344999999994,0,31912.0,14475.0,8862.6,6983.8,3377.7999999999997,9361.0,971.5,30.8,9720980538.811583,74.63213301340524,1302.5742183024197
1,243675.36000000022,250064.10000000003,21602.16916529999,27543.36470599998,3117.3623226999775,102872.37999999995,2200.9300000000007,0,31912.0,14475.0,8862.6,6983.8,3377.7999999999997,9361.0,971.5,30.8,3062948335.1455607,49.05058236451958,1061.7422497118023
2,362945.7799999982,238876.09000000003,19363.520647399844,26540.82997200001,1653.9477049999336,118874.47000000002,13252.13999999999,0,31912.0,14475.0,8862.6,6983.8,3377.7999999999997,9361.0,971.5,30.8,12383255717.660725,86.29835565273652,1309.6477825938189
3,370400.06999999844,257265.73999999996,21656.846600599936,28752.57087600001,3182.0198007499644,123655.60000000002,13270.56999999999,0,31912.0,14475.0,8862.6,6983.8,3377.7999999999997,9361.0,971.5,30.8,25400031595.235336,92.69892587892461,1366.8234117845177
4,172084.94000000026,175459.03999999998,16905.124779299982,21210.175360999987,3078.8207091499785,91941.44999999992,192.05999999999997,0,31912.0,14475.0,8862.6,6983.8,3377.7999999999997,9361.0,971.5,30.8,11676675602.062311,39.825690150513196,741.2884706179223
5,368546.42999999825,259995.18999999997,22798.56952240002,29519.432383999963,3122.2863189999775,120035.56000000001,13269.59999999999,0,31912.0,14475.0,8862.6,6983.8,3377.7999999999997,9361.0,971.5,30.8,32039001260.437366,96.65699577064021,1369.1018330756185
6,180970.86000000025,180109.70999999982,16781.2158541,21955.539204999972,4243.7734253999815,87241.7999999999,192.05999999999997,0,31912.0,14475.0,8862.6,6983.8,3377.7999999999997,9361.0,971.5,30.8,10456365553.3951,37.62561500519091,770.7701826745832
7,201482.50000000012,205338.64,18220.178824700022,22893.0302795,6026.6253206499705,97151.31999999992,148.41000000000003,0,31912.0,14475.0,8862.6,6983.8,3377.7999999999997,9361.0,971.5,30.8,-16044220997.166058,38.0743709201354,875.8205050387232
