,contributed_CCGT,contributed_Coal,contributed_Onshore,contributed_Offshore,contributed_PV,contributed_Nuclear,contributed_Recip_gas,contributed_Biomass,total_CCGT,total_Coal,total_Onshore,total_Offshore,total_PV,total_Nuclear,total_Recip_gas,Carbon_tax,total_genco_wealth,Electricity_cost,Carbon_emitted
0,382946.32999999856,200962.76999999967,23300.55530880004,29579.745223999984,3154.551064599939,110900.09999999999,15055.36999999998,0,31912.0,14475.0,8862.6,6983.8,3377.7999999999997,9361.0,971.5,30.8,20588752676.737217,101.40167803429652,1272.5329186124595
1,321021.27999999956,166855.96999999994,23464.752699000044,29595.668287999964,3122.1383823999777,68954.38999999996,12109.480000000007,0,31912.0,14475.0,8862.6,6983.8,3377.7999999999997,9361.0,971.5,30.8,25194305275.18708,70.23356442019309,1062.2345160660602
2,396507.9299999981,197555.3499999996,21601.84304159999,29224.130127999983,1658.8853725999325,103725.97999999997,14096.524999999994,0,31912.0,14475.0,8862.6,6983.8,3377.7999999999997,9361.0,971.5,30.8,40283422147.55952,96.64477347241179,1287.016030769297
3,399710.07999999786,210760.32999999967,23278.20383160005,29656.706700000013,3188.160174599965,123957.26999999996,14135.324999999993,0,31912.0,14475.0,8862.6,6983.8,3377.7999999999997,9361.0,971.5,30.8,60790904583.98325,105.85893745622299,1327.739355551336
4,226686.4000000003,115146.99000000006,22353.9008808,28556.08518799997,3119.420927949977,65364.41999999997,3797.549999999999,0,31912.0,14475.0,8862.6,6983.8,3377.7999999999997,9361.0,971.5,30.8,55934989819.05021,51.82963822056356,733.7051275320199
5,421876.19999999774,192260.87999999977,23464.752699000044,29595.668287999964,3122.2863189999775,115261.21999999997,15027.239999999983,0,31912.0,14475.0,8862.6,6983.8,3377.7999999999997,9361.0,971.5,30.8,85714531793.19792,103.85506912197646,1335.6776605502373
6,224229.86999999997,129458.51000000004,25324.70556360001,32089.29213749999,4462.365094799982,56015.559999999976,3797.549999999999,0,31912.0,14475.0,8862.6,6983.8,3377.7999999999997,9361.0,971.5,30.8,76231989937.9566,50.36504984372249,757.1086887369795
7,262436.9600000003,131886.87,32068.041521399922,36559.21105700005,7419.262284949931,58552.109999999986,9557.409999999985,0,31912.0,14475.0,8862.6,6983.8,3377.7999999999997,9361.0,971.5,30.8,70646028383.68098,54.78447505735909,857.7347445642579
