,contributed_CCGT,contributed_Coal,contributed_Onshore,contributed_Offshore,contributed_PV,contributed_Nuclear,contributed_Recip_gas,contributed_Biomass,total_CCGT,total_Coal,total_Onshore,total_Offshore,total_PV,total_Nuclear,total_Recip_gas,Carbon_tax,total_genco_wealth,Electricity_cost,Carbon_emitted
0,350389.9999999996,266574.0000000002,51832.285212599636,27523.693681999983,3161.7704089499375,77709.60999999993,12167.679999999991,0,31912.0,14475.0,8862.6,6983.8,3377.7999999999997,9361.0,971.5,30.8,41076608409.03267,157.6364523366225,1333.848636372
1,250740.34999999992,255446.2000000003,45915.33617639977,23721.263601999966,3114.1255541999762,69593.61999999995,3190.3299999999963,0,31912.0,14475.0,8862.6,6983.8,3377.7999999999997,9361.0,971.5,30.8,45232110322.8226,67.98131050839889,1085.7646782675965
2,345347.8799999996,255808.54000000012,52078.44826239951,24644.26211200002,1659.8406439499363,92450.69999999991,11482.859999999995,0,31912.0,14475.0,8862.6,6983.8,3377.7999999999997,9361.0,971.5,30.8,104351419699.86209,177.22058122508517,1300.563842258918
3,365003.5499999999,283542.8000000001,47361.576921199565,21591.092661999985,3168.3013761499637,97395.75999999994,13041.649999999989,0,31912.0,14475.0,8862.6,6983.8,3377.7999999999997,9361.0,971.5,30.8,188367244785.55045,229.59965908220715,1400.789528354398
4,141045.1399999999,232308.92000000025,35510.155148900056,19060.234502999974,2609.018756199981,58275.65999999997,710.0400000000008,0,31912.0,14475.0,8862.6,6983.8,3377.7999999999997,9361.0,971.5,30.8,171459244021.01776,22.33152336644109,806.1366748701581
5,363812.91999999975,280189.93000000017,50849.30013299973,27476.855299999977,3124.856660549978,89547.4899999999,12861.71499999999,0,31912.0,14475.0,8862.6,6983.8,3377.7999999999997,9361.0,971.5,30.8,329723862800.68225,261.1128059151627,1390.5256939921394
6,166104.45000000004,207787.47000000012,38466.84696219987,18530.20596199997,4195.856859999984,57123.29999999997,1055.3600000000008,0,31912.0,14475.0,8862.6,6983.8,3377.7999999999997,9361.0,971.5,30.8,306443574576.576,27.84058848621557,802.9909592830584
7,196376.91999999995,203131.17,43647.755943799704,21768.706172499995,7021.043919349943,77157.67999999992,1375.4600000000007,0,31912.0,14475.0,8862.6,6983.8,3377.7999999999997,9361.0,971.5,30.8,280558029679.98395,33.29396472985221,854.7038178756582
