,contributed_CCGT,contributed_Coal,contributed_Onshore,contributed_Offshore,contributed_PV,contributed_Nuclear,contributed_Recip_gas,contributed_Biomass,total_CCGT,total_Coal,total_Onshore,total_Offshore,total_PV,total_Nuclear,total_Recip_gas,Carbon_tax,total_genco_wealth,Electricity_cost,Carbon_emitted
0,329218.27000000054,241996.4399999999,40868.293926599865,19024.091534499963,3065.400783049943,94723.40999999996,5116.264999999995,0,31912.0,14475.0,8862.6,6983.8,3377.7999999999997,9361.0,971.5,30.8,6269970302.601617,56.12690847151419,1242.7435653931145
1,230463.97000000035,219223.7699999999,37917.31985590004,17918.24715049997,3085.3227985499775,87524.06999999995,1718.355000000001,0,31912.0,14475.0,8862.6,6983.8,3377.7999999999997,9361.0,971.5,30.8,-4102450550.829172,28.2415956959793,979.5033810404566
2,331628.55000000016,239236.36999999994,37800.318407399725,19597.78572599997,1623.5306268499394,94139.46999999994,6545.074999999995,0,31912.0,14475.0,8862.6,6983.8,3377.7999999999997,9361.0,971.5,30.8,-2513477096.700421,58.078735801749325,1244.5197324552526
3,344199.49,223896.41999999995,43709.996275099686,23021.473435,3150.0033483999637,115173.91999999994,10336.805000000008,0,31912.0,14475.0,8862.6,6983.8,3377.7999999999997,9361.0,971.5,30.8,6958268372.675594,71.9954534879016,1240.0564581651545
4,147611.69,152695.45999999988,25933.032731299947,14938.861415999987,2851.7631405499806,79827.11999999997,960.3000000000006,0,31912.0,14475.0,8862.6,6983.8,3377.7999999999997,9361.0,971.5,30.8,-17245325683.16883,5.726699718722368,662.4103037530816
5,361024.6199999996,230538.69999999995,40754.90649439997,19215.091855999966,3092.7136730999778,102892.74999999994,9934.739999999993,0,31912.0,14475.0,8862.6,6983.8,3377.7999999999997,9361.0,971.5,30.8,-6471610513.146771,70.76857684032863,1296.487070422594
6,166683.1700000001,170713.82999999993,27286.636157799956,15162.739821999987,3894.081311549968,69962.21999999996,970.0000000000007,0,31912.0,14475.0,8862.6,6983.8,3377.7999999999997,9361.0,971.5,30.8,-42223134616.713905,8.477218490974089,736.6254139343391
7,185593.5900000003,179551.9099999999,29517.367205899944,16542.629831999988,6730.212873399954,80777.71999999994,795.4000000000008,0,31912.0,14475.0,8862.6,6983.8,3377.7999999999997,9361.0,971.5,30.8,-78125965815.33446,21.051665371319,797.9247825701785
