,contributed_CCGT,contributed_Coal,contributed_Onshore,contributed_Offshore,contributed_PV,contributed_Nuclear,contributed_Recip_gas,contributed_Biomass,total_CCGT,total_Coal,total_Onshore,total_Offshore,total_PV,total_Nuclear,total_Recip_gas,Carbon_tax,total_genco_wealth,Electricity_cost,Carbon_emitted
0,397463.479999998,193235.50999999978,23300.55530880004,29579.745223999984,3154.551064599939,104597.03999999998,14852.639999999983,0,31912.0,14475.0,8862.6,6983.8,3377.7999999999997,9361.0,971.5,30.8,20611605980.652782,101.80821511385614,1284.3013890229768
1,314460.84999999945,160942.67999999996,23464.752699000044,29595.668287999964,3122.2863189999775,86319.32999999994,10481.335000000005,0,31912.0,14475.0,8862.6,6983.8,3377.7999999999997,9361.0,971.5,30.8,25527975680.13716,71.61191963753048,1031.3297646966391
2,405673.2899999979,182484.40999999995,21601.84304159999,29224.130127999983,1658.9456695999324,110970.90999999997,15036.939999999982,0,31912.0,14475.0,8862.6,6983.8,3377.7999999999997,9361.0,971.5,30.8,41729162149.58586,98.62510351780786,1271.4441492851774
3,419805.1199999978,205815.98999999982,23278.20383160005,29656.706700000013,3188.160174599965,108470.25,15046.639999999981,0,31912.0,14475.0,8862.6,6983.8,3377.7999999999997,9361.0,971.5,30.8,59625621835.468994,101.89876862693501,1356.9393361340178
4,221135.3700000001,130020.89000000004,22409.88530380001,28593.89590999997,3112.6604501999764,52143.319999999985,3873.2099999999987,0,31912.0,14475.0,8862.6,6983.8,3377.7999999999997,9361.0,971.5,30.8,54045734867.89322,51.43586903638563,753.4167971442193
5,411997.07999999775,201417.5699999997,23464.752699000044,29595.668287999964,3122.2863189999775,110617.82999999997,15043.729999999983,0,31912.0,14475.0,8862.6,6983.8,3377.7999999999997,9361.0,971.5,30.8,84439582304.96489,104.93397309243687,1337.2229917228578
6,243837.81000000035,92600.93999999997,24119.12799770003,31087.64425699998,4453.948250499981,67516.84999999996,6328.279999999995,0,31912.0,14475.0,8862.6,6983.8,3377.7999999999997,9361.0,971.5,30.8,76588057429.26828,50.53005096516563,721.0349505341194
7,249839.21000000028,122127.91000000002,34231.40301399991,38306.24775700007,7429.0178420499315,64227.579999999965,8592.744999999986,0,31912.0,14475.0,8862.6,6983.8,3377.7999999999997,9361.0,971.5,30.8,71024257161.73792,55.10593201971267,807.2454582881803
