,contributed_CCGT,contributed_Coal,contributed_Onshore,contributed_Offshore,contributed_PV,contributed_Nuclear,contributed_Recip_gas,contributed_Biomass,total_CCGT,total_Coal,total_Onshore,total_Offshore,total_PV,total_Nuclear,total_Recip_gas,Carbon_tax,total_genco_wealth,Electricity_cost,Carbon_emitted
0,321216.8199999996,263945.6099999999,51513.902616999876,23772.088526,3159.3479184999374,102526.08999999994,11950.399999999992,0,31912.0,14475.0,8862.6,6983.8,3377.7999999999997,9361.0,971.5,30.8,98236655326.28824,312.6173564599383,1273.0940680627798
1,239904.99000000022,238519.7099999998,48520.12715079982,24884.29941099997,3128.019238049975,82582.88999999993,3703.459999999998,0,31912.0,14475.0,8862.6,6983.8,3377.7999999999997,9361.0,971.5,30.8,110271274173.79904,87.35154079156051,1029.68699351458
2,342777.55999999994,252413.39999999994,51216.67883509972,24365.53236000001,1672.788291249932,100962.44999999992,11980.469999999988,0,31912.0,14475.0,8862.6,6983.8,3377.7999999999997,9361.0,971.5,30.8,229430859326.2496,329.3752181303512,1284.0544923531977
3,349275.25000000006,268334.87000000005,55989.1459105998,28279.906740000017,3185.540967749962,96991.26999999992,12438.309999999992,0,31912.0,14475.0,8862.6,6983.8,3377.7999999999997,9361.0,971.5,30.8,381906188488.8775,352.28436894795294,1339.7030739282586
4,145764.0500000001,192530.09000000008,44711.558115699976,22723.519318999985,3129.283822599973,69176.51999999995,405.45999999999975,0,31912.0,14475.0,8862.6,6983.8,3377.7999999999997,9361.0,971.5,30.8,370091972974.5791,35.816727836959586,726.335363065819
5,348913.07999999996,265020.37999999995,55468.53875290001,27169.632025999977,3139.851342849975,98350.23999999992,12965.98999999999,0,31912.0,14475.0,8862.6,6983.8,3377.7999999999997,9361.0,971.5,30.8,590475786944.1603,351.8603564325286,1329.0515231912375
6,154151.63000000015,200033.1900000001,36599.86538059985,18320.61582199997,3115.647807549975,70794.47999999995,349.1999999999998,0,31912.0,14475.0,8862.6,6983.8,3377.7999999999997,9361.0,971.5,30.8,571952967032.5674,34.49675192870574,760.179183719619
7,205022.16,203994.45999999993,40649.63908739985,22771.48490450001,6120.7242251499665,64690.26999999995,343.3799999999998,0,31912.0,14475.0,8862.6,6983.8,3377.7999999999997,9361.0,971.5,30.8,550990536900.6823,38.17128805430972,872.509763375079
