,contributed_CCGT,contributed_Coal,contributed_Onshore,contributed_Offshore,contributed_PV,contributed_Nuclear,contributed_Recip_gas,contributed_Biomass,total_CCGT,total_Coal,total_Onshore,total_Offshore,total_PV,total_Nuclear,total_Recip_gas,Carbon_tax,total_genco_wealth,Electricity_cost,Carbon_emitted
0,384677.9499999982,205343.23999999964,23300.55530880004,29579.745223999984,3154.551064599939,114123.40999999996,14621.779999999984,0,31912.0,14475.0,8862.6,6983.8,3377.7999999999997,9361.0,971.5,30.8,16388644332.285131,91.4332196832865,1283.5676618295156
1,312100.5999999996,188111.1199999999,23464.752699000044,29595.668287999964,3122.2863189999775,76080.97999999995,9781.479999999985,0,31912.0,14475.0,8862.6,6983.8,3377.7999999999997,9361.0,971.5,30.8,18754708518.552567,66.96535422323211,1088.0525335857615
2,377426.7799999982,211012.15999999977,21601.84304159999,29224.130127999983,1658.9456695999324,114598.70999999998,15009.779999999984,0,31912.0,14475.0,8862.6,6983.8,3377.7999999999997,9361.0,971.5,30.8,36163093104.065,103.39764990302918,1283.209213159676
3,405742.82999999763,221818.12999999983,23278.20383160005,29656.706700000013,3188.160174599965,112403.59999999998,15036.939999999982,0,31912.0,14475.0,8862.6,6983.8,3377.7999999999997,9361.0,971.5,30.8,57837082368.17944,111.50540383483825,1364.8583493057354
4,213967.51000000007,147529.94,23328.265648000033,29595.668287999968,3119.8788269499773,61314.66999999997,1740.1800000000007,0,31912.0,14475.0,8862.6,6983.8,3377.7999999999997,9361.0,971.5,30.8,50592836711.91126,51.42759001447913,776.3263205561216
5,400316.4199999979,232936.41999999975,23464.752699000044,29595.668287999964,3122.2863189999775,104403.03999999998,15041.789999999979,0,31912.0,14475.0,8862.6,6983.8,3377.7999999999997,9361.0,971.5,30.8,79382422115.64973,106.80591117507676,1378.6619125751547
6,244675.0200000003,115840.38999999998,24196.591024000027,30776.461382999983,4470.668847399982,53988.25999999998,7321.074999999994,0,31912.0,14475.0,8862.6,6983.8,3377.7999999999997,9361.0,971.5,30.8,70053067041.58083,50.24752217007108,782.9764629352208
7,253482.47000000023,139200.40000000005,34259.88313549993,38306.24775700007,7431.270681249935,62213.85999999997,8735.819999999987,0,31912.0,14475.0,8862.6,6983.8,3377.7999999999997,9361.0,971.5,30.8,59841828343.783295,53.700958412118645,856.7771680592022
