,contributed_CCGT,contributed_Coal,contributed_Onshore,contributed_Offshore,contributed_PV,contributed_Nuclear,contributed_Recip_gas,contributed_Biomass,total_CCGT,total_Coal,total_Onshore,total_Offshore,total_PV,total_Nuclear,total_Recip_gas,Carbon_tax,total_genco_wealth,Electricity_cost,Carbon_emitted
0,299868.0599999999,259403.10999999993,56592.383730799964,29919.93563599999,3163.124105049937,108018.22999999995,11793.259999999987,0,31912.0,14475.0,8862.6,6983.8,3377.7999999999997,9361.0,971.5,30.8,109225923377.76573,331.45771592519253,1215.7565856477781
1,229828.38000000006,244432.12999999986,54439.50832620006,25608.506963999967,3138.7364101499734,78221.76999999993,4299.039999999998,0,31912.0,14475.0,8862.6,6983.8,3377.7999999999997,9361.0,971.5,30.8,121654452609.10175,89.37315885391673,1021.3177544577394
2,323811.79999999935,259560.51999999996,49733.53685559981,24659.182166000013,1660.1865968499346,82296.73999999992,11867.949999999988,0,31912.0,14475.0,8862.6,6983.8,3377.7999999999997,9361.0,971.5,30.8,250724320680.5914,347.89428858448895,1265.999493226959
3,337049.92999999935,271918.17,52489.89343399986,24225.187072999997,3175.11770494996,99368.73999999996,12288.929999999993,0,31912.0,14475.0,8862.6,6983.8,3377.7999999999997,9361.0,971.5,30.8,397390917794.4895,350.3701664232285,1322.5782013816581
4,135253.83999999985,203914.6499999999,42769.3052422001,20053.43867899997,3057.703976949979,64440.97999999996,377.32999999999976,0,31912.0,14475.0,8862.6,6983.8,3377.7999999999997,9361.0,971.5,30.8,385022917248.5018,34.95692231607412,730.3460172806997
5,324879.80999999953,261857.5599999999,60680.4984238999,25703.92386199997,3138.3879220999756,103031.45999999992,12633.279999999992,0,31912.0,14475.0,8862.6,6983.8,3377.7999999999997,9361.0,971.5,30.8,596573215403.468,352.663630973682,1274.941203248879
6,165387.9199999998,189357.49000000005,40282.38349769991,19415.215397999968,4202.245089949983,58302.81999999998,355.0199999999998,0,31912.0,14475.0,8862.6,6983.8,3377.7999999999997,9361.0,971.5,30.8,577696112696.5951,35.71180644808329,759.2261410710188
7,200781.19999999984,202988.56000000014,40111.20218509982,18435.761882999963,7061.809684749942,72249.47999999995,401.57999999999987,0,31912.0,14475.0,8862.6,6983.8,3377.7999999999997,9361.0,971.5,30.8,555084149596.5134,38.502773170280165,861.8686166868789
