,contributed_CCGT,contributed_Coal,contributed_Onshore,contributed_Offshore,contributed_PV,contributed_Nuclear,contributed_Recip_gas,contributed_Biomass,total_CCGT,total_Coal,total_Onshore,total_Offshore,total_PV,total_Nuclear,total_Recip_gas,Carbon_tax,total_genco_wealth,Electricity_cost,Carbon_emitted
0,347754.5399999986,196833.0699999998,23300.55530880004,29579.745223999984,3154.551064599939,165604.86687359976,17593.86000000001,0,31912.0,14475.0,8862.6,6983.8,3377.7999999999997,9361.0,971.5,30.8,17412432163.40645,102.24421050329049,1193.8085462518595
1,253506.72000000044,167028.11999999994,23464.752699000044,29595.668287999964,3122.2863189999775,165604.86687359976,13408.309999999992,0,31912.0,14475.0,8862.6,6983.8,3377.7999999999997,9361.0,971.5,30.8,12623886660.901022,57.853074836020674,926.557929651762
2,341068.73999999865,199677.06999999983,21601.84304159999,29224.130127999983,1658.9456695999324,165604.86687359976,17176.275000000005,0,31912.0,14475.0,8862.6,6983.8,3377.7999999999997,9361.0,971.5,30.8,21791997198.359238,90.54811506761148,1185.7347706138603
3,379197.6199999984,189142.8899999999,23278.20383160005,29656.706700000013,3188.160174599965,165604.86687359976,18558.040000000023,0,31912.0,14475.0,8862.6,6983.8,3377.7999999999997,9361.0,971.5,30.8,50397925899.00305,137.45498894980452,1244.283771140219
4,152869.26000000013,120809.17000000009,21963.9421307,29595.668287999968,3116.600719849977,145055.36860640006,12047.399999999996,0,31912.0,14475.0,8862.6,6983.8,3377.7999999999997,9361.0,971.5,30.8,36912050498.62699,44.095569537524206,604.3541601196615
5,336970.13999999914,238160.33999999956,23464.752699000044,29595.668287999964,3122.2863189999775,165604.86687359976,18013.385000000017,0,31912.0,14475.0,8862.6,6983.8,3377.7999999999997,9361.0,971.5,30.8,53384276508.90884,91.84378070768962,1264.9854376253174
6,202889.7600000003,80664.53000000007,25211.139399200027,33280.19770699999,4477.2553294999825,133702.20940160024,11523.599999999997,0,31912.0,14475.0,8862.6,6983.8,3377.7999999999997,9361.0,971.5,30.8,32019939831.190254,45.46701075830085,623.6657381929416
7,192194.10000000012,127670.32000000007,31310.357158399936,38306.24775700007,7415.26058399993,145936.22987440007,7857.000000000002,0,31912.0,14475.0,8862.6,6983.8,3377.7999999999997,9361.0,971.5,30.8,8376338432.330476,44.41328337514065,694.9197568273623
