,contributed_CCGT,contributed_Coal,contributed_Onshore,contributed_Offshore,contributed_PV,contributed_Nuclear,contributed_Recip_gas,contributed_Biomass,total_CCGT,total_Coal,total_Onshore,total_Offshore,total_PV,total_Nuclear,total_Recip_gas,Carbon_tax,total_genco_wealth,Electricity_cost,Carbon_emitted
0,326111.2799999989,219871.83999999953,23300.55530880004,29579.745223999984,3154.551064599939,165604.86687359976,16957.540000000005,0,31912.0,14475.0,8862.6,6983.8,3377.7999999999997,9361.0,971.5,30.8,17015846353.464163,100.95308111032637,1200.0368738323184
1,239898.24000000034,179668.9099999998,23464.752699000044,29595.668287999964,3122.2863189999775,165604.86687359976,13408.309999999992,0,31912.0,14475.0,8862.6,6983.8,3377.7999999999997,9361.0,971.5,30.8,11974827321.202114,56.76842671877146,922.5185003761824
2,333650.99999999895,206325.70999999958,21601.84304159999,29224.130127999983,1658.8842780999325,165604.86687359976,17430.415000000008,0,31912.0,14475.0,8862.6,6983.8,3377.7999999999997,9361.0,971.5,30.8,21256276007.143963,89.41078653758888,1186.1228439725799
3,358710.5599999981,209504.34999999948,23278.20383160005,29656.706700000013,3188.160174599965,165604.86687359976,18430.970000000023,0,31912.0,14475.0,8862.6,6983.8,3377.7999999999997,9361.0,971.5,30.8,48486404451.029,135.18245116003735,1247.8716083612974
4,150036.6600000001,124315.98000000001,22191.845221500018,29595.668287999968,3116.600719849977,148459.39984960004,9428.4,0,31912.0,14475.0,8862.6,6983.8,3377.7999999999997,9361.0,971.5,30.8,36176415972.16652,43.59247545848956,601.1125009400407
5,369030.7199999983,202071.55999999944,23464.752699000044,29595.668287999964,3122.2863189999775,165604.86687359976,17955.185000000016,0,31912.0,14475.0,8862.6,6983.8,3377.7999999999997,9361.0,971.5,30.8,51696106622.98651,93.20953864482142,1250.3460071908787
6,130242.42000000004,158473.9999999999,25215.86407520003,33280.19770699999,4477.2553294999825,134623.61240160023,9428.4,0,31912.0,14475.0,8862.6,6983.8,3377.7999999999997,9361.0,971.5,30.8,31381571170.604504,42.210697095288765,637.1503312520027
7,173382.66000000024,148020.71999999986,31140.259490999935,38204.78456500007,7414.15220374993,142418.6817816001,12571.199999999995,0,31912.0,14475.0,8862.6,6983.8,3377.7999999999997,9361.0,971.5,30.8,4456883347.309777,43.568610507490234,711.4761530865628
