,contributed_CCGT,contributed_Coal,contributed_Onshore,contributed_Offshore,contributed_PV,contributed_Nuclear,contributed_Recip_gas,contributed_Biomass,total_CCGT,total_Coal,total_Onshore,total_Offshore,total_PV,total_Nuclear,total_Recip_gas,Carbon_tax,total_genco_wealth,Electricity_cost,Carbon_emitted
0,310187.4499999998,263072.88999999996,53513.69227239999,28477.431487999987,3171.6609511999354,100200.02999999994,12200.65999999999,0,31912.0,14475.0,8862.6,6983.8,3377.7999999999997,9361.0,971.5,30.8,99238792023.8224,327.0419841721226,1248.0836291002195
1,239686.66,245838.51,52214.07364300011,24520.005276499975,3133.8107919999734,74367.95999999995,5331.119999999995,0,31912.0,14475.0,8862.6,6983.8,3377.7999999999997,9361.0,971.5,30.8,108514318792.1363,88.3429577803076,1046.5161690969815
2,318651.58999999956,254806.8299999999,55619.832582299765,26245.55817800001,1671.9168243499337,96902.99999999996,12517.849999999993,0,31912.0,14475.0,8862.6,6983.8,3377.7999999999997,9361.0,971.5,30.8,246584461875.24466,350.12351140164606,1243.8732695683375
3,346562.4899999995,256295.83999999997,54324.974286099816,25940.381413000006,3199.0748985499613,107506.06999999999,13973.819999999983,0,31912.0,14475.0,8862.6,6983.8,3377.7999999999997,9361.0,971.5,30.8,383416660121.82745,353.7002700737148,1310.4493889643195
4,149917.32,175621.43999999997,43345.81058020011,19737.326292999966,2921.510569549976,76967.55999999994,369.56999999999977,0,31912.0,14475.0,8862.6,6983.8,3377.7999999999997,9361.0,971.5,30.8,371499959441.74365,35.87909840483309,697.0581360331203
5,356151.76999999944,262381.11999999994,57405.58741150011,26461.56513799998,3135.7150441499757,97305.54999999993,11883.469999999988,0,31912.0,14475.0,8862.6,6983.8,3377.7999999999997,9361.0,971.5,30.8,582253402677.6958,348.369280080063,1333.34359848576
6,164543.95999999985,178178.32999999996,41000.332014399886,18639.763685999973,2963.6013852999786,74763.71999999994,294.8799999999999,0,31912.0,14475.0,8862.6,6983.8,3377.7999999999997,9361.0,971.5,30.8,563793745917.9441,37.26854463387078,732.6345015253391
7,181358.7599999996,220297.53999999986,45580.604182299874,22565.219090000002,7221.946107349933,67066.76999999995,342.4099999999998,0,31912.0,14475.0,8862.6,6983.8,3377.7999999999997,9361.0,971.5,30.8,541234984754.0124,38.958821589073274,860.8969620609178
