,contributed_CCGT,contributed_Coal,contributed_Onshore,contributed_Offshore,contributed_PV,contributed_Nuclear,contributed_Recip_gas,contributed_Biomass,total_CCGT,total_Coal,total_Onshore,total_Offshore,total_PV,total_Nuclear,total_Recip_gas,Carbon_tax,total_genco_wealth,Electricity_cost,Carbon_emitted
0,405088.85999999766,220129.53999999983,23300.55530880004,29579.745223999984,3154.551064599939,76848.24999999999,13057.170000000002,0,31912.0,14475.0,8862.6,6983.8,3377.7999999999997,9361.0,971.5,30.8,38306217939.87724,174.118730861768,1354.8197710769166
1,319673.5399999991,205622.28999999963,23464.752699000044,29595.668287999964,3122.2863189999775,55173.600000000006,4108.919999999999,0,31912.0,14475.0,8862.6,6983.8,3377.7999999999997,9361.0,971.5,30.8,38291446667.02456,76.33590040130576,1127.240806301421
2,406143.7199999977,218623.82999999993,21590.12359859999,29224.130127999983,1658.3174862999326,76644.54999999999,13078.510000000002,0,31912.0,14475.0,8862.6,6983.8,3377.7999999999997,9361.0,971.5,30.8,83651737455.80734,191.20256863074678,1352.7676587943356
3,426029.71999999793,221993.92999999993,23278.20383160005,29656.706700000013,3188.160174599965,85662.63999999997,13843.354999999998,0,31912.0,14475.0,8862.6,6983.8,3377.7999999999997,9361.0,971.5,30.8,141581613683.10107,220.6283859190928,1403.0858685441362
4,239439.85000000033,153098.44999999995,17676.95548650001,22721.169208999985,3024.2444019499812,46482.399999999994,0.0,0,31912.0,14475.0,8862.6,6983.8,3377.7999999999997,9361.0,971.5,30.8,126741930777.67668,40.77696713400554,831.3831493531021
5,434804.2399999978,208852.24999999977,23464.752699000044,29595.668287999964,3122.2863189999775,84717.85999999996,13078.510000000002,0,31912.0,14475.0,8862.6,6983.8,3377.7999999999997,9361.0,971.5,30.8,216779544879.2769,221.3532502932519,1390.0211903254963
6,229084.32000000044,171053.2899999999,17620.92840290002,22194.395111499973,4200.73189449998,45473.600000000006,0.0,0,31912.0,14475.0,8862.6,6983.8,3377.7999999999997,9361.0,971.5,30.8,193218669036.95276,40.71924730604681,851.3499871994228
7,274180.95,167316.9899999999,23888.188021200043,29796.22779449999,7173.859176399931,43553.0,698.4,0,31912.0,14475.0,8862.6,6983.8,3377.7999999999997,9361.0,971.5,30.8,166425090580.36896,42.777006788865044,940.5975741520213
