,contributed_CCGT,contributed_Coal,contributed_Onshore,contributed_Offshore,contributed_PV,contributed_Nuclear,contributed_Recip_gas,contributed_Biomass,total_CCGT,total_Coal,total_Onshore,total_Offshore,total_PV,total_Nuclear,total_Recip_gas,Carbon_tax,total_genco_wealth,Electricity_cost,Carbon_emitted
0,368924.8999999985,247101.60000000003,23291.90125980004,29579.745223999984,3154.551064599939,92750.42999999996,13269.59999999999,0,31912.0,14475.0,8862.6,6983.8,3377.7999999999997,9361.0,971.5,30.8,31451054971.645905,147.52109236659794,1341.0993962367972
1,277397.7600000001,226158.64,23464.752699000044,29595.668287999964,3122.2863189999775,81549.83999999997,3085.085,0,31912.0,14475.0,8862.6,6983.8,3377.7999999999997,9361.0,971.5,30.8,25992232801.993076,57.42279604748922,1085.1673581687198
2,366381.45999999857,249662.81999999995,21586.061645999984,29224.130127999983,1658.8167474499328,92118.95999999996,13259.89999999999,0,31912.0,14475.0,8862.6,6983.8,3377.7999999999997,9361.0,971.5,30.8,64540458684.9955,169.06751666340335,1342.5557929023566
3,374774.45999999845,262711.20999999996,23179.670222800043,29656.706700000013,3186.8325261999644,101026.46999999996,13262.80999999999,0,31912.0,14475.0,8862.6,6983.8,3377.7999999999997,9361.0,971.5,30.8,101818785960.5474,156.7727582939971,1388.7156415515758
4,179414.46000000028,176760.0499999998,20015.626204300006,26556.338797999968,3114.029132399977,72874.15999999997,200.78999999999996,0,31912.0,14475.0,8862.6,6983.8,3377.7999999999997,9361.0,971.5,30.8,87564016807.02162,41.698711653159876,759.0409795499019
5,371869.0999999986,266075.4100000001,23464.752699000044,29595.668287999964,3122.2863189999775,98738.23999999996,13270.56999999999,0,31912.0,14475.0,8862.6,6983.8,3377.7999999999997,9361.0,971.5,30.8,142674472405.3186,156.4514090625789,1390.3403827031761
6,167574.6000000003,212784.66,16904.89733369999,21293.541717999975,2915.5706810499746,68365.59999999998,183.32999999999998,0,31912.0,14475.0,8862.6,6983.8,3377.7999999999997,9361.0,971.5,30.8,119478154219.40732,37.75085461522834,815.4030723346812
7,200880.00000000012,212969.98999999996,23881.32346700008,29724.9736525,7351.03605034992,71628.67999999998,157.14000000000001,0,31912.0,14475.0,8862.6,6983.8,3377.7999999999997,9361.0,971.5,30.8,93228306058.77008,41.930383325602214,892.5679007460219
