,contributed_CCGT,contributed_Coal,contributed_Onshore,contributed_Offshore,contributed_PV,contributed_Nuclear,contributed_Recip_gas,contributed_Biomass,total_CCGT,total_Coal,total_Onshore,total_Offshore,total_PV,total_Nuclear,total_Recip_gas,Carbon_tax,total_genco_wealth,Electricity_cost,Carbon_emitted
0,337867.7799999992,276265.3800000002,51639.057866099734,23978.5295005,3159.705812299938,86735.4599999999,12978.599999999988,0,31912.0,14475.0,8862.6,6983.8,3377.7999999999997,9361.0,971.5,30.8,67094337791.87668,239.07168433229376,1334.0629433212398
1,238889.7099999997,258762.02000000022,50105.85225629973,23678.325112499966,3117.727299599976,71376.47999999994,4569.6699999999955,0,31912.0,14475.0,8862.6,6983.8,3377.7999999999997,9361.0,971.5,30.8,73661754096.78896,83.97427398786256,1072.0956921039588
2,327179.76999999926,279215.0700000001,51977.838504399624,25403.50662100002,1657.3609429999356,82406.34999999992,12889.359999999984,0,31912.0,14475.0,8862.6,6983.8,3377.7999999999997,9361.0,971.5,30.8,167121751321.9732,284.65960831796605,1317.5855981878601
3,352918.8099999989,277028.12000000017,54874.950870999586,24842.82348,3183.8904593999628,105343.93999999992,13246.319999999992,0,31912.0,14475.0,8862.6,6983.8,3377.7999999999997,9361.0,971.5,30.8,292870569732.81573,346.79680268363154,1362.1833520117577
4,131382.84999999983,228338.4900000003,38717.67872870001,19060.234502999974,2758.4354538999787,65696.15999999996,1261.0000000000007,0,31912.0,14475.0,8862.6,6983.8,3377.7999999999997,9361.0,971.5,30.8,276844579601.5801,28.214415839627335,778.781065409019
5,337704.7699999996,281746.4800000001,54655.2373932,27773.740819999966,3133.235596949976,101599.73999999992,13166.779999999988,0,31912.0,14475.0,8862.6,6983.8,3377.7999999999997,9361.0,971.5,30.8,461593951835.2528,329.09612065667284,1345.16309399904
6,144188.24999999974,215367.88000000006,40874.32689979987,19415.215397999968,2956.08781134998,71948.77999999993,1297.8600000000008,0,31912.0,14475.0,8862.6,6983.8,3377.7999999999997,9361.0,971.5,30.8,439165765192.019,33.34421032963526,775.9082599962394
7,173329.3899999998,242773.8800000002,41260.77269789975,21704.770478999995,6907.454824949953,66330.53999999995,1230.9300000000007,0,31912.0,14475.0,8862.6,6983.8,3377.7999999999997,9361.0,971.5,30.8,412580935491.157,36.277587302854286,896.1298095642379
