,contributed_CCGT,contributed_Coal,contributed_Onshore,contributed_Offshore,contributed_PV,contributed_Nuclear,contributed_Recip_gas,contributed_Biomass,total_CCGT,total_Coal,total_Onshore,total_Offshore,total_PV,total_Nuclear,total_Recip_gas,Carbon_tax,total_genco_wealth,Electricity_cost,Carbon_emitted
0,429573.639999998,148220.44999999987,52084.55098829992,23892.557494,3143.982264149941,94085.14999999995,14871.554999999997,0,31912.0,14475.0,8862.6,6983.8,3377.7999999999997,9361.0,971.5,30.8,26507706348.341072,123.19702409227841,1262.0729564190997
1,360317.9099999994,122878.70999999992,47809.74346040011,25592.943265999977,3113.0336287999785,60722.96999999996,8866.284999999989,0,31912.0,14475.0,8862.6,6983.8,3377.7999999999997,9361.0,971.5,30.8,25305278239.8047,66.73783333850717,1052.5567797465767
2,437924.2099999983,134878.38999999993,55602.988192799836,23836.764564000012,1652.8748556999326,98049.53999999996,14002.92,0,31912.0,14475.0,8862.6,6983.8,3377.7999999999997,9361.0,971.5,30.8,52414691161.3921,124.20427976274415,1246.3083784692237
3,445690.14999999764,152345.3799999999,54443.70794119975,27562.974168,3180.4017047499647,93626.33999999995,15671.319999999983,0,31912.0,14475.0,8862.6,6983.8,3377.7999999999997,9361.0,971.5,30.8,85181407479.04109,124.28307774884433,1305.61735522124
4,259813.95000000013,97707.52999999998,38208.570009199946,18687.231328999973,3063.624452249979,48914.18999999998,2066.1000000000004,0,31912.0,14475.0,8862.6,6983.8,3377.7999999999997,9361.0,971.5,30.8,70042121545.57567,35.752920861543,772.1358382069374
5,449820.10999999807,156479.24999999985,57088.55253389994,28121.14838999998,3121.4237574499784,90371.01999999995,14638.269999999993,0,31912.0,14475.0,8862.6,6983.8,3377.7999999999997,9361.0,971.5,30.8,118633637147.90479,125.58181939398345,1321.1283917715004
6,270742.75000000006,91726.09999999995,38244.76938099982,18900.326018999975,4122.531153049977,47652.21999999999,2037.000000000001,0,31912.0,14475.0,8862.6,6983.8,3377.7999999999997,9361.0,971.5,30.8,95890855082.38087,37.49165410202842,781.0096976277964
7,320856.0299999993,82783.99999999997,43191.491766999774,22241.373333499996,7229.9557341499285,49096.54999999998,8806.62999999999,0,31912.0,14475.0,8862.6,6983.8,3377.7999999999997,9361.0,971.5,30.8,68549956979.81592,41.23494311017199,875.724838311995
