,contributed_CCGT,contributed_Coal,contributed_Onshore,contributed_Offshore,contributed_PV,contributed_Nuclear,contributed_Recip_gas,contributed_Biomass,total_CCGT,total_Coal,total_Onshore,total_Offshore,total_PV,total_Nuclear,total_Recip_gas,Carbon_tax,total_genco_wealth,Electricity_cost,Carbon_emitted
0,389833.00999999844,191408.3299999999,23300.55530880004,29579.745223999984,3154.551064599939,111789.58999999997,14130.474999999993,0,31912.0,14475.0,8862.6,6983.8,3377.7999999999997,9361.0,971.5,30.8,17813993423.343838,92.5567006009166,1258.6369535353388
1,308403.1299999998,176666.07999999993,23464.752699000044,29595.668287999964,3122.2863189999775,75678.42999999995,11211.260000000006,0,31912.0,14475.0,8862.6,6983.8,3377.7999999999997,9361.0,971.5,30.8,21933991938.077324,69.33321034815647,1056.7809641598399
2,381306.5999999985,202626.04999999967,21601.84304159999,29224.130127999983,1658.9456695999324,111377.34,14108.164999999995,0,31912.0,14475.0,8862.6,6983.8,3377.7999999999997,9361.0,971.5,30.8,38373334702.79882,100.65741240106627,1265.0855802278977
3,408264.0599999978,207823.6699999997,23278.20383160005,29656.706700000013,3188.160174599965,125842.94999999997,15037.909999999982,0,31912.0,14475.0,8862.6,6983.8,3377.7999999999997,9361.0,971.5,30.8,59387567533.069466,107.93262522014304,1339.154655570657
4,224191.34000000035,125460.78000000004,22660.18446270002,29216.606431999968,3121.2320070499773,57825.579999999994,5429.574999999996,0,31912.0,14475.0,8862.6,6983.8,3377.7999999999997,9361.0,971.5,30.8,55045557427.306694,53.31664937761306,755.0617562204399
5,415878.4399999977,204449.21999999965,23464.752699000044,29595.668287999964,3122.2863189999775,116432.97999999997,14128.534999999994,0,31912.0,14475.0,8862.6,6983.8,3377.7999999999997,9361.0,971.5,30.8,89267490235.80804,110.04916626215315,1347.6934140995584
6,227686.08000000022,125607.06000000006,26049.533805300005,32134.11732699998,4480.278199199983,50975.43999999998,8028.689999999997,0,31912.0,14475.0,8862.6,6983.8,3377.7999999999997,9361.0,971.5,30.8,79982686572.90916,48.884997860864246,765.3013514098793
7,258985.1000000002,120587.40000000007,32930.60895799991,37270.36851700007,7425.109820349931,66398.43999999997,8277.494999999994,0,31912.0,14475.0,8862.6,6983.8,3377.7999999999997,9361.0,971.5,30.8,69160860540.23792,51.43034934394427,819.3712465552009
