,contributed_CCGT,contributed_Coal,contributed_Onshore,contributed_Offshore,contributed_PV,contributed_Nuclear,contributed_Recip_gas,contributed_Biomass,total_CCGT,total_Coal,total_Onshore,total_Offshore,total_PV,total_Nuclear,total_Recip_gas,Carbon_tax,total_genco_wealth,Electricity_cost,Carbon_emitted
0,436680.05999999825,151575.34999999977,51546.186477099895,27758.57707000001,3147.6175045999403,79476.94999999995,13971.88,0,31912.0,14475.0,8862.6,6983.8,3377.7999999999997,9361.0,971.5,30.8,29468342079.87245,123.49223760177091,1282.1587659192996
1,369902.3799999991,123854.02999999991,45852.4187656999,23651.81808899996,3107.758304099978,53673.979999999974,10399.37000000001,0,31912.0,14475.0,8862.6,6983.8,3377.7999999999997,9361.0,971.5,30.8,28368653793.427197,66.73871243331722,1077.3017434939368
2,444990.8699999981,141939.01999999996,51374.7583867998,25067.767039000013,1655.9231693999327,88647.32999999999,13839.959999999997,0,31912.0,14475.0,8862.6,6983.8,3377.7999999999997,9361.0,971.5,30.8,58795741093.310036,123.37979791864014,1277.2594251299613
3,444758.8699999979,162841.1299999997,57020.233969199784,25280.697791000006,3171.119951849965,90839.52999999997,15411.35999999998,0,31912.0,14475.0,8862.6,6983.8,3377.7999999999997,9361.0,971.5,30.8,91253683625.7107,124.18313936158798,1326.6193335797404
4,266038.4700000002,99510.87999999999,34655.1053966,18122.207162999974,2862.7409769499836,46882.039999999986,1765.4000000000008,0,31912.0,14475.0,8862.6,6983.8,3377.7999999999997,9361.0,971.5,30.8,75753733551.85913,36.28412129050134,785.8694740702363
5,457497.95999999804,138365.31999999966,55206.82352820008,29957.99988799997,3119.6261898499797,111702.29000000001,15633.489999999987,0,31912.0,14475.0,8862.6,6983.8,3377.7999999999997,9361.0,971.5,30.8,117981341164.63898,126.74812625856886,1298.3153366973615
6,262263.0700000001,104845.34999999999,35431.37088559983,17730.420028499975,3235.0449626499835,48748.31999999998,2095.2,0,31912.0,14475.0,8862.6,6983.8,3377.7999999999997,9361.0,971.5,30.8,93889782659.31244,36.69427151634442,792.2901595192956
7,307029.2899999996,111310.64999999997,37200.877884999725,20530.415115999982,6679.095774649933,44969.19999999998,7969.519999999995,0,31912.0,14475.0,8862.6,6983.8,3377.7999999999997,9361.0,971.5,30.8,65040441054.45694,40.14812040509396,908.4300725686957
