,contributed_CCGT,contributed_Coal,contributed_Onshore,contributed_Offshore,contributed_PV,contributed_Nuclear,contributed_Recip_gas,contributed_Biomass,total_CCGT,total_Coal,total_Onshore,total_Offshore,total_PV,total_Nuclear,total_Recip_gas,Carbon_tax,total_genco_wealth,Electricity_cost,Carbon_emitted
0,363502.5199999986,262147.1499999999,23300.55530880004,29579.745223999984,3154.551064599939,78019.03999999998,13271.53999999999,0,31912.0,14475.0,8862.6,6983.8,3377.7999999999997,9361.0,971.5,30.8,38583220827.35407,173.18461062854522,1364.592682895696
1,267791.40000000014,253622.64,23389.21797450004,29595.668287999964,3121.039424799978,56547.12,3874.1800000000003,0,31912.0,14475.0,8862.6,6983.8,3377.7999999999997,9361.0,971.5,30.8,35623954452.41605,64.70567202514836,1128.5042152107185
2,355976.0699999986,266255.15,21601.84304159999,29224.130127999983,1658.9456695999324,78114.09999999998,13268.62999999999,0,31912.0,14475.0,8862.6,6983.8,3377.7999999999997,9361.0,971.5,30.8,75229610896.8829,171.9715349695908,1358.474665079697
3,388220.99999999814,263040.6499999999,23278.20383160005,29656.706700000013,3188.160174599965,82449.99999999997,13982.064999999988,0,31912.0,14475.0,8862.6,6983.8,3377.7999999999997,9361.0,971.5,30.8,123361182020.56746,190.07551783172184,1418.2073171586958
4,179560.17000000036,205032.2699999999,18884.4430794,23665.662115999978,3024.2444019499812,55334.62,183.32999999999998,0,31912.0,14475.0,8862.6,6983.8,3377.7999999999997,9361.0,971.5,30.8,109327545863.68681,41.982135307663995,822.4823215734617
5,378756.75999999844,267700.85,23464.752699000044,29595.668287999964,3122.2863189999775,79801.89999999997,13271.53999999999,0,31912.0,14475.0,8862.6,6983.8,3377.7999999999997,9361.0,971.5,30.8,194037657275.59018,208.70114733093885,1407.9513051682966
6,216772.2000000003,181958.75999999992,17498.981632500014,22140.92209099998,3207.068159599979,48128.490000000005,174.6,0,31912.0,14475.0,8862.6,6983.8,3377.7999999999997,9361.0,971.5,30.8,172309405505.9933,40.62021352086952,848.3671758664817
7,231208.5900000002,208344.24,21457.763965500017,26097.928486499994,7186.9984498999365,55403.490000000005,305.55,0,31912.0,14475.0,8862.6,6983.8,3377.7999999999997,9361.0,971.5,30.8,147263051250.43048,42.89190546531038,945.0384911275219
