,contributed_CCGT,contributed_Coal,contributed_Onshore,contributed_Offshore,contributed_PV,contributed_Nuclear,contributed_Recip_gas,contributed_Biomass,total_CCGT,total_Coal,total_Onshore,total_Offshore,total_PV,total_Nuclear,total_Recip_gas,Carbon_tax,total_genco_wealth,Electricity_cost,Carbon_emitted
0,406734.1399999976,224834.73999999987,23300.55530880004,29579.745223999984,3154.551064599939,70201.81,13061.050000000003,0,31912.0,14475.0,8862.6,6983.8,3377.7999999999997,9361.0,971.5,30.8,37298457597.036385,171.3993513429904,1367.789779746516
1,347746.13999999827,174945.79999999996,22972.154436800025,29216.606431999964,3121.417624299978,55173.600000000006,7791.039999999996,0,31912.0,14475.0,8862.6,6983.8,3377.7999999999997,9361.0,971.5,30.8,37407565162.98438,75.23876139941136,1124.1755991484015
2,403298.2399999978,217622.03999999986,21263.63386909992,29147.89422399998,1658.9433711499328,79788.31999999998,13086.27,0,31912.0,14475.0,8862.6,6983.8,3377.7999999999997,9361.0,971.5,30.8,83241390724.24234,190.61977683480418,1343.8475253119154
3,419217.1199999977,225257.3899999999,23278.20383160005,29656.706700000013,3188.160174599965,87987.72999999997,13777.88,0,31912.0,14475.0,8862.6,6983.8,3377.7999999999997,9361.0,971.5,30.8,142272115203.94794,221.64088067979364,1396.4054544112155
4,208434.67000000027,180761.99999999985,17982.742438100024,23054.13305599998,3024.2444019499812,46356.3,0.0,0,31912.0,14475.0,8862.6,6983.8,3377.7999999999997,9361.0,971.5,30.8,127657908033.97008,39.98795100143467,828.3698944160034
5,417271.6999999978,232864.29999999993,23464.752699000044,29595.668287999964,3122.2863189999775,80424.63999999998,13094.03,0,31912.0,14475.0,8862.6,6983.8,3377.7999999999997,9361.0,971.5,30.8,216264457748.65033,217.9401449701455,1408.0420800713955
6,221030.1400000003,171969.46999999988,20139.967506999958,25403.626296999984,4386.893648299982,44765.5,0.0,0,31912.0,14475.0,8862.6,6983.8,3377.7999999999997,9361.0,971.5,30.8,194885417269.9507,42.67926513039393,833.7253627390627
7,249658.35000000018,171065.84999999992,29594.569117899944,35944.06162300003,7406.16715959993,47316.600000000006,0.0,0,31912.0,14475.0,8862.6,6983.8,3377.7999999999997,9361.0,971.5,30.8,169478552223.64996,44.43003708238091,897.7641428583023
