,contributed_CCGT,contributed_Coal,contributed_Onshore,contributed_Offshore,contributed_PV,contributed_Nuclear,contributed_Recip_gas,contributed_Biomass,total_CCGT,total_Coal,total_Onshore,total_Offshore,total_PV,total_Nuclear,total_Recip_gas,Carbon_tax,total_genco_wealth,Electricity_cost,Carbon_emitted
0,367195.27999999875,165954.83999999985,54998.13429439969,34289.38330400004,3168.167157599937,111363.75999999997,11045.390000000009,0,31912.0,14475.0,8862.6,6983.8,3377.7999999999997,9361.0,971.5,30.8,15537607454.609058,61.40506022673782,1149.481143366317
1,265395.83000000025,157484.83999999988,48166.459738199876,34304.15724800004,3132.1274038999763,102288.43999999999,3662.234999999998,0,31912.0,14475.0,8862.6,6983.8,3377.7999999999997,9361.0,971.5,30.8,20367883743.955963,49.44532737984446,906.1527070363173
2,347965.8499999994,185615.61999999982,55972.84973599967,32492.79188799999,1670.1596154499323,113613.19,8036.4499999999925,0,31912.0,14475.0,8862.6,6983.8,3377.7999999999997,9361.0,971.5,30.8,29670133845.204178,57.18098328272301,1155.2026180767577
3,371191.9499999989,188989.41,60518.31881799963,36316.310700000126,3199.6396497499627,120740.74999999996,11480.92000000001,0,31912.0,14475.0,8862.6,6983.8,3377.7999999999997,9361.0,971.5,30.8,42220347368.03681,61.58588001176491,1213.4221827951787
4,168683.8000000001,117684.88999999993,43733.24619539984,30310.40307199997,3122.2221022999765,88610.46999999994,1208.6200000000008,0,31912.0,14475.0,8862.6,6983.8,3377.7999999999997,9361.0,971.5,30.8,39634454300.21591,39.25913798495747,619.2980407762209
5,369648.239999999,184965.08000000007,59998.100736999906,34304.15724800005,3131.2759384999767,132014.09000000003,11003.68000000001,0,31912.0,14475.0,8862.6,6983.8,3377.7999999999997,9361.0,971.5,30.8,58759713976.36123,62.577893963528915,1200.2925627018383
6,201011.61000000016,92249.97999999991,44832.22288559977,31411.47241499999,4474.966389299985,83521.84999999993,1079.6100000000008,0,31912.0,14475.0,8862.6,6983.8,3377.7999999999997,9361.0,971.5,30.8,52666236247.6311,38.72414644045492,624.361817472041
7,213961.08000000022,128978.23999999987,48522.924979999676,37807.71826900006,7433.325364049934,76006.28999999996,1951.1550000000016,0,31912.0,14475.0,8862.6,6983.8,3377.7999999999997,9361.0,971.5,30.8,48413153081.585785,42.198497550784374,740.4699825495196
