,contributed_CCGT,contributed_Coal,contributed_Onshore,contributed_Offshore,contributed_PV,contributed_Nuclear,contributed_Recip_gas,contributed_Biomass,total_CCGT,total_Coal,total_Onshore,total_Offshore,total_PV,total_Nuclear,total_Recip_gas,Carbon_tax,total_genco_wealth,Electricity_cost,Carbon_emitted
0,377694.049999999,163977.69999999992,57194.07332429975,28225.097872500013,3159.710877949937,117917.07999999991,12753.56,0,31912.0,14475.0,8862.6,6983.8,3377.7999999999997,9361.0,971.5,30.8,35203547099.24405,122.71609272389178,1187.6185550045961
1,296501.7300000001,126735.28999999983,52363.387673299854,24057.40165549996,3126.014923099974,103634.79999999993,8201.35,0,31912.0,14475.0,8862.6,6983.8,3377.7999999999997,9361.0,971.5,30.8,37417481061.06898,67.50787807037968,927.9027611954183
2,378931.28999999905,174932.17999999988,53816.50899669964,21903.560449000004,1667.8575228499337,121373.18999999994,11983.380000000005,0,31912.0,14475.0,8862.6,6983.8,3377.7999999999997,9361.0,971.5,30.8,69818203412.25392,122.41443497252631,1213.0104915676366
3,385210.589999999,190670.84999999995,61533.68159549969,25379.225913000002,3188.6922161999614,121865.94999999992,13339.439999999975,0,31912.0,14475.0,8862.6,6983.8,3377.7999999999997,9361.0,971.5,30.8,106551377920.25085,124.6195419973986,1262.4480491282977
4,191748.4399999996,111372.3199999999,44964.32072539996,19525.943464999968,3084.129684949976,81221.97999999995,244.43999999999988,0,31912.0,14475.0,8862.6,6983.8,3377.7999999999997,9361.0,971.5,30.8,94180793267.83113,36.176929211775025,661.9851378633617
5,386949.9099999989,155904.71999999988,61213.11271689995,27502.77241649999,3133.657581899976,148304.26999999996,13644.01999999998,0,31912.0,14475.0,8862.6,6983.8,3377.7999999999997,9361.0,971.5,30.8,159187760425.74603,127.48350551606704,1190.201553178556
6,211309.93999999974,100830.7899999999,41163.54391369986,18294.36868999997,4233.8691836499875,93722.36999999995,161.98999999999998,0,31912.0,14475.0,8862.6,6983.8,3377.7999999999997,9361.0,971.5,30.8,140150822307.45276,37.15555768389505,677.1542681644212
7,243128.95000000004,98596.25999999991,42826.26477709973,20251.333558999984,7120.51488024994,104335.13999999994,7415.6500000000015,0,31912.0,14475.0,8862.6,6983.8,3377.7999999999997,9361.0,971.5,30.8,118019869346.6196,40.707622638282906,748.0357018514807
