,contributed_CCGT,contributed_Coal,contributed_Onshore,contributed_Offshore,contributed_PV,contributed_Nuclear,contributed_Recip_gas,contributed_Biomass,total_CCGT,total_Coal,total_Onshore,total_Offshore,total_PV,total_Nuclear,total_Recip_gas,Carbon_tax,total_genco_wealth,Electricity_cost,Carbon_emitted
0,319075.56999999983,259245.55999999985,21855.895809500034,28967.73633799999,3154.551064599939,132663.99000000008,13123.130000000005,0,31912.0,14475.0,8862.6,6983.8,3377.7999999999997,9361.0,971.5,30.8,26711032775.846413,126.9252830743775,1281.9537799728769
1,226645.2500000003,237767.01999999984,21661.473888599998,28061.53321899997,3118.4651010999773,106914.37000000001,6847.715000000001,0,31912.0,14475.0,8862.6,6983.8,3377.7999999999997,9361.0,971.5,30.8,25181229253.001686,63.360442962492634,1033.5123376839606
2,341157.1999999997,244690.40999999977,19222.01916199983,26626.859350000013,1653.9457348999335,131504.84000000008,13192.0,0,31912.0,14475.0,8862.6,6983.8,3377.7999999999997,9361.0,971.5,30.8,48910098107.49562,127.16837215820114,1294.4409623731776
3,332862.72999999986,257564.01999999981,21335.57641199992,28214.260140000002,3176.0836804999644,143043.96000000008,14998.139999999976,0,31912.0,14475.0,8862.6,6983.8,3377.7999999999997,9361.0,971.5,30.8,76751951993.3394,130.19482448483475,1309.995800079955
4,151837.78000000014,174434.63999999984,16801.9766671,21106.708504999988,2904.5565683499794,102936.40000000001,17.46,0,31912.0,14475.0,8862.6,6983.8,3377.7999999999997,9361.0,971.5,30.8,63632845598.603294,40.06014362854134,721.45891178672
5,330745.7699999996,255051.24999999983,23103.99758370003,29595.668287999964,3121.8665384499777,142346.5300000001,14086.824999999997,0,31912.0,14475.0,8862.6,6983.8,3377.7999999999997,9361.0,971.5,30.8,107058886388.06012,131.60584566358332,1298.241411877498
6,160757.43999999994,176932.45999999964,16115.209411500038,20646.141436999977,4157.321925049979,100243.68,21.339999999999996,0,31912.0,14475.0,8862.6,6983.8,3377.7999999999997,9361.0,971.5,30.8,83327983138.37178,39.17386308570274,741.7445775790801
7,189138.91999999993,200582.5999999997,18455.016086600015,23697.226037,7058.697329149934,93385.78000000001,5631.819999999992,0,31912.0,14475.0,8862.6,6983.8,3377.7999999999997,9361.0,971.5,30.8,59243289974.93104,41.06893169352073,863.6155508347997
