,contributed_CCGT,contributed_Coal,contributed_Onshore,contributed_Offshore,contributed_PV,contributed_Nuclear,contributed_Recip_gas,contributed_Biomass,total_CCGT,total_Coal,total_Onshore,total_Offshore,total_PV,total_Nuclear,total_Recip_gas,Carbon_tax,total_genco_wealth,Electricity_cost,Carbon_emitted
0,332299.70999999973,260636.08999999997,53070.22064959991,26009.430998999982,3174.1080929999353,93695.2099999999,12267.589999999987,0,31912.0,14475.0,8862.6,6983.8,3377.7999999999997,9361.0,971.5,30.8,95656789159.22604,310.66572016294555,1284.0783244738207
1,232810.98000000013,248449.03000000006,51431.04538190006,25499.738616499977,3126.0605591499743,72376.54999999994,4312.134999999998,0,31912.0,14475.0,8862.6,6983.8,3377.7999999999997,9361.0,971.5,30.8,107153552980.52412,87.17871948477261,1036.2206888939418
2,345230.48999999976,237975.46999999983,54869.09551449976,25424.19013599999,1676.2427559999323,99219.35999999993,11898.98999999999,0,31912.0,14475.0,8862.6,6983.8,3377.7999999999997,9361.0,971.5,30.8,229198799139.08505,326.98528497175624,1261.3776077270613
3,353461.54999999993,241512.34999999992,60140.75358329953,27966.937260000013,3203.304626749961,110519.85999999999,12030.909999999985,0,31912.0,14475.0,8862.6,6983.8,3377.7999999999997,9361.0,971.5,30.8,368093875867.74316,354.82343777968646,1285.1596034452982
4,138123.0,218998.49999999985,42568.120636500054,19760.95001899996,3073.364966749975,52181.14999999998,320.09999999999985,0,31912.0,14475.0,8862.6,6983.8,3377.7999999999997,9361.0,971.5,30.8,355958267384.87476,33.39187460623583,769.7123079030001
5,348237.2999999999,256455.40000000002,60232.32097219981,27459.837247999963,3144.0056369999743,102348.57999999996,12248.189999999995,0,31912.0,14475.0,8862.6,6983.8,3377.7999999999997,9361.0,971.5,30.8,593090932439.3408,348.5429531765769,1310.7022662291995
6,148722.2100000001,200378.27000000005,38169.94306689984,18451.483717999974,4312.831614899978,73463.91999999994,375.38999999999976,0,31912.0,14475.0,8862.6,6983.8,3377.7999999999997,9361.0,971.5,30.8,572364776698.6392,31.20172672563186,749.7917989214591
7,196419.05999999974,207885.94999999998,43437.69809819983,21635.898233999997,6058.459715999966,65242.19999999996,356.9599999999998,0,31912.0,14475.0,8862.6,6983.8,3377.7999999999997,9361.0,971.5,30.8,550789915294.8176,37.97811805234945,863.7092910980998
