,contributed_CCGT,contributed_Coal,contributed_Onshore,contributed_Offshore,contributed_PV,contributed_Nuclear,contributed_Recip_gas,contributed_Biomass,total_CCGT,total_Coal,total_Onshore,total_Offshore,total_PV,total_Nuclear,total_Recip_gas,Carbon_tax,total_genco_wealth,Electricity_cost,Carbon_emitted
0,410832.5699999975,217315.51999999973,23300.55530880004,29579.745223999984,3154.551064599939,73259.25,13066.87,0,31912.0,14475.0,8862.6,6983.8,3377.7999999999997,9361.0,971.5,30.8,38244341288.00277,174.28142076574144,1360.2199947769568
1,323727.23999999906,203862.95999999985,23464.752699000044,29595.668287999964,3122.215872999978,54087.20000000001,3730.62,0,31912.0,14475.0,8862.6,6983.8,3377.7999999999997,9361.0,971.5,30.8,37652386215.158104,74.86037491218966,1130.7288931780809
2,402166.8299999977,219168.06999999983,21466.226798399945,29224.130127999983,1657.641970849933,77641.70999999999,13070.750000000002,0,31912.0,14475.0,8862.6,6983.8,3377.7999999999997,9361.0,971.5,30.8,83479757728.53621,189.6511978563341,1346.7701953418557
3,416376.1399999977,225718.74999999988,23278.20383160005,29656.706700000013,3188.160174599965,87824.76999999996,13121.189999999999,0,31912.0,14475.0,8862.6,6983.8,3377.7999999999997,9361.0,971.5,30.8,142994826497.35144,222.31448946654075,1390.3346620924956
4,211883.45000000048,175659.06999999986,17072.846577199987,21622.710732999993,2771.42515044998,53000.8,0.0,0,31912.0,14475.0,8862.6,6983.8,3377.7999999999997,9361.0,971.5,30.8,128540854236.09697,40.115577555527715,823.1072900198632
5,412268.2399999978,237243.26999999987,23464.752699000044,29595.668287999964,3122.2863189999775,82204.58999999997,13086.27,0,31912.0,14475.0,8862.6,6983.8,3377.7999999999997,9361.0,971.5,30.8,220223271311.68582,218.98416318964254,1407.640528371455
6,211881.58000000022,187919.30999999974,17330.8724748,21988.330582999977,3253.52116739998,50449.70000000001,0.0,0,31912.0,14475.0,8862.6,6983.8,3377.7999999999997,9361.0,971.5,30.8,197775581119.42514,39.74221711353698,850.3665495753818
7,279362.68999999994,161308.58999999997,21111.721218500013,25461.6103925,7133.99563569993,47316.600000000006,7228.439999999996,0,31912.0,14475.0,8862.6,6983.8,3377.7999999999997,9361.0,971.5,30.8,172593501419.27487,44.13190509763162,952.8136951688214
