,contributed_CCGT,contributed_Coal,contributed_Onshore,contributed_Offshore,contributed_PV,contributed_Nuclear,contributed_Recip_gas,contributed_Biomass,total_CCGT,total_Coal,total_Onshore,total_Offshore,total_PV,total_Nuclear,total_Recip_gas,Carbon_tax,total_genco_wealth,Electricity_cost,Carbon_emitted
0,390796.75999999844,235552.00999999983,23300.55530880004,29579.745223999984,3154.551064599939,70937.06999999992,14971.949999999977,0,31912.0,14475.0,8862.6,6983.8,3377.7999999999997,9361.0,971.5,30.8,27761674371.55199,138.95120931647065,1364.1074801899729
1,316271.82,214394.93999999962,23464.752699000044,29595.668287999964,3122.2863189999775,35038.33999999997,12282.625000000011,0,31912.0,14475.0,8862.6,6983.8,3377.7999999999997,9361.0,971.5,30.8,31960857609.688137,86.82063360027855,1159.2757185561175
2,383148.1099999983,217848.4999999998,21601.84304159999,29224.130127999983,1658.9456695999324,93639.91999999994,14963.219999999978,0,31912.0,14475.0,8862.6,6983.8,3377.7999999999997,9361.0,971.5,30.8,62065184898.531624,147.3569557935093,1309.9835916629936
3,419614.1199999976,220640.25999999972,23278.20383160005,29656.706700000013,3188.160174599965,92743.63999999998,15024.329999999974,0,31912.0,14475.0,8862.6,6983.8,3377.7999999999997,9361.0,971.5,30.8,93492868482.4733,148.81086300816668,1390.3631729434762
4,236823.9000000003,155601.03,20527.639569399995,26590.72229999998,3107.9707166999765,22641.73999999999,7307.980000000002,0,31912.0,14475.0,8862.6,6983.8,3377.7999999999997,9361.0,971.5,30.8,82761113599.0036,50.3935733228547,856.6580887399417
5,424299.9399999977,234264.6599999996,23464.752699000044,29595.668287999964,3122.2863189999775,78002.54999999997,15006.869999999975,0,31912.0,14475.0,8862.6,6983.8,3377.7999999999997,9361.0,971.5,30.8,132369952007.9149,148.0301420607523,1430.2414026546764
6,259274.22000000038,128882.32,22571.464916200002,29516.91820899998,4444.751226699982,24700.079999999987,10282.485000000011,0,31912.0,14475.0,8862.6,6983.8,3377.7999999999997,9361.0,971.5,30.8,116604181949.04431,51.440070843494055,848.6504074333586
7,268232.46000000037,167725.15999999995,29139.35386029994,34841.87232600003,7402.23788469993,23670.90999999999,10278.60500000001,0,31912.0,14475.0,8862.6,6983.8,3377.7999999999997,9361.0,971.5,30.8,99585798966.7218,53.719976295002255,953.5015937236795
