,contributed_CCGT,contributed_Coal,contributed_Onshore,contributed_Offshore,contributed_PV,contributed_Nuclear,contributed_Recip_gas,contributed_Biomass,total_CCGT,total_Coal,total_Onshore,total_Offshore,total_PV,total_Nuclear,total_Recip_gas,Carbon_tax,total_genco_wealth,Electricity_cost,Carbon_emitted
0,357779.2200000001,228602.17999999976,57012.32881839984,28422.823303999983,3175.7653052999353,91810.49999999994,12119.179999999988,0,31912.0,14475.0,8862.6,6983.8,3377.7999999999997,9361.0,971.5,30.8,111955888686.38373,347.78016595216803,1261.7515541276396
1,269565.08999999997,207847.67999999961,52297.15966230005,25739.107890999974,3133.311690049973,78014.18999999993,6743.924999999987,0,31912.0,14475.0,8862.6,6983.8,3377.7999999999997,9361.0,971.5,30.8,130054955143.55826,110.26419042349632,1025.2647140666395
2,362985.8899999991,222612.94999999966,55776.61837709984,29862.444219999987,1677.6648393499327,89377.73999999992,12568.289999999988,0,31912.0,14475.0,8862.6,6983.8,3377.7999999999997,9361.0,971.5,30.8,256813743774.3775,351.315736627641,1262.2313516841002
3,354993.4199999999,230028.17999999976,59161.98939079963,29471.990700000017,3210.496317599961,127078.73000000001,13917.559999999983,0,31912.0,14475.0,8862.6,6983.8,3377.7999999999997,9361.0,971.5,30.8,396552460804.94385,359.8474811381491,1265.2919850756398
4,166740.0899999998,170745.8599999998,40074.5042042,19174.29860899997,2785.6461422499774,72430.86999999994,377.32999999999976,0,31912.0,14475.0,8862.6,6983.8,3377.7999999999997,9361.0,971.5,30.8,383915892565.43286,37.22887267680658,720.4391718322798
5,354320.7299999998,236957.30999999976,58697.03652630001,28791.417343999965,3138.4135331499756,116397.08999999994,12292.809999999989,0,31912.0,14475.0,8862.6,6983.8,3377.7999999999997,9361.0,971.5,30.8,600318473819.2003,352.71511305219906,1281.9971286993814
6,183567.66999999966,168441.79999999967,37227.84712479984,18650.369029999973,3421.0847041499787,72043.83999999995,313.30999999999983,0,31912.0,14475.0,8862.6,6983.8,3377.7999999999997,9361.0,971.5,30.8,580136858306.3961,37.08912512434232,749.4695527963995
7,216390.46999999986,174244.15999999968,41107.678412699795,21704.770478999995,5930.203167149975,80230.63999999993,1078.640000000001,0,31912.0,14475.0,8862.6,6983.8,3377.7999999999997,9361.0,971.5,30.8,555679015491.5204,39.109419910911846,830.74246023568
