,contributed_CCGT,contributed_Coal,contributed_Onshore,contributed_Offshore,contributed_PV,contributed_Nuclear,contributed_Recip_gas,contributed_Biomass,total_CCGT,total_Coal,total_Onshore,total_Offshore,total_PV,total_Nuclear,total_Recip_gas,Carbon_tax,total_genco_wealth,Electricity_cost,Carbon_emitted
0,391737.4899999981,188624.42999999993,23300.55530880004,29579.745223999984,3154.551064599939,106411.90999999997,15767.834999999983,0,31912.0,14475.0,8862.6,6983.8,3377.7999999999997,9361.0,971.5,30.8,19247150948.394146,97.33816448910603,1264.2935301631383
1,322511.7799999994,169305.56,23464.752699000044,29595.668287999964,3122.2863189999775,70169.79999999996,12939.8,0,31912.0,14475.0,8862.6,6983.8,3377.7999999999997,9361.0,971.5,30.8,23275457476.40325,68.37554989577622,1070.0960805728787
2,387504.1499999985,202043.85999999972,21601.84304159999,29224.130127999983,1658.9456695999324,113396.87999999998,13310.339999999998,0,31912.0,14475.0,8862.6,6983.8,3377.7999999999997,9361.0,971.5,30.8,40863541809.34663,101.66233156704232,1279.4737643762799
3,406240.3299999979,203765.1699999997,23278.20383160005,29656.706700000013,3188.160174599965,125509.26999999997,15064.09999999998,0,31912.0,14475.0,8862.6,6983.8,3377.7999999999997,9361.0,971.5,30.8,62787836860.338684,108.18459500417772,1327.2249805876572
4,218262.2300000001,129571.11000000006,22809.126216700028,29041.56330799997,3122.0182361499774,60238.93999999997,2773.7149999999997,0,31912.0,14475.0,8862.6,6983.8,3377.7999999999997,9361.0,971.5,30.8,57205255307.9781,51.07526866511008,745.48296022178
5,433173.24999999756,190711.99999999985,23464.752699000044,29595.668287999964,3122.2863189999775,110540.22999999998,14821.114999999982,0,31912.0,14475.0,8862.6,6983.8,3377.7999999999997,9361.0,971.5,30.8,88667816820.9354,107.40013320171313,1355.8703208859988
6,227218.7000000003,122338.24000000003,26084.412619100018,32398.135436999986,4482.715073599983,54472.28999999997,7543.689999999994,0,31912.0,14475.0,8862.6,6983.8,3377.7999999999997,9361.0,971.5,30.8,82179371825.47685,52.789187785195146,760.8470312795191
7,248903.6000000002,128757.96,34159.3673898999,38306.24775700007,7429.642642349932,59924.659999999974,9195.599999999988,0,31912.0,14475.0,8862.6,6983.8,3377.7999999999997,9361.0,971.5,30.8,76660072423.37122,55.63915496717252,816.6856156280803
