,contributed_CCGT,contributed_Coal,contributed_Onshore,contributed_Offshore,contributed_PV,contributed_Nuclear,contributed_Recip_gas,contributed_Biomass,total_CCGT,total_Coal,total_Onshore,total_Offshore,total_PV,total_Nuclear,total_Recip_gas,Carbon_tax,total_genco_wealth,Electricity_cost,Carbon_emitted
0,338056.3599999999,261123.59999999995,52044.19603949985,24509.9743405,3165.213979299937,92096.64999999992,11946.51999999999,0,31912.0,14475.0,8862.6,6983.8,3377.7999999999997,9361.0,971.5,30.8,98853311147.24864,313.4677001771491,1300.9734303927983
1,234579.79000000007,243889.9899999999,49109.2719573999,25730.032369999975,3136.5429346499745,80246.15999999993,3707.3399999999974,0,31912.0,14475.0,8862.6,6983.8,3377.7999999999997,9361.0,971.5,30.8,110688805410.92085,87.19461820750934,1028.4578162860198
2,341107.39999999956,252800.23999999993,53492.76579309955,27078.422703999986,1677.3725731499324,83137.72999999992,12098.809999999989,0,31912.0,14475.0,8862.6,6983.8,3377.7999999999997,9361.0,971.5,30.8,236460248537.01355,341.1124527214143,1291.2663814355208
3,344912.3600000002,268968.19999999995,53953.352968899526,24580.800080000008,3174.2597768999603,111033.95999999998,12218.119999999992,0,31912.0,14475.0,8862.6,6983.8,3377.7999999999997,9361.0,971.5,30.8,379041008833.95844,353.6184202716176,1331.8126328235974
4,152003.2900000001,200315.45000000007,36503.70848519998,18998.883806999973,2611.4223601499807,67058.03999999995,323.0099999999998,0,31912.0,14475.0,8862.6,6983.8,3377.7999999999997,9361.0,971.5,30.8,367083393538.6159,33.902506657536186,756.2058834990999
5,337406.53000000014,264896.30000000005,57371.48322999998,27798.72015199996,3142.4819284499745,91556.35999999991,12635.21999999999,0,31912.0,14475.0,8862.6,6983.8,3377.7999999999997,9361.0,971.5,30.8,575147377254.1005,352.0038502592076,1316.6067014073967
6,149534.1800000001,218764.48999999996,36042.45666539986,18016.158301999978,2932.444204799978,60412.56999999997,258.9899999999999,0,31912.0,14475.0,8862.6,6983.8,3377.7999999999997,9361.0,971.5,30.8,555410176926.7014,33.04158507336481,792.2307805570192
7,197812.42999999967,202665.45000000013,40970.59170769977,22715.002331500007,7090.292990549936,73205.89999999995,393.81999999999977,0,31912.0,14475.0,8862.6,6983.8,3377.7999999999997,9361.0,971.5,30.8,533545263031.66534,38.466525715349256,855.0108544190988
