,contributed_CCGT,contributed_Coal,contributed_Onshore,contributed_Offshore,contributed_PV,contributed_Nuclear,contributed_Recip_gas,contributed_Biomass,total_CCGT,total_Coal,total_Onshore,total_Offshore,total_PV,total_Nuclear,total_Recip_gas,Carbon_tax,total_genco_wealth,Electricity_cost,Carbon_emitted
0,340400.39999999874,259126.18999999994,21748.320142000048,28528.946005999987,3154.551064599939,116551.32,12414.544999999995,0,31912.0,14475.0,8862.6,6983.8,3377.7999999999997,9361.0,971.5,30.8,8989410013.652752,72.53525790265239,1307.4135856636203
1,243063.40000000026,242518.02000000002,22249.196335699995,28740.382831999963,3120.1325817999773,106110.23999999996,2182.500000000001,0,31912.0,14475.0,8862.6,6983.8,3377.7999999999997,9361.0,971.5,30.8,2410580180.6343193,50.383275398131524,1046.3967592319634
2,350323.9799999985,252093.61000000002,18561.359446699862,25308.355414000012,1650.8489764999338,121230.60000000002,12900.99999999999,0,31912.0,14475.0,8862.6,6983.8,3377.7999999999997,9361.0,971.5,30.8,11853869882.97325,84.72891552124192,1312.806262086779
3,373960.7999999982,252398.52,22018.525475999926,29123.52596400001,3184.0927339999644,124615.90000000002,13269.59999999999,0,31912.0,14475.0,8862.6,6983.8,3377.7999999999997,9361.0,971.5,30.8,25073373068.509007,92.81776155377156,1364.0659796109587
4,157078.46000000034,189927.27000000008,16921.67161159998,21268.507735999985,2603.510064849983,97638.25999999997,165.87,0,31912.0,14475.0,8862.6,6983.8,3377.7999999999997,9361.0,971.5,30.8,9993975146.19382,37.65819145398382,743.0093203234632
5,375342.549999998,254243.99,22735.64373090002,29277.174745999968,3122.2863189999775,118916.18000000001,13253.109999999991,0,31912.0,14475.0,8862.6,6983.8,3377.7999999999997,9361.0,971.5,30.8,30231270388.876137,96.71612624354232,1370.0784754780184
6,162678.82000000039,197644.8099999999,16593.37840960001,21835.245426499972,4199.966659899979,94358.6899999999,209.51999999999995,0,31912.0,14475.0,8862.6,6983.8,3377.7999999999997,9361.0,971.5,30.8,6862537859.223966,35.785655444658964,771.7347736243831
7,208199.06000000046,209085.1700000002,19831.54295080001,24842.02075350002,7233.401409199931,82070.7299999999,209.51999999999995,0,31912.0,14475.0,8862.6,6983.8,3377.7999999999997,9361.0,971.5,30.8,-20262487093.35383,38.20026720351914,890.6402366076643
