,contributed_CCGT,contributed_Coal,contributed_Onshore,contributed_Offshore,contributed_PV,contributed_Nuclear,contributed_Recip_gas,contributed_Biomass,total_CCGT,total_Coal,total_Onshore,total_Offshore,total_PV,total_Nuclear,total_Recip_gas,Carbon_tax,total_genco_wealth,Electricity_cost,Carbon_emitted
0,407446.7399999973,136483.03999999992,55440.804338299684,31541.707329500015,3143.658044449938,78236.31999999993,12976.660000000003,0,31912.0,14475.0,8862.6,6983.8,3377.7999999999997,9361.0,971.5,30.8,12300896641.517162,67.76389187843115,1185.8420000099154
1,344758.5099999989,107931.73999999982,46099.63879539989,32034.7291455,3111.5428812999735,47260.339999999975,6734.709999999991,0,31912.0,14475.0,8862.6,6983.8,3377.7999999999997,9361.0,971.5,30.8,6797398991.4592085,43.15424131965571,980.9285415325166
2,383436.139999998,161785.5699999999,49082.02933279963,31462.36591000002,1670.100619499934,82322.92999999993,12932.040000000006,0,31912.0,14475.0,8862.6,6983.8,3377.7999999999997,9361.0,971.5,30.8,16894797273.354986,70.45566071500711,1193.5643376068551
3,408190.9999999977,170636.39999999985,53378.43401739957,32174.84401600001,3164.1673372999608,88860.73,14443.784999999974,0,31912.0,14475.0,8862.6,6983.8,3377.7999999999997,9361.0,971.5,30.8,29818855299.643703,72.01789163820382,1266.6352701171938
4,207742.98000000048,87845.13999999988,36808.80337090011,26103.981675000006,3075.4739544499757,47863.679999999964,943.8100000000009,0,31912.0,14475.0,8862.6,6983.8,3377.7999999999997,9361.0,971.5,30.8,17196807310.383068,34.695895102489594,642.0993934057219
5,422904.17999999743,135888.56999999992,57495.140158899776,35229.108088000066,3121.483231049975,93182.07999999999,14468.034999999974,0,31912.0,14475.0,8862.6,6983.8,3377.7999999999997,9361.0,971.5,30.8,38691310949.946304,73.4632645909394,1217.8345546508563
6,229504.57000000044,86080.78999999992,37115.960951899986,24768.405662999983,4317.56728119998,48670.719999999965,1099.0100000000007,0,31912.0,14475.0,8862.6,6983.8,3377.7999999999997,9361.0,971.5,30.8,18883461409.108856,35.14959333168892,680.2905900444206
7,277369.52000000037,91697.55999999991,36853.39175859991,27161.59194300001,6977.816320949939,44325.11999999997,1770.2500000000011,0,31912.0,14475.0,8862.6,6983.8,3377.7999999999997,9361.0,971.5,30.8,-5943451272.960453,37.44933053320819,792.9586522088788
