,contributed_CCGT,contributed_Coal,contributed_Onshore,contributed_Offshore,contributed_PV,contributed_Nuclear,contributed_Recip_gas,contributed_Biomass,total_CCGT,total_Coal,total_Onshore,total_Offshore,total_PV,total_Nuclear,total_Recip_gas,Carbon_tax,total_genco_wealth,Electricity_cost,Carbon_emitted
0,343882.24999999965,153329.9199999999,60036.15155749996,31475.45151799999,3168.6201018499364,145879.26999999996,12808.365000000002,0,31912.0,14475.0,8862.6,6983.8,3377.7999999999997,9361.0,971.5,30.8,32712396268.28083,125.16166335509803,1092.969500158158
1,285736.07999999996,137988.77999999982,54967.812045900035,26815.76858399998,3130.5686709499737,104778.42999999993,10128.739999999996,0,31912.0,14475.0,8862.6,6983.8,3377.7999999999997,9361.0,971.5,30.8,36476096951.6959,72.748891343149,937.4822381544386
2,353116.9699999994,173680.32999999987,60152.21925489986,23443.657642000016,1671.2596607999335,141315.41999999998,12621.640000000003,0,31912.0,14475.0,8862.6,6983.8,3377.7999999999997,9361.0,971.5,30.8,69949371809.48683,124.31124197874097,1156.746794181336
3,355563.7499999995,196241.14999999997,63247.61430729975,28489.207296000015,3203.9812167999607,146743.53999999998,14028.139999999972,0,31912.0,14475.0,8862.6,6983.8,3377.7999999999997,9361.0,971.5,30.8,108767164175.31491,132.7682487058791,1214.9111212076957
4,198979.21999999977,104979.67999999989,43292.53004189994,19181.06737799997,3086.9546629499755,96462.61999999994,182.35999999999996,0,31912.0,14475.0,8862.6,6983.8,3377.7999999999997,9361.0,971.5,30.8,96908346367.00432,37.93274163094707,660.0045741126411
5,363197.9299999998,189843.15,62506.358853700214,25538.94613049998,3128.5884410999756,147110.19999999995,13474.26999999997,0,31912.0,14475.0,8862.6,6983.8,3377.7999999999997,9361.0,971.5,30.8,163573408888.66562,129.46986770390092,1217.370586103698
6,233922.61999999994,69208.32000000002,41797.25375039984,19210.85626199997,4232.701228149986,96649.82999999994,6938.895000000001,0,31912.0,14475.0,8862.6,6983.8,3377.7999999999997,9361.0,971.5,30.8,146257362667.68427,40.65248315149656,663.9843087613605
7,251051.22999999995,95270.15999999992,44752.05908829974,21859.507296,7207.650026449934,102992.65999999993,8076.705000000002,0,31912.0,14475.0,8862.6,6983.8,3377.7999999999997,9361.0,971.5,30.8,126029530819.91846,42.56632947881121,756.85655901368
