,contributed_CCGT,contributed_Coal,contributed_Onshore,contributed_Offshore,contributed_PV,contributed_Nuclear,contributed_Recip_gas,contributed_Biomass,total_CCGT,total_Coal,total_Onshore,total_Offshore,total_PV,total_Nuclear,total_Recip_gas,Carbon_tax,total_genco_wealth,Electricity_cost,Carbon_emitted
0,316339.8399999997,269218.19,56611.8551809999,26620.371247999996,3173.880508399936,82531.47999999992,11929.059999999996,0,31912.0,14475.0,8862.6,6983.8,3377.7999999999997,9361.0,971.5,30.8,109063805969.58195,347.1523493061532,1267.8269429296201
1,239464.87000000002,244874.89999999997,50716.25510760005,27016.610833999963,3135.4353307499746,70024.29999999994,5864.619999999995,0,31912.0,14475.0,8862.6,6983.8,3377.7999999999997,9361.0,971.5,30.8,124998444475.16147,110.09817163050623,1044.9987429701998
2,319585.66999999963,263595.03,55414.96566259981,27757.406018000012,1673.8740883499333,90731.85999999991,12208.419999999996,0,31912.0,14475.0,8862.6,6983.8,3377.7999999999997,9361.0,971.5,30.8,253640051657.25507,347.9252151474961,1262.4355706519398
3,341029.38999999984,249506.11999999985,58579.416751299774,31077.71811600002,3198.621242099961,111678.03999999995,13586.304999999982,0,31912.0,14475.0,8862.6,6983.8,3377.7999999999997,9361.0,971.5,30.8,395773116998.3007,355.98437601469976,1282.0985128857594
4,149852.63999999993,184212.52999999982,44117.13872070009,20144.16075299997,3090.5244790499755,69030.04999999994,203.69999999999993,0,31912.0,14475.0,8862.6,6983.8,3377.7999999999997,9361.0,971.5,30.8,383218996890.81805,38.09669499617288,715.8074702569415
5,317897.41999999963,269492.12,55931.67349790014,26333.626972999962,3138.2232189999754,104526.22999999994,12672.079999999993,0,31912.0,14475.0,8862.6,6983.8,3377.7999999999997,9361.0,971.5,30.8,586763848502.6993,349.2880090857948,1276.6999974637602
6,165341.34999999995,187392.75999999983,40075.6046303998,19111.55580199997,2964.154475199978,71207.69999999995,184.29999999999995,0,31912.0,14475.0,8862.6,6983.8,3377.7999999999997,9361.0,971.5,30.8,566720994226.4236,37.33599347441304,754.4009477784789
7,179609.3899999997,226839.28999999998,43301.979840099855,22652.19349,7097.199489149937,61315.63999999996,261.9,0,31912.0,14475.0,8862.6,6983.8,3377.7999999999997,9361.0,971.5,30.8,542374180483.0816,40.23690747163692,871.8267632074192
