,contributed_CCGT,contributed_Coal,contributed_Onshore,contributed_Offshore,contributed_PV,contributed_Nuclear,contributed_Recip_gas,contributed_Biomass,total_CCGT,total_Coal,total_Onshore,total_Offshore,total_PV,total_Nuclear,total_Recip_gas,Carbon_tax,total_genco_wealth,Electricity_cost,Carbon_emitted
0,315028.32999999996,254762.89999999982,21672.355028500046,28585.519417999985,3154.551064599939,139850.7200000001,13115.370000000004,0,31912.0,14475.0,8862.6,6983.8,3377.7999999999997,9361.0,971.5,30.8,26712105050.61182,127.21317194703879,1260.1751514141965
1,228677.1800000004,233298.36999999988,21060.33535209999,27035.981257999978,3117.1993416999767,109535.31000000004,8260.52,0,31912.0,14475.0,8862.6,6983.8,3377.7999999999997,9361.0,971.5,30.8,25507449873.338287,63.806768634156015,1029.305143381261
2,330060.54999999964,247282.39999999985,20344.033963299855,28800.022311999986,1656.9416798999328,138998.09000000008,13106.640000000005,0,31912.0,14475.0,8862.6,6983.8,3377.7999999999997,9361.0,971.5,30.8,51419003340.54961,128.81353841866758,1273.9808633751977
3,345538.95999999915,261291.40999999983,21711.892655299936,28902.077316000014,3181.6815106999643,138898.18000000005,14980.679999999977,0,31912.0,14475.0,8862.6,6983.8,3377.7999999999997,9361.0,971.5,30.8,78785350574.35246,129.5557146138895,1342.8289337711758
4,123922.42999999992,199109.6599999997,17015.439726799978,21396.364692499985,2836.5974812999843,100470.66,20.369999999999997,0,31912.0,14475.0,8862.6,6983.8,3377.7999999999997,9361.0,971.5,30.8,64645806572.85391,38.29053384863867,719.5731907846805
5,331156.64999999973,265901.7899999998,22768.078707300025,29266.48918399997,3122.2863189999775,140578.22000000006,13854.025000000001,0,31912.0,14475.0,8862.6,6983.8,3377.7999999999997,9361.0,971.5,30.8,110681480302.44534,133.24874005020934,1320.4518675324173
6,143274.28000000017,206582.14999999976,16626.946675800005,21654.553060999977,3218.18821989998,85442.44999999997,18.43,0,31912.0,14475.0,8862.6,6983.8,3377.7999999999997,9361.0,971.5,30.8,89756429652.07286,38.5129668806514,773.4951550856998
7,178830.11999999997,210678.57999999967,17546.800362699996,22425.958922499995,6939.853703299938,98767.34,3352.319999999995,0,31912.0,14475.0,8862.6,6983.8,3377.7999999999997,9361.0,971.5,30.8,64897749287.4188,40.12711235214814,861.7709114148398
