,contributed_CCGT,contributed_Coal,contributed_Onshore,contributed_Offshore,contributed_PV,contributed_Nuclear,contributed_Recip_gas,contributed_Biomass,total_CCGT,total_Coal,total_Onshore,total_Offshore,total_PV,total_Nuclear,total_Recip_gas,Carbon_tax,total_genco_wealth,Electricity_cost,Carbon_emitted
0,406008.5999999976,220260.22999999984,23300.55530880004,29579.745223999984,3154.551064599939,76679.46999999999,13085.300000000001,0,31912.0,14475.0,8862.6,6983.8,3377.7999999999997,9361.0,971.5,30.8,37917826022.49561,172.34753494626088,1356.1586085815363
1,316488.4599999992,206803.33999999985,23464.752699000044,29595.668287999964,3122.1345018999777,55173.600000000006,5127.419999999997,0,31912.0,14475.0,8862.6,6983.8,3377.7999999999997,9361.0,971.5,30.8,37939542377.35356,75.4964539467942,1125.4308318293215
2,401927.9599999976,217996.49999999983,21600.62084159999,29224.130127999983,1658.5175608999325,80147.21999999997,13076.570000000002,0,31912.0,14475.0,8862.6,6983.8,3377.7999999999997,9361.0,971.5,30.8,83181055528.10793,190.01535931660405,1343.682864886996
3,420658.4599999978,223996.29999999984,23278.20383160005,29656.706700000013,3188.160174599965,83608.17999999996,14720.23499999999,0,31912.0,14475.0,8862.6,6983.8,3377.7999999999997,9361.0,971.5,30.8,141667372030.53027,222.30605002696635,1398.4303615573951
4,235554.21000000043,144045.73999999996,19058.8541719,24133.27775649998,3046.0967511499803,54087.20000000001,0.0,0,31912.0,14475.0,8862.6,6983.8,3377.7999999999997,9361.0,971.5,30.8,127563786499.75124,41.903423969071504,803.436730204524
5,411597.77999999776,236724.26999999996,23464.752699000044,29595.668287999964,3122.2863189999775,80208.32999999999,13086.27,0,31912.0,14475.0,8862.6,6983.8,3377.7999999999997,9361.0,971.5,30.8,218495113297.19928,219.97080347308136,1405.121399009456
6,225524.69000000026,179023.95999999988,17398.759447700006,21884.192475999975,3253.52116739998,43426.90000000001,0.0,0,31912.0,14475.0,8862.6,6983.8,3377.7999999999997,9361.0,971.5,30.8,195456342132.02975,40.416528898650185,858.4490450760819
7,270509.4600000002,164016.37,25050.880800700008,30113.177539,7254.44120159993,42466.600000000006,3330.0099999999998,0,31912.0,14475.0,8862.6,6983.8,3377.7999999999997,9361.0,971.5,30.8,170892092695.40192,44.51257631494796,932.045790565262
