,contributed_CCGT,contributed_Coal,contributed_Onshore,contributed_Offshore,contributed_PV,contributed_Nuclear,contributed_Recip_gas,contributed_Biomass,total_CCGT,total_Coal,total_Onshore,total_Offshore,total_PV,total_Nuclear,total_Recip_gas,Carbon_tax,total_genco_wealth,Electricity_cost,Carbon_emitted
0,363706.93999999843,250213.40999999995,23293.520965800042,29579.745223999984,3154.551064599939,96236.60999999996,13269.59999999999,0,31912.0,14475.0,8862.6,6983.8,3377.7999999999997,9361.0,971.5,30.8,30836422026.9741,146.16283228525813,1337.4506240471771
1,261372.72000000018,246506.2700000001,23439.54120590004,29595.668287999964,3122.2863189999775,73062.33999999997,2899.33,0,31912.0,14475.0,8862.6,6983.8,3377.7999999999997,9361.0,971.5,30.8,25094363966.87275,56.89072980890749,1097.6158955254598
2,360908.7699999986,248760.59999999998,21592.539771599986,29224.130127999983,1658.8096331999327,96545.06999999996,13268.62999999999,0,31912.0,14475.0,8862.6,6983.8,3377.7999999999997,9361.0,971.5,30.8,64672807675.39232,170.8381366187203,1329.4507421987978
3,383023.69999999815,253190.50999999992,23278.20383160005,29656.706700000013,3187.892091749965,103156.58999999995,13244.379999999992,0,31912.0,14475.0,8862.6,6983.8,3377.7999999999997,9361.0,971.5,30.8,101823147412.26376,159.2777806671139,1384.1797149129761
4,206339.34000000014,163941.94,20911.138507499985,26670.467475499983,3113.895792449977,64185.86999999997,209.51999999999995,0,31912.0,14475.0,8862.6,6983.8,3377.7999999999997,9361.0,971.5,30.8,88671592137.093,44.93798767935715,786.1324918721224
5,372736.7199999986,265811.95999999996,23456.714406000046,29595.668287999964,3122.2863189999775,100796.57999999996,13269.59999999999,0,31912.0,14475.0,8862.6,6983.8,3377.7999999999997,9361.0,971.5,30.8,145303494534.67975,158.84439170301332,1389.7106907200764
6,171925.86000000025,206023.06999999998,18250.318577399998,23381.63590399997,2773.702615899976,68401.48999999999,157.14000000000001,0,31912.0,14475.0,8862.6,6983.8,3377.7999999999997,9361.0,971.5,30.8,122764954633.35272,39.0157928958983,809.9721260318611
7,212533.65000000026,201528.5199999999,24513.54408210005,29639.30316549999,7360.256317349922,69972.88999999998,157.14000000000001,0,31912.0,14475.0,8862.6,6983.8,3377.7999999999997,9361.0,971.5,30.8,96114000766.13168,42.182126874142874,889.7701672909623
