,contributed_CCGT,contributed_Coal,contributed_Onshore,contributed_Offshore,contributed_PV,contributed_Nuclear,contributed_Recip_gas,contributed_Biomass,total_CCGT,total_Coal,total_Onshore,total_Offshore,total_PV,total_Nuclear,total_Recip_gas,Carbon_tax,total_genco_wealth,Electricity_cost,Carbon_emitted
0,342103.2599999987,199782.1399999996,23300.55530880004,29579.745223999984,3154.551064599939,165604.86687359976,16685.93999999999,0,31912.0,14475.0,8862.6,6983.8,3377.7999999999997,9361.0,971.5,30.8,17253996537.101982,102.40896501097889,1187.073919151721
1,226360.5000000004,196198.86999999956,23464.752699000044,29595.668287999964,3122.2863189999775,165604.86687359976,11313.109999999995,0,31912.0,14475.0,8862.6,6983.8,3377.7999999999997,9361.0,971.5,30.8,11840428467.319862,54.98153839671621,924.019082820261
2,333021.1799999989,205707.1399999996,21601.84304159999,29224.130127999983,1658.9456695999324,165604.86687359976,17751.970000000012,0,31912.0,14475.0,8862.6,6983.8,3377.7999999999997,9361.0,971.5,30.8,20498400523.107082,89.69569404431768,1184.0223708017186
3,364467.7399999981,201317.57999999958,23278.20383160005,29656.706700000013,3188.160174599965,165604.86687359976,16859.569999999996,0,31912.0,14475.0,8862.6,6983.8,3377.7999999999997,9361.0,971.5,30.8,48074676051.271614,135.73543426283396,1238.100799556839
4,124930.2600000001,149404.00999999998,21895.013329299996,29595.668287999968,3116.600719849977,144165.6618696001,12047.399999999996,0,31912.0,14475.0,8862.6,6983.8,3377.7999999999997,9361.0,971.5,30.8,34759553474.16012,42.02712532323863,611.4444589059814
5,359216.99999999814,211996.3299999994,23464.752699000044,29595.668287999964,3122.2863189999775,165604.86687359976,18139.48500000002,0,31912.0,14475.0,8862.6,6983.8,3377.7999999999997,9361.0,971.5,30.8,50738449333.66571,93.20763714971878,1252.0202268393384
6,135623.70000000007,146447.04,25487.044501700027,33512.490376999995,4481.354669799984,133733.90566480023,9952.199999999999,0,31912.0,14475.0,8862.6,6983.8,3377.7999999999997,9361.0,971.5,30.8,29351722200.10406,42.41619801595703,622.3007091619222
7,162815.28000000035,159894.4199999999,31157.555134199938,38204.78456500007,7414.15220374993,142418.6817816001,12047.399999999996,0,31912.0,14475.0,8862.6,6983.8,3377.7999999999997,9361.0,971.5,30.8,4533077642.545588,43.8271529689786,711.806539079162
