,contributed_CCGT,contributed_Coal,contributed_Onshore,contributed_Offshore,contributed_PV,contributed_Nuclear,contributed_Recip_gas,contributed_Biomass,total_CCGT,total_Coal,total_Onshore,total_Offshore,total_PV,total_Nuclear,total_Recip_gas,Carbon_tax,total_genco_wealth,Electricity_cost,Carbon_emitted
0,364389.949999999,224414.3199999997,59953.9896377999,29400.583303999985,3175.3738623499353,86602.56999999993,12263.709999999988,0,31912.0,14475.0,8862.6,6983.8,3377.7999999999997,9361.0,971.5,30.8,108124196202.96025,351.9955937574632,1269.6171198193604
1,276750.08999999997,193160.1599999997,53833.77728590006,26565.597237999966,3137.9839722499737,83458.79999999993,6120.699999999994,0,31912.0,14475.0,8862.6,6983.8,3377.7999999999997,9361.0,971.5,30.8,125464812038.68858,114.61368460492959,1005.8114145636787
2,361260.6999999998,222454.21999999965,52926.94474319975,25111.951754000012,1670.8539158499343,91642.68999999992,12151.18999999999,0,31912.0,14475.0,8862.6,6983.8,3377.7999999999997,9361.0,971.5,30.8,245122773988.57086,348.74276548259877,1264.6170731795594
3,370013.2299999989,227270.5499999997,60926.44830649971,27267.49926000001,3202.5679850999604,107640.89999999995,13893.309999999972,0,31912.0,14475.0,8862.6,6983.8,3377.7999999999997,9361.0,971.5,30.8,387058505936.37946,358.0741441617775,1293.1239818089007
4,189595.65999999983,156701.14999999988,39287.451073599965,19060.234502999974,3035.070066449978,71069.95999999995,375.38999999999976,0,31912.0,14475.0,8862.6,6983.8,3377.7999999999997,9361.0,971.5,30.8,375159845933.293,38.092273291342,735.4927029277018
5,364829.0499999995,232992.83999999973,58515.03780280002,27459.837247999963,3140.183449349975,110917.55999999992,12897.11999999999,0,31912.0,14475.0,8862.6,6983.8,3377.7999999999997,9361.0,971.5,30.8,615362422392.1338,358.8249459395303,1290.983617170321
6,182858.13999999978,170487.7399999997,38081.75255839981,18359.211661999972,3213.725863749974,71225.15999999995,311.36999999999983,0,31912.0,14475.0,8862.6,6983.8,3377.7999999999997,9361.0,971.5,30.8,595724030910.4563,36.76293100192541,752.5433654405203
7,220584.8999999998,168410.7599999999,46679.029902799855,23667.228438,7238.671472649936,72688.88999999994,1664.5200000000013,0,31912.0,14475.0,8862.6,6983.8,3377.7999999999997,9361.0,971.5,30.8,572049056501.3225,39.96479724078598,827.4770621224795
