,contributed_CCGT,contributed_Coal,contributed_Onshore,contributed_Offshore,contributed_PV,contributed_Nuclear,contributed_Recip_gas,contributed_Biomass,total_CCGT,total_Coal,total_Onshore,total_Offshore,total_PV,total_Nuclear,total_Recip_gas,Carbon_tax,total_genco_wealth,Electricity_cost,Carbon_emitted
0,389008.6099999983,240115.17999999964,23300.55530880004,29579.745223999984,3154.551064599939,66001.70999999996,14989.409999999976,0,31912.0,14475.0,8862.6,6983.8,3377.7999999999997,9361.0,971.5,30.8,26580172283.919937,138.27138463848564,1370.6952279016357
1,334797.31999999954,196873.78999999995,23464.752699000044,29595.668287999964,3122.2863189999775,35261.43999999997,12273.895000000011,0,31912.0,14475.0,8862.6,6983.8,3377.7999999999997,9361.0,971.5,30.8,31093373090.643967,88.73300546251419,1156.7967232284182
2,426109.88999999774,196550.37999999974,21601.84304159999,29224.130127999983,1658.9456695999324,75984.94999999992,14971.949999999977,0,31912.0,14475.0,8862.6,6983.8,3377.7999999999997,9361.0,971.5,30.8,59822462715.60403,148.64816410322956,1349.6891445912345
3,392348.0299999984,236217.21999999983,23278.20383160005,29656.706700000013,3188.160174599965,99233.91,14989.409999999976,0,31912.0,14475.0,8862.6,6983.8,3377.7999999999997,9361.0,971.5,30.8,93025770568.13602,149.99423547805657,1369.700520033555
4,228691.56000000023,162265.23999999993,21960.819322400002,28994.98051399997,3116.8978765999773,24700.079999999987,7269.665000000003,0,31912.0,14475.0,8862.6,6983.8,3377.7999999999997,9361.0,971.5,30.8,81326683334.5082,51.38826847934305,854.0652039555217
5,416697.46999999793,234890.39999999976,23464.752699000044,29595.668287999964,3122.2863189999775,84610.18999999992,15050.519999999973,0,31912.0,14475.0,8862.6,6983.8,3377.7999999999997,9361.0,971.5,30.8,131580429304.40593,149.23719608485808,1416.2932730391956
6,233667.58000000034,161342.74999999988,21336.536139699958,27282.961336499968,4427.43735109998,24700.079999999987,8765.404999999993,0,31912.0,14475.0,8862.6,6983.8,3377.7999999999997,9361.0,971.5,30.8,114328754810.47325,49.23511725733152,863.2960950545012
7,269416.8600000004,161055.29999999993,29901.39985739994,35750.00728900004,7412.85039549993,24700.079999999987,10980.885000000013,0,31912.0,14475.0,8862.6,6983.8,3377.7999999999997,9361.0,971.5,30.8,97331714006.85603,54.253348988769396,942.4484418593994
