,contributed_CCGT,contributed_Coal,contributed_Onshore,contributed_Offshore,contributed_PV,contributed_Nuclear,contributed_Recip_gas,contributed_Biomass,total_CCGT,total_Coal,total_Onshore,total_Offshore,total_PV,total_Nuclear,total_Recip_gas,Carbon_tax,total_genco_wealth,Electricity_cost,Carbon_emitted
0,348692.98999999906,167223.53999999992,59626.60668379993,24013.908631999995,3175.5391575999356,130667.72999999994,13743.92999999997,0,31912.0,14475.0,8862.6,6983.8,3377.7999999999997,9361.0,971.5,30.8,29995906065.62994,128.0383844599824,1137.9996151889177
1,290463.07000000007,132801.91999999984,55410.0731669001,24911.88440899997,3134.636821849974,111543.20999999995,10019.129999999992,0,31912.0,14475.0,8862.6,6983.8,3377.7999999999997,9361.0,971.5,30.8,35514763875.744446,81.19417768097225,935.3287802041593
2,382819.5299999979,150727.1399999998,59760.29974679974,25617.216303999998,1676.4006808999334,131710.47999999992,13485.909999999974,0,31912.0,14475.0,8862.6,6983.8,3377.7999999999997,9361.0,971.5,30.8,66980025197.51595,125.58994866839457,1169.9426768217174
3,386926.1199999981,189518.34999999992,60615.125089599846,28258.87320800001,3192.999560999961,126469.56999999995,13580.96999999997,0,31912.0,14475.0,8862.6,6983.8,3377.7999999999997,9361.0,971.5,30.8,106956982667.52483,133.90866112331491,1265.0306547332978
4,194557.79999999987,100647.16999999988,41120.64722539997,18653.879963999978,3082.1467392499762,103692.02999999994,1026.7450000000013,0,31912.0,14475.0,8862.6,6983.8,3377.7999999999997,9361.0,971.5,30.8,94817422102.25159,38.39915720771478,643.3116873136615
5,368547.9999999985,189941.16999999995,61505.11500820011,31489.142353999985,3139.7612103999754,131713.38999999993,14097.979999999976,0,31912.0,14475.0,8862.6,6983.8,3377.7999999999997,9361.0,971.5,30.8,152197234967.21863,130.3711124550182,1229.7632908156568
6,229658.47999999998,97205.39999999989,42189.566215199826,18231.342649999973,4349.159688749985,79607.89999999997,992.7950000000012,0,31912.0,14475.0,8862.6,6983.8,3377.7999999999997,9361.0,971.5,30.8,133184378175.15416,39.731170113931654,706.9588195592007
7,226659.08999999997,117237.25999999986,50044.976123299835,22291.087023500004,7223.515399949934,97678.99999999994,8054.395000000001,0,31912.0,14475.0,8862.6,6983.8,3377.7999999999997,9361.0,971.5,30.8,111126360981.55801,42.988387980895276,764.5355788394809
