,contributed_CCGT,contributed_Coal,contributed_Onshore,contributed_Offshore,contributed_PV,contributed_Nuclear,contributed_Recip_gas,contributed_Biomass,total_CCGT,total_Coal,total_Onshore,total_Offshore,total_PV,total_Nuclear,total_Recip_gas,Carbon_tax,total_genco_wealth,Electricity_cost,Carbon_emitted
0,414547.1799999988,123283.3699999999,54861.88956879983,24534.967601000004,3166.357521849937,102044.96999999994,12524.154999999995,0,31912.0,14475.0,8862.6,6983.8,3377.7999999999997,9361.0,971.5,30.8,19053044869.16754,84.88906724636742,1151.074650181261
1,362380.99999999907,90385.31999999996,52299.168600199744,25005.74707149997,3127.428370599974,51781.50999999998,10078.299999999987,0,31912.0,14475.0,8862.6,6983.8,3377.7999999999997,9361.0,971.5,30.8,17334183947.017193,59.58925762143429,958.4389367973595
2,411823.22999999905,126793.63999999993,58474.929796599674,25132.075516000008,1673.5960952999337,98525.80999999995,13225.949999999995,0,31912.0,14475.0,8862.6,6983.8,3377.7999999999997,9361.0,971.5,30.8,34248315968.304413,85.00149597252044,1146.5322649887196
3,430197.0299999978,137971.72,56882.36559939963,24183.251148000003,3192.1697324999614,111021.34999999993,14255.119999999988,0,31912.0,14475.0,8862.6,6983.8,3377.7999999999997,9361.0,971.5,30.8,53960672063.53446,89.25076466813469,1225.0405594445658
4,249148.74999999985,67255.52999999998,41374.52512169994,19173.87110899997,3035.686761849978,50760.099999999984,174.59999999999997,0,31912.0,14475.0,8862.6,6983.8,3377.7999999999997,9361.0,971.5,30.8,41080271703.422195,37.15130230343925,656.3890943509402
5,429884.1199999979,144101.38999999993,59492.7750951,28067.408371999976,3136.7677781499756,102135.17999999992,13336.044999999982,0,31912.0,14475.0,8862.6,6983.8,3377.7999999999997,9361.0,971.5,30.8,65079240094.76591,89.76523036894169,1226.8128929532254
6,268378.7299999998,68402.60999999997,38665.44154179974,17671.701221999974,4202.916117699985,51018.11999999999,281.29999999999995,0,31912.0,14475.0,8862.6,6983.8,3377.7999999999997,9361.0,971.5,30.8,44925607897.83315,37.841868513953706,698.5326145287802
7,314294.24999999936,58758.43999999998,45470.69698399965,20800.00672399998,7193.693082599934,43735.35999999998,8996.749999999987,0,31912.0,14475.0,8862.6,6983.8,3377.7999999999997,9361.0,971.5,30.8,21978556547.424873,42.76599979352323,788.0079213391209
