,contributed_CCGT,contributed_Coal,contributed_Onshore,contributed_Offshore,contributed_PV,contributed_Nuclear,contributed_Recip_gas,contributed_Biomass,total_CCGT,total_Coal,total_Onshore,total_Offshore,total_PV,total_Nuclear,total_Recip_gas,Carbon_tax,total_genco_wealth,Electricity_cost,Carbon_emitted
0,323778.359999999,213933.40999999963,23300.55530880004,29579.745223999984,3154.551064599939,165604.86687359976,16455.564999999984,0,31912.0,14475.0,8862.6,6983.8,3377.7999999999997,9361.0,971.5,30.8,16407355871.509016,101.52854929203993,1181.0310361571799
1,254226.06000000046,162316.5599999998,23464.752699000044,29595.668287999964,3122.2863189999775,165604.86687359976,13408.309999999992,0,31912.0,14475.0,8862.6,6983.8,3377.7999999999997,9361.0,971.5,30.8,10745574193.754515,56.938093147606985,910.1114668508815
2,331391.03999999905,207610.2499999996,21601.84304159999,29224.130127999983,1658.9456695999324,165604.86687359976,17956.155000000017,0,31912.0,14475.0,8862.6,6983.8,3377.7999999999997,9361.0,971.5,30.8,20301185249.199944,91.5788222931526,1185.3742779994982
3,374261.37999999826,194436.35999999984,23278.20383160005,29656.706700000013,3188.160174599965,165604.86687359976,18430.970000000023,0,31912.0,14475.0,8862.6,6983.8,3377.7999999999997,9361.0,971.5,30.8,47702025817.48805,136.64927090476502,1245.8170902112772
4,174015.66000000027,98692.32999999993,21976.508373999994,29595.668287999968,3116.600719849977,145749.00078480007,10475.999999999998,0,31912.0,14475.0,8862.6,6983.8,3377.7999999999997,9361.0,971.5,30.8,35247870361.52741,45.19980256616623,595.7113169373407
5,346753.7999999981,225115.85999999952,23464.752699000044,29595.668287999964,3122.2863189999775,165604.86687359976,17762.155000000013,0,31912.0,14475.0,8862.6,6983.8,3377.7999999999997,9361.0,971.5,30.8,51083953194.796906,92.37191376725418,1255.2288439422764
6,160902.2400000002,122191.67000000001,25107.37461920003,32799.186790999986,4477.2553294999825,132812.50266480024,12571.199999999995,0,31912.0,14475.0,8862.6,6983.8,3377.7999999999997,9361.0,971.5,30.8,30822709303.690968,44.76815583207113,625.0925893346615
7,157674.42000000025,163356.98999999985,31310.357158399936,38306.24775700007,7415.26058399993,145046.52313760007,9952.199999999999,0,31912.0,14475.0,8862.6,6983.8,3377.7999999999997,9361.0,971.5,30.8,6036197567.544377,43.231360772122265,704.7964993720223
