,contributed_CCGT,contributed_Coal,contributed_Onshore,contributed_Offshore,contributed_PV,contributed_Nuclear,contributed_Recip_gas,contributed_Biomass,total_CCGT,total_Coal,total_Onshore,total_Offshore,total_PV,total_Nuclear,total_Recip_gas,Carbon_tax,total_genco_wealth,Electricity_cost,Carbon_emitted
0,342252.15999999864,254502.77,22072.39132200004,28975.034503999985,3154.551064599939,119045.19000000002,13268.62999999999,0,31912.0,14475.0,8862.6,6983.8,3377.7999999999997,9361.0,971.5,30.8,9551640934.501392,73.76273627530219,1303.4667208724597
1,275838.53999999986,208412.7,21762.78926339998,28452.373345999968,3119.5468949499773,106110.23999999996,3534.6800000000003,0,31912.0,14475.0,8862.6,6983.8,3377.7999999999997,9361.0,971.5,30.8,3572253388.227671,52.332323835396416,1043.316564394602
2,347149.7099999988,251420.90999999992,20643.235885599865,28894.951023999984,1657.5153670499326,118920.06000000003,13035.34499999999,0,31912.0,14475.0,8862.6,6983.8,3377.7999999999997,9361.0,971.5,30.8,12592490504.667564,85.65492974227311,1305.1341529021788
3,374292.41999999795,249127.79999999996,22461.007776399976,29490.841260000012,3183.4751076499642,125836.16000000002,13269.59999999999,0,31912.0,14475.0,8862.6,6983.8,3377.7999999999997,9361.0,971.5,30.8,26318210148.23456,94.34719356544859,1357.4408901443985
4,163058.62000000032,195070.70999999988,17217.410827900014,21602.406848499984,3024.2444019499812,84442.37999999989,157.14000000000001,0,31912.0,14475.0,8862.6,6983.8,3377.7999999999997,9361.0,971.5,30.8,12029199711.266657,38.34200949189688,766.6083849525828
5,366886.8299999983,260474.71999999997,23005.397762700028,29337.077983999967,3122.2863189999775,121230.60000000002,13269.59999999999,0,31912.0,14475.0,8862.6,6983.8,3377.7999999999997,9361.0,971.5,30.8,32214126799.36314,96.0875598681015,1365.9259073585577
6,200186.10000000033,159917.55999999988,16579.056029800002,20923.91419799997,2918.1646261499804,88754.02999999988,174.6,0,31912.0,14475.0,8862.6,6983.8,3377.7999999999997,9361.0,971.5,30.8,10274980937.743452,37.97330148181999,768.1927929488824
7,189765.30000000013,206462.34999999998,22163.056940700033,27525.469480000003,6739.294647749932,92863.91999999991,165.87,0,31912.0,14475.0,8862.6,6983.8,3377.7999999999997,9361.0,971.5,30.8,-16345854287.255978,38.93350664880253,851.8049680453038
