,contributed_CCGT,contributed_Coal,contributed_Onshore,contributed_Offshore,contributed_PV,contributed_Nuclear,contributed_Recip_gas,contributed_Biomass,total_CCGT,total_Coal,total_Onshore,total_Offshore,total_PV,total_Nuclear,total_Recip_gas,Carbon_tax,total_genco_wealth,Electricity_cost,Carbon_emitted
0,369486.0399999984,242203.0699999999,23300.55530880004,29579.745223999984,3154.551064599939,92877.49999999997,13266.68999999999,0,31912.0,14475.0,8862.6,6983.8,3377.7999999999997,9361.0,971.5,30.8,30820565999.851654,147.30806311456703,1331.3492427718572
1,256518.06000000014,246850.49000000008,23457.71835600004,29595.668287999964,3122.278169949978,80406.20999999998,2868.7749999999996,0,31912.0,14475.0,8862.6,6983.8,3377.7999999999997,9361.0,971.5,30.8,25446266666.66,55.684392105006715,1084.9591608950186
2,363299.1999999986,244729.58,21469.450476999944,29224.130127999983,1657.641970849933,97643.10999999996,13268.62999999999,0,31912.0,14475.0,8862.6,6983.8,3377.7999999999997,9361.0,971.5,30.8,64537566013.12791,168.3753406819263,1324.4315451328368
3,375455.5399999984,260602.03999999995,23213.687337100047,29656.706700000013,3187.892091749965,102163.30999999995,13234.679999999993,0,31912.0,14475.0,8862.6,6983.8,3377.7999999999997,9361.0,971.5,30.8,101681898576.8113,156.71101245851312,1385.3347323319158
4,158322.12000000032,209632.03000000012,17173.841008099993,21790.32329899999,2603.510064849983,73712.23999999998,165.87,0,31912.0,14475.0,8862.6,6983.8,3377.7999999999997,9361.0,971.5,30.8,87436886699.23802,39.26292723015596,789.5503218579421
5,387776.39999999804,252284.78999999998,23462.655753000046,29595.668287999964,3122.2863189999775,97417.09999999996,13269.59999999999,0,31912.0,14475.0,8862.6,6983.8,3377.7999999999997,9361.0,971.5,30.8,143074722269.8472,158.22441577536907,1391.8578707164163
6,197380.77000000014,177689.97999999992,18132.554359700003,22965.29821399997,3425.470420799982,74891.75999999998,139.68000000000004,0,31912.0,14475.0,8862.6,6983.8,3377.7999999999997,9361.0,971.5,30.8,121832463712.13782,40.15357750163099,797.5107891720421
7,224308.9200000002,191219.12999999977,21768.203289300032,26444.5008745,7059.245385099936,69407.37999999998,209.51999999999995,0,31912.0,14475.0,8862.6,6983.8,3377.7999999999997,9361.0,971.5,30.8,97009335287.01155,42.2062833897454,891.7473239237409
