,contributed_CCGT,contributed_Coal,contributed_Onshore,contributed_Offshore,contributed_PV,contributed_Nuclear,contributed_Recip_gas,contributed_Biomass,total_CCGT,total_Coal,total_Onshore,total_Offshore,total_PV,total_Nuclear,total_Recip_gas,Carbon_tax,total_genco_wealth,Electricity_cost,Carbon_emitted
0,396142.429999998,186955.70999999996,23300.55530880004,29579.745223999984,3154.551064599939,106875.56999999999,14089.734999999995,0,31912.0,14475.0,8862.6,6983.8,3377.7999999999997,9361.0,971.5,30.8,18394767052.432217,94.46678005983222,1264.8295575325799
1,320874.42999999935,158651.90999999997,23462.781465000044,29595.668287999964,3121.7861523999777,80982.38999999996,12142.945000000003,0,31912.0,14475.0,8862.6,6983.8,3377.7999999999997,9361.0,971.5,30.8,22267045932.75561,68.39932737230662,1040.2006511201798
2,405791.80999999784,186819.88999999996,21601.84304159999,29224.130127999983,1658.9456695999324,107807.73999999999,14796.864999999982,0,31912.0,14475.0,8862.6,6983.8,3377.7999999999997,9361.0,971.5,30.8,37637073997.61595,98.21512324846367,1286.7788740362196
3,400881.7799999981,205736.6399999996,23278.20383160005,29656.706700000013,3188.160174599965,123729.31999999998,15021.419999999982,0,31912.0,14475.0,8862.6,6983.8,3377.7999999999997,9361.0,971.5,30.8,57855418435.26292,105.05072959495739,1323.069747582717
4,223028.30000000025,130386.28000000001,22843.550246000024,29455.30806799997,3120.771341949978,61279.74999999998,2054.4600000000005,0,31912.0,14475.0,8862.6,6983.8,3377.7999999999997,9361.0,971.5,30.8,51866583460.31875,51.22833922232868,754.3827130594399
5,403542.8299999979,198945.58999999962,23464.752699000044,29595.668287999964,3122.2863189999775,130070.21,15748.919999999978,0,31912.0,14475.0,8862.6,6983.8,3377.7999999999997,9361.0,971.5,30.8,86825674810.75793,111.6313943303739,1311.297798374816
6,245809.01000000027,111550.44000000006,24738.800401800007,30670.453675999972,4480.588241199983,51723.309999999954,7294.884999999996,0,31912.0,14475.0,8862.6,6983.8,3377.7999999999997,9361.0,971.5,30.8,78178390313.86162,50.2786653813848,769.329780765119
7,259123.48000000033,130882.34000000005,32532.877539699926,37596.631729000066,7422.886114749934,66514.83999999997,10208.280000000006,0,31912.0,14475.0,8862.6,6983.8,3377.7999999999997,9361.0,971.5,30.8,72822530436.22083,56.47945849618742,848.9538897113197
