,contributed_CCGT,contributed_Coal,contributed_Onshore,contributed_Offshore,contributed_PV,contributed_Nuclear,contributed_Recip_gas,contributed_Biomass,total_CCGT,total_Coal,total_Onshore,total_Offshore,total_PV,total_Nuclear,total_Recip_gas,Carbon_tax,total_genco_wealth,Electricity_cost,Carbon_emitted
0,317485.79999999976,244842.41999999987,60736.40512079977,31356.10330399999,3175.5720670999353,95800.10999999991,11999.87,0,31912.0,14475.0,8862.6,6983.8,3377.7999999999997,9361.0,971.5,30.8,112794408656.44038,357.6324956569044,1215.9521512831577
1,253578.34999999995,236070.17999999988,53760.60300790015,24185.810485999966,3134.3051487999733,58038.979999999974,8256.639999999992,0,31912.0,14475.0,8862.6,6983.8,3377.7999999999997,9361.0,971.5,30.8,135215549785.43562,135.360493439664,1058.9524927316395
2,334895.8399999995,241581.21999999986,56440.74177809976,25769.732344,1674.698610149933,98435.59999999992,12650.740000000002,0,31912.0,14475.0,8862.6,6983.8,3377.7999999999997,9361.0,971.5,30.8,261586618621.05133,353.94522721216305,1255.971903425558
3,328488.1799999995,262097.7099999999,57909.42172689966,27456.442998000006,3204.26391159996,111068.87999999995,13951.509999999991,0,31912.0,14475.0,8862.6,6983.8,3377.7999999999997,9361.0,971.5,30.8,399605488824.53357,357.80764826721185,1280.752231478578
4,162373.27000000008,200463.60000000003,42059.36600580004,19514.197968999964,3087.218622649976,48102.29999999999,164.89999999999998,0,31912.0,14475.0,8862.6,6983.8,3377.7999999999997,9361.0,971.5,30.8,386790374330.4634,38.26999214311828,777.3609805728008
5,353701.86999999936,271593.64999999997,61170.697032199896,31370.87724799997,3142.1399384999745,77866.74999999991,12690.024999999992,0,31912.0,14475.0,8862.6,6983.8,3377.7999999999997,9361.0,971.5,30.8,604673249172.9695,358.1213458195445,1358.8346491526988
6,171793.92999999988,187255.41999999984,43389.87082229994,20556.701188499974,4362.745747349988,50048.11999999998,1309.5000000000011,0,31912.0,14475.0,8862.6,6983.8,3377.7999999999997,9361.0,971.5,30.8,585073240293.6156,39.5342696631191,769.6662196971594
7,196346.50999999966,218046.88999999993,46380.63195529984,22464.915335000012,6146.8592436499675,45605.51999999998,4923.719999999997,0,31912.0,14475.0,8862.6,6983.8,3377.7999999999997,9361.0,971.5,30.8,561604687963.2811,41.881315295753815,895.6472676322202
