,contributed_CCGT,contributed_Coal,contributed_Onshore,contributed_Offshore,contributed_PV,contributed_Nuclear,contributed_Recip_gas,contributed_Biomass,total_CCGT,total_Coal,total_Onshore,total_Offshore,total_PV,total_Nuclear,total_Recip_gas,Carbon_tax,total_genco_wealth,Electricity_cost,Carbon_emitted
0,337309.3099999996,226757.5599999997,54114.15352579995,28526.636522,3169.745069249936,99076.76999999997,11880.559999999992,0,31912.0,14475.0,8862.6,6983.8,3377.7999999999997,9361.0,971.5,30.8,107021653005.52046,345.7758580837464,1215.5499471688786
1,258517.57000000012,214393.7099999997,51984.70608500011,27459.837247999963,3141.3860216499747,77835.70999999993,6096.449999999995,0,31912.0,14475.0,8862.6,6983.8,3377.7999999999997,9361.0,971.5,30.8,124560629228.17314,113.50434778644642,1016.1306724665797
2,343229.20000000007,219673.14999999967,56934.23758129981,27597.02021600002,1660.0450486499344,101854.84999999998,12027.999999999987,0,31912.0,14475.0,8862.6,6983.8,3377.7999999999997,9361.0,971.5,30.8,274944328543.4079,356.14881200155725,1219.1944584436985
3,383599.59999999905,217624.5899999997,54650.93546259981,27478.057260000012,3198.260626749962,118245.90999999997,13415.584999999974,0,31912.0,14475.0,8862.6,6983.8,3377.7999999999997,9361.0,971.5,30.8,421561099104.9028,352.55650268888644,1297.0290953068209
4,191586.4299999998,158745.9099999999,40067.19999750001,19681.563002999963,3058.560526549978,63700.86999999995,377.32999999999976,0,31912.0,14475.0,8862.6,6983.8,3377.7999999999997,9361.0,971.5,30.8,409406742709.3909,38.494666533373206,744.1005776021813
5,366507.1599999995,233968.15999999974,59965.89707649995,27459.837247999963,3142.3664839499747,101703.52999999994,12845.224999999984,0,31912.0,14475.0,8862.6,6983.8,3377.7999999999997,9361.0,971.5,30.8,609785771966.2246,356.6804868917893,1307.0943007176802
6,194542.55999999976,156416.58999999994,39518.32805829982,18777.011629999975,2932.069776599978,72387.21999999994,275.4799999999999,0,31912.0,14475.0,8862.6,6983.8,3377.7999999999997,9361.0,971.5,30.8,590102854828.5543,37.5488979934861,744.9331744128209
7,228665.0900000001,159096.4699999999,45193.858062499894,22834.063466000003,6813.2237317499375,74117.69999999994,5587.199999999988,0,31912.0,14475.0,8862.6,6983.8,3377.7999999999997,9361.0,971.5,30.8,566820430381.7029,40.87086625931876,831.05900014506
