,contributed_CCGT,contributed_Coal,contributed_Onshore,contributed_Offshore,contributed_PV,contributed_Nuclear,contributed_Recip_gas,contributed_Biomass,total_CCGT,total_Coal,total_Onshore,total_Offshore,total_PV,total_Nuclear,total_Recip_gas,Carbon_tax,total_genco_wealth,Electricity_cost,Carbon_emitted
0,434258.85999999853,135705.6399999999,49613.33988759989,27651.028603999985,3146.3309616499405,89660.00999999994,14825.964999999995,0,31912.0,14475.0,8862.6,6983.8,3377.7999999999997,9361.0,971.5,30.8,23073257620.75216,123.782810861767,1243.5186736347214
1,373824.8299999992,108906.40999999996,47638.17964769993,24772.11088999997,3107.548568049978,61083.80999999996,11481.890000000009,0,31912.0,14475.0,8862.6,6983.8,3377.7999999999997,9361.0,971.5,30.8,22590893748.135708,69.38407495012969,1054.1077432211766
2,418186.17999999836,154052.72999999995,51315.096693799765,22849.902379000014,1651.0319470499328,102909.23999999998,13992.249999999996,0,31912.0,14475.0,8862.6,6983.8,3377.7999999999997,9361.0,971.5,30.8,55513169199.808495,124.62130835225065,1250.185561396543
3,457858.1799999982,151643.5299999999,50875.6023425998,24237.257337000006,3172.783923049965,104567.93999999997,15439.48999999999,0,31912.0,14475.0,8862.6,6983.8,3377.7999999999997,9361.0,971.5,30.8,92300694635.64305,125.04012224852944,1325.9188145349403
4,268713.2400000002,91894.04999999999,35083.75504110001,18585.308678999976,3016.401692549982,54180.31999999997,1872.1000000000008,0,31912.0,14475.0,8862.6,6983.8,3377.7999999999997,9361.0,971.5,30.8,76622577988.3919,36.911467996968376,775.7011389418957
5,429125.6799999981,192314.37999999992,56737.875708900036,27710.010379999967,3116.88004594998,81313.15999999995,15608.269999999982,0,31912.0,14475.0,8862.6,6983.8,3377.7999999999997,9361.0,971.5,30.8,127465533213.58707,127.58716214414426,1361.050236283241
6,273915.6100000002,93444.96999999999,38657.603883599775,19912.54985999997,4347.396118349982,41060.1,2386.199999999996,0,31912.0,14475.0,8862.6,6983.8,3377.7999999999997,9361.0,971.5,30.8,103513501343.63133,38.35814900859689,789.7736715480555
7,303737.7199999996,106089.04999999997,39231.49689519971,21686.20256749999,7018.903169799935,53093.91999999997,5329.6649999999945,0,31912.0,14475.0,8862.6,6983.8,3377.7999999999997,9361.0,971.5,30.8,73737114329.76024,39.6955847219643,885.872062341895
