,contributed_CCGT,contributed_Coal,contributed_Onshore,contributed_Offshore,contributed_PV,contributed_Nuclear,contributed_Recip_gas,contributed_Biomass,total_CCGT,total_Coal,total_Onshore,total_Offshore,total_PV,total_Nuclear,total_Recip_gas,Carbon_tax,total_genco_wealth,Electricity_cost,Carbon_emitted
0,378723.2999999985,231151.95999999993,23300.55530880004,29579.745223999984,3154.551064599939,83447.15999999997,13793.399999999998,0,31912.0,14475.0,8862.6,6983.8,3377.7999999999997,9361.0,971.5,30.8,52527100599.119156,220.6094234160372,1327.3876371200756
1,314217.0999999994,199801.56999999983,23457.71835600004,29595.668287999964,3122.2863189999775,57231.94000000001,9820.279999999986,0,31912.0,14475.0,8862.6,6983.8,3377.7999999999997,9361.0,971.5,30.8,62037239114.95281,101.68903585726453,1116.5710806148593
2,387415.77999999805,227745.09999999986,21600.00799559999,29224.130127999983,1658.9456695999324,79902.77999999997,13095.970000000001,0,31912.0,14475.0,8862.6,6983.8,3377.7999999999997,9361.0,971.5,30.8,143251293809.15958,289.60878934670075,1336.0155280297943
3,410539.0199999978,226456.2599999999,23278.20383160005,29656.706700000013,3188.160174599965,86791.71999999997,14986.499999999989,0,31912.0,14475.0,8862.6,6983.8,3377.7999999999997,9361.0,971.5,30.8,240186958083.49963,322.19783652922575,1384.8417358114752
4,211229.07000000027,165631.9599999998,19971.780371,25637.578113499978,3102.136713299977,49741.600000000006,126.1,0,31912.0,14475.0,8862.6,6983.8,3377.7999999999997,9361.0,971.5,30.8,226892654358.2308,44.72209899437204,805.2054265000806
5,412280.41999999795,216614.78999999978,23464.752699000044,29595.668287999964,3122.2863189999775,94853.38999999996,14867.189999999988,0,31912.0,14475.0,8862.6,6983.8,3377.7999999999997,9361.0,971.5,30.8,364736420178.0888,297.06058946591924,1366.1743420364153
6,238361.25000000026,156113.89999999997,17938.629437700005,22491.235018499974,4242.1331081999815,46812.20000000001,116.39999999999999,0,31912.0,14475.0,8862.6,6983.8,3377.7999999999997,9361.0,971.5,30.8,344627522263.5234,42.87459580949936,840.826610532201
7,232727.19000000018,188227.64999999967,26153.70658669999,31690.504281999994,7368.902718099927,53961.100000000006,4652.119999999998,0,31912.0,14475.0,8862.6,6983.8,3377.7999999999997,9361.0,971.5,30.8,320755552873.8853,45.40671278713072,912.0566675347014
