,contributed_CCGT,contributed_Coal,contributed_Onshore,contributed_Offshore,contributed_PV,contributed_Nuclear,contributed_Recip_gas,contributed_Biomass,total_CCGT,total_Coal,total_Onshore,total_Offshore,total_PV,total_Nuclear,total_Recip_gas,Carbon_tax,total_genco_wealth,Electricity_cost,Carbon_emitted
0,383284.8299999986,250353.11999999997,21168.9173655,27491.479201999995,3154.551064599939,82160.93999999997,13232.739999999993,0,31912.0,14475.0,8862.6,6983.8,3377.7999999999997,9361.0,971.5,30.8,21411618906.297894,118.09126829127122,1364.2762635617573
1,301462.9400000005,233962.92999999985,21103.37918939999,28238.644549999965,3115.361765749977,58885.78999999999,4754.939999999999,0,31912.0,14475.0,8862.6,6983.8,3377.7999999999997,9361.0,971.5,30.8,17412658239.065994,58.54711959206446,1144.206016956138
2,384386.3999999985,238789.67999999985,18903.133058799864,26436.902860000013,1653.7643065999337,101984.82999999996,13272.509999999991,0,31912.0,14475.0,8862.6,6983.8,3377.7999999999997,9361.0,971.5,30.8,38973689635.73738,119.84705623468248,1340.8377565526364
3,409722.4099999985,251679.94999999995,20788.41130419991,27462.295924000002,3175.5712952999647,100780.08999999997,14123.68499999999,0,31912.0,14475.0,8862.6,6983.8,3377.7999999999997,9361.0,971.5,30.8,65538648514.63117,127.18560341853708,1426.305444800097
4,204361.9700000004,200077.91999999972,16348.101755500044,20663.57581799999,3072.0124017499784,43343.48,157.14000000000001,0,31912.0,14475.0,8862.6,6983.8,3377.7999999999997,9361.0,971.5,30.8,49222853820.5326,35.959722157505915,861.6744735121608
5,406579.70999999845,265870.9199999999,21821.376225499986,28339.536373999967,3115.720114999979,91723.19999999997,14153.754999999986,0,31912.0,14475.0,8862.6,6983.8,3377.7999999999997,9361.0,971.5,30.8,86876743355.2035,128.8737112722246,1448.1081279761554
6,204781.67000000027,198423.47999999978,16177.828091300033,21100.151357999974,2664.148230449975,48893.82,174.6,0,31912.0,14475.0,8862.6,6983.8,3377.7999999999997,9361.0,971.5,30.8,62854432801.53303,36.952793395191875,858.822984525041
7,254849.83000000016,203934.57999999967,17427.934535399996,22324.80921149999,7033.181957099936,47852.04,209.51999999999995,0,31912.0,14475.0,8862.6,6983.8,3377.7999999999997,9361.0,971.5,30.8,34948840667.890594,38.705352105794994,973.3017912428412
