,contributed_CCGT,contributed_Coal,contributed_Onshore,contributed_Offshore,contributed_PV,contributed_Nuclear,contributed_Recip_gas,contributed_Biomass,total_CCGT,total_Coal,total_Onshore,total_Offshore,total_PV,total_Nuclear,total_Recip_gas,Carbon_tax,total_genco_wealth,Electricity_cost,Carbon_emitted
0,439943.0499999985,155406.33999999973,55081.554274999915,24713.068690500004,3149.7655248999404,82633.32999999999,12865.110000000002,0,31912.0,14475.0,8862.6,6983.8,3377.7999999999997,9361.0,971.5,30.8,29086595055.28028,124.0380689089476,1291.5399759433217
1,352660.5299999992,138605.02999999997,45182.82217849987,23252.55977349997,3097.363155149977,59761.69999999996,8675.67999999999,0,31912.0,14475.0,8862.6,6983.8,3377.7999999999997,9361.0,971.5,30.8,29139684947.399517,63.55548722673066,1071.7170491919383
2,424854.1399999982,169990.03000000014,48970.19843049963,24262.802209000012,1651.6454770999335,79080.21999999994,13613.95,0,31912.0,14475.0,8862.6,6983.8,3377.7999999999997,9361.0,971.5,30.8,56888785418.82367,121.69271852786657,1297.240151181943
3,447594.7399999981,177254.3600000001,54087.334723299675,27489.549288000006,3177.0598984999647,83316.20999999995,13554.779999999997,0,31912.0,14475.0,8862.6,6983.8,3377.7999999999997,9361.0,971.5,30.8,88833860301.55545,124.09048286743054,1360.768944875283
4,242536.63000000018,126374.68999999996,35102.485440399956,18650.028701999974,3065.51447464998,42536.43999999999,1154.3000000000009,0,31912.0,14475.0,8862.6,6983.8,3377.7999999999997,9361.0,971.5,30.8,74756692296.0577,34.65511724630333,796.8168480966184
5,428857.2399999979,195402.1700000001,50948.81990200002,29185.504758999992,3113.607608099979,80305.32999999994,12713.789999999999,0,31912.0,14475.0,8862.6,6983.8,3377.7999999999997,9361.0,971.5,30.8,122689027840.11913,123.23408929017228,1361.5195971136627
6,240271.25000000015,127695.71999999996,32925.701495199915,17110.306435999988,4329.024239349979,49834.71999999997,960.3000000000009,0,31912.0,14475.0,8862.6,6983.8,3377.7999999999997,9361.0,971.5,30.8,100296427031.80176,33.978223003208136,794.7720503965581
7,281095.84000000014,136090.88,35990.132789599746,19453.47143249997,6644.372483549937,55266.719999999965,1076.7000000000007,0,31912.0,14475.0,8862.6,6983.8,3377.7999999999997,9361.0,971.5,30.8,73602203807.18661,37.56792405174007,896.7568323702358
