,contributed_CCGT,contributed_Coal,contributed_Onshore,contributed_Offshore,contributed_PV,contributed_Nuclear,contributed_Recip_gas,contributed_Biomass,total_CCGT,total_Coal,total_Onshore,total_Offshore,total_PV,total_Nuclear,total_Recip_gas,Carbon_tax,total_genco_wealth,Electricity_cost,Carbon_emitted
0,339269.87999999884,200717.49999999956,23300.55530880004,29579.745223999984,3154.551064599939,165604.86687359976,17593.86000000001,0,31912.0,14475.0,8862.6,6983.8,3377.7999999999997,9361.0,971.5,30.8,17193876339.056957,102.52127599408236,1186.2237751449995
1,257132.6400000003,160118.77999999997,23464.752699000044,29595.668287999964,3122.2863189999775,165604.86687359976,13409.279999999992,0,31912.0,14475.0,8862.6,6983.8,3377.7999999999997,9361.0,971.5,30.8,12587002399.251797,56.93361741018464,913.0996398544418
2,335242.319999999,202837.85999999958,21601.84304159999,29224.130127999983,1658.9456695999324,165604.86687359976,16972.575,0,31912.0,14475.0,8862.6,6983.8,3377.7999999999997,9361.0,971.5,30.8,21664568318.820705,90.4340547343982,1180.5466074982799
3,359083.0599999982,208009.34999999945,23278.20383160005,29656.706700000013,3188.160174599965,165604.86687359976,18430.970000000023,0,31912.0,14475.0,8862.6,6983.8,3377.7999999999997,9361.0,971.5,30.8,49169957483.30448,135.58476561722716,1245.291843351297
4,126079.38000000008,147514.32999999996,21976.508373999994,29595.668287999968,3116.600719849977,145749.00078480007,10999.799999999997,0,31912.0,14475.0,8862.6,6983.8,3377.7999999999997,9361.0,971.5,30.8,35685511498.07353,42.21309803882004,607.4339163333412
5,364358.4599999981,206930.8499999996,23464.752699000044,29595.668287999964,3122.2863189999775,165604.86687359976,18237.94000000002,0,31912.0,14475.0,8862.6,6983.8,3377.7999999999997,9361.0,971.5,30.8,53161909715.011795,93.38573694591692,1252.2783220282988
6,168989.2200000003,115393.71999999996,25382.41972940003,33219.85978699999,4481.118655799984,132812.50266480024,12047.399999999996,0,31912.0,14475.0,8862.6,6983.8,3377.7999999999997,9361.0,971.5,30.8,34287058845.370712,43.91601822588124,624.9936546205612
7,153499.86,162800.03999999983,31127.354649799934,38204.78456500007,7411.30295159993,143194.1345464001,10475.999999999998,0,31912.0,14475.0,8862.6,6983.8,3377.7999999999997,9361.0,971.5,30.8,10494081837.11177,43.641712236093895,701.7821168959221
