,contributed_CCGT,contributed_Coal,contributed_Onshore,contributed_Offshore,contributed_PV,contributed_Nuclear,contributed_Recip_gas,contributed_Biomass,total_CCGT,total_Coal,total_Onshore,total_Offshore,total_PV,total_Nuclear,total_Recip_gas,Carbon_tax,total_genco_wealth,Electricity_cost,Carbon_emitted
0,405027.3399999976,209242.50999999986,23096.295550900035,29579.745223999984,3154.551064599939,94269.44999999987,13289.969999999996,0,31912.0,14475.0,8862.6,6983.8,3377.7999999999997,9361.0,971.5,30.8,12101045773.329273,87.42014190478575,1329.9500028289785
1,314568.9599999992,192829.81999999992,22078.384505800022,28313.40198799997,3117.9540093999776,75927.71999999991,3906.1899999999955,0,31912.0,14475.0,8862.6,6983.8,3377.7999999999997,9361.0,971.5,30.8,5730200666.000228,53.98776967235836,1087.8746653483636
2,399806.2599999976,212207.37999999983,19870.71171569983,27688.46611,1654.2143948499333,97772.11999999986,13281.239999999996,0,31912.0,14475.0,8862.6,6983.8,3377.7999999999997,9361.0,971.5,30.8,17359795672.074074,94.69134355919802,1326.8734631972372
3,419858.45999999787,213831.64999999988,22103.207853399945,28917.699420000008,3183.8197855999642,105078.1599999999,14162.969999999992,0,31912.0,14475.0,8862.6,6983.8,3377.7999999999997,9361.0,971.5,30.8,34053408061.475655,107.58714118116352,1372.9937339266962
4,212483.89000000042,169850.06999999986,17250.6045189,21793.350027499986,3024.2444019499812,63980.22999999995,230.85999999999993,0,31912.0,14475.0,8862.6,6983.8,3377.7999999999997,9361.0,971.5,30.8,19013657298.307125,39.57468823925061,810.8140489978636
5,423712.6999999979,211989.33999999982,23413.601689000043,29595.668287999964,3122.2863189999775,101241.80999999988,13289.969999999996,0,31912.0,14475.0,8862.6,6983.8,3377.7999999999997,9361.0,971.5,30.8,43679409418.0021,106.12077789264323,1374.9347242773167
6,223464.96000000025,151337.55999999994,18380.278081299988,23183.74332299998,4433.609654499983,64746.529999999955,193.99999999999997,0,31912.0,14475.0,8862.6,6983.8,3377.7999999999997,9361.0,971.5,30.8,21471655152.11991,39.96187134381646,800.0395446288826
7,243943.90000000026,176914.9999999999,22519.05130570002,28020.662433000005,7158.8163882999315,63692.13999999995,232.7999999999999,0,31912.0,14475.0,8862.6,6983.8,3377.7999999999997,9361.0,971.5,30.8,-6294892997.660876,40.77206576146722,899.7353846500017
