,contributed_CCGT,contributed_Coal,contributed_Onshore,contributed_Offshore,contributed_PV,contributed_Nuclear,contributed_Recip_gas,contributed_Biomass,total_CCGT,total_Coal,total_Onshore,total_Offshore,total_PV,total_Nuclear,total_Recip_gas,Carbon_tax,total_genco_wealth,Electricity_cost,Carbon_emitted
0,391370.5999999982,222926.50999999975,23300.55530880004,29579.745223999984,3154.551064599939,76257.51999999999,13193.94,0,31912.0,14475.0,8862.6,6983.8,3377.7999999999997,9361.0,971.5,30.8,51259162235.023506,222.09428480481074,1333.4904996409725
1,309566.3799999995,206890.23999999973,23400.984850500037,29595.668287999964,3122.2863189999775,55173.600000000006,9957.049999999987,0,31912.0,14475.0,8862.6,6983.8,3377.7999999999997,9361.0,971.5,30.8,59602997422.109764,99.31541229641668,1123.2254061755189
2,389336.21999999817,228007.37999999992,21586.061645999984,29224.130127999983,1658.7492167999326,78833.83999999998,13115.369999999999,0,31912.0,14475.0,8862.6,6983.8,3377.7999999999997,9361.0,971.5,30.8,137740368498.88803,283.7057669099613,1340.5386542972353
3,394378.999999998,235651.07999999993,23278.20383160005,29656.706700000013,3188.160174599965,96153.18999999994,14920.53999999999,0,31912.0,14475.0,8862.6,6983.8,3377.7999999999997,9361.0,971.5,30.8,235497437492.03683,323.9554529772315,1371.4961296898355
4,215293.1100000005,172438.89999999985,19166.15724029998,25429.327387999976,3112.8600372499764,44513.3,0.0,0,31912.0,14475.0,8862.6,6983.8,3377.7999999999997,9361.0,971.5,30.8,221985410935.24744,43.30281468556627,825.5215086022029
5,396524.39999999804,240040.7199999999,23464.752699000044,29595.668287999964,3122.2863189999775,90061.58999999997,13263.780000000002,0,31912.0,14475.0,8862.6,6983.8,3377.7999999999997,9361.0,971.5,30.8,362259536836.9734,295.6173873737793,1382.2831028065552
6,221178.15000000029,171309.7699999999,18108.904227099993,23054.313736499975,4206.58028559998,48403.0,0.0,0,31912.0,14475.0,8862.6,6983.8,3377.7999999999997,9361.0,971.5,30.8,340894195963.62177,42.567961262447405,839.6166594584614
7,246491.94000000012,172940.4299999998,28260.23567259995,33157.69411450002,7380.534715849932,50828.0,4144.8099999999995,0,31912.0,14475.0,8862.6,6983.8,3377.7999999999997,9361.0,971.5,30.8,317013017550.20593,47.185936744249695,905.7815682811422
