,contributed_CCGT,contributed_Coal,contributed_Onshore,contributed_Offshore,contributed_PV,contributed_Nuclear,contributed_Recip_gas,contributed_Biomass,total_CCGT,total_Coal,total_Onshore,total_Offshore,total_PV,total_Nuclear,total_Recip_gas,Carbon_tax,total_genco_wealth,Electricity_cost,Carbon_emitted
0,423537.3799999986,189276.23999999987,22340.74835980003,29321.154919999986,3154.551064599939,90949.13999999997,14174.12499999999,0,31912.0,14475.0,8862.6,6983.8,3377.7999999999997,9361.0,971.5,30.8,26774580433.546688,132.85265558342942,1340.0153734135167
1,347043.7399999995,164398.95999999996,22228.533822499998,28723.11160399997,3118.7659293999773,57669.40999999999,11172.945000000003,0,31912.0,14475.0,8862.6,6983.8,3377.7999999999997,9361.0,971.5,30.8,27136873322.61133,76.56685219867167,1121.853896616078
2,426481.2699999985,199453.5299999999,19017.157208699828,26269.702898000003,1654.4063701499329,90789.08999999997,14783.769999999971,0,31912.0,14475.0,8862.6,6983.8,3377.7999999999997,9361.0,971.5,30.8,50339282385.32165,128.7854361921391,1369.9386340149372
3,440228.04999999877,202179.53999999986,22458.68821539996,29580.470796000012,3185.1984973999643,102341.78999999995,15155.279999999968,0,31912.0,14475.0,8862.6,6983.8,3377.7999999999997,9361.0,971.5,30.8,76301095509.15955,131.7184162985125,1404.681575976918
4,267994.7100000003,117214.25999999995,16775.867361400007,20996.092708999986,3024.2444019499812,49764.88,227.94999999999993,0,31912.0,14475.0,8862.6,6983.8,3377.7999999999997,9361.0,971.5,30.8,61418459416.5308,42.23107621226916,828.6802438554822
5,421565.6599999986,196025.7099999999,23028.291411700022,29519.432383999963,3122.2863189999775,106711.63999999994,14912.29499999997,0,31912.0,14475.0,8862.6,6983.8,3377.7999999999997,9361.0,971.5,30.8,103344461467.67818,134.92593023712774,1352.5720207725767
6,271523.11000000004,123433.57999999997,17904.791550300008,22830.83424499997,4204.044786799979,39705.98,877.8500000000009,0,31912.0,14475.0,8862.6,6983.8,3377.7999999999997,9361.0,971.5,30.8,80491196678.3378,41.38023201393099,850.094559464842
7,296300.4400000005,138637.04,18895.769837300024,23784.79869,7134.1283587499365,46827.719999999994,8302.22999999999,0,31912.0,14475.0,8862.6,6983.8,3377.7999999999997,9361.0,971.5,30.8,54493459380.247955,43.19384734582572,949.5306300419198
