,contributed_CCGT,contributed_Coal,contributed_Onshore,contributed_Offshore,contributed_PV,contributed_Nuclear,contributed_Recip_gas,contributed_Biomass,total_CCGT,total_Coal,total_Onshore,total_Offshore,total_PV,total_Nuclear,total_Recip_gas,Carbon_tax,total_genco_wealth,Electricity_cost,Carbon_emitted
0,396708.1199999978,232578.3199999999,23300.55530880004,29579.745223999984,3154.551064599939,73205.9,13085.300000000001,0,31912.0,14475.0,8862.6,6983.8,3377.7999999999997,9361.0,971.5,30.8,37734301202.80618,171.60419609710516,1364.7179858913555
1,331577.429999999,190584.63999999978,23464.752699000044,29595.668287999964,3121.986565299978,55173.600000000006,7469.484999999996,0,31912.0,14475.0,8862.6,6983.8,3377.7999999999997,9361.0,971.5,30.8,38437371925.17684,75.95658126123674,1125.5968374967217
2,406197.3199999977,215386.71999999983,21454.676843499943,29224.130127999983,1658.9324261499328,79879.49999999997,13077.54,0,31912.0,14475.0,8862.6,6983.8,3377.7999999999997,9361.0,971.5,30.8,84372594483.37744,190.83342803039685,1344.6798375545557
3,427991.47999999777,216934.3599999998,23278.20383160005,29656.706700000013,3188.160174599965,85815.89999999997,14550.484999999991,0,31912.0,14475.0,8862.6,6983.8,3377.7999999999997,9361.0,971.5,30.8,142941576874.31882,222.39865482155832,1397.2138008652753
4,205957.68000000028,188692.58999999968,17747.628086000004,22942.10759299998,3024.2444019499812,45978.0,0.0,0,31912.0,14475.0,8862.6,6983.8,3377.7999999999997,9361.0,971.5,30.8,128069997952.95392,39.59576926923891,839.189568020822
5,411778.9399999976,236759.7899999999,23464.752699000044,29595.668287999964,3122.2863189999775,81229.73999999998,13122.159999999998,0,31912.0,14475.0,8862.6,6983.8,3377.7999999999997,9361.0,971.5,30.8,218446212446.22495,219.92575923985737,1405.641269766416
6,220536.62000000034,170267.44999999975,20614.185452599977,26198.818524499984,4264.490618899984,46104.100000000006,0.0,0,31912.0,14475.0,8862.6,6983.8,3377.7999999999997,9361.0,971.5,30.8,196594552109.10425,42.87396192800469,835.0643531151021
7,257792.25000000015,174826.3899999999,24056.572833500042,29571.892590500007,7194.704147799932,49741.600000000006,116.39999999999999,0,31912.0,14475.0,8862.6,6983.8,3377.7999999999997,9361.0,971.5,30.8,170329606091.34833,43.35118314651217,922.9035132932227
