,contributed_CCGT,contributed_Coal,contributed_Onshore,contributed_Offshore,contributed_PV,contributed_Nuclear,contributed_Recip_gas,contributed_Biomass,total_CCGT,total_Coal,total_Onshore,total_Offshore,total_PV,total_Nuclear,total_Recip_gas,Carbon_tax,total_genco_wealth,Electricity_cost,Carbon_emitted
0,354069.9899999998,243610.37999999986,43959.665418999786,21783.951113499996,3120.418175899942,59117.61999999998,7295.369999999996,0,31912.0,14475.0,8862.6,6983.8,3377.7999999999997,9361.0,971.5,30.8,9836662854.761782,65.81141823878176,1302.6349910312344
1,282405.2100000007,209120.65999999992,39225.92969659997,19583.36166449996,3100.491062899979,42474.35999999998,2883.809999999996,0,31912.0,14475.0,8862.6,6983.8,3377.7999999999997,9361.0,971.5,30.8,1116203562.439752,32.49746206303973,1073.0361324426756
2,377141.49999999953,228166.8599999999,41249.59765769972,18928.77920299994,1634.3789639999354,59730.65999999998,10958.575000000004,0,31912.0,14475.0,8862.6,6983.8,3377.7999999999997,9361.0,971.5,30.8,8441802358.563271,70.9721360206117,1321.2643628402752
3,373421.6599999993,263815.74999999994,43206.36691099972,21034.067495999992,3143.410585899966,60300.04999999998,12668.2,0,31912.0,14475.0,8862.6,6983.8,3377.7999999999997,9361.0,971.5,30.8,19322794680.109882,74.0340931594125,1397.9119482384956
4,176262.2299999998,177205.0,26922.244211799978,15372.65552699999,2569.486925399985,23499.21999999999,1086.4000000000008,0,31912.0,14475.0,8862.6,6983.8,3377.7999999999997,9361.0,971.5,30.8,-3188341717.651182,9.416311950281925,773.1545014899986
5,369806.7899999998,247843.80999999994,42270.4558926,20093.84109599997,3082.84314464998,62410.769999999975,11531.36,0,31912.0,14475.0,8862.6,6983.8,3377.7999999999997,9361.0,971.5,30.8,10519156874.955412,72.42276758648542,1356.170601966376
6,172143.2499999999,167096.88999999987,29537.40521369999,15773.04273599998,3159.171496349981,38307.23999999998,1008.8000000000006,0,31912.0,14475.0,8862.6,6983.8,3377.7999999999997,9361.0,971.5,30.8,-19200988991.8513,17.902743425390874,737.354387652218
7,203476.28,187608.84,33078.34563249991,18553.809832999967,6185.930313049961,39349.01999999998,1047.6000000000008,0,31912.0,14475.0,8862.6,6983.8,3377.7999999999997,9361.0,971.5,30.8,-50708457117.6563,25.910016841377853,855.0797467583186
