,contributed_CCGT,contributed_Coal,contributed_Onshore,contributed_Offshore,contributed_PV,contributed_Nuclear,contributed_Recip_gas,contributed_Biomass,total_CCGT,total_Coal,total_Onshore,total_Offshore,total_PV,total_Nuclear,total_Recip_gas,Carbon_tax,total_genco_wealth,Electricity_cost,Carbon_emitted
0,334392.4199999996,249030.89999999988,54924.26459429986,27445.06330399998,3173.1274411499357,96054.24999999991,12007.62999999999,0,31912.0,14475.0,8862.6,6983.8,3377.7999999999997,9361.0,971.5,30.8,95829547628.90059,314.18307279220824,1264.2659292182002
1,242961.6500000003,245338.68999999992,50530.90535419998,27111.599167999964,3139.364434499975,77186.77999999994,3707.3399999999974,0,31912.0,14475.0,8862.6,6983.8,3377.7999999999997,9361.0,971.5,30.8,108885591156.2893,87.34380097364333,1048.752828048621
2,322654.2299999997,260172.31999999998,48250.795874099706,23255.30111000001,1660.2845943999346,102063.39999999994,11981.43999999999,0,31912.0,14475.0,8862.6,6983.8,3377.7999999999997,9361.0,971.5,30.8,233656621381.61874,335.07682265847984,1260.51934012336
3,364122.86999999883,253063.46999999994,55703.66914879975,29012.46540000002,3195.1805216499606,96912.69999999992,12106.569999999994,0,31912.0,14475.0,8862.6,6983.8,3377.7999999999997,9361.0,971.5,30.8,381580153859.79083,352.9852495559628,1331.5493589110595
4,145793.58000000007,216383.7999999999,36831.403575499964,19181.06737799997,3035.706728149979,55555.77999999998,348.2299999999998,0,31912.0,14475.0,8862.6,6983.8,3377.7999999999997,9361.0,971.5,30.8,368880423421.91565,32.253099582919766,779.5062528523998
5,350805.3299999998,260630.70999999993,56146.99494179993,31724.69734399997,3140.622681649975,94923.22999999991,12222.969999999988,0,31912.0,14475.0,8862.6,6983.8,3377.7999999999997,9361.0,971.5,30.8,579197436378.5211,349.5506195174499,1328.7253289125792
6,155031.5500000002,207041.22999999986,36935.42335879984,19591.452557999964,2933.241875899978,61160.439999999966,338.5299999999998,0,31912.0,14475.0,8862.6,6983.8,3377.7999999999997,9361.0,971.5,30.8,560040516329.1062,34.35735688890686,777.3926489395398
7,200495.23999999996,205099.0600000001,41920.903045399726,21612.210402,7188.535130199937,64880.38999999995,353.0799999999998,0,31912.0,14475.0,8862.6,6983.8,3377.7999999999997,9361.0,971.5,30.8,536960415421.60645,37.685269602138845,865.8518186858782
