,contributed_CCGT,contributed_Coal,contributed_Onshore,contributed_Offshore,contributed_PV,contributed_Nuclear,contributed_Recip_gas,contributed_Biomass,total_CCGT,total_Coal,total_Onshore,total_Offshore,total_PV,total_Nuclear,total_Recip_gas,Carbon_tax,total_genco_wealth,Electricity_cost,Carbon_emitted
0,343020.1999999997,275745.5100000001,51267.12702189966,24843.617997999994,3161.425559599938,85438.56999999992,11289.82999999999,0,31912.0,14475.0,8862.6,6983.8,3377.7999999999997,9361.0,971.5,30.8,44190648328.465706,156.04982034107877,1337.5711959429789
1,261333.78999999995,247152.8300000003,43619.720179299904,22212.95156599997,3109.9145266499772,72329.01999999993,2976.9299999999976,0,31912.0,14475.0,8862.6,6983.8,3377.7999999999997,9361.0,971.5,30.8,48502242579.92055,67.708224438046,1088.2359308763362
2,322643.16000000015,297323.5900000002,47947.41761679953,24123.693588,1662.3634006499353,80179.22999999991,11141.419999999995,0,31912.0,14475.0,8862.6,6983.8,3377.7999999999997,9361.0,971.5,30.8,101248669446.32458,174.8114756406354,1341.6908969988176
3,375788.86000000016,275257.8700000001,51860.0191227995,22474.816481999995,3154.9740522499637,92076.27999999991,12760.349999999993,0,31912.0,14475.0,8862.6,6983.8,3377.7999999999997,9361.0,971.5,30.8,181460389982.91412,230.78994842865166,1403.6729021022577
4,152890.0599999998,214509.68000000014,38098.00292960002,18547.496246999977,2602.1793718499825,61878.239999999954,1105.8000000000006,0,31912.0,14475.0,8862.6,6983.8,3377.7999999999997,9361.0,971.5,30.8,166771020194.28424,27.8885513253117,791.2680667326387
5,361312.58999999985,285670.66000000027,55720.35149979973,24245.26549149999,3108.1875375999775,81996.03999999992,12869.959999999986,0,31912.0,14475.0,8862.6,6983.8,3377.7999999999997,9361.0,971.5,30.8,312746271568.8162,261.56586500911965,1400.0593714026793
6,151885.96999999974,220622.70000000027,35154.15122939993,16814.43096899999,2925.468078599977,69933.11999999994,1048.5700000000006,0,31912.0,14475.0,8862.6,6983.8,3377.7999999999997,9361.0,971.5,30.8,288783737899.1905,27.08962766236068,802.7541677345989
7,193291.47999999992,229486.93000000014,40413.71364069975,19520.90019049997,7051.264059349942,63618.41999999995,1053.4200000000008,0,31912.0,14475.0,8862.6,6983.8,3377.7999999999997,9361.0,971.5,30.8,260868065254.9417,32.28306809595683,906.5968236281385
