,contributed_CCGT,contributed_Coal,contributed_Onshore,contributed_Offshore,contributed_PV,contributed_Nuclear,contributed_Recip_gas,contributed_Biomass,total_CCGT,total_Coal,total_Onshore,total_Offshore,total_PV,total_Nuclear,total_Recip_gas,Carbon_tax,total_genco_wealth,Electricity_cost,Carbon_emitted
0,429164.53999999794,157762.00999999972,55222.84251559986,30195.73515199999,3151.0803474999393,80408.14999999994,13909.8,0,31912.0,14475.0,8862.6,6983.8,3377.7999999999997,9361.0,971.5,30.8,28424622834.509834,123.86082005346357,1277.0367586699801
1,361473.17999999906,130908.86999999991,43958.95308009993,23759.376692499958,3106.5822339999772,56133.899999999965,10022.040000000008,0,31912.0,14475.0,8862.6,6983.8,3377.7999999999997,9361.0,971.5,30.8,25892469046.50407,66.9628196368393,1075.1666434602569
2,438323.2899999978,152633.67999999985,47986.347664699766,26585.44909400002,1651.2965211499331,84782.84999999993,14837.604999999992,0,31912.0,14475.0,8862.6,6983.8,3377.7999999999997,9361.0,971.5,30.8,59415795727.83705,123.82955865694872,1289.61350001464
3,457991.49999999837,155131.2199999996,49861.58659439964,30108.106251000023,3170.9272364999642,107040.47,15666.469999999983,0,31912.0,14475.0,8862.6,6983.8,3377.7999999999997,9361.0,971.5,30.8,89156787553.96887,125.64273534970117,1332.06972802556
4,269279.99000000017,98056.39999999995,35481.78304660001,18631.158338999976,3033.782651049982,42666.41999999999,2007.9000000000008,0,31912.0,14475.0,8862.6,6983.8,3377.7999999999997,9361.0,971.5,30.8,73256105236.16135,36.05552063782985,789.6493012271966
5,444860.2199999978,158909.3699999997,55996.92362280011,28536.701671999963,3115.5355169999802,96304.50999999998,14512.654999999995,0,31912.0,14475.0,8862.6,6983.8,3377.7999999999997,9361.0,971.5,30.8,124643249508.61894,126.01455935413618,1311.5015415292612
6,283939.55999999994,86345.34999999998,34804.715587299885,17746.078621999975,4186.0352668999785,44319.29999999999,2610.754999999997,0,31912.0,14475.0,8862.6,6983.8,3377.7999999999997,9361.0,971.5,30.8,100611238863.71077,37.746960645549684,794.8776878692951
7,315574.8499999995,100009.40999999995,36749.86993449977,18757.042724999967,6991.643622449936,49184.81999999998,7923.929999999996,0,31912.0,14475.0,8862.6,6983.8,3377.7999999999997,9361.0,971.5,30.8,70721622295.5127,39.84259424325793,901.6016976551757
