,contributed_CCGT,contributed_Coal,contributed_Onshore,contributed_Offshore,contributed_PV,contributed_Nuclear,contributed_Recip_gas,contributed_Biomass,total_CCGT,total_Coal,total_Onshore,total_Offshore,total_PV,total_Nuclear,total_Recip_gas,Carbon_tax,total_genco_wealth,Electricity_cost,Carbon_emitted
0,325400.12000000046,235153.0099999999,41642.972369499774,21367.271199000003,3119.0527094999406,90187.68999999994,5575.074999999995,0,31912.0,14475.0,8862.6,6983.8,3377.7999999999997,9361.0,971.5,30.8,7384596340.25298,58.493619592520325,1225.5683678979767
1,209106.1800000003,220962.46000000005,35919.085469399935,17816.60456999997,3076.6408410999775,90167.31999999993,2660.7099999999964,0,31912.0,14475.0,8862.6,6983.8,3377.7999999999997,9361.0,971.5,30.8,-2975021745.678636,29.605450444403328,951.3914373790788
2,329030.00000000006,224933.4399999999,40024.34085789978,19342.77196999995,1640.4851668999377,105554.42999999995,9059.799999999988,0,31912.0,14475.0,8862.6,6983.8,3377.7999999999997,9361.0,971.5,30.8,1947441850.1057608,69.67479483448409,1207.8026176691174
3,344941.3300000001,234304.86999999988,46065.25853249968,20819.09202450001,3170.6966317999636,103844.31999999995,12618.730000000003,0,31912.0,14475.0,8862.6,6983.8,3377.7999999999997,9361.0,971.5,30.8,10528545852.997004,73.48500056125818,1275.3273956282542
4,144740.7999999999,160285.35999999987,28137.55486439993,14381.607679999994,2997.2536332999803,69052.35999999996,1037.9000000000005,0,31912.0,14475.0,8862.6,6983.8,3377.7999999999997,9361.0,971.5,30.8,-13139646311.905554,7.17283424664586,672.4945527332798
5,328201.89999999997,241159.12999999986,42068.69401079999,21881.40646349998,3090.0148455499784,108925.17999999995,11435.815,0,31912.0,14475.0,8862.6,6983.8,3377.7999999999997,9361.0,971.5,30.8,-3305154702.966588,71.50993492241668,1255.4210773337338
6,152338.53999999995,162411.2499999999,26399.736135399977,14990.377502999987,3158.10110529998,93276.16999999995,805.1000000000004,0,31912.0,14475.0,8862.6,6983.8,3377.7999999999997,9361.0,971.5,30.8,-37670800459.93619,10.692143155780622,692.1890876275002
7,157686.43000000008,175697.62999999995,29846.082532499975,17249.83085549998,5345.741665149997,96497.53999999995,989.4000000000008,0,31912.0,14475.0,8862.6,6983.8,3377.7999999999997,9361.0,971.5,30.8,-72407973630.85881,23.472409446595737,734.2480950867397
