,contributed_CCGT,contributed_Coal,contributed_Onshore,contributed_Offshore,contributed_PV,contributed_Nuclear,contributed_Recip_gas,contributed_Biomass,total_CCGT,total_Coal,total_Onshore,total_Offshore,total_PV,total_Nuclear,total_Recip_gas,Carbon_tax,total_genco_wealth,Electricity_cost,Carbon_emitted
0,355167.1399999996,223052.62999999963,55439.9366247999,29047.867961999986,3169.2808529999365,101427.07999999993,12057.099999999991,0,31912.0,14475.0,8862.6,6983.8,3377.7999999999997,9361.0,971.5,30.8,106888020773.003,350.03909443301114,1246.3026745567388
1,277142.31,196742.05999999965,53002.92786960007,28339.413727999967,3143.320713449974,73117.62999999995,5970.349999999995,0,31912.0,14475.0,8862.6,6983.8,3377.7999999999997,9361.0,971.5,30.8,125351378860.06238,115.01449571850763,1016.6579751598796
2,352425.1200000001,216181.14999999973,54008.188407499605,25627.87975600001,1669.877428949934,97953.50999999992,11988.22999999999,0,31912.0,14475.0,8862.6,6983.8,3377.7999999999997,9361.0,971.5,30.8,257713836555.4549,354.3297499440582,1228.807941127699
3,366747.7299999998,235727.53999999978,55113.03700239975,26570.53030800001,3190.497878899962,106390.56999999992,14564.549999999981,0,31912.0,14475.0,8862.6,6983.8,3377.7999999999997,9361.0,971.5,30.8,404791119674.57574,354.08976590012526,1300.821244580921
4,154009.33000000016,195212.56999999963,41298.311115900025,19903.522978999965,3069.6669971499755,60300.04999999996,304.57999999999987,0,31912.0,14475.0,8862.6,6983.8,3377.7999999999997,9361.0,971.5,30.8,391550351236.147,36.092993731516394,748.9013852528599
5,358802.4499999997,222599.44999999972,59183.74770329995,28926.477247999966,3143.5832043999744,111336.59999999995,12778.779999999992,0,31912.0,14475.0,8862.6,6983.8,3377.7999999999997,9361.0,971.5,30.8,624761111428.0172,358.5284005604679,1252.9546793110997
6,187726.88999999984,157438.3799999999,40230.89923449987,19415.215397999968,3382.3583489499783,71002.05999999995,331.73999999999984,0,31912.0,14475.0,8862.6,6983.8,3377.7999999999997,9361.0,971.5,30.8,604268131017.2689,36.68284551943295,733.1139148352406
7,207530.1099999999,177993.2099999996,44797.17290559991,24319.708387999992,7130.004180949938,78009.33999999994,1641.2400000000014,0,31912.0,14475.0,8862.6,6983.8,3377.7999999999997,9361.0,971.5,30.8,579382630988.4586,39.1880976864578,822.16921074758
