,contributed_CCGT,contributed_Coal,contributed_Onshore,contributed_Offshore,contributed_PV,contributed_Nuclear,contributed_Recip_gas,contributed_Biomass,total_CCGT,total_Coal,total_Onshore,total_Offshore,total_PV,total_Nuclear,total_Recip_gas,Carbon_tax,total_genco_wealth,Electricity_cost,Carbon_emitted
0,454995.4099999982,185012.34999999992,21129.604235500017,27611.261338999993,3154.551064599939,77574.77999999997,13289.969999999996,0,31912.0,14475.0,8862.6,6983.8,3377.7999999999997,9361.0,971.5,30.8,22276709781.8371,122.01071939861356,1392.5186943652986
1,360729.69999999896,157867.2799999999,20988.617102299995,26852.53775899997,3118.415520249977,57536.51999999999,7231.834999999995,0,31912.0,14475.0,8862.6,6983.8,3377.7999999999997,9361.0,971.5,30.8,18930193189.124245,60.74870604614307,1128.1482050674385
2,427231.8199999979,202275.66999999987,19160.391540899825,26660.06390200001,1655.586619249933,82594.52999999996,13254.079999999996,0,31912.0,14475.0,8862.6,6983.8,3377.7999999999997,9361.0,971.5,30.8,40794790405.89534,126.93854294850193,1373.4728373666578
3,451174.2199999982,198812.52999999988,21154.289707299933,27621.462420000007,3182.670859099964,100983.78999999996,15155.279999999968,0,31912.0,14475.0,8862.6,6983.8,3377.7999999999997,9361.0,971.5,30.8,68258168516.5941,129.57870805617048,1418.2077016969397
4,268029.12000000046,118139.0299999999,16596.851446100023,20781.596578999997,3022.0672026499806,48210.939999999995,177.51,0,31912.0,14475.0,8862.6,6983.8,3377.7999999999997,9361.0,971.5,30.8,53467751579.2923,38.78998585403394,829.5297728839407
5,447990.4599999983,191953.71999999988,22089.778746600005,28302.33520999996,3117.918278949978,100640.40999999996,14145.02499999999,0,31912.0,14475.0,8862.6,6983.8,3377.7999999999997,9361.0,971.5,30.8,95776311018.8371,132.84117979973544,1393.2076563305588
6,257174.08000000042,135754.04,15913.84942010002,20611.02956999998,3228.4138647499826,44385.26,177.51,0,31912.0,14475.0,8862.6,6983.8,3377.7999999999997,9361.0,971.5,30.8,72135032592.04659,37.46243720402341,850.391729447921
7,324325.6799999999,122790.04999999989,19043.626636600016,23824.418782,7083.243441849933,45427.04,1795.4700000000018,0,31912.0,14475.0,8862.6,6983.8,3377.7999999999997,9361.0,971.5,30.8,45378981064.439445,40.49991227521999,961.3493729699012
