,contributed_CCGT,contributed_Coal,contributed_Onshore,contributed_Offshore,contributed_PV,contributed_Nuclear,contributed_Recip_gas,contributed_Biomass,total_CCGT,total_Coal,total_Onshore,total_Offshore,total_PV,total_Nuclear,total_Recip_gas,Carbon_tax,total_genco_wealth,Electricity_cost,Carbon_emitted
0,327411.65999999887,215111.29999999964,23300.55530880004,29579.745223999984,3154.551064599939,165604.86687359976,17809.685000000012,0,31912.0,14475.0,8862.6,6983.8,3377.7999999999997,9361.0,971.5,30.8,17029077354.302248,102.48229037570314,1193.7366304673976
1,230228.28000000052,192146.9599999998,23464.752699000044,29595.668287999964,3122.2863189999775,165604.86687359976,13408.309999999992,0,31912.0,14475.0,8862.6,6983.8,3377.7999999999997,9361.0,971.5,30.8,11369210805.36476,55.48925401093343,927.959468350082
2,324433.49999999895,214771.5999999995,21601.84304159999,29224.130127999983,1658.9456695999324,165604.86687359976,16973.545000000002,0,31912.0,14475.0,8862.6,6983.8,3377.7999999999997,9361.0,971.5,30.8,19705108207.990433,89.73174475991135,1185.2355955667988
3,367948.9999999982,202677.16999999952,23278.20383160005,29656.706700000013,3188.160174599965,165604.86687359976,17383.370000000006,0,31912.0,14475.0,8862.6,6983.8,3377.7999999999997,9361.0,971.5,30.8,47246712022.92689,136.02645945366024,1249.2648577636592
4,130695.42000000007,145417.66999999993,21972.539900300006,29595.668287999968,3116.600719849977,144165.6618696001,12047.399999999996,0,31912.0,14475.0,8862.6,6983.8,3377.7999999999997,9361.0,971.5,30.8,34026174016.265533,42.35594338795019,614.2526226026614
5,348009.4199999983,227184.07999999958,23464.752699000044,29595.668287999964,3122.2863189999775,165604.86687359976,17955.185000000016,0,31912.0,14475.0,8862.6,6983.8,3377.7999999999997,9361.0,971.5,30.8,49378449832.24607,92.17474433786869,1262.784625413837
6,183515.2800000003,101958.98000000005,25582.054003500038,33535.97722699999,4482.611414499983,135545.01540160022,8904.6,0,31912.0,14475.0,8862.6,6983.8,3377.7999999999997,9361.0,971.5,30.8,30543958887.971962,45.671281536684745,623.8100675740421
7,206954.1600000003,116028.87999999999,31310.357158399936,38306.24775700007,7415.26058399993,145936.22987440007,7857.000000000002,0,31912.0,14475.0,8862.6,6983.8,3377.7999999999997,9361.0,971.5,30.8,7037631970.297168,44.3688916418634,695.1621042942419
