,contributed_CCGT,contributed_Coal,contributed_Onshore,contributed_Offshore,contributed_PV,contributed_Nuclear,contributed_Recip_gas,contributed_Biomass,total_CCGT,total_Coal,total_Onshore,total_Offshore,total_PV,total_Nuclear,total_Recip_gas,Carbon_tax,total_genco_wealth,Electricity_cost,Carbon_emitted
0,410212.48999999807,157479.66999999993,54646.63463779991,26068.424959999993,3141.4803565499415,98140.71999999994,14148.420000000002,0,31912.0,14475.0,8862.6,6983.8,3377.7999999999997,9361.0,971.5,30.8,25487281019.659008,122.30255884193957,1241.9628628586615
1,370762.1599999992,114508.82999999997,46770.16256679993,25718.693365999978,3113.171054099979,56437.509999999966,9714.550000000003,0,31912.0,14475.0,8862.6,6983.8,3377.7999999999997,9361.0,971.5,30.8,24126830365.192677,68.41267823735535,1056.8040517043366
2,425552.6699999977,174452.64999999982,50389.75341799977,24448.21971300002,1655.4504570999322,79152.96999999996,13687.669999999991,0,31912.0,14475.0,8862.6,6983.8,3377.7999999999997,9361.0,971.5,30.8,54744175194.05725,122.03520032667622,1306.4971993847012
3,443187.03999999777,163982.82,52088.92062489966,25023.235168,3161.7322015999657,99563.70999999996,15626.699999999977,0,31912.0,14475.0,8862.6,6983.8,3377.7999999999997,9361.0,971.5,30.8,93104574125.8853,124.33696097281107,1325.231763662361
4,268774.6200000001,97963.48,35090.85558659999,17867.302868499963,3009.716844749981,45795.639999999985,2153.3999999999983,0,31912.0,14475.0,8862.6,6983.8,3377.7999999999997,9361.0,971.5,30.8,77152113109.0865,35.58016682273617,788.7586333050352
5,446096.96999999834,155744.2599999998,54351.447671600115,30302.62200199997,3122.1250905499787,89620.23999999995,14881.254999999994,0,31912.0,14475.0,8862.6,6983.8,3377.7999999999997,9361.0,971.5,30.8,130412786621.15147,126.70880672849064,1311.24216190548
6,262308.72000000026,104677.16999999997,34431.32492219993,17584.78146599998,3168.0870047999806,54180.31999999997,1794.5000000000007,0,31912.0,14475.0,8862.6,6983.8,3377.7999999999997,9361.0,971.5,30.8,106552361084.24805,37.584460100706195,792.4841721436561
7,299935.2699999998,117738.74999999994,35404.97453749981,19516.712077499968,7022.238021749936,46752.05999999998,5135.664999999995,0,31912.0,14475.0,8862.6,6983.8,3377.7999999999997,9361.0,971.5,30.8,76951163462.07713,39.42174551614273,904.9830558024959
