,contributed_CCGT,contributed_Coal,contributed_Onshore,contributed_Offshore,contributed_PV,contributed_Nuclear,contributed_Recip_gas,contributed_Biomass,total_CCGT,total_Coal,total_Onshore,total_Offshore,total_PV,total_Nuclear,total_Recip_gas,Carbon_tax,total_genco_wealth,Electricity_cost,Carbon_emitted
0,398021.51999999763,213939.43999999986,22528.138634300027,29362.036687999986,3154.551064599939,97799.27999999987,13289.969999999996,0,31912.0,14475.0,8862.6,6983.8,3377.7999999999997,9361.0,971.5,30.8,12048890257.63249,86.0971105840058,1326.2561181171175
1,314854.7999999991,193452.3399999999,22231.66268360001,28524.630421999966,3118.4694890499773,76982.10999999991,3779.1199999999953,0,31912.0,14475.0,8862.6,6983.8,3377.7999999999997,9361.0,971.5,30.8,5437983866.050536,53.76241534011218,1089.5860583313238
2,400582.5399999976,214471.10999999978,20126.40066989981,28161.793083999983,1657.1418141999325,95587.67999999988,13281.239999999996,0,31912.0,14475.0,8862.6,6983.8,3377.7999999999997,9361.0,971.5,30.8,16343773147.45021,94.40322258247552,1333.5005941917764
3,412200.4799999978,224228.4599999999,23178.34166230005,29656.706700000013,3186.615506749965,104914.2299999999,13289.969999999996,0,31912.0,14475.0,8862.6,6983.8,3377.7999999999997,9361.0,971.5,30.8,32917017210.915035,107.22993066877662,1378.875265567076
4,198443.73000000042,169992.54999999984,17277.4810267,21849.52615899998,2772.0703482499844,73293.19999999992,213.39999999999995,0,31912.0,14475.0,8862.6,6983.8,3377.7999999999997,9361.0,971.5,30.8,17656066059.464195,39.26174057831162,782.5950099849028
5,409528.2399999977,228930.88999999984,23387.48775640004,29595.668287999964,3122.2863189999775,97673.17999999986,13289.969999999996,0,31912.0,14475.0,8862.6,6983.8,3377.7999999999997,9361.0,971.5,30.8,40521565248.97449,103.83402282477003,1383.0666512642158
6,215773.2600000003,164192.76999999996,16587.793799500003,21109.603933999973,4157.353337199979,66602.13999999994,173.63,0,31912.0,14475.0,8862.6,6983.8,3377.7999999999997,9361.0,971.5,30.8,16886246722.10191,38.39302394292425,806.6471543324628
7,269331.0400000001,163909.62999999966,19587.388431500018,23825.94984,6691.771019949944,62059.629999999954,166.84,0,31912.0,14475.0,8862.6,6983.8,3377.7999999999997,9361.0,971.5,30.8,-13158863011.521208,40.149398031404566,922.9941834427417
