,contributed_CCGT,contributed_Coal,contributed_Onshore,contributed_Offshore,contributed_PV,contributed_Nuclear,contributed_Recip_gas,contributed_Biomass,total_CCGT,total_Coal,total_Onshore,total_Offshore,total_PV,total_Nuclear,total_Recip_gas,Carbon_tax,total_genco_wealth,Electricity_cost,Carbon_emitted
0,308100.29999999964,233016.64999999956,23300.55530880004,29579.745223999984,3154.551064599939,165604.86687359976,16138.37499999998,0,31912.0,14475.0,8862.6,6983.8,3377.7999999999997,9361.0,971.5,30.8,16778394268.929197,100.10228166935889,1191.0957725466992
1,202859.64000000042,213439.82999999967,23464.752699000044,29595.668287999964,3122.2863189999775,165604.86687359976,13408.309999999992,0,31912.0,14475.0,8862.6,6983.8,3377.7999999999997,9361.0,971.5,30.8,11555040347.676537,55.304213843036,922.6865057223422
2,333756.179999999,207754.81999999957,21601.84304159999,29224.130127999983,1658.9456695999324,165604.86687359976,16355.654999999977,0,31912.0,14475.0,8862.6,6983.8,3377.7999999999997,9361.0,971.5,30.8,20802860788.443913,90.35668567231433,1187.2490904083586
3,365313.1999999982,201146.93999999957,23278.20383160005,29656.706700000013,3188.160174599965,165604.86687359976,18430.970000000023,0,31912.0,14475.0,8862.6,6983.8,3377.7999999999997,9361.0,971.5,30.8,49294855623.77942,137.4975197068306,1242.626259602117
4,140128.14000000007,137101.33999999994,21895.013329299996,29595.668287999968,3116.600719849977,144165.6618696001,11523.599999999997,0,31912.0,14475.0,8862.6,6983.8,3377.7999999999997,9361.0,971.5,30.8,36109490591.752884,42.75729104907825,613.7806880733211
5,373944.71999999817,199965.41999999963,23464.752699000044,29595.668287999964,3122.2863189999775,165604.86687359976,18013.385000000017,0,31912.0,14475.0,8862.6,6983.8,3377.7999999999997,9361.0,971.5,30.8,52928578405.26262,93.92122297011561,1254.9101862871566
6,162541.02000000025,118097.88999999997,25572.388147500038,33535.97722699999,4482.611414499983,133733.90566480023,10475.999999999998,0,31912.0,14475.0,8862.6,6983.8,3377.7999999999997,9361.0,971.5,30.8,34376341780.97942,44.64709320363003,621.2171339102224
7,204559.38000000053,119088.54999999994,31140.259490999935,38204.78456500007,7414.15220374993,142418.6817816001,12571.199999999995,0,31912.0,14475.0,8862.6,6983.8,3377.7999999999997,9361.0,971.5,30.8,11337468926.48578,44.35255119887146,706.886707132903
