,contributed_CCGT,contributed_Coal,contributed_Onshore,contributed_Offshore,contributed_PV,contributed_Nuclear,contributed_Recip_gas,contributed_Biomass,total_CCGT,total_Coal,total_Onshore,total_Offshore,total_PV,total_Nuclear,total_Recip_gas,Carbon_tax,total_genco_wealth,Electricity_cost,Carbon_emitted
0,313141.0199999992,226567.08999999965,23300.55530880004,29579.745223999984,3154.551064599939,165604.86687359976,17014.770000000004,0,31912.0,14475.0,8862.6,6983.8,3377.7999999999997,9361.0,971.5,30.8,16773156552.96938,99.93388507956536,1189.6401503918198
1,245668.86000000063,177035.83999999997,23464.752699000044,29595.668287999964,3122.2863189999775,165604.86687359976,11836.909999999994,0,31912.0,14475.0,8862.6,6983.8,3377.7999999999997,9361.0,971.5,30.8,11814502003.505499,56.87880803846004,921.4708111243214
2,355340.39999999816,181447.81999999983,21601.84304159999,29224.130127999983,1658.9456695999324,165604.86687359976,17947.910000000018,0,31912.0,14475.0,8862.6,6983.8,3377.7999999999997,9361.0,971.5,30.8,21141304368.619766,91.71414781187222,1177.4442868323608
3,343722.2799999987,223934.16999999958,23278.20383160005,29656.706700000013,3188.160174599965,165604.86687359976,18430.970000000023,0,31912.0,14475.0,8862.6,6983.8,3377.7999999999997,9361.0,971.5,30.8,47917743536.65548,132.9884914136757,1249.6440714496573
4,157943.1000000003,113605.16,22178.877883200013,29595.668287999968,3116.600719849977,146645.34162320007,9952.199999999999,0,31912.0,14475.0,8862.6,6983.8,3377.7999999999997,9361.0,971.5,30.8,35604009981.59546,43.78458758462716,594.3257858136818
5,365420.57999999815,206445.78999999946,23464.752699000044,29595.668287999964,3122.2863189999775,165604.86687359976,18090.98500000002,0,31912.0,14475.0,8862.6,6983.8,3377.7999999999997,9361.0,971.5,30.8,51427152281.68801,93.84336348794973,1252.1295753844183
6,151172.82000000007,128779.48000000003,25487.044501700027,33512.490376999995,4481.354669799984,134623.61240160023,9428.4,0,31912.0,14475.0,8862.6,6983.8,3377.7999999999997,9361.0,971.5,30.8,32747138197.126476,44.519360315372516,620.8193178330416
7,191592.18000000008,123992.07999999996,31091.167208999937,38204.78456500007,7411.1254933499295,140632.63420640014,12571.199999999995,0,31912.0,14475.0,8862.6,6983.8,3377.7999999999997,9361.0,971.5,30.8,9172582628.305103,44.71631454938821,698.5679078478421
