,contributed_CCGT,contributed_Coal,contributed_Onshore,contributed_Offshore,contributed_PV,contributed_Nuclear,contributed_Recip_gas,contributed_Biomass,total_CCGT,total_Coal,total_Onshore,total_Offshore,total_PV,total_Nuclear,total_Recip_gas,Carbon_tax,total_genco_wealth,Electricity_cost,Carbon_emitted
0,338523.06999999954,173025.92999999996,57142.222294399755,33311.62330400002,3164.1260670999377,128107.89999999995,8818.754999999985,0,31912.0,14475.0,8862.6,6983.8,3377.7999999999997,9361.0,971.5,30.8,13753134682.8386,57.51769629187925,1107.260744100136
1,259841.4500000003,154962.05999999994,50373.57795989984,31859.757247999973,3129.711545149977,113913.89000000001,3089.449999999997,0,31912.0,14475.0,8862.6,6983.8,3377.7999999999997,9361.0,971.5,30.8,18993091546.905243,50.43072934565618,893.8981164798771
2,356096.00999999896,174115.84999999998,54816.32668999958,32981.671888000004,1669.3256168999312,120625.31999999996,10010.885000000002,0,31912.0,14475.0,8862.6,6983.8,3377.7999999999997,9361.0,971.5,30.8,28447249080.560413,57.95877549037835,1147.7386718282974
3,374173.48999999877,188264.60999999996,57998.18727079961,34849.67070000006,3200.140234749963,124634.32999999997,10254.840000000013,0,31912.0,14475.0,8862.6,6983.8,3377.7999999999997,9361.0,971.5,30.8,40454634648.64703,61.46813428129667,1216.4554899647785
4,177531.8199999999,115969.86999999991,41324.559354699886,28609.57323199998,3119.748093999977,82284.12999999995,902.1000000000008,0,31912.0,14475.0,8862.6,6983.8,3377.7999999999997,9361.0,971.5,30.8,37746044126.89723,38.60723194942567,630.4946832582606
5,374775.99999999895,175218.11999999988,59885.19273699996,33815.27724800003,3136.5139384999757,126590.81999999998,11807.810000000005,0,31912.0,14475.0,8862.6,6983.8,3377.7999999999997,9361.0,971.5,30.8,56266883216.106544,62.673769558554206,1192.995082031759
6,201433.90000000023,97546.18999999996,42595.89629549978,30644.33306299999,4459.499160449984,83259.94999999994,1105.8000000000006,0,31912.0,14475.0,8862.6,6983.8,3377.7999999999997,9361.0,971.5,30.8,51146173752.432976,38.904726066573396,638.3188539536209
7,202004.9900000001,123907.64999999989,46785.16875779968,36452.51759650007,7374.240846049935,99150.48999999996,1144.6000000000006,0,31912.0,14475.0,8862.6,6983.8,3377.7999999999997,9361.0,971.5,30.8,44503133815.15073,40.22162201026882,704.2871397747008
