,contributed_CCGT,contributed_Coal,contributed_Onshore,contributed_Offshore,contributed_PV,contributed_Nuclear,contributed_Recip_gas,contributed_Biomass,total_CCGT,total_Coal,total_Onshore,total_Offshore,total_PV,total_Nuclear,total_Recip_gas,Carbon_tax,total_genco_wealth,Electricity_cost,Carbon_emitted
0,405135.54999999754,220493.27999999982,23300.55530880004,29579.745223999984,3154.551064599939,76847.27999999998,13086.27,0,31912.0,14475.0,8862.6,6983.8,3377.7999999999997,9361.0,971.5,30.8,37772411328.079544,171.9208430961013,1354.8611038054366
1,304804.4199999994,218404.48999999985,23457.71835600004,29595.668287999964,3122.2863189999775,55173.600000000006,3934.3199999999997,0,31912.0,14475.0,8862.6,6983.8,3377.7999999999997,9361.0,971.5,30.8,37336393193.14484,75.35843656308991,1125.1770205370199
2,405623.0599999976,213796.56999999983,21601.84304159999,29224.130127999983,1658.9456695999324,78846.44999999998,13066.87,0,31912.0,14475.0,8862.6,6983.8,3377.7999999999997,9361.0,971.5,30.8,82775424385.77536,190.70610774692554,1341.792511484856
3,416435.97999999765,227053.8799999999,23278.20383160005,29656.706700000013,3188.160174599965,86479.37999999998,13911.739999999998,0,31912.0,14475.0,8862.6,6983.8,3377.7999999999997,9361.0,971.5,30.8,140592844293.5428,221.76228381707202,1395.040160204235
4,233115.14000000028,161267.6199999999,19167.773308800013,24815.349845499975,3049.3654455499795,37364.40000000001,0.0,0,31912.0,14475.0,8862.6,6983.8,3377.7999999999997,9361.0,971.5,30.8,127064841043.68784,42.615058159500144,839.5451666927644
5,419321.77999999776,231875.59999999986,23464.752699000044,29595.668287999964,3122.2863189999775,80134.60999999999,13076.570000000002,0,31912.0,14475.0,8862.6,6983.8,3377.7999999999997,9361.0,971.5,30.8,218067924006.03867,220.1212484744326,1409.0851554687952
6,226154.34000000026,165374.57999999993,21864.716582099973,28112.825428999982,4458.987308599982,42844.899999999994,0.0,0,31912.0,14475.0,8862.6,6983.8,3377.7999999999997,9361.0,971.5,30.8,195853687946.6286,43.46622058527183,829.033986942843
7,264580.7400000002,175474.9899999999,24095.023284300052,28529.14456549999,7308.734053199925,47898.600000000006,0.0,0,31912.0,14475.0,8862.6,6983.8,3377.7999999999997,9361.0,971.5,30.8,169298371681.6405,43.013422623998736,937.8951407360223
