,contributed_CCGT,contributed_Coal,contributed_Onshore,contributed_Offshore,contributed_PV,contributed_Nuclear,contributed_Recip_gas,contributed_Biomass,total_CCGT,total_Coal,total_Onshore,total_Offshore,total_PV,total_Nuclear,total_Recip_gas,Carbon_tax,total_genco_wealth,Electricity_cost,Carbon_emitted
0,432663.1699999982,160374.91999999987,50940.83487169993,27589.850787999996,3146.7202837499403,85709.19999999995,13915.619999999999,0,31912.0,14475.0,8862.6,6983.8,3377.7999999999997,9361.0,971.5,30.8,27505760074.02755,121.8469069523354,1287.6183143181602
1,373271.41999999917,121181.75999999992,45834.647327799976,26123.499566499977,3113.0032368999778,49335.16999999998,10099.64000000001,0,31912.0,14475.0,8862.6,6983.8,3377.7999999999997,9361.0,971.5,30.8,25579621380.20113,67.66184098883359,1072.8909145404768
2,425524.779999998,172975.48999999987,49752.00606299963,26545.392003999998,1656.9629958999328,71813.94999999995,14022.32,0,31912.0,14475.0,8862.6,6983.8,3377.7999999999997,9361.0,971.5,30.8,50616017863.42266,123.16758413466427,1307.368170315019
3,445645.8599999978,179633.21999999997,51947.57881119978,24872.971440000005,3176.150661899965,90897.72999999994,15703.329999999989,0,31912.0,14475.0,8862.6,6983.8,3377.7999999999997,9361.0,971.5,30.8,83323157277.13747,126.00473782640199,1362.9380784215598
4,281243.1800000003,85006.03,37376.82814439996,19050.975232999972,3065.63407364998,39147.259999999995,2250.3999999999965,0,31912.0,14475.0,8862.6,6983.8,3377.7999999999997,9361.0,971.5,30.8,67428832785.580605,36.75309710048643,787.7164120899356
5,445055.5699999978,178068.99999999994,56579.44648190014,26472.92084799999,3114.6022922999787,87652.10999999996,14883.19499999999,0,31912.0,14475.0,8862.6,6983.8,3377.7999999999997,9361.0,971.5,30.8,112354202158.16359,125.64639573164318,1360.128898292003
6,269512.01000000007,97873.01,33840.33191639996,18124.95982599998,3096.0127270999787,52007.519999999975,1746.0000000000007,0,31912.0,14475.0,8862.6,6983.8,3377.7999999999997,9361.0,971.5,30.8,87972254228.99406,37.312480104559626,789.4154771479758
7,301192.70999999973,105355.24999999999,39555.21989369972,22567.257638000003,7213.052813449928,47141.999999999985,7125.619999999994,0,31912.0,14475.0,8862.6,6983.8,3377.7999999999997,9361.0,971.5,30.8,58791052633.27917,40.70301081458097,885.1242105194955
