,contributed_CCGT,contributed_Coal,contributed_Onshore,contributed_Offshore,contributed_PV,contributed_Nuclear,contributed_Recip_gas,contributed_Biomass,total_CCGT,total_Coal,total_Onshore,total_Offshore,total_PV,total_Nuclear,total_Recip_gas,Carbon_tax,total_genco_wealth,Electricity_cost,Carbon_emitted
0,391603.8199999977,225346.65999999992,22914.35160330003,29579.745223999984,3154.551064599939,93117.08999999987,13289.969999999996,0,31912.0,14475.0,8862.6,6983.8,3377.7999999999997,9361.0,971.5,30.8,11599746950.064428,85.16298166229397,1337.7108556506762
1,313293.0599999991,188758.1599999997,22419.205810699994,29008.604767999965,3120.0119280999775,75952.93999999992,5643.9449999999915,0,31912.0,14475.0,8862.6,6983.8,3377.7999999999997,9361.0,971.5,30.8,4280928999.1853137,54.4467715585904,1079.7267370176817
2,400102.27999999764,212513.1099999998,19949.00467399982,27798.558303999987,1656.7980615999327,97727.49999999987,13279.299999999996,0,31912.0,14475.0,8862.6,6983.8,3377.7999999999997,9361.0,971.5,30.8,15443624022.977154,94.60580049342843,1327.275690907777
3,413313.17999999784,219477.3999999999,22756.141790300047,29656.706700000013,3184.496375649964,103778.35999999993,14863.79499999997,0,31912.0,14475.0,8862.6,6983.8,3377.7999999999997,9361.0,971.5,30.8,32676246237.787918,106.60360259314662,1373.7274055351959
4,191560.9800000004,173327.5099999999,16937.568553599973,21180.645940999984,3024.2444019499812,78011.27999999991,166.84,0,31912.0,14475.0,8862.6,6983.8,3377.7999999999997,9361.0,971.5,30.8,17927523348.710773,39.33584662387887,776.0173434389825
5,408120.27999999764,230038.49999999985,23432.91406890004,29595.668287999964,3122.2863189999775,98928.35999999988,13289.969999999996,0,31912.0,14475.0,8862.6,6983.8,3377.7999999999997,9361.0,971.5,30.8,41986232195.90115,105.61364390190427,1382.6800112029957
6,222330.09000000032,151405.45999999996,16790.078443399994,21527.22361099998,3168.8072653999798,76982.10999999991,185.26999999999998,0,31912.0,14475.0,8862.6,6983.8,3377.7999999999997,9361.0,971.5,30.8,19347322144.828037,39.10390958908494,790.6650298330815
7,254525.36000000028,178049.4399999997,19197.79841720001,23422.575327499995,6669.416872349945,66929.99999999994,173.63,0,31912.0,14475.0,8862.6,6983.8,3377.7999999999997,9361.0,971.5,30.8,-8807428257.329603,39.12485594012717,918.2236314571218
