,contributed_CCGT,contributed_Coal,contributed_Onshore,contributed_Offshore,contributed_PV,contributed_Nuclear,contributed_Recip_gas,contributed_Biomass,total_CCGT,total_Coal,total_Onshore,total_Offshore,total_PV,total_Nuclear,total_Recip_gas,Carbon_tax,total_genco_wealth,Electricity_cost,Carbon_emitted
0,325618.1899999995,248990.42999999985,54813.54774669994,25125.49770399999,3168.8197179999356,93791.23999999993,12439.279999999984,0,31912.0,14475.0,8862.6,6983.8,3377.7999999999997,9361.0,971.5,30.8,90080389151.0559,311.9724846904939,1247.2873968211384
1,231272.26000000015,254915.68999999994,49856.88457759994,25017.227001999974,3139.3772398999736,68015.42999999995,3668.539999999998,0,31912.0,14475.0,8862.6,6983.8,3377.7999999999997,9361.0,971.5,30.8,102797720458.68747,87.40857682322697,1046.3147009946208
2,315714.33999999956,255233.34999999986,52285.94071989974,25232.658614000018,1662.2235940499347,99066.09999999992,12204.539999999988,0,31912.0,14475.0,8862.6,6983.8,3377.7999999999997,9361.0,971.5,30.8,215068072809.5504,321.30671775512263,1239.4078286432975
3,349539.86999999994,249359.1099999999,56650.98296339967,33432.15159600004,3200.592018199961,100653.01999999995,11910.629999999986,0,31912.0,14475.0,8862.6,6983.8,3377.7999999999997,9361.0,971.5,30.8,360329573115.9544,349.6352455471544,1300.3709692157772
4,155876.73,189798.49000000008,41800.11461020003,19181.06737799997,3070.4818506499755,63777.499999999956,330.7699999999998,0,31912.0,14475.0,8862.6,6983.8,3377.7999999999997,9361.0,971.5,30.8,349058967861.987,34.995916128981854,740.61719598902
5,328308.3099999997,270796.12000000005,61204.0782435999,28926.477247999966,3136.1657551499757,107261.62999999995,12095.899999999989,0,31912.0,14475.0,8862.6,6983.8,3377.7999999999997,9361.0,971.5,30.8,562589710019.9968,342.8764349444939,1306.6629617557585
6,148526.2600000001,204025.0099999999,39241.09132039984,19319.479252499972,3962.796712499967,67833.06999999995,319.1299999999998,0,31912.0,14475.0,8862.6,6983.8,3377.7999999999997,9361.0,971.5,30.8,543164932909.6257,33.24637674107256,757.4171409639799
7,190654.34999999974,210487.8899999999,43153.5725754999,23925.304374000003,6124.739379249969,67299.56999999996,393.81999999999977,0,31912.0,14475.0,8862.6,6983.8,3377.7999999999997,9361.0,971.5,30.8,520943098880.4826,37.154536812573234,857.6044612302193
