,contributed_CCGT,contributed_Coal,contributed_Onshore,contributed_Offshore,contributed_PV,contributed_Nuclear,contributed_Recip_gas,contributed_Biomass,total_CCGT,total_Coal,total_Onshore,total_Offshore,total_PV,total_Nuclear,total_Recip_gas,Carbon_tax,total_genco_wealth,Electricity_cost,Carbon_emitted
0,434003.55999999784,114367.92999999989,62307.462807799755,26657.40974,3168.869895599936,82985.43999999996,13886.519999999982,0,31912.0,14475.0,8862.6,6983.8,3377.7999999999997,9361.0,971.5,30.8,20953797344.9398,86.29612112904472,1165.172587546142
1,371667.7699999989,82981.41999999993,50469.76752489974,22122.94014899997,3112.0498342999736,60119.62999999999,9821.249999999985,0,31912.0,14475.0,8862.6,6983.8,3377.7999999999997,9361.0,971.5,30.8,19669012514.95774,59.61793613251384,963.7926007451586
2,426270.25999999815,150989.15999999997,53019.83937339959,22852.81924000002,1674.8110048499332,82695.40999999995,12567.319999999996,0,31912.0,14475.0,8862.6,6983.8,3377.7999999999997,9361.0,971.5,30.8,36028563878.97553,83.07177309228211,1229.694011925682
3,438865.21999999793,147587.40999999997,58574.27720629976,23388.130242999996,3179.383075549961,99062.21999999993,13917.559999999983,0,31912.0,14475.0,8862.6,6983.8,3377.7999999999997,9361.0,971.5,30.8,58215607711.41925,88.27515335093273,1251.5935697791836
4,260894.13999999987,71241.41999999998,43451.37420579987,19535.043087499966,3089.2370761499747,41126.05999999999,223.0999999999999,0,31912.0,14475.0,8862.6,6983.8,3377.7999999999997,9361.0,971.5,30.8,45144759530.20094,37.39197318433542,689.1303786651595
5,448885.8099999976,148591.26999999996,58366.15185289988,25424.10994999998,3132.333536899976,80504.17999999995,13413.159999999987,0,31912.0,14475.0,8862.6,6983.8,3377.7999999999997,9361.0,971.5,30.8,70623512430.6502,88.02842003121594,1283.7845866754653
6,290077.4199999996,53448.88999999997,39249.262231799796,18057.300825999977,4357.386153849988,40610.01999999998,4311.164999999997,0,31912.0,14475.0,8862.6,6983.8,3377.7999999999997,9361.0,971.5,30.8,51236314585.855,39.47514054358775,717.2994609182203
7,314362.32999999926,62562.77999999998,48352.68423759959,21598.73463299999,7292.55463324993,42167.83999999999,7490.339999999996,0,31912.0,14475.0,8862.6,6983.8,3377.7999999999997,9361.0,971.5,30.8,28242090439.85126,43.12159266280511,793.5298984264408
