,contributed_CCGT,contributed_Coal,contributed_Onshore,contributed_Offshore,contributed_PV,contributed_Nuclear,contributed_Recip_gas,contributed_Biomass,total_CCGT,total_Coal,total_Onshore,total_Offshore,total_PV,total_Nuclear,total_Recip_gas,Carbon_tax,total_genco_wealth,Electricity_cost,Carbon_emitted
0,314107.94999999896,178623.71999999986,52846.48168149966,24718.554265999996,3165.6451575999376,155409.5199999999,15739.219999999968,0,31912.0,14475.0,8862.6,6983.8,3377.7999999999997,9361.0,971.5,30.8,12356052243.023691,72.65293369963037,1072.4701015405544
1,256782.9399999997,129152.33999999991,40695.798719899874,23878.763645999963,3117.2405286999756,132061.6199999999,12379.140000000014,0,31912.0,14475.0,8862.6,6983.8,3377.7999999999997,9361.0,971.5,30.8,8589605504.8254385,58.44606121470938,835.2502310913153
2,309551.5899999988,182756.27999999977,48998.08847189968,26540.49841900002,1653.939972449932,152045.55999999994,15698.479999999972,0,31912.0,14475.0,8862.6,6983.8,3377.7999999999997,9361.0,971.5,30.8,17228537335.36044,67.12877891915842,1077.0852146594343
3,353517.70999999926,169767.3499999998,52510.32070279959,28460.531424000015,3182.5512875499635,160106.25999999995,15639.309999999972,0,31912.0,14475.0,8862.6,6983.8,3377.7999999999997,9361.0,971.5,30.8,30425041036.439327,73.54012356350687,1130.191300415295
4,169224.4499999997,98236.75000000001,32410.69611660003,18390.520146999977,2837.5273139999795,107072.47999999994,2957.044999999997,0,31912.0,14475.0,8862.6,6983.8,3377.7999999999997,9361.0,971.5,30.8,15807494878.042467,38.992866792500706,569.1586094465009
5,353094.93999999925,172171.96999999986,54386.316261599764,26067.38600199998,3122.1025349999777,155262.0799999999,15777.049999999976,0,31912.0,14475.0,8862.6,6983.8,3377.7999999999997,9361.0,971.5,30.8,34293776798.516468,74.82146286721533,1133.7496840940544
6,169998.23999999973,112081.46999999997,33287.066119700045,18790.645868499974,3118.9040900999776,109340.33999999994,5529.484999999991,0,31912.0,14475.0,8862.6,6983.8,3377.7999999999997,9361.0,971.5,30.8,11707149379.18147,39.483423566763264,606.8917465450612
7,213938.88999999966,104735.22999999998,36312.40638499985,20904.463688999986,6107.745685349958,109342.27999999994,10712.68000000001,0,31912.0,14475.0,8862.6,6983.8,3377.7999999999997,9361.0,971.5,30.8,-13412240014.50156,46.160725880683806,690.3623956915359
