,contributed_CCGT,contributed_Coal,contributed_Onshore,contributed_Offshore,contributed_PV,contributed_Nuclear,contributed_Recip_gas,contributed_Biomass,total_CCGT,total_Coal,total_Onshore,total_Offshore,total_PV,total_Nuclear,total_Recip_gas,Carbon_tax,total_genco_wealth,Electricity_cost,Carbon_emitted
0,436217.42999999796,159604.5799999997,49524.83069529986,25763.998232000005,3143.126732549941,81663.32999999997,14041.720000000001,0,31912.0,14475.0,8862.6,6983.8,3377.7999999999997,9361.0,971.5,30.8,28188837210.356907,123.4223878704358,1299.2778099828408
1,370901.70999999915,118268.41999999991,45789.51002679996,23747.517743999968,3103.465704949978,55306.48999999997,10217.495000000006,0,31912.0,14475.0,8862.6,6983.8,3377.7999999999997,9361.0,971.5,30.8,26734705946.82084,67.72345130536296,1066.5918775211576
2,438115.46999999793,162194.5599999999,49360.55496789976,25394.226033000017,1654.767115349932,86542.42999999995,13978.670000000002,0,31912.0,14475.0,8862.6,6983.8,3377.7999999999997,9361.0,971.5,30.8,56044083856.52647,123.13375144372118,1304.0562758748797
3,427460.27999999805,192666.13999999996,54574.782566799695,28643.109504000007,3167.5032718499633,93445.91999999995,15506.419999999986,0,31912.0,14475.0,8862.6,6983.8,3377.7999999999997,9361.0,971.5,30.8,86412397890.22723,124.44847666083153,1358.247635343721
4,278041.3600000001,87942.75000000001,36826.99437259998,19018.160123999973,3018.2149606499815,44709.23999999999,1930.3000000000009,0,31912.0,14475.0,8862.6,6983.8,3377.7999999999997,9361.0,971.5,30.8,71089140610.67784,36.743989051163204,785.9384456244958
5,443552.20999999787,178615.06999999977,54146.71439850007,25204.539486499983,3110.01498399998,89946.15999999995,15491.86999999999,0,31912.0,14475.0,8862.6,6983.8,3377.7999999999997,9361.0,971.5,30.8,125608724610.53682,126.3860993833283,1359.53118724786
6,286729.14999999997,91010.25000000001,34260.156694899924,17508.02241599998,4156.628370249978,43752.819999999985,1930.3000000000009,0,31912.0,14475.0,8862.6,6983.8,3377.7999999999997,9361.0,971.5,30.8,101675008776.48907,36.78825853920339,806.9223023694956
7,329055.8899999991,89436.77,38080.529330199715,20688.459671499986,7012.796526449935,42406.45999999999,8738.72999999999,0,31912.0,14475.0,8862.6,6983.8,3377.7999999999997,9361.0,971.5,30.8,72906341121.17235,40.25049608635275,903.5333147844552
