,contributed_CCGT,contributed_Coal,contributed_Onshore,contributed_Offshore,contributed_PV,contributed_Nuclear,contributed_Recip_gas,contributed_Biomass,total_CCGT,total_Coal,total_Onshore,total_Offshore,total_PV,total_Nuclear,total_Recip_gas,Carbon_tax,total_genco_wealth,Electricity_cost,Carbon_emitted
0,342019.3399999992,145953.76999999964,52326.85908349977,30587.51301600001,3162.929157599938,147007.3799999999,15753.769999999973,0,31912.0,14475.0,8862.6,6983.8,3377.7999999999997,9361.0,971.5,30.8,13539089629.41544,72.58658301661204,1060.985938650454
1,260556.19999999966,118228.69999999995,45975.54241769984,24907.548541499964,3114.444469249976,131506.7799999999,12096.870000000014,0,31912.0,14475.0,8862.6,6983.8,3377.7999999999997,9361.0,971.5,30.8,10020910327.723352,58.953624024570736,817.9619523425962
2,328931.7699999991,171547.02999999974,47816.37212029962,27095.045276000023,1658.416373349931,147407.98999999993,15650.94999999998,0,31912.0,14475.0,8862.6,6983.8,3377.7999999999997,9361.0,971.5,30.8,14551638440.058771,67.01433418251497,1083.047976127934
3,374083.25999999896,165840.64999999985,50192.017065299544,24420.316244,3181.284546949963,156922.7199999999,15632.519999999977,0,31912.0,14475.0,8862.6,6983.8,3377.7999999999997,9361.0,971.5,30.8,25028585498.02867,72.53414146683063,1166.6607230086934
4,158253.77999999988,114631.13999999996,31821.976383400044,18440.106707999978,2750.5269522499793,115803.44999999992,2875.564999999998,0,31912.0,14475.0,8862.6,6983.8,3377.7999999999997,9361.0,971.5,30.8,10589982345.777586,38.71339071613301,583.3051540037211
5,342447.549999999,160372.61999999973,51008.62843359982,30319.984206999994,3122.3712890999777,160012.16999999993,15726.609999999973,0,31912.0,14475.0,8862.6,6983.8,3377.7999999999997,9361.0,971.5,30.8,24988249006.915195,73.91180499836886,1097.5186432027547
6,187174.78999999963,102061.71,32486.494234900034,17908.985229999977,4193.403286649979,97309.42999999995,8312.414999999997,0,31912.0,14475.0,8862.6,6983.8,3377.7999999999997,9361.0,971.5,30.8,3127517157.517858,40.39955761652342,625.1458378805808
7,211062.62999999968,102765.67000000001,37239.29455069987,20016.719392999974,7187.735819749926,114277.63999999993,10540.020000000008,0,31912.0,14475.0,8862.6,6983.8,3377.7999999999997,9361.0,971.5,30.8,-20937859732.527863,45.82768829586973,679.7310061666556
