,contributed_CCGT,contributed_Coal,contributed_Onshore,contributed_Offshore,contributed_PV,contributed_Nuclear,contributed_Recip_gas,contributed_Biomass,total_CCGT,total_Coal,total_Onshore,total_Offshore,total_PV,total_Nuclear,total_Recip_gas,Carbon_tax,total_genco_wealth,Electricity_cost,Carbon_emitted
0,346852.0499999983,256821.75999999998,21522.785248000022,27938.855120999986,3154.551064599939,115469.77,13034.85999999999,0,31912.0,14475.0,8862.6,6983.8,3377.7999999999997,9361.0,971.5,30.8,9101386832.147146,73.05025723122297,1316.5803644404798
1,243873.26000000036,244318.43000000002,22752.935018800028,29519.432383999963,3120.569317149978,102984.89999999997,2200.9300000000007,0,31912.0,14475.0,8862.6,6983.8,3377.7999999999997,9361.0,971.5,30.8,2438080555.666626,50.43100413900217,1051.2186592051428
2,352811.34999999846,250739.54999999996,18899.568851999833,25898.45405100001,1654.1694108999334,118790.08000000002,13269.59999999999,0,31912.0,14475.0,8862.6,6983.8,3377.7999999999997,9361.0,971.5,30.8,11439322012.335714,85.01388332984207,1315.5824344108992
3,371803.87999999826,256991.60999999996,21319.504772999924,28166.436,3182.0198007499644,123574.12000000002,13262.80999999999,0,31912.0,14475.0,8862.6,6983.8,3377.7999999999997,9361.0,971.5,30.8,24829257138.97069,93.36421921431769,1369.922660150778
4,164670.1000000003,196059.01000000004,17108.487655800025,21488.906928499982,3046.0853683499795,82053.2699999999,148.41000000000003,0,31912.0,14475.0,8862.6,6983.8,3377.7999999999997,9361.0,971.5,30.8,9600436638.718056,36.95814591364793,772.0672580959816
5,376908.18999999797,255763.15999999997,22679.803857300027,29263.316791999965,3122.2863189999775,118916.18000000001,13269.59999999999,0,31912.0,14475.0,8862.6,6983.8,3377.7999999999997,9361.0,971.5,30.8,29758298400.10425,96.25048077679178,1377.5570322776787
6,168798.9400000002,195914.84000000008,17160.51035630001,22426.616996999976,2970.465268849979,83267.70999999989,174.6,0,31912.0,14475.0,8862.6,6983.8,3377.7999999999997,9361.0,971.5,30.8,6912180452.469479,36.63134021553994,780.1802683463233
7,217204.74000000034,180911.81999999998,20237.416811000025,25505.070346500004,7132.2376895999305,98284.27999999994,209.51999999999995,0,31912.0,14475.0,8862.6,6983.8,3377.7999999999997,9361.0,971.5,30.8,-20242552424.27269,38.68995080998967,853.4019579243629
