,contributed_CCGT,contributed_Coal,contributed_Onshore,contributed_Offshore,contributed_PV,contributed_Nuclear,contributed_Recip_gas,contributed_Biomass,total_CCGT,total_Coal,total_Onshore,total_Offshore,total_PV,total_Nuclear,total_Recip_gas,Carbon_tax,total_genco_wealth,Electricity_cost,Carbon_emitted
0,326245.4899999992,277818.2500000001,50682.98250709966,22667.630020999997,3147.3658589999395,103073.16999999995,11947.489999999994,0,31912.0,14475.0,8862.6,6983.8,3377.7999999999997,9361.0,971.5,30.8,39437431889.74363,153.10241268327266,1310.6601523334953
1,224370.55999999997,258118.15000000026,47430.36774979971,22340.554492499978,3111.716305599976,100816.94999999994,3037.069999999996,0,31912.0,14475.0,8862.6,6983.8,3377.7999999999997,9361.0,971.5,30.8,35429170601.72621,45.645462232605176,1037.7434416136975
2,338041.94999999943,255573.23000000019,49596.7700759995,25572.59568400001,1657.4272752999366,114746.15000000001,11392.649999999996,0,31912.0,14475.0,8862.6,6983.8,3377.7999999999997,9361.0,971.5,30.8,81042152062.86089,156.61313201130145,1283.8431477955373
3,351846.65999999916,280340.67000000016,52642.85340329956,23071.12924599999,3154.032961849963,111980.68,13090.14999999999,0,31912.0,14475.0,8862.6,6983.8,3377.7999999999997,9361.0,971.5,30.8,151810414761.5726,210.1386174288606,1367.0342701766574
4,147707.59999999998,206547.46000000008,35769.72270630004,18852.13445699997,3027.654837299979,78937.62999999989,1094.1600000000005,0,31912.0,14475.0,8862.6,6983.8,3377.7999999999997,9361.0,971.5,30.8,134311856871.05882,21.593280368669127,762.957161949079
5,364821.80999999965,272207.79000000015,52328.477887399764,24658.751436999984,3123.015930199978,109307.36,12392.234999999993,0,31912.0,14475.0,8862.6,6983.8,3377.7999999999997,9361.0,971.5,30.8,249594375989.44788,218.65874356472173,1373.8093650604162
6,157325.22999999992,192974.71000000005,37420.9580615999,19039.94578999997,2950.763750049976,82911.7199999999,1182.4300000000005,0,31912.0,14475.0,8862.6,6983.8,3377.7999999999997,9361.0,971.5,30.8,227312099840.3654,29.57783846848974,752.3739317445794
7,168209.29000000018,244365.47000000018,40088.48140949971,20906.295117999987,6075.143518449969,75283.63999999991,1422.990000000001,0,31912.0,14475.0,8862.6,6983.8,3377.7999999999997,9361.0,971.5,30.8,198837100777.0699,30.444726495239326,889.630149427057
