,contributed_CCGT,contributed_Coal,contributed_Onshore,contributed_Offshore,contributed_PV,contributed_Nuclear,contributed_Recip_gas,contributed_Biomass,total_CCGT,total_Coal,total_Onshore,total_Offshore,total_PV,total_Nuclear,total_Recip_gas,Carbon_tax,total_genco_wealth,Electricity_cost,Carbon_emitted
0,341185.02999999875,260245.6199999999,22266.520690900037,29321.154919999986,3154.551064599939,117856.94000000002,13105.669999999996,0,31912.0,14475.0,8862.6,6983.8,3377.7999999999997,9361.0,971.5,30.8,9086598063.264236,73.61467693290241,1312.8600524967585
1,242887.20000000036,244858.78999999995,21643.897546799995,28022.714299999974,3118.338596799977,104939.44999999995,2796.5100000000007,0,31912.0,14475.0,8862.6,6983.8,3377.7999999999997,9361.0,971.5,30.8,2034292994.511076,49.12941625788516,1052.508703028421
2,356131.62999999843,247042.8,19954.180720099834,28191.28602399999,1655.869398249933,117955.88,13052.804999999995,0,31912.0,14475.0,8862.6,6983.8,3377.7999999999997,9361.0,971.5,30.8,10936995369.02573,84.65214414761955,1313.6335884043992
3,374307.9299999983,251723.54999999996,21652.910340599934,28133.868479999997,3181.0799933999647,128192.29000000002,13281.239999999996,0,31912.0,14475.0,8862.6,6983.8,3377.7999999999997,9361.0,971.5,30.8,24329401886.408592,93.27083104690566,1363.2881560028984
4,166199.58000000037,184488.67,17469.736976400007,22289.60877599998,2918.4435843499805,91330.34999999993,208.54999999999995,0,31912.0,14475.0,8862.6,6983.8,3377.7999999999997,9361.0,971.5,30.8,9700907009.175222,38.81457594094966,749.4761531606633
5,379338.74999999796,248100.15999999997,22858.077926300015,29460.608383999963,3122.2863189999775,122443.10000000002,13289.969999999996,0,31912.0,14475.0,8862.6,6983.8,3377.7999999999997,9361.0,971.5,30.8,29903349180.013012,97.25789239603519,1365.4332173036785
6,170473.02000000022,193065.52999999988,16140.863195500033,21069.23455799997,2914.7714970499756,90449.58999999992,164.9,0,31912.0,14475.0,8862.6,6983.8,3377.7999999999997,9361.0,971.5,30.8,7166300590.410633,36.10829853106134,777.2482247909425
7,191309.6200000003,218342.25000000006,19023.978859800027,23826.056867,7078.399363949933,93146.18999999992,198.84999999999997,0,31912.0,14475.0,8862.6,6983.8,3377.7999999999997,9361.0,971.5,30.8,-20864567973.219856,37.88092432992509,876.2539121455037
