,contributed_CCGT,contributed_Coal,contributed_Onshore,contributed_Offshore,contributed_PV,contributed_Nuclear,contributed_Recip_gas,contributed_Biomass,total_CCGT,total_Coal,total_Onshore,total_Offshore,total_PV,total_Nuclear,total_Recip_gas,Carbon_tax,total_genco_wealth,Electricity_cost,Carbon_emitted
0,441389.63999999803,176983.91999999993,21985.735081900028,28976.346187999992,3154.551064599939,83797.32999999997,14213.894999999991,0,31912.0,14475.0,8862.6,6983.8,3377.7999999999997,9361.0,971.5,30.8,24040330388.264763,126.83896618492459,1348.9071360501612
1,348837.8799999997,164968.24999999988,21802.621440399995,28235.95414999997,3119.5822074999774,55273.509999999995,8669.859999999984,0,31912.0,14475.0,8862.6,6983.8,3377.7999999999997,9361.0,971.5,30.8,20989691490.096592,62.3444128182814,1122.7720914734987
2,423766.85999999824,207268.15999999977,20732.55337889987,28965.53982399998,1657.4599952999329,86088.46999999997,13289.969999999996,0,31912.0,14475.0,8862.6,6983.8,3377.7999999999997,9361.0,971.5,30.8,43746448113.475235,127.29089342069324,1378.833517467678
3,439216.6699999981,194789.11999999988,21835.315057599928,29118.873396000014,3184.687863399964,115538.63999999993,15155.279999999968,0,31912.0,14475.0,8862.6,6983.8,3377.7999999999997,9361.0,971.5,30.8,71788014346.727,130.2734694816901,1386.1375061697586
4,265879.4000000005,121708.6599999999,16853.46590639998,20996.757680499988,3061.258760149978,46298.1,189.14999999999995,0,31912.0,14475.0,8862.6,6983.8,3377.7999999999997,9361.0,971.5,30.8,57187394357.0353,40.18634593496929,832.1149047666812
5,441556.41999999824,192945.9099999999,22865.971980300015,29521.907095999963,3122.2863189999775,104225.52999999994,13988.369999999992,0,31912.0,14475.0,8862.6,6983.8,3377.7999999999997,9361.0,971.5,30.8,100143977312.77788,133.4567126343348,1384.4054362621785
6,276705.23000000033,115634.75999999991,16030.295175000012,20924.595461999972,4187.340179549979,46827.719999999994,972.4250000000011,0,31912.0,14475.0,8862.6,6983.8,3377.7999999999997,9361.0,971.5,30.8,77530143197.73889,39.11593726980851,839.9068086444804
7,301289.3899999997,135613.04,19269.069264200025,24602.981905500008,6793.465492449931,47169.159999999996,3566.689999999995,0,31912.0,14475.0,8862.6,6983.8,3377.7999999999997,9361.0,971.5,30.8,50946764013.678116,40.767516649351506,947.9759351099202
