,contributed_CCGT,contributed_Coal,contributed_Onshore,contributed_Offshore,contributed_PV,contributed_Nuclear,contributed_Recip_gas,contributed_Biomass,total_CCGT,total_Coal,total_Onshore,total_Offshore,total_PV,total_Nuclear,total_Recip_gas,Carbon_tax,total_genco_wealth,Electricity_cost,Carbon_emitted
0,427121.0999999983,141302.25999999998,58742.00404819987,30661.659553999994,3148.35669954994,81044.46999999993,14076.640000000003,0,31912.0,14475.0,8862.6,6983.8,3377.7999999999997,9361.0,971.5,30.8,30424062365.592712,125.90926028301878,1240.0433874394828
1,371163.6599999992,112144.26999999996,46258.507170499965,24524.347639999974,3106.7349710999774,61944.19999999996,9878.480000000007,0,31912.0,14475.0,8862.6,6983.8,3377.7999999999997,9361.0,971.5,30.8,28884362474.45152,67.94695425765094,1052.7228098294572
2,449275.8199999982,132029.9599999999,52217.10491239976,23498.55014200002,1649.5901550999329,94942.62999999998,13810.860000000002,0,31912.0,14475.0,8862.6,6983.8,3377.7999999999997,9361.0,971.5,30.8,64882177335.28054,124.19882987747174,1263.7877439640827
3,456899.9299999984,132899.1699999999,56006.85167949968,27183.417096000005,3180.023064949964,102160.39999999997,15545.219999999987,0,31912.0,14475.0,8862.6,6983.8,3377.7999999999997,9361.0,971.5,30.8,95006927713.01532,126.2726316795023,1284.7249915196605
4,270970.08000000013,91880.75,35612.48298059999,17801.199692999966,3007.2717914499817,50401.199999999975,1978.8000000000009,0,31912.0,14475.0,8862.6,6983.8,3377.7999999999997,9361.0,971.5,30.8,79908840622.60995,36.564156862598516,779.3824069084956
5,417310.51999999816,164419.32999999984,57121.22507299998,32508.33814399998,3125.5164011499783,105379.82999999999,14908.415,0,31912.0,14475.0,8862.6,6983.8,3377.7999999999997,9361.0,971.5,30.8,131473927730.47981,127.95073597916853,1273.3997970533396
6,270047.05000000016,93540.25000000001,36753.507618799864,18350.13619799997,3387.690350399981,55266.719999999965,1852.7000000000007,0,31912.0,14475.0,8862.6,6983.8,3377.7999999999997,9361.0,971.5,30.8,108433488479.15105,37.9424591982035,778.8760160694956
7,318574.8299999995,101791.15000000001,37204.88749639976,19713.859060499966,7158.586035849932,41190.079999999994,9320.72999999999,0,31912.0,14475.0,8862.6,6983.8,3377.7999999999997,9361.0,971.5,30.8,79988825097.97984,40.62548780018649,915.7316018076947
