,contributed_CCGT,contributed_Coal,contributed_Onshore,contributed_Offshore,contributed_PV,contributed_Nuclear,contributed_Recip_gas,contributed_Biomass,total_CCGT,total_Coal,total_Onshore,total_Offshore,total_PV,total_Nuclear,total_Recip_gas,Carbon_tax,total_genco_wealth,Electricity_cost,Carbon_emitted
0,386002.29999999836,157769.0799999999,58685.97625649971,34608.53552900008,3162.967610699937,76597.01999999993,13642.565000000006,0,31912.0,14475.0,8862.6,6983.8,3377.7999999999997,9361.0,971.5,30.8,15888039854.165968,73.9623118975512,1188.8907004038356
1,337568.6399999995,110758.75999999991,52856.2620265997,33796.72940700003,3127.9657149999734,36104.37,11008.53000000001,0,31912.0,14475.0,8862.6,6983.8,3377.7999999999997,9361.0,971.5,30.8,14587477869.404135,56.423230001240235,983.7272964864792
2,393020.1599999988,169520.8899999999,55652.18431329952,33816.79138600009,1668.8934821499342,69982.58999999994,13453.899999999996,0,31912.0,14475.0,8862.6,6983.8,3377.7999999999997,9361.0,971.5,30.8,26154300480.22694,72.06574272610108,1227.7954715842175
3,430759.8999999976,158466.84999999992,57972.0041577994,35135.25221100008,3185.3927362499608,68581.90999999992,14736.23999999997,0,31912.0,14475.0,8862.6,6983.8,3377.7999999999997,9361.0,971.5,30.8,40657735555.57907,75.89591629105296,1287.0701712362982
4,229969.39000000033,97099.16999999985,40484.151965799974,26934.672264000004,3077.888983249976,24769.920000000006,1284.2800000000009,0,31912.0,14475.0,8862.6,6983.8,3377.7999999999997,9361.0,971.5,30.8,28122182411.886677,36.41388400847291,709.9298825596608
5,391253.31999999913,168185.3099999999,61705.07192369985,37256.05966600005,3135.9987472499756,91749.38999999996,14977.769999999973,0,31912.0,14475.0,8862.6,6983.8,3377.7999999999997,9361.0,971.5,30.8,50353541758.5819,77.0530670176637,1229.0478719433756
6,239095.98000000027,102644.57999999983,40544.06081479988,28174.86424699999,4235.961483199987,17692.800000000003,1761.5200000000013,0,31912.0,14475.0,8862.6,6983.8,3377.7999999999997,9361.0,971.5,30.8,30842519578.587944,37.126354328113756,740.7126336028394
7,282272.73000000016,105030.21999999981,43176.456572999814,28581.43032000001,7140.914603449938,25949.440000000006,8360.914999999997,0,31912.0,14475.0,8862.6,6983.8,3377.7999999999997,9361.0,971.5,30.8,8295169315.795912,41.50446016960012,850.861948677561
