,contributed_CCGT,contributed_Coal,contributed_Onshore,contributed_Offshore,contributed_PV,contributed_Nuclear,contributed_Recip_gas,contributed_Biomass,total_CCGT,total_Coal,total_Onshore,total_Offshore,total_PV,total_Nuclear,total_Recip_gas,Carbon_tax,total_genco_wealth,Electricity_cost,Carbon_emitted
0,318887.3999999991,221447.09999999954,23300.55530880004,29579.745223999984,3154.551064599939,165604.86687359976,16023.91499999998,0,31912.0,14475.0,8862.6,6983.8,3377.7999999999997,9361.0,971.5,30.8,16827226511.64093,101.137014983301,1186.944961015799
1,205714.3800000004,213852.99999999962,23464.752699000044,29595.668287999964,3122.2863189999775,165604.86687359976,12884.509999999993,0,31912.0,14475.0,8862.6,6983.8,3377.7999999999997,9361.0,971.5,30.8,10979011847.932467,53.449735256387584,923.7666219140018
2,330717.1199999989,207961.79999999958,21601.84304159999,29224.130127999983,1658.9456695999324,165604.86687359976,16973.545000000002,0,31912.0,14475.0,8862.6,6983.8,3377.7999999999997,9361.0,971.5,30.8,20107200004.773487,90.09144898685406,1182.7959700663998
3,366607.75999999815,201640.68999999962,23278.20383160005,29656.706700000013,3188.160174599965,165604.86687359976,18430.970000000023,0,31912.0,14475.0,8862.6,6983.8,3377.7999999999997,9361.0,971.5,30.8,47409618362.81671,135.6570347910833,1246.3559691646178
4,135291.06000000006,137949.79999999996,22097.382838500016,29595.668287999968,3116.600719849977,145062.00270800007,11523.599999999997,0,31912.0,14475.0,8862.6,6983.8,3377.7999999999997,9361.0,971.5,30.8,33830400850.125637,42.96976942546855,605.8546676204019
5,348368.63999999827,219660.9099999995,23464.752699000044,29595.668287999964,3122.2863189999775,165604.86687359976,17879.525000000016,0,31912.0,14475.0,8862.6,6983.8,3377.7999999999997,9361.0,971.5,30.8,49929698579.374016,92.24005100050988,1248.4214050821777
6,140356.3800000001,143849.52,25206.198219200025,33153.47029099999,4477.2553294999825,132812.50266480024,12047.399999999996,0,31912.0,14475.0,8862.6,6983.8,3377.7999999999997,9361.0,971.5,30.8,30247304242.736683,43.47963805748347,630.3652046289623
7,191568.42000000036,128794.49000000005,31091.167208999937,38204.78456500007,7411.1254933499295,140632.63420640014,12571.199999999995,0,31912.0,14475.0,8862.6,6983.8,3377.7999999999997,9361.0,971.5,30.8,6465940668.287947,44.382807791545986,705.7279231170226
