,contributed_CCGT,contributed_Coal,contributed_Onshore,contributed_Offshore,contributed_PV,contributed_Nuclear,contributed_Recip_gas,contributed_Biomass,total_CCGT,total_Coal,total_Onshore,total_Offshore,total_PV,total_Nuclear,total_Recip_gas,Carbon_tax,total_genco_wealth,Electricity_cost,Carbon_emitted
0,331483.5299999997,237901.1499999999,56539.51291079979,27933.943303999982,3172.913080349936,106650.52999999996,12162.829999999987,0,31912.0,14475.0,8862.6,6983.8,3377.7999999999997,9361.0,971.5,30.8,100290834425.91394,322.09058305395587,1229.1624063076993
1,231933.81999999998,246574.78999999998,51298.95238240004,25914.598426999968,3134.313442749974,80239.36999999992,3707.3399999999974,0,31912.0,14475.0,8862.6,6983.8,3377.7999999999997,9361.0,971.5,30.8,112926540446.29512,88.30856213570922,1029.1245642164204
2,325328.51999999967,253253.98999999996,54666.971172799866,25306.97102200002,1674.1865729499332,95955.30999999992,12181.259999999991,0,31912.0,14475.0,8862.6,6983.8,3377.7999999999997,9361.0,971.5,30.8,242198031631.46683,327.92482204708494,1252.1921150580185
3,344842.9899999997,252546.37999999983,57567.72446349958,26116.806300000004,3195.4807029499607,112480.22999999998,12232.669999999991,0,31912.0,14475.0,8862.6,6983.8,3377.7999999999997,9361.0,971.5,30.8,378026086018.733,351.6659104012494,1290.3318919192375
4,137553.43,202808.80999999994,42006.714619200015,20388.882500999967,2787.7853402499763,69021.31999999995,359.8699999999998,0,31912.0,14475.0,8862.6,6983.8,3377.7999999999997,9361.0,971.5,30.8,365972297902.2588,34.33717896522626,732.5111720163793
5,339711.24999999965,261787.1299999999,60922.245713599885,31214.719951999985,3139.5875438499747,103845.28999999995,12440.24999999999,0,31912.0,14475.0,8862.6,6983.8,3377.7999999999997,9361.0,971.5,30.8,585480802800.8909,342.3142926114535,1302.1370981877394
6,167759.28999999986,176023.79,41389.48019369987,19937.68472249997,3448.5042947499796,68986.39999999995,384.1199999999998,0,31912.0,14475.0,8862.6,6983.8,3377.7999999999997,9361.0,971.5,30.8,567048424430.7251,35.43160268812257,734.2046746184191
7,180168.52999999974,231918.76999999993,40306.11300539981,20498.12653499999,6306.906809649956,63545.669999999955,285.1799999999999,0,31912.0,14475.0,8862.6,6983.8,3377.7999999999997,9361.0,971.5,30.8,544099793623.35974,36.33708775615338,883.9185302004595
