,contributed_CCGT,contributed_Coal,contributed_Onshore,contributed_Offshore,contributed_PV,contributed_Nuclear,contributed_Recip_gas,contributed_Biomass,total_CCGT,total_Coal,total_Onshore,total_Offshore,total_PV,total_Nuclear,total_Recip_gas,Carbon_tax,total_genco_wealth,Electricity_cost,Carbon_emitted
0,321068.9499999998,247397.76999999987,57484.83713900001,27835.759783999987,3172.572061999935,101145.77999999991,12142.459999999997,0,31912.0,14475.0,8862.6,6983.8,3377.7999999999997,9361.0,971.5,30.8,113848550543.66924,349.2405986919232,1236.3061663624574
1,228267.01999999993,243635.0399999999,52443.64380490007,26910.98345599997,3141.663570799974,78197.51999999993,5819.029999999995,0,31912.0,14475.0,8862.6,6983.8,3377.7999999999997,9361.0,971.5,30.8,131120182922.10216,111.72362287607275,1020.636608325918
2,337450.6099999999,247459.74999999988,55119.19283579985,26224.522119000012,1669.2579440499348,91497.18999999993,12493.6,0,31912.0,14475.0,8862.6,6983.8,3377.7999999999997,9361.0,971.5,30.8,255007347022.25943,348.6750706144555,1268.049132410499
3,315227.1299999997,275992.32,62904.65006869959,30369.59958000002,3207.061359699961,106061.73999999993,13588.244999999988,0,31912.0,14475.0,8862.6,6983.8,3377.7999999999997,9361.0,971.5,30.8,399444143577.9886,353.22200306817786,1292.3694969933592
4,139144.18999999994,205821.71,41862.16655779999,19008.326977999975,3053.4972802499788,64725.18999999995,228.9199999999999,0,31912.0,14475.0,8862.6,6983.8,3377.7999999999997,9361.0,971.5,30.8,385905000595.4853,35.29307058850142,742.2447750305801
5,350494.8899999995,271020.19,58122.4503624,29688.51573799997,3138.3381728499753,87679.26999999993,12948.529999999982,0,31912.0,14475.0,8862.6,6983.8,3377.7999999999997,9361.0,971.5,30.8,611103236377.761,354.46442199381835,1348.0252474056208
6,141441.2999999999,213639.81999999998,39665.46545709977,19276.75282199997,2964.7554100499783,67075.49999999996,276.4499999999999,0,31912.0,14475.0,8862.6,6983.8,3377.7999999999997,9361.0,971.5,30.8,590680235198.228,36.69278854992028,764.5441286083612
7,181883.1899999996,218803.69999999987,40477.238523599706,19071.826098999965,7054.258129249942,70873.04999999994,424.85999999999984,0,31912.0,14475.0,8862.6,6983.8,3377.7999999999997,9361.0,971.5,30.8,564912443256.0033,37.968653310125376,858.7955768725997
