,contributed_CCGT,contributed_Coal,contributed_Onshore,contributed_Offshore,contributed_PV,contributed_Nuclear,contributed_Recip_gas,contributed_Biomass,total_CCGT,total_Coal,total_Onshore,total_Offshore,total_PV,total_Nuclear,total_Recip_gas,Carbon_tax,total_genco_wealth,Electricity_cost,Carbon_emitted
0,347911.7499999983,250785.37,22169.995796900053,29182.68527599999,3154.551064599939,116628.92000000001,13268.62999999999,0,31912.0,14475.0,8862.6,6983.8,3377.7999999999997,9361.0,971.5,30.8,9674168734.9069,74.4910325295992,1306.6606896472597
1,249665.28000000038,237810.40999999997,22219.451761,29394.699511999963,3119.764650699977,103751.19999999995,2074.830000000001,0,31912.0,14475.0,8862.6,6983.8,3377.7999999999997,9361.0,971.5,30.8,2716861447.979918,49.94838394894655,1049.075453993182
2,352351.54999999853,242041.37999999995,20544.647432999864,28845.068271999986,1657.4571495999326,119175.17000000003,13220.12999999999,0,31912.0,14475.0,8862.6,6983.8,3377.7999999999997,9361.0,971.5,30.8,11705302773.860682,85.21106860131842,1295.186746849238
3,378131.6399999977,251311.50999999998,21719.48963709995,28744.612764000005,3181.4453374999644,121494.44000000003,13443.22999999999,0,31912.0,14475.0,8862.6,6983.8,3377.7999999999997,9361.0,971.5,30.8,25506181973.995087,94.54694970038274,1370.4597017709777
4,175902.54000000018,168683.80999999994,17158.812681699994,21850.817085499988,2603.510064849983,95505.22999999992,183.32999999999998,0,31912.0,14475.0,8862.6,6983.8,3377.7999999999997,9361.0,971.5,30.8,9658533892.94923,39.76229983637543,735.7033717263816
5,369988.58999999816,256493.11999999997,23177.485860400036,29595.668287999964,3122.2863189999775,121482.80000000002,13269.59999999999,0,31912.0,14475.0,8862.6,6983.8,3377.7999999999997,9361.0,971.5,30.8,29707066157.49629,96.70487632675933,1364.2621155617578
6,170496.8600000002,197241.92000000004,16513.598383100016,21097.54558399997,3334.10799844998,85820.7499999999,183.32999999999998,0,31912.0,14475.0,8862.6,6983.8,3377.7999999999997,9361.0,971.5,30.8,6723494715.439101,36.69550749606591,786.6060115041635
7,215733.4200000003,194027.36000000007,19431.378520300004,24181.60076050001,7028.967684349936,85387.15999999989,209.51999999999995,0,31912.0,14475.0,8862.6,6983.8,3377.7999999999997,9361.0,971.5,30.8,-20073038969.629948,39.02140269095424,879.6811680492837
