,contributed_CCGT,contributed_Coal,contributed_Onshore,contributed_Offshore,contributed_PV,contributed_Nuclear,contributed_Recip_gas,contributed_Biomass,total_CCGT,total_Coal,total_Onshore,total_Offshore,total_PV,total_Nuclear,total_Recip_gas,Carbon_tax,total_genco_wealth,Electricity_cost,Carbon_emitted
0,359258.25999999855,250880.17000000004,22764.52949670005,29308.87689199999,3154.551064599939,95081.33999999997,13266.68999999999,0,31912.0,14475.0,8862.6,6983.8,3377.7999999999997,9361.0,971.5,30.8,30960400578.085327,143.9875113862705,1330.8258729576569
1,246934.6800000002,256386.05999999997,23388.55696800004,29595.668287999964,3121.129900149978,80337.33999999997,3049.1949999999997,0,31912.0,14475.0,8862.6,6983.8,3377.7999999999997,9361.0,971.5,30.8,24492304529.37523,53.13499766621212,1087.148803921879
2,355966.2199999987,251738.21999999994,21579.689958499985,29224.130127999983,1658.8167474499328,98623.77999999996,13269.59999999999,0,31912.0,14475.0,8862.6,6983.8,3377.7999999999997,9361.0,971.5,30.8,64004178639.37203,170.64665034072667,1324.2152507515564
3,380570.65999999834,256786.99999999997,23271.16948860005,29656.706700000013,3188.160174599965,104118.82999999994,13385.999999999989,0,31912.0,14475.0,8862.6,6983.8,3377.7999999999997,9361.0,971.5,30.8,101397535081.85289,159.4334695986204,1387.5127329059967
4,196133.82000000018,169606.2200000001,19010.342366999994,24793.914966999986,3106.300300749977,66847.54999999999,209.51999999999995,0,31912.0,14475.0,8862.6,6983.8,3377.7999999999997,9361.0,971.5,30.8,87778834441.80295,42.14562716639318,781.7040183755626
5,385007.33999999816,253828.44999999992,23464.752699000044,29595.668287999964,3122.2863189999775,99917.75999999995,13268.62999999999,0,31912.0,14475.0,8862.6,6983.8,3377.7999999999997,9361.0,971.5,30.8,143078541258.52597,158.5375514385672,1389.679229653097
6,196875.4500000003,179323.16,17685.801343300012,22355.677380999972,2966.0594784999803,73439.66999999998,183.32999999999998,0,31912.0,14475.0,8862.6,6983.8,3377.7999999999997,9361.0,971.5,30.8,121726759742.68172,40.76092406133663,801.0948336576812
7,210868.6200000004,216768.61000000004,20727.12281450003,25088.209368000014,7140.41888804994,64185.86999999997,157.14000000000001,0,31912.0,14475.0,8862.6,6983.8,3377.7999999999997,9361.0,971.5,30.8,94813929301.5455,40.86430494774391,919.5199027367822
