,contributed_CCGT,contributed_Coal,contributed_Onshore,contributed_Offshore,contributed_PV,contributed_Nuclear,contributed_Recip_gas,contributed_Biomass,total_CCGT,total_Coal,total_Onshore,total_Offshore,total_PV,total_Nuclear,total_Recip_gas,Carbon_tax,total_genco_wealth,Electricity_cost,Carbon_emitted
0,416123.8599999976,190536.07999999993,23300.55530880004,29579.745223999984,3154.551064599939,95615.80999999987,13289.969999999996,0,31912.0,14475.0,8862.6,6983.8,3377.7999999999997,9361.0,971.5,30.8,13305588979.337097,93.64914807411958,1311.6586176198355
1,320273.51999999915,181208.1199999999,23053.360761000025,29519.432383999963,3121.039424799978,78011.27999999991,6255.5299999999925,0,31912.0,14475.0,8862.6,6983.8,3377.7999999999997,9361.0,971.5,30.8,9633646046.561522,64.90767139945815,1078.3858635717618
2,410190.1199999977,188869.95999999993,20750.06111259987,29089.07022399998,1657.1837335499326,101665.69999999991,13289.969999999996,0,31912.0,14475.0,8862.6,6983.8,3377.7999999999997,9361.0,971.5,30.8,28728744340.590614,119.58911876346389,1295.8953485840748
3,426154.5799999979,196867.91999999995,23190.79447380004,29656.706700000013,3188.160174599965,108120.07999999994,14922.479999999969,0,31912.0,14475.0,8862.6,6983.8,3377.7999999999997,9361.0,971.5,30.8,53958623497.954,132.79959245648988,1349.4638296321557
4,230653.3200000004,132948.57000000004,17198.6509406,21825.388938999982,2623.6801078499816,74923.76999999993,203.69999999999996,0,31912.0,14475.0,8862.6,6983.8,3377.7999999999997,9361.0,971.5,30.8,39532903604.90125,41.725780948633265,769.1392315608635
5,421303.59999999776,210754.4699999997,23464.752699000044,29595.668287999964,3122.2863189999775,105859.97999999994,13289.969999999996,0,31912.0,14475.0,8862.6,6983.8,3377.7999999999997,9361.0,971.5,30.8,77101631804.56715,128.3035343069876,1367.2887648290566
6,227896.0800000004,147991.74999999997,17030.409659199995,21467.276957999977,3587.8461423999847,73443.54999999993,182.35999999999999,0,31912.0,14475.0,8862.6,6983.8,3377.7999999999997,9361.0,971.5,30.8,53767806620.243576,40.928053891397425,794.293526886502
7,272552.2500000001,144884.33999999994,22942.941984700054,27913.762609500005,7343.150725099923,67669.13999999994,574.2399999999999,0,31912.0,14475.0,8862.6,6983.8,3377.7999999999997,9361.0,971.5,30.8,27269826327.211193,43.542344486866135,886.1533476873227
