,contributed_CCGT,contributed_Coal,contributed_Onshore,contributed_Offshore,contributed_PV,contributed_Nuclear,contributed_Recip_gas,contributed_Biomass,total_CCGT,total_Coal,total_Onshore,total_Offshore,total_PV,total_Nuclear,total_Recip_gas,Carbon_tax,total_genco_wealth,Electricity_cost,Carbon_emitted
0,323020.3799999991,217308.28999999957,23300.55530880004,29579.745223999984,3154.551064599939,165604.86687359976,16450.229999999985,0,31912.0,14475.0,8862.6,6983.8,3377.7999999999997,9361.0,971.5,30.8,16941341871.761417,101.37849235901973,1186.9649975094194
1,233990.28000000032,183400.8699999997,23464.752699000044,29595.668287999964,3122.2863189999775,165604.86687359976,13408.309999999992,0,31912.0,14475.0,8862.6,6983.8,3377.7999999999997,9361.0,971.5,30.8,12449124279.450203,56.802381668511885,916.4107883762609
2,332899.97999999905,204959.0099999995,21601.84304159999,29224.130127999983,1658.9456695999324,165604.86687359976,17936.755000000016,0,31912.0,14475.0,8862.6,6983.8,3377.7999999999997,9361.0,971.5,30.8,21854472653.147186,89.27203756088109,1182.482072565979
3,355295.9199999983,211543.8099999996,23278.20383160005,29656.706700000013,3188.160174599965,165604.86687359976,18430.970000000023,0,31912.0,14475.0,8862.6,6983.8,3377.7999999999997,9361.0,971.5,30.8,49033006997.98077,135.31538846060718,1245.4907361263777
4,190235.10000000027,78490.44999999997,22168.572709900014,29595.668287999968,3116.600719849977,146645.34162320007,9952.199999999999,0,31912.0,14475.0,8862.6,6983.8,3377.7999999999997,9361.0,971.5,30.8,37169716304.39504,45.76743555469786,582.4950315090999
5,344827.6799999987,227612.2599999996,23464.752699000044,29595.668287999964,3122.2863189999775,165604.86687359976,17752.455000000013,0,31912.0,14475.0,8862.6,6983.8,3377.7999999999997,9361.0,971.5,30.8,53584869769.43753,91.71147751174173,1256.869591309477
6,156175.4400000003,130223.59999999995,25031.85691820003,32764.901290999987,4477.2553294999825,132812.50266480024,12571.199999999995,0,31912.0,14475.0,8862.6,6983.8,3377.7999999999997,9361.0,971.5,30.8,33535628323.738503,43.52914989788485,633.1363597928023
7,172283.9400000002,149451.40999999997,31091.167208999937,38204.78456500007,7411.1254933499295,140632.63420640014,12047.399999999996,0,31912.0,14475.0,8862.6,6983.8,3377.7999999999997,9361.0,971.5,30.8,10321304711.555773,43.38186691438025,707.7254072511815
