,contributed_CCGT,contributed_Coal,contributed_Onshore,contributed_Offshore,contributed_PV,contributed_Nuclear,contributed_Recip_gas,contributed_Biomass,total_CCGT,total_Coal,total_Onshore,total_Offshore,total_PV,total_Nuclear,total_Recip_gas,Carbon_tax,total_genco_wealth,Electricity_cost,Carbon_emitted
0,327384.23999999894,216436.12999999966,23300.55530880004,29579.745223999984,3154.551064599939,165604.86687359976,16985.670000000002,0,31912.0,14475.0,8862.6,6983.8,3377.7999999999997,9361.0,971.5,30.8,17247493606.62346,101.48153455307273,1194.9644404297396
1,271271.2800000005,148543.69999999995,23464.752699000044,29595.668287999964,3122.2863189999775,165604.86687359976,13410.24999999999,0,31912.0,14475.0,8862.6,6983.8,3377.7999999999997,9361.0,971.5,30.8,12219312073.605343,58.43893524452384,920.5008668326033
2,327067.31999999896,212602.2599999995,21601.84304159999,29224.130127999983,1658.9456695999324,165604.86687359976,17391.13000000001,0,31912.0,14475.0,8862.6,6983.8,3377.7999999999997,9361.0,971.5,30.8,20980901451.553604,90.08152299231465,1186.589286779479
3,347774.6199999986,219768.49999999962,23278.20383160005,29656.706700000013,3188.160174599965,165604.86687359976,18430.970000000023,0,31912.0,14475.0,8862.6,6983.8,3377.7999999999997,9361.0,971.5,30.8,48766564316.63968,135.00170832315837,1248.5750539429978
4,150385.98000000013,123837.23999999992,21963.9421307,29595.668287999968,3116.600719849977,144165.6618696001,12571.199999999995,0,31912.0,14475.0,8862.6,6983.8,3377.7999999999997,9361.0,971.5,30.8,35890628402.58086,43.98724441292066,607.1332450615212
5,362273.399999998,210792.36999999947,23464.752699000044,29595.668287999964,3122.2863189999775,165604.86687359976,18013.385000000017,0,31912.0,14475.0,8862.6,6983.8,3377.7999999999997,9361.0,971.5,30.8,52295320203.05616,93.23771827614537,1257.130561263258
6,172738.38000000027,113868.23000000003,25107.37461920003,32925.914206999994,4477.2553294999825,132812.50266480024,12571.199999999995,0,31912.0,14475.0,8862.6,6983.8,3377.7999999999997,9361.0,971.5,30.8,33485084688.403545,44.638222971198026,631.1879577655421
7,195000.66000000003,125825.67000000006,31140.259490999935,38204.78456500007,7414.15220374993,142418.6817816001,12571.199999999995,0,31912.0,14475.0,8862.6,6983.8,3377.7999999999997,9361.0,971.5,30.8,10587706170.91214,44.0908311226712,703.2510325866617
