,contributed_CCGT,contributed_Coal,contributed_Onshore,contributed_Offshore,contributed_PV,contributed_Nuclear,contributed_Recip_gas,contributed_Biomass,total_CCGT,total_Coal,total_Onshore,total_Offshore,total_PV,total_Nuclear,total_Recip_gas,Carbon_tax,total_genco_wealth,Electricity_cost,Carbon_emitted
0,327593.9399999993,250171.7299999999,51135.076469599844,28013.363695999993,3167.234633499936,103167.25999999995,12048.36999999999,0,31912.0,14475.0,8862.6,6983.8,3377.7999999999997,9361.0,971.5,30.8,98577606025.50055,313.5647679522654,1248.3675227985384
1,245411.8900000002,243133.55999999994,44573.09637749997,23135.72889799996,3132.202414549974,78900.76999999993,3681.1499999999974,0,31912.0,14475.0,8862.6,6983.8,3377.7999999999997,9361.0,971.5,30.8,109015284853.26411,82.4927102248411,1048.5170784768811
2,321684.09999999945,251450.75999999992,51805.881114199714,23659.507180000022,1663.6154439499353,105435.11999999998,12590.599999999986,0,31912.0,14475.0,8862.6,6983.8,3377.7999999999997,9361.0,971.5,30.8,238211901117.77936,336.8952905944358,1251.0528588424775
3,360584.28999999986,254112.92999999982,53287.32768889979,24652.74029300001,3170.961776899961,106758.19999999995,12149.249999999995,0,31912.0,14475.0,8862.6,6983.8,3377.7999999999997,9361.0,971.5,30.8,384301717935.70667,351.88694641432784,1332.7017448561378
4,147289.0500000001,202974.61,40745.68474319999,19060.662002999972,3068.7202347499756,60300.04999999996,342.4099999999998,0,31912.0,14475.0,8862.6,6983.8,3377.7999999999997,9361.0,971.5,30.8,372575906229.46515,34.23103061094539,752.6090026047798
5,346995.7199999996,269810.24,49455.48931409992,27288.234546999982,3126.785228099976,103891.84999999992,12706.999999999987,0,31912.0,14475.0,8862.6,6983.8,3377.7999999999997,9361.0,971.5,30.8,590143892704.8282,349.31519653602504,1334.187366395519
6,155647.16000000015,189578.66,39031.790821699804,19669.609133999966,3924.1219674499657,74333.03999999995,330.7699999999998,0,31912.0,14475.0,8862.6,6983.8,3377.7999999999997,9361.0,971.5,30.8,571122290320.1027,34.01205618351429,739.7078503466794
7,180570.5399999997,229308.55000000002,36634.78555519977,18223.08524049997,5215.6954958499855,75521.28999999994,293.90999999999985,0,31912.0,14475.0,8862.6,6983.8,3377.7999999999997,9361.0,971.5,30.8,548911976320.4953,37.172671355031575,879.2583604729
