,contributed_CCGT,contributed_Coal,contributed_Onshore,contributed_Offshore,contributed_PV,contributed_Nuclear,contributed_Recip_gas,contributed_Biomass,total_CCGT,total_Coal,total_Onshore,total_Offshore,total_PV,total_Nuclear,total_Recip_gas,Carbon_tax,total_genco_wealth,Electricity_cost,Carbon_emitted
0,341214.0599999987,255073.59999999998,22748.721270900052,29499.889591999985,3154.551064599939,117726.96,13289.969999999996,0,31912.0,14475.0,8862.6,6983.8,3377.7999999999997,9361.0,971.5,30.8,9525804741.228088,74.27794437606225,1301.752277312799
1,260550.4200000001,230574.8,21860.3090088,28138.71625399997,3119.5690137999773,99484.16999999994,3205.3650000000007,0,31912.0,14475.0,8862.6,6983.8,3377.7999999999997,9361.0,971.5,30.8,3169630785.9193234,49.86179915231434,1061.0184272804008
2,349105.5499999983,251029.73999999993,19954.917211999822,27690.002487999995,1655.7526250499332,120083.09000000001,13215.279999999997,0,31912.0,14475.0,8862.6,6983.8,3377.7999999999997,9361.0,971.5,30.8,12134216948.961487,84.74746461884398,1308.5969201965186
3,373878.68999999826,250239.13999999996,21932.77743719993,29069.64318000001,3184.368717149964,125833.25000000001,13289.969999999996,0,31912.0,14475.0,8862.6,6983.8,3377.7999999999997,9361.0,971.5,30.8,25681236422.436066,94.3638638619406,1359.1222111977186
4,137301.7000000002,216792.4400000002,16710.24920880002,20855.247418999996,3024.2444019499812,90647.4699999999,177.51,0,31912.0,14475.0,8862.6,6983.8,3377.7999999999997,9361.0,971.5,30.8,10509850173.970842,36.49557645563527,762.8330133311226
5,370971.0299999983,257630.72,23182.18781900003,29595.668287999964,3122.2863189999775,120388.64000000001,13289.969999999996,0,31912.0,14475.0,8862.6,6983.8,3377.7999999999997,9361.0,971.5,30.8,31590922960.86611,97.04465861298424,1369.713218226558
6,141720.22000000015,220933.16000000012,15896.089011100015,20322.06031799998,2664.156329749975,93196.62999999989,174.6,0,31912.0,14475.0,8862.6,6983.8,3377.7999999999997,9361.0,971.5,30.8,8248718233.925789,34.55393776530715,781.0362959576829
7,203612.38000000024,202944.1500000002,18699.668720300007,23546.6171125,5978.216739849973,93480.8399999999,193.02999999999997,0,31912.0,14475.0,8862.6,6983.8,3377.7999999999997,9361.0,971.5,30.8,-18504267716.567726,38.16885520185408,875.8158495217027
