,contributed_CCGT,contributed_Coal,contributed_Onshore,contributed_Offshore,contributed_PV,contributed_Nuclear,contributed_Recip_gas,contributed_Biomass,total_CCGT,total_Coal,total_Onshore,total_Offshore,total_PV,total_Nuclear,total_Recip_gas,Carbon_tax,total_genco_wealth,Electricity_cost,Carbon_emitted
0,387746.67999999825,211420.17999999964,23300.55530880004,29579.745223999984,3154.551064599939,101838.35999999999,14118.834999999995,0,31912.0,14475.0,8862.6,6983.8,3377.7999999999997,9361.0,971.5,30.8,17688795512.523476,94.56028850869234,1303.2604468216362
1,307423.9899999996,191777.08999999994,23464.752699000044,29595.668287999964,3122.2863189999775,74947.04999999996,11317.960000000006,0,31912.0,14475.0,8862.6,6983.8,3377.7999999999997,9361.0,971.5,30.8,20392472375.95625,68.44168494757004,1087.9155490918215
2,381796.64999999834,208662.0499999997,21601.84304159999,29224.130127999983,1658.9456695999324,112680.04999999999,14837.11999999998,0,31912.0,14475.0,8862.6,6983.8,3377.7999999999997,9361.0,971.5,30.8,36743077424.91816,100.99730967327973,1285.5613490258954
3,412464.5899999978,224457.20999999973,23278.20383160005,29656.706700000013,3188.160174599965,98117.43999999999,15035.969999999978,0,31912.0,14475.0,8862.6,6983.8,3377.7999999999997,9361.0,971.5,30.8,65441102098.8863,136.20263767674479,1384.3903908395762
4,235419.24000000034,156457.83999999994,21406.818479099984,27995.031337999964,3117.545392749977,24700.079999999987,7388.975,0,31912.0,14475.0,8862.6,6983.8,3377.7999999999997,9361.0,971.5,30.8,54008940756.09966,51.30255110775706,854.9587632303214
5,410547.60999999783,215787.11999999965,23464.752699000044,29595.668287999964,3122.2863189999775,106377.95999999995,15012.689999999977,0,31912.0,14475.0,8862.6,6983.8,3377.7999999999997,9361.0,971.5,30.8,106408991541.88072,150.33065235650272,1361.1524512337533
6,239444.70000000027,162451.11999999997,21529.999865499973,28037.448201499985,4429.1712977999805,19554.229999999996,8612.144999999991,0,31912.0,14475.0,8862.6,6983.8,3377.7999999999997,9361.0,971.5,30.8,88766652449.94699,49.60077511210915,878.0627054557597
7,270754.62000000034,162301.01999999987,29470.03358239994,35443.75381300003,7384.92273549993,23670.90999999999,10397.915000000012,0,31912.0,14475.0,8862.6,6983.8,3377.7999999999997,9361.0,971.5,30.8,71979425908.2304,54.47125469081855,946.76036267596
