,contributed_CCGT,contributed_Coal,contributed_Onshore,contributed_Offshore,contributed_PV,contributed_Nuclear,contributed_Recip_gas,contributed_Biomass,total_CCGT,total_Coal,total_Onshore,total_Offshore,total_PV,total_Nuclear,total_Recip_gas,Carbon_tax,total_genco_wealth,Electricity_cost,Carbon_emitted
0,321436.66999999975,252678.48999999993,52033.110966799795,26973.361417999993,3162.408024949937,94076.41999999991,11923.239999999985,0,31912.0,14475.0,8862.6,6983.8,3377.7999999999997,9361.0,971.5,30.8,91233146279.00885,312.33748920646605,1247.1151300490203
1,246596.16000000006,247559.1499999999,47449.43099489991,26630.024077999977,3134.2969601999744,68901.03999999995,3688.9099999999976,0,31912.0,14475.0,8862.6,6983.8,3377.7999999999997,9361.0,971.5,30.8,103180261798.90083,86.65735132509838,1061.0482004516994
2,352963.8699999998,237912.87999999986,53456.52274219971,28777.832703999986,1676.693083549932,92130.5999999999,11989.199999999988,0,31912.0,14475.0,8862.6,6983.8,3377.7999999999997,9361.0,971.5,30.8,230623669775.71805,339.1950089405968,1272.3939922262405
3,358569.45999999973,261637.21999999994,53075.11645299978,26714.947308,3200.2980857499606,105558.30999999994,12243.339999999991,0,31912.0,14475.0,8862.6,6983.8,3377.7999999999997,9361.0,971.5,30.8,370213932478.7538,350.54178629256984,1339.6850283135598
4,147102.41000000003,202874.99000000002,38752.888661699966,19060.662002999972,2888.28452684998,66180.18999999994,323.97999999999985,0,31912.0,14475.0,8862.6,6983.8,3377.7999999999997,9361.0,971.5,30.8,358590627550.25916,34.83077555362528,751.9704186360198
5,341871.74999999953,256547.08999999994,55596.26058319998,30707.020819999972,3141.0033147999748,116143.92,12103.65999999999,0,31912.0,14475.0,8862.6,6983.8,3377.7999999999997,9361.0,971.5,30.8,585088139987.9442,349.77133696332174,1296.4627310318217
6,140072.58,206263.01999999996,38456.97431189983,19415.215397999968,3240.4811958499804,74376.68999999994,338.5299999999998,0,31912.0,14475.0,8862.6,6983.8,3377.7999999999997,9361.0,971.5,30.8,566668348172.249,35.228063069735676,745.3366532819599
7,209622.81999999992,194541.16999999998,44340.108837699794,22264.23567250001,7178.09840989994,62650.35999999996,1610.2000000000012,0,31912.0,14475.0,8862.6,6983.8,3377.7999999999997,9361.0,971.5,30.8,545246842258.96686,38.6090720970215,863.3739050556599
