,contributed_CCGT,contributed_Coal,contributed_Onshore,contributed_Offshore,contributed_PV,contributed_Nuclear,contributed_Recip_gas,contributed_Biomass,total_CCGT,total_Coal,total_Onshore,total_Offshore,total_PV,total_Nuclear,total_Recip_gas,Carbon_tax,total_genco_wealth,Electricity_cost,Carbon_emitted
0,402961.20999999804,197339.08999999965,23300.55530880004,29579.745223999984,3154.551064599939,92486.58999999994,15027.239999999983,0,31912.0,14475.0,8862.6,6983.8,3377.7999999999997,9361.0,971.5,30.8,18713359732.15415,96.18344559302857,1300.2470991278176
1,320403.0199999997,160980.24,23464.752699000044,29595.668287999964,3122.2863189999775,79834.87999999995,11290.800000000007,0,31912.0,14475.0,8862.6,6983.8,3377.7999999999997,9361.0,971.5,30.8,22999070165.387703,70.48339807500986,1042.6620556955197
2,382591.27999999846,195766.81999999972,21601.84304159999,29224.130127999983,1658.9456695999324,109990.23999999996,14097.494999999995,0,31912.0,14475.0,8862.6,6983.8,3377.7999999999997,9361.0,971.5,30.8,39722970420.1255,98.88348409460336,1260.6363684243584
3,405768.19999999803,206654.70999999976,23278.20383160005,29656.706700000013,3188.160174599965,125291.98999999998,14115.924999999994,0,31912.0,14475.0,8862.6,6983.8,3377.7999999999997,9361.0,971.5,30.8,59981618024.76059,105.50534755168258,1323.700715214578
4,230732.5300000003,104123.42000000004,22851.926719800016,29595.668287999968,3119.8788269499773,58555.989999999976,4576.459999999998,0,31912.0,14475.0,8862.6,6983.8,3377.7999999999997,9361.0,971.5,30.8,54907036120.563156,51.59794283823849,721.17048732116
5,419361.6099999977,190691.98999999982,23464.752699000044,29595.668287999964,3122.2863189999775,114224.28999999996,15599.054999999984,0,31912.0,14475.0,8862.6,6983.8,3377.7999999999997,9361.0,971.5,30.8,82052397076.44511,99.70762427105302,1324.6414196120172
6,229300.09000000023,122651.54000000004,25355.035475100027,32535.059734999984,4484.997822499984,55261.86999999998,5166.219999999997,0,31912.0,14475.0,8862.6,6983.8,3377.7999999999997,9361.0,971.5,30.8,73004338603.70767,49.77414084295344,758.5349561929195
7,265740.30000000034,111728.63000000003,34188.695029499926,38306.24775700007,7435.590175249931,69872.00999999995,9162.134999999987,0,31912.0,14475.0,8862.6,6983.8,3377.7999999999997,9361.0,971.5,30.8,66471125440.86774,55.46666655130961,815.0654704147398
