,contributed_CCGT,contributed_Coal,contributed_Onshore,contributed_Offshore,contributed_PV,contributed_Nuclear,contributed_Recip_gas,contributed_Biomass,total_CCGT,total_Coal,total_Onshore,total_Offshore,total_PV,total_Nuclear,total_Recip_gas,Carbon_tax,total_genco_wealth,Electricity_cost,Carbon_emitted
0,411981.93999999773,191957.41999999987,23300.55530880004,29579.745223999984,3154.551064599939,96671.16999999987,13988.369999999992,0,31912.0,14475.0,8862.6,6983.8,3377.7999999999997,9361.0,971.5,30.8,13305988802.993155,93.7682149172354,1307.8398472531558
1,332129.95999999857,169175.59999999998,23217.964387200038,29595.668287999964,3121.039424799978,78152.8999999999,5836.974999999992,0,31912.0,14475.0,8862.6,6983.8,3377.7999999999997,9361.0,971.5,30.8,10259644833.912228,66.0266757112412,1074.6610096988024
2,409398.0399999977,192991.13999999972,20486.561631099863,28574.321007999984,1657.1826390499327,102332.0899999999,13281.239999999996,0,31912.0,14475.0,8862.6,6983.8,3377.7999999999997,9361.0,971.5,30.8,29509050176.99923,118.74892945920635,1303.4656970937162
3,428490.23999999784,194116.47999999995,23090.631546300043,29656.706700000013,3188.160174599965,110630.43999999996,15106.779999999968,0,31912.0,14475.0,8862.6,6983.8,3377.7999999999997,9361.0,971.5,30.8,55655757013.33789,133.06749898339436,1348.4397907190362
4,244583.12000000034,115186.42999999995,18419.693711200023,23936.655049999976,3092.6828998999777,72865.42999999993,227.94999999999993,0,31912.0,14475.0,8862.6,6983.8,3377.7999999999997,9361.0,971.5,30.8,41218846525.21602,42.66315981699017,757.7371300291427
5,435452.03999999777,191857.36999999988,23464.752699000044,29595.668287999964,3122.2863189999775,103709.48999999989,13988.369999999992,0,31912.0,14475.0,8862.6,6983.8,3377.7999999999997,9361.0,971.5,30.8,79375498726.1065,130.1628295163612,1355.260898883258
6,249557.8600000004,129578.43,17552.03416260002,22231.94484949998,3201.2237882999825,66639.96999999994,203.69999999999996,0,31912.0,14475.0,8862.6,6983.8,3377.7999999999997,9361.0,971.5,30.8,56979283736.058784,41.27780287172887,801.9380828251427
7,326838.649999999,88209.39999999998,20085.31562150002,24027.342173500005,7108.698984549932,70934.15999999993,10474.545000000002,0,31912.0,14475.0,8862.6,6983.8,3377.7999999999997,9361.0,971.5,30.8,36049869715.938995,47.25388413281286,895.4386097911998
