,contributed_CCGT,contributed_Coal,contributed_Onshore,contributed_Offshore,contributed_PV,contributed_Nuclear,contributed_Recip_gas,contributed_Biomass,total_CCGT,total_Coal,total_Onshore,total_Offshore,total_PV,total_Nuclear,total_Recip_gas,Carbon_tax,total_genco_wealth,Electricity_cost,Carbon_emitted
0,376774.1799999982,251850.2900000001,22492.072705400034,29579.745223999984,3154.551064599939,91143.13999999987,13033.40499999999,0,31912.0,14475.0,8862.6,6983.8,3377.7999999999997,9361.0,971.5,30.8,8996506417.372845,74.16101046935235,1367.1501761554196
1,268116.27000000025,246845.63999999996,22528.101366900006,29390.762407999962,3119.7797846499775,76982.10999999991,2747.0399999999995,0,31912.0,14475.0,8862.6,6983.8,3377.7999999999997,9361.0,971.5,30.8,1714700594.1052675,49.76760770021087,1107.1325744647193
2,377420.9799999981,246175.04,20060.1757337998,27804.39647199999,1656.1988128999328,94284.96999999987,13075.59999999999,0,31912.0,14475.0,8862.6,6983.8,3377.7999999999997,9361.0,971.5,30.8,10254244686.648653,85.34193759837012,1354.9609248259173
3,399231.2199999978,256851.77999999997,20506.302130199918,26469.747780000005,3177.5262215499647,101268.96999999987,13269.59999999999,0,31912.0,14475.0,8862.6,6983.8,3377.7999999999997,9361.0,971.5,30.8,22764688908.302883,93.12887698140861,1425.3019276684356
4,166202.3700000002,209109.2600000001,16825.87440189997,21163.002692999988,3024.064505949981,69754.63999999993,148.41000000000003,0,31912.0,14475.0,8862.6,6983.8,3377.7999999999997,9361.0,971.5,30.8,6988967619.762998,36.24727692401145,804.2980679454827
5,390340.4799999978,265171.27,22920.72435780002,29595.668287999964,3122.2863189999775,95729.29999999987,13221.09999999999,0,31912.0,14475.0,8862.6,6983.8,3377.7999999999997,9361.0,971.5,30.8,25374375362.57651,94.63270796881814,1423.8710244554552
6,186078.1500000004,206393.01000000004,15792.969552700013,20316.757949999977,2918.15050709998,64280.92999999995,130.95000000000005,0,31912.0,14475.0,8862.6,6983.8,3377.7999999999997,9361.0,971.5,30.8,1364758610.875262,35.40058367664466,838.5494227279812
7,240904.5700000003,185918.4399999999,20342.270183200028,25485.105089500008,6985.832523949931,71535.55999999994,165.87,0,31912.0,14475.0,8862.6,6983.8,3377.7999999999997,9361.0,971.5,30.8,-27401952028.20264,38.45761209851369,905.1551980591215
