,contributed_CCGT,contributed_Coal,contributed_Onshore,contributed_Offshore,contributed_PV,contributed_Nuclear,contributed_Recip_gas,contributed_Biomass,total_CCGT,total_Coal,total_Onshore,total_Offshore,total_PV,total_Nuclear,total_Recip_gas,Carbon_tax,total_genco_wealth,Electricity_cost,Carbon_emitted
0,319164.12999999954,276135.7200000002,53069.56291199969,27263.108143999983,3158.4673765999382,102451.39999999994,12870.444999999989,0,31912.0,14475.0,8862.6,6983.8,3377.7999999999997,9361.0,971.5,30.8,58058173497.983345,238.7660147365315,1290.859816106559
1,224201.6599999995,269477.5100000002,49415.441593399795,22585.366262499967,3107.806694149976,79378.97999999992,3077.8099999999963,0,31912.0,14475.0,8862.6,6983.8,3377.7999999999997,9361.0,971.5,30.8,65304208816.05156,80.53786409546714,1065.2878693589778
2,337538.8199999994,275066.67000000004,49726.01890939953,22778.175764000007,1658.1228781999355,88637.62999999992,13124.09999999999,0,31912.0,14475.0,8862.6,6983.8,3377.7999999999997,9361.0,971.5,30.8,149296548389.49115,280.5553647532269,1335.7415604246585
3,364453.45999999926,266508.47000000015,56852.35097669966,28296.187284000014,3194.570720499962,99766.43999999994,12966.959999999985,0,31912.0,14475.0,8862.6,6983.8,3377.7999999999997,9361.0,971.5,30.8,265688841368.4622,345.14019036855507,1362.7867344210595
4,125460.95999999988,232257.6800000001,37907.78825760002,19060.234502999974,3022.1933121499796,70493.77999999994,814.8000000000008,0,31912.0,14475.0,8862.6,6983.8,3377.7999999999997,9361.0,971.5,30.8,250393262914.97168,30.04598818275582,774.599115436639
5,344262.7099999992,281650.79000000015,57312.60681019987,25874.993613499988,3127.4591746999768,99594.7499999999,13004.78999999999,0,31912.0,14475.0,8862.6,6983.8,3377.7999999999997,9361.0,971.5,30.8,439598029060.3165,329.4669026382396,1357.9333500244175
6,164071.67999999982,191386.90000000005,39273.990364199875,17789.660707999974,4181.2081423999825,71223.21999999994,1130.0500000000009,0,31912.0,14475.0,8862.6,6983.8,3377.7999999999997,9361.0,971.5,30.8,416729468851.8346,32.14185005775337,762.419857786199
7,173073.00999999972,237996.45000000027,42302.25594579968,21236.041124999992,7111.21046724994,70144.57999999994,1302.7100000000012,0,31912.0,14475.0,8862.6,6983.8,3377.7999999999997,9361.0,971.5,30.8,387923916663.3619,34.07075561798926,885.0475141370981
