,contributed_CCGT,contributed_Coal,contributed_Onshore,contributed_Offshore,contributed_PV,contributed_Nuclear,contributed_Recip_gas,contributed_Biomass,total_CCGT,total_Coal,total_Onshore,total_Offshore,total_PV,total_Nuclear,total_Recip_gas,Carbon_tax,total_genco_wealth,Electricity_cost,Carbon_emitted
0,355044.0599999985,257312.34999999998,23298.29773080004,29579.745223999984,3154.551064599939,92920.17999999996,13267.659999999989,0,31912.0,14475.0,8862.6,6983.8,3377.7999999999997,9361.0,971.5,30.8,31290326352.875404,147.01154600888685,1335.701599965297
1,258035.34000000014,246995.2100000001,23464.752699000044,29595.668287999964,3122.2077239499777,77981.20999999998,3843.1400000000003,0,31912.0,14475.0,8862.6,6983.8,3377.7999999999997,9361.0,971.5,30.8,25650159930.231617,55.627717737779015,1093.8479681635793
2,356864.0999999987,260885.51999999996,21570.38668849998,29224.130127999983,1658.6216179999328,87971.23999999996,13268.62999999999,0,31912.0,14475.0,8862.6,6983.8,3377.7999999999997,9361.0,971.5,30.8,65458136224.269745,168.6957530304891,1348.2955843369564
3,379656.49999999825,258973.71999999997,23278.20383160005,29656.706700000013,3188.032516099965,103202.17999999995,13262.80999999999,0,31912.0,14475.0,8862.6,6983.8,3377.7999999999997,9361.0,971.5,30.8,102899078613.46683,159.65944494718624,1390.2863550405557
4,154730.7000000003,215462.1300000001,16883.637387799983,21248.716442999987,2753.12327964998,74412.57999999997,148.41000000000003,0,31912.0,14475.0,8862.6,6983.8,3377.7999999999997,9361.0,971.5,30.8,87380016307.64069,38.215041422323274,795.1863592577412
5,384402.43999999814,253578.02000000005,23165.835122500033,29595.668287999964,3122.2863189999775,98690.70999999996,13259.89999999999,0,31912.0,14475.0,8862.6,6983.8,3377.7999999999997,9361.0,971.5,30.8,144294864346.07587,156.70201178600936,1387.8747517519573
6,185172.18000000023,193927.89999999988,17388.1482879,22105.193597999976,3139.1038089999793,70485.04999999999,174.6,0,31912.0,14475.0,8862.6,6983.8,3377.7999999999997,9361.0,971.5,30.8,121959367274.7514,38.64926791612736,809.0315012842017
7,222193.20000000022,193796.79000000015,21709.845712800034,26495.751978000008,6159.692630699966,78118.94999999998,165.87,0,31912.0,14475.0,8862.6,6983.8,3377.7999999999997,9361.0,971.5,30.8,96275179984.94307,41.90083279351767,893.0683785124222
