,contributed_CCGT,contributed_Coal,contributed_Onshore,contributed_Offshore,contributed_PV,contributed_Nuclear,contributed_Recip_gas,contributed_Biomass,total_CCGT,total_Coal,total_Onshore,total_Offshore,total_PV,total_Nuclear,total_Recip_gas,Carbon_tax,total_genco_wealth,Electricity_cost,Carbon_emitted
0,304602.1200000001,265743.29999999993,56199.72819639985,29523.873967999993,3170.0993374999352,93776.68999999992,11966.889999999987,0,31912.0,14475.0,8862.6,6983.8,3377.7999999999997,9361.0,971.5,30.8,96477882882.31334,317.02936496245053,1248.1369036333988
1,236366.3399999999,241945.11999999997,51187.99056129995,26982.021523999967,3134.788921299975,77813.39999999994,3672.4199999999973,0,31912.0,14475.0,8862.6,6983.8,3377.7999999999997,9361.0,971.5,30.8,108526732758.4737,88.58734045765716,1027.53221711776
2,309869.5199999997,252478.1999999998,54822.44117229959,25594.883476000003,1676.468132699933,106482.71999999996,12700.209999999988,0,31912.0,14475.0,8862.6,6983.8,3377.7999999999997,9361.0,971.5,30.8,231862655363.75522,335.99439167181436,1218.904047623597
3,347153.83999999997,260117.22999999998,55754.5501107997,28983.110700000016,3204.523383849961,105124.71999999996,11920.329999999987,0,31912.0,14475.0,8862.6,6983.8,3377.7999999999997,9361.0,971.5,30.8,371973740785.33307,356.0798958982744,1313.6453667675394
4,152743.35,203542.29000000004,37893.40873509998,19060.234502999974,3070.2046742499756,58052.55999999997,323.0099999999998,0,31912.0,14475.0,8862.6,6983.8,3377.7999999999997,9361.0,971.5,30.8,360080359043.8557,34.07952023972155,764.9085696214194
5,347437.0699999996,264334.3,55185.65599419993,26762.281849999963,3141.1917716499747,103377.74999999991,12490.689999999995,0,31912.0,14475.0,8862.6,6983.8,3377.7999999999997,9361.0,971.5,30.8,591513418098.2378,352.6383881564584,1324.7881160313984
6,154190.59000000017,207922.22000000003,37076.510498999836,18115.756339999974,4200.5355513499835,62401.069999999956,347.2599999999998,0,31912.0,14475.0,8862.6,6983.8,3377.7999999999997,9361.0,971.5,30.8,571186966794.1799,32.61496309568318,777.6690613635599
7,188799.47999999963,215575.96999999986,43735.715204299864,22494.824185,7217.851040949933,62099.399999999965,310.39999999999986,0,31912.0,14475.0,8862.6,6983.8,3377.7999999999997,9361.0,971.5,30.8,549027988776.90344,38.172365068839255,865.4009415060592
