,contributed_CCGT,contributed_Coal,contributed_Onshore,contributed_Offshore,contributed_PV,contributed_Nuclear,contributed_Recip_gas,contributed_Biomass,total_CCGT,total_Coal,total_Onshore,total_Offshore,total_PV,total_Nuclear,total_Recip_gas,Carbon_tax,total_genco_wealth,Electricity_cost,Carbon_emitted
0,409937.31999999785,193608.87999999992,23300.55530880004,29579.745223999984,3154.551064599939,103043.09999999996,14113.984999999993,0,31912.0,14475.0,8862.6,6983.8,3377.7999999999997,9361.0,971.5,30.8,19715950343.303303,99.57986855319007,1308.9569516442373
1,319518.47999999975,159022.38999999993,23464.752699000044,29595.668287999964,3122.2863189999775,89598.89999999994,10217.010000000004,0,31912.0,14475.0,8862.6,6983.8,3377.7999999999997,9361.0,971.5,30.8,25024588433.01969,73.58026603271337,1036.8224522612195
2,386944.719999998,211762.36999999973,21601.84304159999,29224.130127999983,1658.9456695999324,109419.87999999999,15044.699999999983,0,31912.0,14475.0,8862.6,6983.8,3377.7999999999997,9361.0,971.5,30.8,40572670324.62853,96.69485023814302,1305.8604463732559
3,418361.6099999976,204605.3599999997,23278.20383160005,29656.706700000013,3188.160174599965,118966.62,15057.30999999998,0,31912.0,14475.0,8862.6,6983.8,3377.7999999999997,9361.0,971.5,30.8,60752282003.88452,106.07714352607053,1351.3764832532777
4,212300.32000000027,131078.49000000002,22637.27494450003,29595.668287999968,3118.004963349977,62446.65999999998,4595.859999999998,0,31912.0,14475.0,8862.6,6983.8,3377.7999999999997,9361.0,971.5,30.8,56085524285.323044,51.547620580394124,740.3955923090201
5,421563.25999999786,205767.20999999982,23464.752699000044,29595.668287999964,3122.2863189999775,111167.81999999998,15969.594999999981,0,31912.0,14475.0,8862.6,6983.8,3377.7999999999997,9361.0,971.5,30.8,84004437793.29672,100.63830800886369,1362.32032106958
6,228308.15000000026,133819.93,24250.519716300052,31239.86366899998,4481.988444999984,51256.740000000005,4517.774999999999,0,31912.0,14475.0,8862.6,6983.8,3377.7999999999997,9361.0,971.5,30.8,75471416207.63919,48.99284448582358,777.66875839214
7,270085.9200000001,117664.85000000006,33825.47198199991,38306.24775700007,7431.36948474993,66408.13999999997,9234.399999999985,0,31912.0,14475.0,8862.6,6983.8,3377.7999999999997,9361.0,971.5,30.8,70408261936.10722,55.00353106254281,837.3742657602988
