,contributed_CCGT,contributed_Coal,contributed_Onshore,contributed_Offshore,contributed_PV,contributed_Nuclear,contributed_Recip_gas,contributed_Biomass,total_CCGT,total_Coal,total_Onshore,total_Offshore,total_PV,total_Nuclear,total_Recip_gas,Carbon_tax,total_genco_wealth,Electricity_cost,Carbon_emitted
0,349144.9399999981,246036.68,21447.166395400025,27782.97571999999,3154.551064599939,120086.97000000002,13269.59999999999,0,31912.0,14475.0,8862.6,6983.8,3377.7999999999997,9361.0,971.5,30.8,9660883504.288933,75.14828257625159,1299.4939867586397
1,285216.45999999973,203959.70000000007,21630.2229427,27652.773792999975,3117.911204499977,102571.67999999995,3057.9249999999997,0,31912.0,14475.0,8862.6,6983.8,3377.7999999999997,9361.0,971.5,30.8,3640016060.942231,52.3240270005044,1052.3264740506033
2,351698.4199999984,247143.92,20254.819784699823,28447.300383999984,1657.0564531499326,116581.39,13221.09999999999,0,31912.0,14475.0,8862.6,6983.8,3377.7999999999997,9361.0,971.5,30.8,12692051335.953993,84.78439022332459,1306.172829280159
3,376622.2899999982,251996.43999999994,21597.086501099933,28460.326479999996,3180.5006645999642,125930.25000000003,13269.59999999999,0,31912.0,14475.0,8862.6,6983.8,3377.7999999999997,9361.0,971.5,30.8,26454795582.025497,94.35142474833754,1368.5716038031183
4,185483.30000000022,170950.54,16992.379315399976,21362.353048999983,2603.510064849983,85503.5599999999,183.32999999999998,0,31912.0,14475.0,8862.6,6983.8,3377.7999999999997,9361.0,971.5,30.8,12757381103.726902,39.37227791013081,758.456371314923
5,373631.9399999982,256102.06999999998,22981.219300200024,29595.668287999964,3122.2863189999775,120090.85000000002,13270.56999999999,0,31912.0,14475.0,8862.6,6983.8,3377.7999999999997,9361.0,971.5,30.8,33440310758.41824,96.7881644577439,1371.6644569738587
6,169269.1400000002,193917.21000000008,15598.732038500015,20219.66202199998,2664.142429599975,88953.84999999993,157.14000000000001,0,31912.0,14475.0,8862.6,6983.8,3377.7999999999997,9361.0,971.5,30.8,10994474264.675446,36.56077184806889,781.262671359583
7,204125.38000000053,204564.46999999997,20106.08134270001,25602.748396500003,7114.308446299931,86670.46999999988,209.51999999999995,0,31912.0,14475.0,8862.6,6983.8,3377.7999999999997,9361.0,971.5,30.8,-16709277896.189077,38.25215895374593,874.3203633490643
