,contributed_CCGT,contributed_Coal,contributed_Onshore,contributed_Offshore,contributed_PV,contributed_Nuclear,contributed_Recip_gas,contributed_Biomass,total_CCGT,total_Coal,total_Onshore,total_Offshore,total_PV,total_Nuclear,total_Recip_gas,Carbon_tax,total_genco_wealth,Electricity_cost,Carbon_emitted
0,389790.9999999987,138413.8,55768.906091399585,35386.87840700011,3143.7682975999405,92644.69999999994,14333.689999999984,0,31912.0,14475.0,8862.6,6983.8,3377.7999999999997,9361.0,971.5,30.8,24866626338.526485,105.40692983710642,1151.2510320723982
1,309956.0300000001,123861.21999999996,53333.16923899965,34940.48456000003,3108.9920540999774,57009.80999999998,9534.614999999978,0,31912.0,14475.0,8862.6,6983.8,3377.7999999999997,9361.0,971.5,30.8,24054668814.608246,64.3766002109648,950.3268640955566
2,386693.46999999863,149226.83000000005,58090.7976133995,33425.86108000009,1647.3831154999334,87353.34999999993,13326.829999999987,0,31912.0,14475.0,8862.6,6983.8,3377.7999999999997,9361.0,971.5,30.8,48757136564.21966,105.97695372285659,1174.1360538883412
3,401391.6699999988,158193.8500000001,55204.17210109944,34620.44429800006,3163.3609156999632,101491.09999999995,15174.679999999986,0,31912.0,14475.0,8862.6,6983.8,3377.7999999999997,9361.0,971.5,30.8,77389434488.07149,109.86337898786178,1227.7335258823007
4,220253.6600000004,91329.39999999989,41142.36029709993,28529.934753000005,3017.0787701499817,44953.67999999998,1288.1600000000008,0,31912.0,14475.0,8862.6,6983.8,3377.7999999999997,9361.0,971.5,30.8,62909896307.48006,36.83835382029064,673.7957938211988
5,409342.169999999,148974.0800000001,63555.39798449968,38238.313325000054,3117.82660249998,91009.27999999991,14656.214999999984,0,31912.0,14475.0,8862.6,6983.8,3377.7999999999997,9361.0,971.5,30.8,107494111138.58266,111.14960816737084,1222.2475805938432
6,224233.62000000034,94792.58999999991,45141.076734699825,25986.825787999984,4216.223218649982,47240.93999999998,1578.1900000000007,0,31912.0,14475.0,8862.6,6983.8,3377.7999999999997,9361.0,971.5,30.8,85209332207.31844,37.26011740153165,692.7905971608187
7,255378.57999999993,99479.86999999992,42546.476376599705,30464.461739500013,6793.967987349936,46833.53999999997,7956.424999999987,0,31912.0,14475.0,8862.6,6983.8,3377.7999999999997,9361.0,971.5,30.8,59017691410.32565,41.01144699465559,775.9719095882588
