,contributed_CCGT,contributed_Coal,contributed_Onshore,contributed_Offshore,contributed_PV,contributed_Nuclear,contributed_Recip_gas,contributed_Biomass,total_CCGT,total_Coal,total_Onshore,total_Offshore,total_PV,total_Nuclear,total_Recip_gas,Carbon_tax,total_genco_wealth,Electricity_cost,Carbon_emitted
0,324478.3099999995,260231.66,54427.48286759991,27553.904929999986,3172.6015246999355,91941.44999999991,12078.439999999982,0,31912.0,14475.0,8862.6,6983.8,3377.7999999999997,9361.0,971.5,30.8,92656195402.55519,315.30453688414224,1264.5987533606817
1,242513.06000000014,240699.66,49101.715026899845,25722.106975999974,3136.1703859999743,76811.38999999994,3653.9899999999975,0,31912.0,14475.0,8862.6,6983.8,3377.7999999999997,9361.0,971.5,30.8,103661382193.7165,86.6530127964787,1037.1935288646814
2,353705.28999999986,242111.88999999993,48052.330566399636,22390.358138000025,1648.2283528999371,95825.32999999993,11890.259999999986,0,31912.0,14475.0,8862.6,6983.8,3377.7999999999997,9361.0,971.5,30.8,236281247985.28357,335.55792293748317,1283.0678891422192
3,344535.5600000002,267568.83999999997,61520.39366249976,30962.38398000001,3197.0418984999606,95030.8999999999,12475.169999999991,0,31912.0,14475.0,8862.6,6983.8,3377.7999999999997,9361.0,971.5,30.8,384643286096.19574,354.1885413191403,1327.265551218318
4,135123.46999999994,224653.23999999987,37263.54830459998,17868.813092999964,3025.023570349978,61212.81999999996,275.4799999999999,0,31912.0,14475.0,8862.6,6983.8,3377.7999999999997,9361.0,971.5,30.8,371930842075.653,33.03345156511,776.1506589295194
5,346709.67999999993,257641.02999999994,57144.44139249992,31959.19023199998,3134.6471904999757,96731.30999999991,12193.869999999986,0,31912.0,14475.0,8862.6,6983.8,3377.7999999999997,9361.0,971.5,30.8,598471248940.7373,351.733962955851,1306.5921604399402
6,177192.11999999973,174583.15999999997,38277.06496839984,18132.93397399998,3287.493357199978,70303.65999999995,311.36999999999983,0,31912.0,14475.0,8862.6,6983.8,3377.7999999999997,9361.0,971.5,30.8,579933280534.9009,35.639903195308584,750.0854374776789
7,191953.60999999967,206719.66000000015,40329.176734199784,21818.832818,7183.914958149936,70441.39999999995,978.730000000001,0,31912.0,14475.0,8862.6,6983.8,3377.7999999999997,9361.0,971.5,30.8,557370908429.3131,38.61234861052774,853.3513732046789
