,contributed_CCGT,contributed_Coal,contributed_Onshore,contributed_Offshore,contributed_PV,contributed_Nuclear,contributed_Recip_gas,contributed_Biomass,total_CCGT,total_Coal,total_Onshore,total_Offshore,total_PV,total_Nuclear,total_Recip_gas,Carbon_tax,total_genco_wealth,Electricity_cost,Carbon_emitted
0,426879.1099999981,176308.2599999998,50415.64789779988,24182.718204,3148.1033720499404,81216.15999999996,13969.940000000002,0,31912.0,14475.0,8862.6,6983.8,3377.7999999999997,9361.0,971.5,30.8,31258389526.215717,122.51762311810711,1311.5405651274802
1,377792.1399999991,110845.26999999996,46485.932497499925,24495.30938299996,3107.1350001499773,57658.73999999996,10274.240000000007,0,31912.0,14475.0,8862.6,6983.8,3377.7999999999997,9361.0,971.5,30.8,30824356392.077995,67.69794624842288,1061.7205110274574
2,415949.26999999816,175259.48999999973,50243.36618809964,28630.170898,1655.9837760999328,79327.56999999995,13907.859999999999,0,31912.0,14475.0,8862.6,6983.8,3377.7999999999997,9361.0,971.5,30.8,60375150492.26621,124.5597351920914,1289.2496642470214
3,431694.64999999834,188061.1299999998,56459.248776699686,25407.894108000008,3169.6200209499657,88591.07,15492.839999999986,0,31912.0,14475.0,8862.6,6983.8,3377.7999999999997,9361.0,971.5,30.8,89996030727.4883,124.94994270856007,1352.9958489397404
4,266211.3600000002,105103.74999999999,33251.68277010007,17726.404862999963,3004.9515708499816,45489.11999999998,1668.4000000000008,0,31912.0,14475.0,8862.6,6983.8,3377.7999999999997,9361.0,971.5,30.8,74341006740.86034,35.96784996972693,798.4562400224962
5,429470.66999999835,182491.54999999996,59988.87089599998,27266.49087199997,3116.32119349998,89300.13999999997,14720.234999999991,0,31912.0,14475.0,8862.6,6983.8,3377.7999999999997,9361.0,971.5,30.8,117639320084.29033,126.88349463450504,1338.0292117169013
6,268873.05000000016,100819.19999999991,37170.684151799825,18834.84771549997,4230.716318999981,41580.01999999999,1969.1000000000008,0,31912.0,14475.0,8862.6,6983.8,3377.7999999999997,9361.0,971.5,30.8,93748795457.88553,37.436489464977186,800.0128728615969
7,311592.8199999995,103091.75,39531.458521499706,21279.953497499988,7087.251361549928,40493.619999999995,6970.4199999999955,0,31912.0,14475.0,8862.6,6983.8,3377.7999999999997,9361.0,971.5,30.8,64421818350.14948,40.217391060739054,903.1863187664958
