,contributed_CCGT,contributed_Coal,contributed_Onshore,contributed_Offshore,contributed_PV,contributed_Nuclear,contributed_Recip_gas,contributed_Biomass,total_CCGT,total_Coal,total_Onshore,total_Offshore,total_PV,total_Nuclear,total_Recip_gas,Carbon_tax,total_genco_wealth,Electricity_cost,Carbon_emitted
0,428758.7899999979,132774.37999999992,57049.551734199835,30909.209521999994,3142.4584686499406,85464.75999999997,14019.409999999994,0,31912.0,14475.0,8862.6,6983.8,3377.7999999999997,9361.0,971.5,30.8,30612458044.81259,124.07595914911867,1224.175417183242
1,360334.23999999923,112293.85999999994,46807.4798442,24271.80605949997,3104.564035449978,61909.279999999955,7953.9999999999945,0,31912.0,14475.0,8862.6,6983.8,3377.7999999999997,9361.0,971.5,30.8,28542744917.30443,64.34119549361706,1027.1189779762756
2,423158.16999999847,160474.7899999996,53368.758063699825,26132.866156000026,1644.7580072499345,81810.76999999999,14034.93,0,31912.0,14475.0,8862.6,6983.8,3377.7999999999997,9361.0,971.5,30.8,52343891079.31424,123.1754551264795,1267.60675333642
3,451195.6799999985,156744.04999999987,52878.44794419982,26182.65128700001,3168.794931999966,93332.43,15609.239999999993,0,31912.0,14475.0,8862.6,6983.8,3377.7999999999997,9361.0,971.5,30.8,80088775193.20667,123.37875900119501,1326.4827421618995
4,268849.3000000002,84455.79999999994,36509.643692099955,18602.554826999978,3015.8339654499814,46435.83999999999,2007.9000000000008,0,31912.0,14475.0,8862.6,6983.8,3377.7999999999997,9361.0,971.5,30.8,64542904628.26253,35.13125426799413,759.6081088883963
5,454094.1099999985,133692.0799999999,52892.22112940011,30487.36084999999,3116.5963038999794,109198.72000000002,14207.589999999991,0,31912.0,14475.0,8862.6,6983.8,3377.7999999999997,9361.0,971.5,30.8,109630030646.71227,123.9809104789279,1278.0830858078416
6,273065.0900000001,89212.09999999996,37348.419764099825,17633.110739999975,4186.620784599979,44139.84999999999,1668.4000000000008,0,31912.0,14475.0,8862.6,6983.8,3377.7999999999997,9361.0,971.5,30.8,85804846036.44292,36.16866017256208,777.0503449357963
7,325991.45999999944,81082.85,39061.47959229975,20262.16486049998,7179.123213949931,44003.079999999994,9147.58499999999,0,31912.0,14475.0,8862.6,6983.8,3377.7999999999997,9361.0,971.5,30.8,58117249924.75241,41.34814956874731,885.4560868342951
