,contributed_CCGT,contributed_Coal,contributed_Onshore,contributed_Offshore,contributed_PV,contributed_Nuclear,contributed_Recip_gas,contributed_Biomass,total_CCGT,total_Coal,total_Onshore,total_Offshore,total_PV,total_Nuclear,total_Recip_gas,Carbon_tax,total_genco_wealth,Electricity_cost,Carbon_emitted
0,353607.5999999982,184473.51999999967,23300.55530880004,29579.745223999984,3154.551064599939,165604.86687359976,16908.555,0,31912.0,14475.0,8862.6,6983.8,3377.7999999999997,9361.0,971.5,30.8,17515676264.88211,104.6309676373992,1177.6441834309592
1,244885.44000000044,175144.57999999978,23464.752699000044,29595.668287999964,3122.2863189999775,165604.86687359976,11954.279999999993,0,31912.0,14475.0,8862.6,6983.8,3377.7999999999997,9361.0,971.5,30.8,11940047662.090496,57.00177582944164,917.7941248828416
2,330177.71999999887,207507.54999999958,21601.84304159999,29224.130127999983,1658.9456695999324,165604.86687359976,16985.185,0,31912.0,14475.0,8862.6,6983.8,3377.7999999999997,9361.0,971.5,30.8,20365202992.98677,89.32406038359186,1180.7110047248989
3,355442.5599999982,211601.47999999952,23278.20383160005,29656.706700000013,3188.160174599965,165604.86687359976,16859.569999999996,0,31912.0,14475.0,8862.6,6983.8,3377.7999999999997,9361.0,971.5,30.8,47081553327.46586,135.07699064160744,1240.973238049038
4,144934.74000000005,127841.75000000004,22025.337145799997,29595.668287999968,3116.600719849977,146673.35227440007,9952.199999999999,0,31912.0,14475.0,8862.6,6983.8,3377.7999999999997,9361.0,971.5,30.8,33263486397.01666,42.9561759666801,599.6863134665015
5,360178.3199999981,209563.1299999995,23464.752699000044,29595.668287999964,3122.2863189999775,165604.86687359976,16715.524999999994,0,31912.0,14475.0,8862.6,6983.8,3377.7999999999997,9361.0,971.5,30.8,47965257151.989235,92.92979244910707,1247.4999693857376
6,149547.78000000012,135176.89999999994,25031.85691820003,32764.901290999987,4477.2553294999825,132812.50266480024,11523.599999999997,0,31912.0,14475.0,8862.6,6983.8,3377.7999999999997,9361.0,971.5,30.8,27456059276.652054,43.173099622691836,628.655575386202
7,186162.6600000003,134443.78,31140.259490999935,38204.78456500007,7414.15220374993,142418.6817816001,12571.199999999995,0,31912.0,14475.0,8862.6,6983.8,3377.7999999999997,9361.0,971.5,30.8,2776196822.6651177,43.800573715878194,704.6819550444422
