,contributed_CCGT,contributed_Coal,contributed_Onshore,contributed_Offshore,contributed_PV,contributed_Nuclear,contributed_Recip_gas,contributed_Biomass,total_CCGT,total_Coal,total_Onshore,total_Offshore,total_PV,total_Nuclear,total_Recip_gas,Carbon_tax,total_genco_wealth,Electricity_cost,Carbon_emitted
0,327238.27999999997,251093.79999999993,53648.88866079987,27589.13457199999,3166.304368949936,90013.08999999991,12011.509999999987,0,31912.0,14475.0,8862.6,6983.8,3377.7999999999997,9361.0,971.5,30.8,96860573307.07419,315.50230720664285,1249.7226317123998
1,252969.31000000003,229296.93,45916.810149599885,24090.796494999973,3116.3129033499754,82696.37999999993,3717.0399999999972,0,31912.0,14475.0,8862.6,6983.8,3377.7999999999997,9361.0,971.5,30.8,107072066171.90785,84.05626756712853,1033.292517668141
2,336801.0699999995,257646.69,49060.72293359947,25704.579076000013,1674.3783387999329,96151.24999999991,12334.519999999995,0,31912.0,14475.0,8862.6,6983.8,3377.7999999999997,9361.0,971.5,30.8,228760717508.81982,337.69933315222073,1291.5016713526184
3,357495.5400000001,273304.69,53609.44678269985,28437.469781000014,3173.7597049499605,92161.63999999991,12609.029999999988,0,31912.0,14475.0,8862.6,6983.8,3377.7999999999997,9361.0,971.5,30.8,382040803202.5938,353.3277024702235,1367.8264706366185
4,147486.2500000001,196875.1100000001,35570.2357946,17585.954383499968,3019.1135708499787,76726.99999999994,355.9899999999998,0,31912.0,14475.0,8862.6,6983.8,3377.7999999999997,9361.0,971.5,30.8,369028223938.77844,32.25909745325031,739.426473903779
5,322861.9999999993,269179.18,54565.45728750003,29863.910671999973,3138.8168765499754,111449.11999999997,12384.959999999988,0,31912.0,14475.0,8862.6,6983.8,3377.7999999999997,9361.0,971.5,30.8,595687491646.1376,355.009816624238,1294.9486275736401
6,171760.9899999998,185504.73000000007,39491.38224399982,19494.053237999968,4133.648725049975,61428.159999999974,302.6399999999999,0,31912.0,14475.0,8862.6,6983.8,3377.7999999999997,9361.0,971.5,30.8,577552602361.6569,36.436250612164706,763.4128911325398
7,190284.12999999974,219398.14999999985,39428.57887619977,20245.948730999982,6227.02215954996,65250.92999999996,1076.700000000001,0,31912.0,14475.0,8862.6,6983.8,3377.7999999999997,9361.0,971.5,30.8,553955140333.643,37.02242355613453,878.4047554536999
