,contributed_CCGT,contributed_Coal,contributed_Onshore,contributed_Offshore,contributed_PV,contributed_Nuclear,contributed_Recip_gas,contributed_Biomass,total_CCGT,total_Coal,total_Onshore,total_Offshore,total_PV,total_Nuclear,total_Recip_gas,Carbon_tax,total_genco_wealth,Electricity_cost,Carbon_emitted
0,387784.4199999981,189279.96999999974,23300.55530880004,29579.745223999984,3154.551064599939,123361.68999999996,15022.389999999981,0,31912.0,14475.0,8862.6,6983.8,3377.7999999999997,9361.0,971.5,30.8,19111895312.885242,96.27365558702314,1258.5340256780582
1,309109.7099999998,162339.12999999992,23464.752699000044,29595.668287999964,3122.2863189999775,90727.00999999994,13146.41,0,31912.0,14475.0,8862.6,6983.8,3377.7999999999997,9361.0,971.5,30.8,23565087843.50189,70.02516335091956,1026.5357491237387
2,403324.029999998,191385.85999999984,21601.84304159999,29224.130127999983,1658.9456695999324,109240.42999999996,14914.719999999983,0,31912.0,14475.0,8862.6,6983.8,3377.7999999999997,9361.0,971.5,30.8,39937508647.64669,98.9658988308153,1286.2897226122768
3,413382.20999999787,212103.3799999997,23278.20383160005,29656.706700000013,3188.160174599965,106407.05999999998,15006.86999999998,0,31912.0,14475.0,8862.6,6983.8,3377.7999999999997,9361.0,971.5,30.8,60445105137.53537,107.05110593969069,1360.212685205238
4,237248.24000000037,121856.67000000004,22847.002000700028,29221.53738799997,3121.7501532999772,44181.55999999998,6274.929999999996,0,31912.0,14475.0,8862.6,6983.8,3377.7999999999997,9361.0,971.5,30.8,56786327458.72895,52.111908859493184,776.3281706646591
5,419665.5799999979,192881.48999999993,23464.752699000044,29595.668287999964,3122.2863189999775,119952.13999999996,15661.619999999983,0,31912.0,14475.0,8862.6,6983.8,3377.7999999999997,9361.0,971.5,30.8,86887259455.61623,102.80815128873104,1333.9571406230168
6,208622.85000000003,127385.87000000004,25895.14577290002,32194.977442999985,4470.5705214999825,63817.26999999998,6171.139999999995,0,31912.0,14475.0,8862.6,6983.8,3377.7999999999997,9361.0,971.5,30.8,76591936583.23813,48.28629345150569,730.2985714062598
7,253522.79000000027,129123.82000000004,32593.165008799908,37720.02635500006,7416.34621854993,61451.43999999999,10247.565000000008,0,31912.0,14475.0,8862.6,6983.8,3377.7999999999997,9361.0,971.5,30.8,69504185494.80962,53.55670896019526,831.3301498703598
