,contributed_CCGT,contributed_Coal,contributed_Onshore,contributed_Offshore,contributed_PV,contributed_Nuclear,contributed_Recip_gas,contributed_Biomass,total_CCGT,total_Coal,total_Onshore,total_Offshore,total_PV,total_Nuclear,total_Recip_gas,Carbon_tax,total_genco_wealth,Electricity_cost,Carbon_emitted
0,351849.1199999982,245838.39,21861.562287600045,28622.749651999988,3154.551064599939,117856.94000000002,13251.169999999991,0,31912.0,14475.0,8862.6,6983.8,3377.7999999999997,9361.0,971.5,30.8,9435235326.731215,74.77598642783799,1303.57942566922
1,244884.06000000032,243054.55999999994,21986.3549701,28321.17131599997,3119.580894099977,103010.11999999995,2074.830000000001,0,31912.0,14475.0,8862.6,6983.8,3377.7999999999997,9361.0,971.5,30.8,2585764745.267524,50.51207450621403,1054.7680419348828
2,352994.22999999835,247645.22999999998,20039.153224499798,27920.595303999995,1655.1758633499335,116628.92000000001,13221.09999999999,0,31912.0,14475.0,8862.6,6983.8,3377.7999999999997,9361.0,971.5,30.8,11569846004.891798,85.9187203715856,1309.921945711538
3,377388.1199999977,249980.36000000002,22134.73696619995,28800.986220000006,3182.0198007499644,125836.16000000002,13397.63999999999,0,31912.0,14475.0,8862.6,6983.8,3377.7999999999997,9361.0,971.5,30.8,25160666076.673172,94.83059734805255,1365.8874830232778
4,139218.54000000015,211975.9100000001,16739.672170300004,20862.761215999988,2603.330168849983,97027.1599999999,148.41000000000003,0,31912.0,14475.0,8862.6,6983.8,3377.7999999999997,9361.0,971.5,30.8,9710650497.295599,35.931814694383526,755.9175301221825
5,367519.8099999984,257025.58,22343.572369299993,28442.301787999964,3122.2863189999775,122519.73000000003,13260.86999999999,0,31912.0,14475.0,8862.6,6983.8,3377.7999999999997,9361.0,971.5,30.8,30021211799.565117,96.76116925128657,1361.2978604408386
6,182380.30000000028,188477.4799999999,16614.586877600006,21241.975584999975,3210.8791488999814,80382.9299999999,157.14000000000001,0,31912.0,14475.0,8862.6,6983.8,3377.7999999999997,9361.0,971.5,30.8,7434915119.837154,37.78911746328425,791.1192751170431
7,241535.78000000017,164336.95000000007,20956.26497360001,26464.544212000015,7214.760840399931,86986.6899999999,452.9899999999999,0,31912.0,14475.0,8862.6,6983.8,3377.7999999999997,9361.0,971.5,30.8,-18738613740.65685,39.796829165523604,865.4733311361039
