,contributed_CCGT,contributed_Coal,contributed_Onshore,contributed_Offshore,contributed_PV,contributed_Nuclear,contributed_Recip_gas,contributed_Biomass,total_CCGT,total_Coal,total_Onshore,total_Offshore,total_PV,total_Nuclear,total_Recip_gas,Carbon_tax,total_genco_wealth,Electricity_cost,Carbon_emitted
0,397558.4799999976,221346.1299999999,22805.33534030003,29579.745223999984,3154.551064599939,93117.08999999987,13269.59999999999,0,31912.0,14475.0,8862.6,6983.8,3377.7999999999997,9361.0,971.5,30.8,12429118812.017904,88.29790512511384,1341.8020690697367
1,310108.6199999991,199535.3399999998,22140.535199400005,28529.235451999968,3118.8747624999774,78011.27999999991,3705.885,0,31912.0,14475.0,8862.6,6983.8,3377.7999999999997,9361.0,971.5,30.8,5632550041.9144,53.77501621231344,1090.7453599153216
2,394963.50999999774,213041.9999999998,20474.282624199866,28709.30931999999,1656.7013575499327,100105.93999999989,13268.62999999999,0,31912.0,14475.0,8862.6,6983.8,3377.7999999999997,9361.0,971.5,30.8,16990118202.566835,94.62282784754855,1317.9552821159962
3,417045.2999999978,217504.32999999987,22349.091271599962,29123.52596400001,3185.1984973999643,107087.02999999993,13271.53999999999,0,31912.0,14475.0,8862.6,6983.8,3377.7999999999997,9361.0,971.5,30.8,34039438945.082554,107.83628410986125,1373.668627033336
4,204523.7000000003,172240.82999999984,17706.71214740001,22579.47095199998,3062.1079130499784,66614.74999999994,200.78999999999996,0,31912.0,14475.0,8862.6,6983.8,3377.7999999999997,9361.0,971.5,30.8,18823815389.25045,39.98595085604126,799.9285582803428
5,410041.55999999767,227720.60999999984,23295.039888800035,29595.668287999964,3122.2863189999775,101361.1199999999,13271.53999999999,0,31912.0,14475.0,8862.6,6983.8,3377.7999999999997,9361.0,971.5,30.8,43190358968.53019,105.72626318039927,1382.247621592776
6,208050.96000000034,180259.5999999999,17024.724760799993,21960.700070499974,4203.685989799979,63226.53999999995,200.78999999999996,0,31912.0,14475.0,8862.6,6983.8,3377.7999999999997,9361.0,971.5,30.8,20032681913.18254,38.439362901697066,825.0291731008024
7,247048.97000000023,168679.5099999999,21519.659190200036,26144.158460000006,7152.89586964993,74885.93999999992,192.05999999999997,0,31912.0,14475.0,8862.6,6983.8,3377.7999999999997,9361.0,971.5,30.8,-8581855691.241571,39.96689488322203,885.6837695949824
