,contributed_CCGT,contributed_Coal,contributed_Onshore,contributed_Offshore,contributed_PV,contributed_Nuclear,contributed_Recip_gas,contributed_Biomass,total_CCGT,total_Coal,total_Onshore,total_Offshore,total_PV,total_Nuclear,total_Recip_gas,Carbon_tax,total_genco_wealth,Electricity_cost,Carbon_emitted
0,323673.7999999997,264791.85000000003,55323.53856479996,27115.884199999986,3169.2571610499363,88699.70999999992,12117.239999999987,0,31912.0,14475.0,8862.6,6983.8,3377.7999999999997,9361.0,971.5,30.8,107355004150.71904,326.3266084051715,1274.4014209062982
1,225137.8800000001,255855.6599999999,49104.35574519998,23539.57819199996,3114.2270868499754,80036.63999999993,3755.8399999999974,0,31912.0,14475.0,8862.6,6983.8,3377.7999999999997,9361.0,971.5,30.8,116591173422.58235,85.08997602341145,1036.136575772679
2,320658.9199999996,245617.7499999999,57462.22018249981,27603.99188799998,1680.0022479499323,104889.97999999997,12439.27999999999,0,31912.0,14475.0,8862.6,6983.8,3377.7999999999997,9361.0,971.5,30.8,243648120094.102,347.7741335228007,1228.4656176344986
3,335038.59999999957,251969.71999999994,62342.61733439946,29471.990700000017,3208.0756716499604,112221.23999999998,13650.324999999979,0,31912.0,14475.0,8862.6,6983.8,3377.7999999999997,9361.0,971.5,30.8,392338662649.6784,356.82268763224533,1276.7459018985596
4,145715.81999999983,195057.23000000013,40417.9709804,19356.54774899997,3034.289151149979,72035.10999999994,385.08999999999975,0,31912.0,14475.0,8862.6,6983.8,3377.7999999999997,9361.0,971.5,30.8,380344947330.2265,35.384500019426724,732.0239989275389
5,343438.0600000003,259458.59999999986,61946.76137229998,28926.477247999966,3140.387728949975,100907.15999999993,12623.579999999994,0,31912.0,14475.0,8862.6,6983.8,3377.7999999999997,9361.0,971.5,30.8,618226999007.9248,358.2647383567292,1302.5158852027969
6,132768.64999999976,216429.42999999993,38122.83527879983,17536.47385199998,3715.512956199979,66946.48999999995,393.81999999999977,0,31912.0,14475.0,8862.6,6983.8,3377.7999999999997,9361.0,971.5,30.8,597443485729.262,33.04254972636334,753.3072210231398
7,189092.9599999999,219822.4899999999,42018.57766099992,22891.261389000003,7099.545651149936,59602.61999999997,364.7199999999998,0,31912.0,14475.0,8862.6,6983.8,3377.7999999999997,9361.0,971.5,30.8,574453051581.9454,38.341086999986395,875.5354420610204
