,contributed_CCGT,contributed_Coal,contributed_Onshore,contributed_Offshore,contributed_PV,contributed_Nuclear,contributed_Recip_gas,contributed_Biomass,total_CCGT,total_Coal,total_Onshore,total_Offshore,total_PV,total_Nuclear,total_Recip_gas,Carbon_tax,total_genco_wealth,Electricity_cost,Carbon_emitted
0,402822.9799999976,231102.97999999986,23300.55530880004,29579.745223999984,3154.551064599939,68633.31999999999,13083.36,0,31912.0,14475.0,8862.6,6983.8,3377.7999999999997,9361.0,971.5,30.8,37721360738.697395,172.96433452312976,1374.759312446036
1,321363.71999999904,211592.3199999997,23457.71835600004,29595.668287999964,3122.1383823999777,43805.2,5127.419999999997,0,31912.0,14475.0,8862.6,6983.8,3377.7999999999997,9361.0,971.5,30.8,37756982881.631996,75.66473602344801,1146.9378997033602
2,415107.87999999773,208680.40999999977,21580.581388499984,29224.130127999983,1658.9378986499328,73104.04999999999,13103.73,0,31912.0,14475.0,8862.6,6983.8,3377.7999999999997,9361.0,971.5,30.8,83447853811.96645,190.95055532789078,1349.7053326931764
3,422026.7599999977,227281.80999999988,23278.20383160005,29656.706700000013,3188.160174599965,80830.09999999998,13202.670000000002,0,31912.0,14475.0,8862.6,6983.8,3377.7999999999997,9361.0,971.5,30.8,141551721158.0087,221.99275092136622,1405.4586340503752
4,213318.27000000043,172302.45999999993,19344.247154799985,24789.193276999977,3051.7803403999797,47442.7,0.0,0,31912.0,14475.0,8862.6,6983.8,3377.7999999999997,9361.0,971.5,30.8,127096260453.23323,40.359884974071036,817.511452739083
5,424616.7399999978,221445.63999999993,23464.752699000044,29595.668287999964,3122.2863189999775,79775.70999999998,13949.084999999995,0,31912.0,14475.0,8862.6,6983.8,3377.7999999999997,9361.0,971.5,30.8,216166440900.40298,219.02052986644193,1399.2086978347163
6,232438.66000000027,171103.71999999986,17189.793948200015,21751.174710999974,4203.685989799979,43931.3,0.0,0,31912.0,14475.0,8862.6,6983.8,3377.7999999999997,9361.0,971.5,30.8,193544151894.42764,40.62839339530186,859.1959964805632
7,258776.83000000013,182304.41999999978,21611.25794890005,25883.867627499996,7140.17756074993,51662.20000000001,0.0,0,31912.0,14475.0,8862.6,6983.8,3377.7999999999997,9361.0,971.5,30.8,167481992387.57806,42.72244965803596,942.2765495591615
