,contributed_CCGT,contributed_Coal,contributed_Onshore,contributed_Offshore,contributed_PV,contributed_Nuclear,contributed_Recip_gas,contributed_Biomass,total_CCGT,total_Coal,total_Onshore,total_Offshore,total_PV,total_Nuclear,total_Recip_gas,Carbon_tax,total_genco_wealth,Electricity_cost,Carbon_emitted
0,372305.4999999984,257089.56999999998,23245.779185700037,29579.745223999984,3154.551064599939,73088.52999999998,13387.939999999991,0,31912.0,14475.0,8862.6,6983.8,3377.7999999999997,9361.0,971.5,30.8,37857688371.36049,172.33462738695786,1371.4135503988564
1,268300.4400000002,255956.30999999997,23464.752699000044,29595.668287999964,3122.211992499978,56547.12,3905.2200000000003,0,31912.0,14475.0,8862.6,6983.8,3377.7999999999997,9361.0,971.5,30.8,34760313849.172676,64.73177370094389,1134.8079241813787
2,372340.75999999855,257466.39999999994,21396.389252499936,29224.130127999983,1658.8830741499328,68191.96999999999,13268.62999999999,0,31912.0,14475.0,8862.6,6983.8,3377.7999999999997,9361.0,971.5,30.8,77030415541.49477,180.7019129925367,1371.206826607196
3,393032.919999998,252662.40999999997,23278.20383160005,29656.706700000013,3188.160174599965,85440.50999999995,14903.56499999998,0,31912.0,14475.0,8862.6,6983.8,3377.7999999999997,9361.0,971.5,30.8,126014109502.45815,192.53706862232454,1406.6881757791768
4,219425.76000000036,169951.4999999999,19631.361441499947,25470.39961199999,3102.0606654499784,42479.20999999999,174.6,0,31912.0,14475.0,8862.6,6983.8,3377.7999999999997,9361.0,971.5,30.8,112670374314.22656,43.599717630662326,828.7148467170013
5,382956.73999999824,265495.17,23464.752699000044,29595.668287999964,3122.2863189999775,79952.24999999997,13269.59999999999,0,31912.0,14475.0,8862.6,6983.8,3377.7999999999997,9361.0,971.5,30.8,195174796529.17053,206.19746065903755,1411.5515764276563
6,194413.32000000033,214724.70999999996,18161.192697899995,23035.54005499997,3168.8072653999798,38841.70999999999,174.6,0,31912.0,14475.0,8862.6,6983.8,3377.7999999999997,9361.0,971.5,30.8,172247850851.9802,39.99137914489959,874.1497660445815
7,229566.0900000002,198131.36,24374.29023220005,30008.125988000003,6737.252658999935,56547.12,200.78999999999996,0,31912.0,14475.0,8862.6,6983.8,3377.7999999999997,9361.0,971.5,30.8,146327586811.4097,43.50719140984231,918.7025533212835
