,contributed_CCGT,contributed_Coal,contributed_Onshore,contributed_Offshore,contributed_PV,contributed_Nuclear,contributed_Recip_gas,contributed_Biomass,total_CCGT,total_Coal,total_Onshore,total_Offshore,total_PV,total_Nuclear,total_Recip_gas,Carbon_tax,total_genco_wealth,Electricity_cost,Carbon_emitted
0,400949.5199999977,214736.5799999999,22743.49903340004,29503.509319999983,3154.551064599939,93071.49999999987,13289.969999999996,0,31912.0,14475.0,8862.6,6983.8,3377.7999999999997,9361.0,971.5,30.8,12057096602.844912,87.1124110785942,1334.855654718838
1,327635.879999999,174347.76999999976,21818.085141599986,27880.70666599997,3118.9738346499776,78011.27999999991,4464.909999999995,0,31912.0,14475.0,8862.6,6983.8,3377.7999999999997,9361.0,971.5,30.8,5706398892.518982,55.39377854804659,1074.2939051424626
2,395462.13999999774,217240.49999999985,20384.53018289986,28543.251903999986,1656.8641594499327,94287.87999999987,13268.629999999996,0,31912.0,14475.0,8862.6,6983.8,3377.7999999999997,9361.0,971.5,30.8,16197094579.926321,94.11495497622354,1329.2601951989966
3,423603.73999999784,217125.94999999992,22912.47158810004,29580.470796000012,3185.9006191499643,99161.15999999989,14028.62499999999,0,31912.0,14475.0,8862.6,6983.8,3377.7999999999997,9361.0,971.5,30.8,32948923809.294388,107.70836935684859,1387.6748264080961
4,233254.7600000004,140794.10000000003,18577.759770200028,23942.37098149998,3097.566538999977,59700.58999999996,224.0699999999999,0,31912.0,14475.0,8862.6,6983.8,3377.7999999999997,9361.0,971.5,30.8,18876188553.15909,42.48598594508419,794.5988858118027
5,410739.4999999978,226430.9499999998,23444.053257900046,29595.668287999964,3122.2863189999775,98901.19999999988,13289.969999999996,0,31912.0,14475.0,8862.6,6983.8,3377.7999999999997,9361.0,971.5,30.8,42013727055.37936,103.66007002380451,1380.8241079480956
6,239365.62000000023,132135.20000000004,16625.770618700015,21424.656461999977,3408.240403799982,71385.20999999993,182.35999999999999,0,31912.0,14475.0,8862.6,6983.8,3377.7999999999997,9361.0,971.5,30.8,19444441428.01978,39.89730139293638,789.4461475296022
7,262935.5100000002,147802.43999999997,23469.03025350003,28460.64454,7308.524376849929,71823.64999999994,922.470000000001,0,31912.0,14475.0,8862.6,6983.8,3377.7999999999997,9361.0,971.5,30.8,-7406465710.934004,41.950242703741246,875.603634891123
