,contributed_CCGT,contributed_Coal,contributed_Onshore,contributed_Offshore,contributed_PV,contributed_Nuclear,contributed_Recip_gas,contributed_Biomass,total_CCGT,total_Coal,total_Onshore,total_Offshore,total_PV,total_Nuclear,total_Recip_gas,Carbon_tax,total_genco_wealth,Electricity_cost,Carbon_emitted
0,328622.3199999995,258148.1999999999,56472.010019099886,28765.067383999984,3165.1702941999365,88640.5399999999,12113.359999999986,0,31912.0,14475.0,8862.6,6983.8,3377.7999999999997,9361.0,971.5,30.8,100004178518.28494,314.7110851077655,1268.3857431036
1,242942.17000000025,241021.85999999993,50803.1908629,25875.79049599998,3135.249866849974,77722.21999999994,3707.3399999999974,0,31912.0,14475.0,8862.6,6983.8,3377.7999999999997,9361.0,971.5,30.8,112224987398.10257,86.66015957932707,1039.0807178202808
2,326818.4499999995,264876.04,55393.37778879964,25332.265887999994,1676.1373706999327,89364.15999999992,11883.46999999999,0,31912.0,14475.0,8862.6,6983.8,3377.7999999999997,9361.0,971.5,30.8,233010393269.92194,325.1935217785303,1282.8612887039185
3,354454.9400000001,261875.63999999998,56371.820853099736,28587.210828000003,3194.632355999961,98022.3799999999,11907.719999999987,0,31912.0,14475.0,8862.6,6983.8,3377.7999999999997,9361.0,971.5,30.8,374029224905.1879,351.58128153949275,1331.1832540247194
4,160904.4000000001,181384.68000000002,43215.384089200015,20069.653839499962,3075.0011248499754,64966.719999999965,334.6499999999998,0,31912.0,14475.0,8862.6,6983.8,3377.7999999999997,9361.0,971.5,30.8,362948197156.2772,36.184314907877244,732.1038933626393
5,333491.82999999967,269782.74,57896.82978829983,29976.44018599997,3138.7780013999754,96372.40999999992,12370.409999999987,0,31912.0,14475.0,8862.6,6983.8,3377.7999999999997,9361.0,971.5,30.8,572794954604.8777,340.30509523988235,1320.207348550518
6,174460.8799999997,179658.71000000008,40049.69734659991,19396.957309999972,4316.883970049981,61556.19999999996,339.49999999999983,0,31912.0,14475.0,8862.6,6983.8,3377.7999999999997,9361.0,971.5,30.8,555150963020.497,36.236339623112634,755.7820672565789
7,198982.65999999995,202077.27000000002,43578.3414245998,21858.4161925,7078.53078174994,64569.989999999954,374.4199999999998,0,31912.0,14475.0,8862.6,6983.8,3377.7999999999997,9361.0,971.5,30.8,533608673394.15594,38.183347428173654,855.9401562834587
