,contributed_CCGT,contributed_Coal,contributed_Onshore,contributed_Offshore,contributed_PV,contributed_Nuclear,contributed_Recip_gas,contributed_Biomass,total_CCGT,total_Coal,total_Onshore,total_Offshore,total_PV,total_Nuclear,total_Recip_gas,Carbon_tax,total_genco_wealth,Electricity_cost,Carbon_emitted
0,359073.28999999986,238031.27999999985,44968.26495879979,23596.628751000007,3135.580722199942,51575.86999999999,8447.729999999987,0,31912.0,14475.0,8862.6,6983.8,3377.7999999999997,9361.0,971.5,30.8,10163434025.566168,66.77161355039523,1299.1374082494347
1,272272.0200000003,204547.68999999994,36421.50546660004,17952.46788899997,3077.7824266499797,42697.45999999999,2699.5099999999966,0,31912.0,14475.0,8862.6,6983.8,3377.7999999999997,9361.0,971.5,30.8,1121906130.1204038,31.153745420257653,1034.8459613106168
2,371576.7899999993,230797.89999999988,36291.42677879969,21021.139558999996,1614.5029495999365,56447.209999999985,10055.505,0,31912.0,14475.0,8862.6,6983.8,3377.7999999999997,9361.0,971.5,30.8,10170508580.458904,71.56705200623405,1309.2798268341958
3,388392.129999999,223280.71999999988,44349.50882639978,20700.4490705,3143.5970391999663,72561.81999999996,12776.84,0,31912.0,14475.0,8862.6,6983.8,3377.7999999999997,9361.0,971.5,30.8,19345750951.222187,73.75205866323255,1335.7098366665543
4,164280.00999999986,194517.01000000007,28477.870391899938,13753.334508999991,2560.7140203499866,39482.87999999999,843.9000000000008,0,31912.0,14475.0,8862.6,6983.8,3377.7999999999997,9361.0,971.5,30.8,-3246708255.8630323,9.073701224429142,784.6053843799789
5,390679.86999999895,226827.4399999998,42205.07912449998,20769.977524499984,3092.1435236999796,61724.979999999974,11347.54500000001,0,31912.0,14475.0,8862.6,6983.8,3377.7999999999997,9361.0,971.5,30.8,11793751603.254477,73.395430525513,1351.2739239311147
6,167933.49999999983,194700.89,28502.36028259998,16381.936552999987,2693.941047799976,36223.679999999986,921.5000000000005,0,31912.0,14475.0,8862.6,6983.8,3377.7999999999997,9361.0,971.5,30.8,-18148335078.790764,17.140777871489295,793.7712665442187
7,208150.52000000002,164475.31999999983,36370.97668249979,20424.72289449998,7040.682495949934,42652.83999999999,1270.700000000001,0,31912.0,14475.0,8862.6,6983.8,3377.7999999999997,9361.0,971.5,30.8,-48445011750.5801,27.481951710405486,811.0383366973581
