,contributed_CCGT,contributed_Coal,contributed_Onshore,contributed_Offshore,contributed_PV,contributed_Nuclear,contributed_Recip_gas,contributed_Biomass,total_CCGT,total_Coal,total_Onshore,total_Offshore,total_PV,total_Nuclear,total_Recip_gas,Carbon_tax,total_genco_wealth,Electricity_cost,Carbon_emitted
0,369374.8199999988,162427.20000000004,60239.26757869961,37261.22920500007,3153.032222199939,94819.43999999996,13073.659999999989,0,31912.0,14475.0,8862.6,6983.8,3377.7999999999997,9361.0,971.5,30.8,25669143056.203243,106.69631661672587,1167.9205385055986
1,296570.59000000014,124652.82999999997,52993.01283029971,33329.661099500016,3100.0131590499773,71868.26999999999,7455.904999999995,0,31912.0,14475.0,8862.6,6983.8,3377.7999999999997,9361.0,971.5,30.8,23411757461.028336,56.37315772926246,921.882496566337
2,375783.06999999844,138038.81999999998,56317.4003416996,32364.73695100002,1641.7796606999339,111466.57999999993,13542.169999999982,0,31912.0,14475.0,8862.6,6983.8,3377.7999999999997,9361.0,971.5,30.8,51744132522.44105,105.83086136527045,1126.2787189503588
3,386011.73999999865,173516.9500000002,61139.95265909954,33756.73585100004,3160.069707199963,104043.16999999994,15164.979999999972,0,31912.0,14475.0,8862.6,6983.8,3377.7999999999997,9361.0,971.5,30.8,78437507746.38943,107.8634343216193,1225.9586716761
4,193244.58000000037,94636.4599999999,41222.72470979991,27619.18920300001,3014.865153849982,73406.68999999997,1144.6000000000006,0,31912.0,14475.0,8862.6,6983.8,3377.7999999999997,9361.0,971.5,30.8,64572833272.65917,35.321434258765635,627.1423423310788
5,395199.8999999986,158715.45000000016,57909.9417632998,36847.562972000065,3118.0342018999786,106721.33999999992,13836.079999999985,0,31912.0,14475.0,8862.6,6983.8,3377.7999999999997,9361.0,971.5,30.8,106044247228.57559,106.92300715886165,1213.610771979101
6,213860.54000000027,90703.15999999993,41199.831400299765,26476.645463999987,4185.982621449977,64934.709999999985,1013.6500000000008,0,31912.0,14475.0,8862.6,6983.8,3377.7999999999997,9361.0,971.5,30.8,84762206685.88974,36.80636408732905,661.2732439176787
7,261547.17000000007,80360.38999999993,42630.41484159967,27242.524701500006,6977.492672749942,65670.93999999997,8615.054999999978,0,31912.0,14475.0,8862.6,6983.8,3377.7999999999997,9361.0,971.5,30.8,60448694910.8412,41.24948558509059,748.3494567552189
