,contributed_CCGT,contributed_Coal,contributed_Onshore,contributed_Offshore,contributed_PV,contributed_Nuclear,contributed_Recip_gas,contributed_Biomass,total_CCGT,total_Coal,total_Onshore,total_Offshore,total_PV,total_Nuclear,total_Recip_gas,Carbon_tax,total_genco_wealth,Electricity_cost,Carbon_emitted
0,347237.57999999856,246839.44999999998,22125.365592500042,29120.82773599999,3154.551064599939,120086.97000000002,13009.639999999992,0,31912.0,14475.0,8862.6,6983.8,3377.7999999999997,9361.0,971.5,30.8,9586989363.593004,74.98126613760449,1296.0086665310998
1,255680.88000000018,236991.18000000017,21944.9057449,28438.794805999965,3119.190187449977,101968.33999999995,2773.23,0,31912.0,14475.0,8862.6,6983.8,3377.7999999999997,9361.0,971.5,30.8,2778853132.26742,48.8515284201026,1057.2745864496435
2,352940.0299999983,242877.82000000007,20414.685436199863,28619.83755999999,1656.8583585999327,118101.38,13268.62999999999,0,31912.0,14475.0,8862.6,6983.8,3377.7999999999997,9361.0,971.5,30.8,11678003889.817814,85.63852412456771,1298.3934564723588
3,374913.0999999979,246401.43,22256.534472999956,29580.470796000012,3184.496375649964,126015.61000000003,13444.19999999999,0,31912.0,14475.0,8862.6,6983.8,3377.7999999999997,9361.0,971.5,30.8,25072527794.883003,93.75226808730315,1352.9716919791379
4,181434.0200000002,180991.54000000004,17051.652756199997,21482.10184099998,3024.2444019499812,82453.8799999999,183.32999999999998,0,31912.0,14475.0,8862.6,6983.8,3377.7999999999997,9361.0,971.5,30.8,10726324264.203882,39.09129022396249,772.5945905529222
5,366692.4299999983,258969.42999999996,23359.61417590004,29595.668287999964,3122.2863189999775,121226.72000000002,13268.62999999999,0,31912.0,14475.0,8862.6,6983.8,3377.7999999999997,9361.0,971.5,30.8,30819827980.423065,96.29442504243777,1362.1704051631375
6,164300.38000000027,196081.30999999997,16061.236642400023,20645.740517999977,2729.612733099975,91547.6299999999,139.68000000000004,0,31912.0,14475.0,8862.6,6983.8,3377.7999999999997,9361.0,971.5,30.8,8370507549.038384,36.670442937818784,772.2729344513829
7,201294.82000000033,204610.52000000016,19731.613997,23883.219972500003,6114.713526349961,93854.28999999994,165.87,0,31912.0,14475.0,8862.6,6983.8,3377.7999999999997,9361.0,971.5,30.8,-19346850446.293137,38.81430174667562,873.9446522869631
