,contributed_CCGT,contributed_Coal,contributed_Onshore,contributed_Offshore,contributed_PV,contributed_Nuclear,contributed_Recip_gas,contributed_Biomass,total_CCGT,total_Coal,total_Onshore,total_Offshore,total_PV,total_Nuclear,total_Recip_gas,Carbon_tax,total_genco_wealth,Electricity_cost,Carbon_emitted
0,315428.50999999966,266866.5700000001,54375.662247199965,25177.518652,3175.6787902999354,94868.90999999992,12650.739999999989,0,31912.0,14475.0,8862.6,6983.8,3377.7999999999997,9361.0,971.5,30.8,97585626752.56206,326.62486549916076,1271.693442944858
1,245332.13000000018,236877.66999999984,53055.980923500036,27523.949377999965,3136.972107249974,71515.18999999994,3619.0699999999974,0,31912.0,14475.0,8862.6,6983.8,3377.7999999999997,9361.0,971.5,30.8,108249341364.85614,85.37538476100788,1034.4113918826602
2,328760.54999999993,238166.03999999983,59486.27348579981,29863.055152000004,1676.726045899933,92299.37999999992,12084.259999999991,0,31912.0,14475.0,8862.6,6983.8,3377.7999999999997,9361.0,971.5,30.8,227338530992.9167,347.27301022661754,1229.9736348239192
3,360525.98999999976,262046.70999999993,55046.21906649974,25465.10156200001,3197.165776249961,99594.74999999993,12572.169999999987,0,31912.0,14475.0,8862.6,6983.8,3377.7999999999997,9361.0,971.5,30.8,358068515839.8481,349.5583205716277,1345.2380442805782
4,144989.98,198680.83000000002,39032.157113099885,18782.767166999976,2614.0979580499798,70794.47999999995,312.33999999999986,0,31912.0,14475.0,8862.6,6983.8,3377.7999999999997,9361.0,971.5,30.8,345194142657.098,33.622581967403576,738.2997163003406
5,329630.11999999965,253378.43999999994,63083.51864099991,30526.63303399997,3137.694884699976,118885.14000000001,12478.07999999999,0,31912.0,14475.0,8862.6,6983.8,3377.7999999999997,9361.0,971.5,30.8,566847513236.3152,355.4769002909411,1261.8046051391198
6,148333.05000000002,205581.8599999999,39156.56305659973,18548.35137999997,2679.4271416999727,70587.86999999994,276.4499999999999,0,31912.0,14475.0,8862.6,6983.8,3377.7999999999997,9361.0,971.5,30.8,546693799947.01117,34.385749860776066,760.45944592028
7,205273.20999999996,209357.77000000005,43329.643017899834,21613.162064499997,5995.547763349978,60024.56999999996,276.4499999999999,0,31912.0,14475.0,8862.6,6983.8,3377.7999999999997,9361.0,971.5,30.8,523048497642.6821,37.97905715420042,884.8512061824609
