,contributed_CCGT,contributed_Coal,contributed_Onshore,contributed_Offshore,contributed_PV,contributed_Nuclear,contributed_Recip_gas,contributed_Biomass,total_CCGT,total_Coal,total_Onshore,total_Offshore,total_PV,total_Nuclear,total_Recip_gas,Carbon_tax,total_genco_wealth,Electricity_cost,Carbon_emitted
0,353141.73999999865,259801.63999999996,23038.48466640004,29579.745223999984,3154.551064599939,92835.78999999996,13268.62999999999,0,31912.0,14475.0,8862.6,6983.8,3377.7999999999997,9361.0,971.5,30.8,30585805469.432037,145.21366718107507,1336.5194961927168
1,249452.2800000002,255623.77999999994,23011.838048600024,29519.432383999963,3120.850981749978,76906.44999999998,3874.1800000000003,0,31912.0,14475.0,8862.6,6983.8,3377.7999999999997,9361.0,971.5,30.8,24216604729.180656,53.96475239794825,1095.741141404438
2,361263.03999999864,245722.71,21346.41483309993,29224.130127999983,1658.8167474499328,98820.68999999996,13268.62999999999,0,31912.0,14475.0,8862.6,6983.8,3377.7999999999997,9361.0,971.5,30.8,63377996133.08973,170.36128535185327,1322.4669989485762
3,375204.3599999985,258948.4399999999,23183.14839060004,29656.706700000013,3186.0793410499646,105389.52999999994,13271.53999999999,0,31912.0,14475.0,8862.6,6983.8,3377.7999999999997,9361.0,971.5,30.8,100708766982.60048,157.85601392811162,1381.2098229991163
4,162900.30000000028,193077.19,22666.48083940003,29595.668287999968,3117.9328457499773,68641.07999999999,200.78999999999996,0,31912.0,14475.0,8862.6,6983.8,3377.7999999999997,9361.0,971.5,30.8,87151544672.49326,44.886105823864945,762.8514379916213
5,362956.9099999986,273509.72000000015,23462.655753000046,29595.668287999964,3122.2863189999775,99475.43999999996,13268.62999999999,0,31912.0,14475.0,8862.6,6983.8,3377.7999999999997,9361.0,971.5,30.8,142280532187.81104,157.1314404731627,1388.8336032685568
6,189221.70000000024,182254.48999999996,20524.62478029998,26577.918028999982,4212.356917299978,64015.14999999997,192.05999999999997,0,31912.0,14475.0,8862.6,6983.8,3377.7999999999997,9361.0,971.5,30.8,121444159732.74751,42.14832586509527,794.2007947170224
7,222905.6700000003,191624.40000000005,21697.345992100047,26515.63753950002,7128.535175199934,75299.15999999997,209.51999999999995,0,31912.0,14475.0,8862.6,6983.8,3377.7999999999997,9361.0,971.5,30.8,94708351973.37299,41.85548942719536,890.680005091203
