,contributed_CCGT,contributed_Coal,contributed_Onshore,contributed_Offshore,contributed_PV,contributed_Nuclear,contributed_Recip_gas,contributed_Biomass,total_CCGT,total_Coal,total_Onshore,total_Offshore,total_PV,total_Nuclear,total_Recip_gas,Carbon_tax,total_genco_wealth,Electricity_cost,Carbon_emitted
0,374263.739999998,252211.44999999998,21899.40797250004,28791.22398199999,3154.551064599939,93258.70999999986,12986.84499999999,0,31912.0,14475.0,8862.6,6983.8,3377.7999999999997,9361.0,971.5,30.8,8791516839.495068,73.56761736841432,1361.8411881770985
1,307975.19999999914,207969.08000000016,21931.208501,28215.376807999968,3119.7045029499773,73881.98999999993,3124.8549999999996,0,31912.0,14475.0,8862.6,6983.8,3377.7999999999997,9361.0,971.5,30.8,1711671570.354566,51.45288229976342,1106.684936983841
2,374809.6999999982,250673.18999999997,19783.004626099824,27864.689247999995,1655.940540749933,92504.04999999987,13221.09999999999,0,31912.0,14475.0,8862.6,6983.8,3377.7999999999997,9361.0,971.5,30.8,9523578057.128567,84.77622318702265,1359.9925543396184
3,397967.5799999977,253966.69999999992,20527.71157249994,26552.420903000006,3124.820892449967,102519.2999999999,13234.679999999993,0,31912.0,14475.0,8862.6,6983.8,3377.7999999999997,9361.0,971.5,30.8,21623142089.81433,92.53328349521344,1416.2280891265955
4,166854.82000000018,214262.49000000002,17480.21136620001,22094.336532499983,2908.29473359998,65587.51999999993,192.05999999999997,0,31912.0,14475.0,8862.6,6983.8,3377.7999999999997,9361.0,971.5,30.8,5487228182.117186,37.56013368682671,817.2100580610207
5,397142.6199999978,256751.45,22457.938182299993,28716.244405499965,3122.2863189999775,97841.95999999988,13269.59999999999,0,31912.0,14475.0,8862.6,6983.8,3377.7999999999997,9361.0,971.5,30.8,23356620633.19918,94.39372478366825,1419.9140238270957
6,186763.80000000034,193616.51999999993,16216.775987200019,21186.095207499973,2961.5311439499806,75652.23999999992,157.14000000000001,0,31912.0,14475.0,8862.6,6983.8,3377.7999999999997,9361.0,971.5,30.8,-1355466410.9445572,36.129926982276686,811.4850236949623
7,225255.2500000003,204899.90999999995,19301.59558550002,24498.350349500004,6839.578648049927,70030.11999999992,174.6,0,31912.0,14475.0,8862.6,6983.8,3377.7999999999997,9361.0,971.5,30.8,-31628333142.68305,37.38180455790371,914.835844874182
