,contributed_CCGT,contributed_Coal,contributed_Onshore,contributed_Offshore,contributed_PV,contributed_Nuclear,contributed_Recip_gas,contributed_Biomass,total_CCGT,total_Coal,total_Onshore,total_Offshore,total_PV,total_Nuclear,total_Recip_gas,Carbon_tax,total_genco_wealth,Electricity_cost,Carbon_emitted
0,412036.4199999982,145687.29999999993,49163.00229439975,31356.10330399999,3162.5411575999383,90555.31999999995,17820.84000000001,0,31912.0,14475.0,8862.6,6983.8,3377.7999999999997,9361.0,971.5,30.8,98055541677.00385,261.631916195007,1211.7784702853974
1,356914.66999999876,133352.44999999998,37749.210736999856,30881.99724799997,3126.4059639999778,48227.42999999997,18110.38500000001,0,31912.0,14475.0,8862.6,6983.8,3377.7999999999997,9361.0,971.5,30.8,158560224803.1665,172.20781427646776,1068.1720848350976
2,408463.98999999807,165070.06999999992,46374.928500799586,31515.031887999987,1666.4085375999314,98486.03999999996,14860.884999999966,0,31912.0,14475.0,8862.6,6983.8,3377.7999999999997,9361.0,971.5,30.8,263433444670.6627,243.8898222649168,1240.5869429478573
3,419223.919999998,183369.58000000007,47935.2132707996,31427.51070000002,3198.4683175999635,103888.93999999996,18298.56500000002,0,31912.0,14475.0,8862.6,6983.8,3377.7999999999997,9361.0,971.5,30.8,383869416413.9008,261.12599092403474,1312.6045012628365
4,269650.29,91733.90000000005,31215.705508999963,29904.237247999972,3126.9138811499774,36247.92999999999,13639.169999999971,0,31912.0,14475.0,8862.6,6983.8,3377.7999999999997,9361.0,971.5,30.8,419447132681.70386,111.5279249762329,785.3008493521978
5,413845.0899999981,186945.4299999997,48512.718736999814,32348.637247999974,3133.971963999976,94093.87999999995,18497.415000000023,0,31912.0,14475.0,8862.6,6983.8,3377.7999999999997,9361.0,971.5,30.8,609088752476.9462,261.54765550422474,1311.2497464011362
6,261443.71,89409.65000000004,32635.100427099864,33386.817035,4495.341366999986,50275.09999999998,12944.164999999986,0,31912.0,14475.0,8862.6,6983.8,3377.7999999999997,9361.0,971.5,30.8,663796648477.3618,114.64018088442867,759.5869656406978
7,284544.75999999995,101113.74000000002,39302.60245419974,38475.08019700007,7445.2964382999335,53787.46999999997,13705.614999999974,0,31912.0,14475.0,8862.6,6983.8,3377.7999999999997,9361.0,971.5,30.8,770483895408.0309,134.91908004230368,837.7359133385174
