,contributed_CCGT,contributed_Coal,contributed_Onshore,contributed_Offshore,contributed_PV,contributed_Nuclear,contributed_Recip_gas,contributed_Biomass,total_CCGT,total_Coal,total_Onshore,total_Offshore,total_PV,total_Nuclear,total_Recip_gas,Carbon_tax,total_genco_wealth,Electricity_cost,Carbon_emitted
0,321224.59999999974,248597.9199999998,53771.896184399964,26732.850925999985,3171.005989849936,107677.75999999998,12093.959999999986,0,31912.0,14475.0,8862.6,6983.8,3377.7999999999997,9361.0,971.5,30.8,103499911304.12181,347.41841598261755,1236.8387731721584
1,272480.55999999994,206341.1299999996,49746.80651379995,26129.08824199998,3137.1044111499737,77446.73999999993,6717.249999999994,0,31912.0,14475.0,8862.6,6983.8,3377.7999999999997,9361.0,971.5,30.8,123922939626.99529,113.7441912246154,1027.81446493974
2,345221.96000000037,220607.95999999973,55882.921714999815,23636.345635000012,1664.2642941499348,102787.98999999995,12318.02999999999,0,31912.0,14475.0,8862.6,6983.8,3377.7999999999997,9361.0,971.5,30.8,253313500759.18356,354.2417104006108,1227.095915308079
3,350034.9400000001,216381.5899999996,56427.69103919981,27604.469008000007,3194.416522099961,125981.66000000002,13413.15999999998,0,31912.0,14475.0,8862.6,6983.8,3377.7999999999997,9361.0,971.5,30.8,387177235567.6234,355.664808112486,1227.2957450428187
4,156750.7400000001,194190.48999999976,37484.482634099964,18719.16075299997,2762.2536478499765,66688.46999999996,323.0099999999998,0,31912.0,14475.0,8862.6,6983.8,3377.7999999999997,9361.0,971.5,30.8,373964602938.9604,34.99998286141367,752.17598350502
5,355917.55999999965,243464.69999999978,55518.170985400044,28363.836055999964,3135.661752699976,115585.2,11998.899999999985,0,31912.0,14475.0,8862.6,6983.8,3377.7999999999997,9361.0,971.5,30.8,587235606585.3118,352.338430463476,1299.1626333305994
6,165063.40999999995,191693.75999999966,37674.230551799825,18011.30440999998,2933.7835982999777,71260.07999999994,320.09999999999985,0,31912.0,14475.0,8862.6,6983.8,3377.7999999999997,9361.0,971.5,30.8,567176478342.6948,36.06980487677343,763.8040657364795
7,211087.03999999986,186663.49999999965,42127.868540699856,21704.770478999995,7007.972520249943,72266.93999999994,1107.7400000000011,0,31912.0,14475.0,8862.6,6983.8,3377.7999999999997,9361.0,971.5,30.8,542244842296.25397,38.48895769600963,847.7008510930002
