,contributed_CCGT,contributed_Coal,contributed_Onshore,contributed_Offshore,contributed_PV,contributed_Nuclear,contributed_Recip_gas,contributed_Biomass,total_CCGT,total_Coal,total_Onshore,total_Offshore,total_PV,total_Nuclear,total_Recip_gas,Carbon_tax,total_genco_wealth,Electricity_cost,Carbon_emitted
0,446723.2099999979,176039.38999999996,21795.04646790004,28985.374531999987,3154.551064599939,85677.18999999997,13263.779999999997,0,31912.0,14475.0,8862.6,6983.8,3377.7999999999997,9361.0,971.5,30.8,22851363006.72344,122.61960257876073,1353.3350073472216
1,360301.3199999989,153844.03,21752.638950599987,28358.374341999966,3117.927621999977,59805.34999999999,7275.484999999992,0,31912.0,14475.0,8862.6,6983.8,3377.7999999999997,9361.0,971.5,30.8,19894104133.058865,61.84737749645915,1117.3026905239383
2,433841.08999999805,196172.3199999999,18665.235514799857,25599.737571000012,1651.7550334499342,88834.53999999995,13272.509999999997,0,31912.0,14475.0,8862.6,6983.8,3377.7999999999997,9361.0,971.5,30.8,42873595478.854515,125.70343323103513,1374.4895253833579
3,454239.10999999783,183467.9999999999,22682.347973300042,29656.706700000013,3185.1984973999643,96649.82999999996,14961.279999999968,0,31912.0,14475.0,8862.6,6983.8,3377.7999999999997,9361.0,971.5,30.8,67722446639.69273,130.36553893013638,1390.9773148439995
4,254026.63000000035,136897.13999999993,16655.840929100035,20844.798368999996,3043.0217832499798,42489.88,184.29999999999998,0,31912.0,14475.0,8862.6,6983.8,3377.7999999999997,9361.0,971.5,30.8,52473367312.341,38.317371828544374,842.8808916617218
5,456458.249999998,197186.7999999999,22543.311461600002,29079.795259999963,3118.5795758499776,94448.89999999997,13988.369999999992,0,31912.0,14475.0,8862.6,6983.8,3377.7999999999997,9361.0,971.5,30.8,92730095762.5593,131.13885010804836,1424.1192646263996
6,275398.8200000004,126024.81000000001,16782.524975800006,22040.174172999974,4194.01489824998,38152.04,175.57,0,31912.0,14475.0,8862.6,6983.8,3377.7999999999997,9361.0,971.5,30.8,69073754505.8367,37.565517785989236,864.3039303643812
7,308822.4000000003,137161.44,19503.170878100023,24591.685408000005,7058.300503249938,47852.04,1615.050000000001,0,31912.0,14475.0,8862.6,6983.8,3377.7999999999997,9361.0,971.5,30.8,41563262303.91291,40.20297745872306,958.0353728731207
