,contributed_CCGT,contributed_Coal,contributed_Onshore,contributed_Offshore,contributed_PV,contributed_Nuclear,contributed_Recip_gas,contributed_Biomass,total_CCGT,total_Coal,total_Onshore,total_Offshore,total_PV,total_Nuclear,total_Recip_gas,Carbon_tax,total_genco_wealth,Electricity_cost,Carbon_emitted
0,419279.9499999987,177866.23,56692.66334929973,26266.364881999994,3148.07471679994,75913.16999999994,12899.059999999996,0,31912.0,14475.0,8862.6,6983.8,3377.7999999999997,9361.0,971.5,30.8,27051788366.69205,123.31361322307497,1303.3241350695448
1,339870.4199999993,156845.88000000012,46615.9442746997,22331.312255999972,3096.391832049979,55305.51999999997,6680.874999999995,0,31912.0,14475.0,8862.6,6983.8,3377.7999999999997,9361.0,971.5,30.8,24011596201.38973,58.62083178462968,1080.043347950239
2,422105.2599999989,177711.65000000014,50403.6236225996,22477.96622600002,1649.1366151999337,84964.23999999999,12689.539999999999,0,31912.0,14475.0,8862.6,6983.8,3377.7999999999997,9361.0,971.5,30.8,49047262142.227005,121.76032997194068,1303.5634192667046
3,424764.65999999817,185266.28000000012,49858.639491899594,24090.73989299999,3139.7512022499645,100116.60999999997,14389.94999999998,0,31912.0,14475.0,8862.6,6983.8,3377.7999999999997,9361.0,971.5,30.8,85782104164.65228,123.90508379970099,1330.4526798394443
4,245201.5800000001,128690.27999999996,36422.18713409996,18085.914312999972,3012.3023124499814,40493.619999999995,950.6000000000008,0,31912.0,14475.0,8862.6,6983.8,3377.7999999999997,9361.0,971.5,30.8,70564243587.36707,36.15287085061083,806.9801884914375
5,437660.5399999989,193172.20999999996,55773.55089759999,26071.89185549997,3117.9917681499796,72320.28999999995,13649.83999999999,0,31912.0,14475.0,8862.6,6983.8,3377.7999999999997,9361.0,971.5,30.8,114249118973.56625,123.57123564933727,1376.314549329584
6,257287.91,117654.42999999993,37758.11100109981,18568.118789999968,3181.38741854998,45489.11999999998,1018.5000000000007,0,31912.0,14475.0,8862.6,6983.8,3377.7999999999997,9361.0,971.5,30.8,91156327522.25958,37.20704897995551,807.2639501731379
7,281714.6899999997,143961.84000000003,39188.183514299686,21012.07256399999,7072.981569049931,43056.359999999986,1144.6000000000008,0,31912.0,14475.0,8862.6,6983.8,3377.7999999999997,9361.0,971.5,30.8,62621065453.38277,39.14620761196633,917.1788973523172
