,contributed_CCGT,contributed_Coal,contributed_Onshore,contributed_Offshore,contributed_PV,contributed_Nuclear,contributed_Recip_gas,contributed_Biomass,total_CCGT,total_Coal,total_Onshore,total_Offshore,total_PV,total_Nuclear,total_Recip_gas,Carbon_tax,total_genco_wealth,Electricity_cost,Carbon_emitted
0,342804.09999999864,209308.42999999976,23300.55530880004,29579.745223999984,3154.551064599939,165604.86687359976,8809.539999999979,0,31912.0,14475.0,8862.6,6983.8,3377.7999999999997,9361.0,971.5,30.8,16469224858.958557,98.78034267106334,1195.6128161651397
1,245148.76000000047,185487.87999999992,23464.752699000044,29595.668287999964,3122.2863189999775,165604.86687359976,1884.7100000000005,0,31912.0,14475.0,8862.6,6983.8,3377.7999999999997,9361.0,971.5,30.8,11164164345.82956,55.83920482435597,921.986045356242
2,334914.5799999991,210201.2799999996,21601.84304159999,29224.130127999983,1658.9456695999324,165604.86687359976,8323.569999999987,0,31912.0,14475.0,8862.6,6983.8,3377.7999999999997,9361.0,971.5,30.8,20627270474.44632,90.3583281860091,1178.7545358094394
3,359262.7999999983,219147.23999999958,23278.20383160005,29656.706700000013,3188.160174599965,165604.86687359976,9002.56999999998,0,31912.0,14475.0,8862.6,6983.8,3377.7999999999997,9361.0,971.5,30.8,43008467828.212425,121.27442902612627,1251.3701290215176
4,137786.46000000005,141646.9999999999,22191.845221500018,29595.668287999968,3116.600719849977,148459.39984960004,1047.6,0,31912.0,14475.0,8862.6,6983.8,3377.7999999999997,9361.0,971.5,30.8,30117141992.41551,42.74723294864035,597.903974306001
5,356491.03999999835,224710.26999999967,23464.752699000044,29595.668287999964,3122.2863189999775,165604.86687359976,7663.4849999999915,0,31912.0,14475.0,8862.6,6983.8,3377.7999999999997,9361.0,971.5,30.8,47357328811.53899,93.46152894294642,1254.5142780074575
6,144170.72000000012,149889.68999999994,25499.417394900032,33440.534603,4482.375400499983,134623.61240160023,523.8,0,31912.0,14475.0,8862.6,6983.8,3377.7999999999997,9361.0,971.5,30.8,26873129180.44223,42.80360205967555,628.193430086622
7,203403.1000000004,123654.26000000008,31310.357158399936,38306.24775700007,7415.26058399993,145936.22987440007,0.0,0,31912.0,14475.0,8862.6,6983.8,3377.7999999999997,9361.0,971.5,30.8,3277639088.1630864,44.588460633647536,696.2235188954828
