,contributed_CCGT,contributed_Coal,contributed_Onshore,contributed_Offshore,contributed_PV,contributed_Nuclear,contributed_Recip_gas,contributed_Biomass,total_CCGT,total_Coal,total_Onshore,total_Offshore,total_PV,total_Nuclear,total_Recip_gas,Carbon_tax,total_genco_wealth,Electricity_cost,Carbon_emitted
0,310549.3399999997,233553.10000000006,52585.32120949989,32981.79612250005,3137.3846727999376,126008.8199999999,10710.740000000005,0,31912.0,14475.0,8862.6,6983.8,3377.7999999999997,9361.0,971.5,30.8,8801037967.621763,63.412069888740774,1173.9688181537992
1,208125.5499999997,220873.00000000003,48723.85601799992,32401.658665499992,3102.020403699975,118919.08999999988,1807.110000000001,0,31912.0,14475.0,8862.6,6983.8,3377.7999999999997,9361.0,971.5,30.8,2582143306.800818,42.39337170577268,919.2077089740011
2,313338.51999999967,220611.82000000004,51810.9399066998,31737.744715000015,1662.299661049934,142740.34999999998,11634.18,0,31912.0,14475.0,8862.6,6983.8,3377.7999999999997,9361.0,971.5,30.8,11217090639.530447,76.09520800485915,1152.6282904443585
3,335110.03999999893,258321.9100000002,52299.94662749982,31245.08811700002,3170.962581099962,129005.14999999998,11973.68,0,31912.0,14475.0,8862.6,6983.8,3377.7999999999997,9361.0,971.5,30.8,22860640203.62351,84.65026486285365,1281.6598804501784
4,115952.48000000024,174196.62999999992,36938.17552039995,23621.680322,2862.993165499981,118119.8099999999,164.89999999999998,0,31912.0,14475.0,8862.6,6983.8,3377.7999999999997,9361.0,971.5,30.8,3263541181.7141595,17.90012041789272,624.4202931887411
5,332905.8199999989,252836.32000000012,50751.68286380004,31868.746874500008,3086.2723018999773,133255.68999999997,11676.374999999996,0,31912.0,14475.0,8862.6,6983.8,3377.7999999999997,9361.0,971.5,30.8,19626003549.562447,79.88187419493977,1266.7041701453606
6,129866.94000000008,178347.82999999993,36468.483070999806,22714.93085799997,2922.696616649976,112976.86999999991,164.89999999999998,0,31912.0,14475.0,8862.6,6983.8,3377.7999999999997,9361.0,971.5,30.8,-7235339499.637013,23.53005963018199,661.9296263663414
7,166289.30999999974,176888.56999999992,42145.42449309976,28610.441460500013,6995.293559749939,115924.69999999988,193.99999999999994,0,31912.0,14475.0,8862.6,6983.8,3377.7999999999997,9361.0,971.5,30.8,-38439781850.78893,28.801785243567824,732.6699206208615
