,contributed_CCGT,contributed_Coal,contributed_Onshore,contributed_Offshore,contributed_PV,contributed_Nuclear,contributed_Recip_gas,contributed_Biomass,total_CCGT,total_Coal,total_Onshore,total_Offshore,total_PV,total_Nuclear,total_Recip_gas,Carbon_tax,total_genco_wealth,Electricity_cost,Carbon_emitted
0,380966.91999999835,231788.69999999984,23300.55530880004,29579.745223999984,3154.551064599939,76744.45999999999,13085.300000000001,0,31912.0,14475.0,8862.6,6983.8,3377.7999999999997,9361.0,971.5,30.8,52370808865.3534,222.3108985933583,1331.9255630825935
1,300464.6599999997,219882.57999999984,23464.752699000044,29595.668287999964,3122.2863189999775,54313.21000000001,8858.03999999999,0,31912.0,14475.0,8862.6,6983.8,3377.7999999999997,9361.0,971.5,30.8,61879821665.568665,103.20902124383558,1131.5090057668372
2,381402.3599999984,223388.2799999999,21573.980926499982,29224.130127999983,1658.8167474499328,88921.83999999997,13211.4,0,31912.0,14475.0,8862.6,6983.8,3377.7999999999997,9361.0,971.5,30.8,141016120308.05817,282.7632528481625,1314.3208088954345
3,401349.9799999979,235065.64999999982,23278.20383160005,29656.706700000013,3188.160174599965,91685.36999999994,14951.57999999999,0,31912.0,14475.0,8862.6,6983.8,3377.7999999999997,9361.0,971.5,30.8,234079949680.99277,317.84739017842844,1384.403902958694
4,220325.3400000004,164319.74999999997,17368.821813900002,22119.887580499984,2874.6311871499825,53000.8,116.39999999999999,0,31912.0,14475.0,8862.6,6983.8,3377.7999999999997,9361.0,971.5,30.8,221026889322.80618,42.75603464730791,822.4770208305027
5,396732.31999999797,240929.5499999999,23464.752699000044,29595.668287999964,3122.2863189999775,89884.07999999996,13828.804999999998,0,31912.0,14475.0,8862.6,6983.8,3377.7999999999997,9361.0,971.5,30.8,357522700170.7353,296.22700367301064,1385.8355146408956
6,214382.7900000003,171933.2999999999,19043.786511999973,24296.261494999988,4212.883152899978,54087.20000000001,0.0,0,31912.0,14475.0,8862.6,6983.8,3377.7999999999997,9361.0,971.5,30.8,337029165960.29016,43.438742611025226,827.166212573402
7,238991.16000000018,186044.3899999997,25775.56396920003,30838.560726500004,7358.602259199926,55173.600000000006,873.0,0,31912.0,14475.0,8862.6,6983.8,3377.7999999999997,9361.0,971.5,30.8,312534157933.7921,44.84350274917486,912.2291910372215
