,contributed_CCGT,contributed_Coal,contributed_Onshore,contributed_Offshore,contributed_PV,contributed_Nuclear,contributed_Recip_gas,contributed_Biomass,total_CCGT,total_Coal,total_Onshore,total_Offshore,total_PV,total_Nuclear,total_Recip_gas,Carbon_tax,total_genco_wealth,Electricity_cost,Carbon_emitted
0,349618.31999999814,189379.41999999955,23300.55530880004,29579.745223999984,3154.551064599939,165604.86687359976,17840.725000000017,0,31912.0,14475.0,8862.6,6983.8,3377.7999999999997,9361.0,971.5,30.8,17313409638.210087,103.29353508326064,1182.4324752591592
1,264850.56000000035,148957.65999999997,23464.752699000044,29595.668287999964,3122.2863189999775,165604.86687359976,13408.309999999992,0,31912.0,14475.0,8862.6,6983.8,3377.7999999999997,9361.0,971.5,30.8,12594634040.065863,56.69282011818702,906.5854468686808
2,327114.879999999,215190.2999999996,21601.84304159999,29224.130127999983,1658.9456695999324,165604.86687359976,16477.389999999985,0,31912.0,14475.0,8862.6,6983.8,3377.7999999999997,9361.0,971.5,30.8,21315547345.556267,88.33891098481105,1190.6058886593987
3,368175.659999998,202418.04999999978,23278.20383160005,29656.706700000013,3188.160174599965,165604.86687359976,18430.970000000023,0,31912.0,14475.0,8862.6,6983.8,3377.7999999999997,9361.0,971.5,30.8,43649119883.0678,122.07183476726102,1251.2734057138987
4,128496.48000000008,143338.38999999996,21928.545133199998,29595.668287999968,3116.600719849977,144165.6618696001,12047.399999999996,0,31912.0,14475.0,8862.6,6983.8,3377.7999999999997,9361.0,971.5,30.8,30052261542.836086,41.417812195240934,605.1490731692212
5,362760.4799999981,212023.1899999995,23464.752699000044,29595.668287999964,3122.2863189999775,165604.86687359976,17993.985000000015,0,31912.0,14475.0,8862.6,6983.8,3377.7999999999997,9361.0,971.5,30.8,45043460331.49409,91.88184082209682,1259.902231269617
6,165915.20000000024,116981.62000000001,24849.83750460003,32799.186790999986,4477.075930999983,131238.74634080025,11523.599999999997,0,31912.0,14475.0,8862.6,6983.8,3377.7999999999997,9361.0,971.5,30.8,24575599317.283077,42.827619764577236,621.4221556247619
7,189330.90000000023,136165.1899999999,30609.260374099948,38204.78456500007,7407.79433284993,138137.47488240016,12047.399999999996,0,31912.0,14475.0,8862.6,6983.8,3377.7999999999997,9361.0,971.5,30.8,125905709.42906533,43.120930397079086,712.6366816356226
