,contributed_CCGT,contributed_Coal,contributed_Onshore,contributed_Offshore,contributed_PV,contributed_Nuclear,contributed_Recip_gas,contributed_Biomass,total_CCGT,total_Coal,total_Onshore,total_Offshore,total_PV,total_Nuclear,total_Recip_gas,Carbon_tax,total_genco_wealth,Electricity_cost,Carbon_emitted
0,393957.39999999787,184889.40999999995,23300.55530880004,29579.745223999984,3154.551064599939,118410.80999999998,15048.57999999998,0,31912.0,14475.0,8862.6,6983.8,3377.7999999999997,9361.0,971.5,30.8,19315448308.653835,98.51230352674042,1258.9583339751791
1,321212.85999999964,163971.70999999993,23464.752699000044,29595.668287999964,3122.2863189999775,77048.06999999995,12935.434999999998,0,31912.0,14475.0,8862.6,6983.8,3377.7999999999997,9361.0,971.5,30.8,24070984423.23211,70.50059907901884,1053.1855498005802
2,407502.0299999979,192636.80999999988,21601.84304159999,29224.130127999983,1658.9456695999324,100850.89999999997,14973.889999999981,0,31912.0,14475.0,8862.6,6983.8,3377.7999999999997,9361.0,971.5,30.8,41423381102.84306,101.29514116348048,1300.1398844003772
3,424386.10999999754,204929.45999999964,23278.20383160005,29656.706700000013,3188.160174599965,109527.54999999996,15054.399999999981,0,31912.0,14475.0,8862.6,6983.8,3377.7999999999997,9361.0,971.5,30.8,62817114127.92582,108.68259573866688,1363.1420470450787
4,237935.0400000004,103987.09999999996,22461.88847820002,29026.261657999974,3115.7177767499766,62496.12999999996,4961.549999999996,0,31912.0,14475.0,8862.6,6983.8,3377.7999999999997,9361.0,971.5,30.8,57582020763.88769,50.76785953224308,736.2219214658
5,407912.93999999785,207165.1199999996,23464.752699000044,29595.668287999964,3122.2863189999775,124096.94999999997,15046.639999999981,0,31912.0,14475.0,8862.6,6983.8,3377.7999999999997,9361.0,971.5,30.8,85312167582.29086,100.26931166247239,1333.4929463977567
6,249371.2400000003,118693.98000000003,25116.226606400032,32620.68285499999,4483.346381199984,40110.469999999994,9144.189999999986,0,31912.0,14475.0,8862.6,6983.8,3377.7999999999997,9361.0,971.5,30.8,77255558507.72006,50.611997370131995,797.3895280040398
7,264147.5400000003,120717.78000000003,32448.666494999914,38056.671205000064,7423.551809549933,63317.719999999965,6613.944999999996,0,31912.0,14475.0,8862.6,6983.8,3377.7999999999997,9361.0,971.5,30.8,69741321606.15294,54.83092801664071,825.5362532464397
