,contributed_CCGT,contributed_Coal,contributed_Onshore,contributed_Offshore,contributed_PV,contributed_Nuclear,contributed_Recip_gas,contributed_Biomass,total_CCGT,total_Coal,total_Onshore,total_Offshore,total_PV,total_Nuclear,total_Recip_gas,Carbon_tax,total_genco_wealth,Electricity_cost,Carbon_emitted
0,334305.6699999993,279335.2900000002,53460.70611939961,24171.039771999996,3153.728387249939,78063.65999999993,12576.53499999999,0,31912.0,14475.0,8862.6,6983.8,3377.7999999999997,9361.0,971.5,30.8,62739867616.112404,237.68781825537494,1337.5916991054205
1,247484.2599999995,249402.49000000008,46944.92846589978,23895.95718299997,3120.415194849976,73262.15999999995,4673.459999999997,0,31912.0,14475.0,8862.6,6983.8,3377.7999999999997,9361.0,971.5,30.8,69146774806.27376,81.78445749972734,1068.6796470610184
2,339127.6599999995,269159.5600000001,52638.46041879948,24756.94869999999,1668.3610371499342,90697.9099999999,12917.489999999989,0,31912.0,14475.0,8862.6,6983.8,3377.7999999999997,9361.0,971.5,30.8,155697397622.5499,282.69325762647077,1320.6405338848795
3,349443.18999999913,290497.5100000003,52448.38602819951,24620.252710999997,3157.031112499962,101686.06999999992,12953.379999999985,0,31912.0,14475.0,8862.6,6983.8,3377.7999999999997,9361.0,971.5,30.8,280343783545.01404,347.42801358744873,1385.8174147989794
4,142361.36999999973,205587.78000000012,40610.22023709997,19102.19362799997,2604.4576478499825,78928.89999999992,1193.1000000000008,0,31912.0,14475.0,8862.6,6983.8,3377.7999999999997,9361.0,971.5,30.8,264345879010.86282,27.408415995335556,750.163735216439
5,345100.71999999933,278809.48000000016,58306.985936599944,27672.479743999967,3132.722908399977,99271.73999999992,12689.539999999988,0,31912.0,14475.0,8862.6,6983.8,3377.7999999999997,9361.0,971.5,30.8,433683425636.59644,324.2355662536984,1355.0645890530382
6,145955.19999999966,218433.5700000002,38722.816246399874,17789.509505999977,4195.367952949984,70356.03999999994,1248.3900000000008,0,31912.0,14475.0,8862.6,6983.8,3377.7999999999997,9361.0,971.5,30.8,410768402677.53687,31.020735766687,786.2355189308588
7,184189.0099999997,221919.20000000024,41148.02743479974,21948.858633999997,7077.297742949939,75628.95999999993,1384.1900000000007,0,31912.0,14475.0,8862.6,6983.8,3377.7999999999997,9361.0,971.5,30.8,383727171662.86926,35.66083200902464,871.9980744015978
