,contributed_CCGT,contributed_Coal,contributed_Onshore,contributed_Offshore,contributed_PV,contributed_Nuclear,contributed_Recip_gas,contributed_Biomass,total_CCGT,total_Coal,total_Onshore,total_Offshore,total_PV,total_Nuclear,total_Recip_gas,Carbon_tax,total_genco_wealth,Electricity_cost,Carbon_emitted
0,375320.74999999854,165325.98999999996,51979.49429439982,33800.503304000034,3166.6151575999374,119847.37999999996,13098.879999999997,0,31912.0,14475.0,8862.6,6983.8,3377.7999999999997,9361.0,971.5,30.8,24606733017.23595,81.46662032376128,1172.3328072140173
1,305828.9799999997,158920.67,44080.20673699982,31859.757247999973,3130.476083499977,68102.72999999997,10191.305000000002,0,31912.0,14475.0,8862.6,6983.8,3377.7999999999997,9361.0,971.5,30.8,37088572897.41973,65.5946839216919,1009.8406489466556
2,363436.9999999987,180488.09000000008,51631.45550079965,33470.551888000045,1666.407443099932,111205.64999999998,13500.944999999985,0,31912.0,14475.0,8862.6,6983.8,3377.7999999999997,9361.0,971.5,30.8,58887864938.02884,81.77780954170201,1181.676206279818
3,410037.2499999981,182217.0899999998,53457.22927079954,34849.67070000006,3198.4683175999635,100801.42999999996,13660.994999999988,0,31912.0,14475.0,8862.6,6983.8,3377.7999999999997,9361.0,971.5,30.8,83829720016.14397,87.67858831659362,1281.6863721018176
4,209339.21,107691.41999999997,38314.50753099985,29602.649221999975,3125.2297023499764,64321.66999999998,3226.219999999998,0,31912.0,14475.0,8862.6,6983.8,3377.7999999999997,9361.0,971.5,30.8,87511905105.17177,49.04792700213113,681.7812285851604
5,383914.59999999823,201386.26,54339.993736999815,33815.27724800003,3129.703963999977,107589.48999999999,14505.379999999972,0,31912.0,14475.0,8862.6,6983.8,3377.7999999999997,9361.0,971.5,30.8,130397083414.7942,89.1302538338076,1274.2797920714759
6,216496.96000000017,109809.43999999997,35166.979178699905,32856.953695499986,4466.080078899983,66167.57999999996,4702.559999999996,0,31912.0,14475.0,8862.6,6983.8,3377.7999999999997,9361.0,971.5,30.8,131705448698.549,47.03559711669708,703.9401575171196
7,247015.6700000002,116730.62,44367.866794199675,37446.14865500006,7430.21198579993,64049.099999999955,7263.359999999998,0,31912.0,14475.0,8862.6,6983.8,3377.7999999999997,9361.0,971.5,30.8,139887175835.0586,53.33445162468687,787.8585590667581
