,contributed_CCGT,contributed_Coal,contributed_Onshore,contributed_Offshore,contributed_PV,contributed_Nuclear,contributed_Recip_gas,contributed_Biomass,total_CCGT,total_Coal,total_Onshore,total_Offshore,total_PV,total_Nuclear,total_Recip_gas,Carbon_tax,total_genco_wealth,Electricity_cost,Carbon_emitted
0,428651.199999998,198951.17999999988,22064.17447140004,29235.522565999985,3153.566910099939,86185.46999999996,13289.969999999996,0,31912.0,14475.0,8862.6,6983.8,3377.7999999999997,9361.0,971.5,30.8,22970914229.703697,121.79416687429513,1370.1430254496383
1,364825.95999999886,158041.73999999996,20856.410467299997,26996.827615999973,3118.580441499977,56482.12999999999,7225.5299999999925,0,31912.0,14475.0,8862.6,6983.8,3377.7999999999997,9361.0,971.5,30.8,19020675658.644753,60.6589044190423,1136.8401034125175
2,438000.17999999813,171288.09999999992,19093.912513299823,26574.565270000003,1654.3467298499334,91063.59999999998,13289.969999999996,0,31912.0,14475.0,8862.6,6983.8,3377.7999999999997,9361.0,971.5,30.8,40500040051.80473,124.4613712717657,1326.212653463801
3,457405.3999999979,181996.74999999994,20905.517823099915,27232.338620000002,3177.7177092999646,112340.54999999993,15151.39999999997,0,31912.0,14475.0,8862.6,6983.8,3377.7999999999997,9361.0,971.5,30.8,66514276246.49028,129.68780687299525,1392.1449628364992
4,252422.80000000042,130678.31999999999,16300.597848500045,20565.46456799999,2600.017276549982,54102.719999999994,201.75999999999996,0,31912.0,14475.0,8862.6,6983.8,3377.7999999999997,9361.0,971.5,30.8,50954335500.85216,37.80408433578066,825.7838980513613
5,459632.7699999982,193421.03999999992,22562.6508269,29142.114841999966,3118.5795758499776,86341.63999999996,13988.369999999992,0,31912.0,14475.0,8862.6,6983.8,3377.7999999999997,9361.0,971.5,30.8,90895691865.8281,128.84610674255495,1422.1606308939201
6,277685.8700000003,104138.9699999999,16538.752374600022,21550.603832999972,4326.172260899978,54102.719999999994,316.21999999999997,0,31912.0,14475.0,8862.6,6983.8,3377.7999999999997,9361.0,971.5,30.8,67853990666.69517,38.67404831518426,820.7738192000596
7,318373.38999999996,115383.85999999997,17934.565186200005,23126.056073999993,6733.033391349935,53060.939999999995,8236.269999999991,0,31912.0,14475.0,8862.6,6983.8,3377.7999999999997,9361.0,971.5,30.8,39030824125.20593,41.64161234600477,942.2705107162793
