,contributed_CCGT,contributed_Coal,contributed_Onshore,contributed_Offshore,contributed_PV,contributed_Nuclear,contributed_Recip_gas,contributed_Biomass,total_CCGT,total_Coal,total_Onshore,total_Offshore,total_PV,total_Nuclear,total_Recip_gas,Carbon_tax,total_genco_wealth,Electricity_cost,Carbon_emitted
0,387374.1499999982,190502.22999999966,23300.55530880004,29579.745223999984,3154.551064599939,115730.69999999998,14995.229999999983,0,31912.0,14475.0,8862.6,6983.8,3377.7999999999997,9361.0,971.5,30.8,19052409647.400234,98.22133988223028,1263.917771297538
1,310127.1399999997,175855.10999999996,23464.752699000044,29595.668287999964,3122.2863189999775,71593.75999999995,11044.420000000004,0,31912.0,14475.0,8862.6,6983.8,3377.7999999999997,9361.0,971.5,30.8,22189067258.353416,67.50805863382732,1058.0380030637796
2,402712.7499999979,190111.93999999992,21601.84304159999,29224.130127999983,1658.9456695999324,107977.48999999999,15971.53499999998,0,31912.0,14475.0,8862.6,6983.8,3377.7999999999997,9361.0,971.5,30.8,39867570380.30334,101.546984422151,1298.5762658021167
3,399425.2399999979,215670.95999999964,23278.20383160005,29656.706700000013,3188.160174599965,122448.91999999997,15035.969999999983,0,31912.0,14475.0,8862.6,6983.8,3377.7999999999997,9361.0,971.5,30.8,59791406864.57661,105.06052480923158,1341.1756793420764
4,238134.24000000046,110068.82000000004,23194.25878030003,29595.668287999968,3121.138049199978,55344.31999999997,7767.274999999994,0,31912.0,14475.0,8862.6,6983.8,3377.7999999999997,9361.0,971.5,30.8,57013867227.57222,55.43515402431521,750.0797764203593
5,425088.1999999977,198085.04999999967,23464.752699000044,29595.668287999964,3122.2863189999775,116248.67999999998,15055.36999999998,0,31912.0,14475.0,8862.6,6983.8,3377.7999999999997,9361.0,971.5,30.8,87684797259.66637,104.60373219259274,1350.525325739898
6,226753.6500000003,114680.43000000007,23433.911267700027,30389.437462999984,4466.6880911999815,63986.049999999974,8958.434999999989,0,31912.0,14475.0,8862.6,6983.8,3377.7999999999997,9361.0,971.5,30.8,78986042341.18498,49.375733551363446,745.6872902111389
7,252230.6000000002,133675.23,32548.039464199916,37218.37186300008,7427.388987249934,60540.60999999996,7517.984999999995,0,31912.0,14475.0,8862.6,6983.8,3377.7999999999997,9361.0,971.5,30.8,73034066450.41685,53.783404277651954,834.5506336215402
