,contributed_CCGT,contributed_Coal,contributed_Onshore,contributed_Offshore,contributed_PV,contributed_Nuclear,contributed_Recip_gas,contributed_Biomass,total_CCGT,total_Coal,total_Onshore,total_Offshore,total_PV,total_Nuclear,total_Recip_gas,Carbon_tax,total_genco_wealth,Electricity_cost,Carbon_emitted
0,379614.8199999978,245275.5,21748.816617100045,28545.899173999987,3154.551064599939,92053.96999999987,12840.37499999999,0,31912.0,14475.0,8862.6,6983.8,3377.7999999999997,9361.0,971.5,30.8,8351701522.465094,74.10559598836242,1357.853851198998
1,290682.7799999998,219694.92000000007,22374.761341900004,29146.760455999964,3119.899751799978,78011.27999999991,2764.4999999999995,0,31912.0,14475.0,8862.6,6983.8,3377.7999999999997,9361.0,971.5,30.8,758462131.9585071,50.88476050447586,1096.1378596581617
2,379225.3999999979,252757.21000000002,18972.294039399843,26119.78425300001,1653.6737615999336,88395.12999999987,13259.89999999999,0,31912.0,14475.0,8862.6,6983.8,3377.7999999999997,9361.0,971.5,30.8,8806755753.03037,84.26576712168183,1373.6854673995767
3,396060.03999999777,255274.25999999995,21355.129186999915,28233.91602,3183.8197855999642,101410.58999999988,13271.53999999999,0,31912.0,14475.0,8862.6,6983.8,3377.7999999999997,9361.0,971.5,30.8,20655966812.24921,92.63641026065788,1415.3482954954757
4,178089.91000000035,191963.23999999985,17347.86922220001,22076.044709999984,3077.773720399978,71811.03999999994,165.87,0,31912.0,14475.0,8862.6,6983.8,3377.7999999999997,9361.0,971.5,30.8,5187672290.0584545,37.689863632847924,790.2056232095232
5,398066.9599999977,258034.40999999995,22706.72283170003,29245.669591999966,3122.0864234999776,95500.37999999987,13220.12999999999,0,31912.0,14475.0,8862.6,6983.8,3377.7999999999997,9361.0,971.5,30.8,22910390992.20034,94.44519640023994,1423.7230539851755
6,185430.00000000047,197950.60999999996,16188.87965050003,20568.183733999973,2849.614399649974,71785.81999999992,139.68000000000004,0,31912.0,14475.0,8862.6,6983.8,3377.7999999999997,9361.0,971.5,30.8,-2687852368.7268634,35.41290495729808,818.413045652782
7,228139.52000000037,194977.35999999996,20913.77674260002,26342.744151500003,6848.1209120999265,72840.20999999993,209.51999999999995,0,31912.0,14475.0,8862.6,6983.8,3377.7999999999997,9361.0,971.5,30.8,-32137661395.421215,38.22963293413243,899.7808604292834
