,contributed_CCGT,contributed_Coal,contributed_Onshore,contributed_Offshore,contributed_PV,contributed_Nuclear,contributed_Recip_gas,contributed_Biomass,total_CCGT,total_Coal,total_Onshore,total_Offshore,total_PV,total_Nuclear,total_Recip_gas,Carbon_tax,total_genco_wealth,Electricity_cost,Carbon_emitted
0,340458.57999999885,258131.70999999996,23200.44927180004,29579.745223999984,3154.551064599939,117788.07000000002,13220.12999999999,0,31912.0,14475.0,8862.6,6983.8,3377.7999999999997,9361.0,971.5,30.8,9498258893.887255,75.0188878234264,1306.9007382505795
1,249449.64000000028,239598.57,21694.994518099982,27697.504675999975,3117.768193149977,106110.23999999996,2200.9300000000007,0,31912.0,14475.0,8862.6,6983.8,3377.7999999999997,9361.0,971.5,30.8,2972618355.795024,49.13154961423408,1052.8837844408636
2,349495.0999999988,246875.91999999995,20290.19376409984,28447.187295999986,1656.7294364499326,121173.37000000002,13268.62999999999,0,31912.0,14475.0,8862.6,6983.8,3377.7999999999997,9361.0,971.5,30.8,12318863610.89931,84.55614815638097,1302.0755209161591
3,377756.92999999796,247929.87000000002,22539.36261099999,29656.706700000013,3184.253824499964,121470.19000000002,13269.59999999999,0,31912.0,14475.0,8862.6,6983.8,3377.7999999999997,9361.0,971.5,30.8,25703089261.795273,94.23098396787798,1361.8007868382579
4,173826.30000000013,176001.10000000006,16600.575344000023,20606.49533399999,2916.63602754998,95791.37999999993,183.32999999999998,0,31912.0,14475.0,8862.6,6983.8,3377.7999999999997,9361.0,971.5,30.8,9854852695.753525,37.23858103809876,745.9680514378027
5,369777.8499999983,254472.3,22738.229683000023,29445.67119199996,3122.2863189999775,121276.19000000002,13269.59999999999,0,31912.0,14475.0,8862.6,6983.8,3377.7999999999997,9361.0,971.5,30.8,30716622113.99742,96.5247974879134,1360.2020196553988
6,181001.9000000002,180198.24999999988,16815.11904189999,21863.020899499978,3347.368154499979,87982.8799999999,174.6,0,31912.0,14475.0,8862.6,6983.8,3377.7999999999997,9361.0,971.5,30.8,8534359400.759002,37.00825909396742,769.8823096535031
7,205701.5800000004,200474.52999999994,22556.85630880002,28556.432051999996,7165.080848599929,83536.39999999989,183.32999999999998,0,31912.0,14475.0,8862.6,6983.8,3377.7999999999997,9361.0,971.5,30.8,-18230128998.571804,38.9581830305752,872.6781900329436
