,contributed_CCGT,contributed_Coal,contributed_Onshore,contributed_Offshore,contributed_PV,contributed_Nuclear,contributed_Recip_gas,contributed_Biomass,total_CCGT,total_Coal,total_Onshore,total_Offshore,total_PV,total_Nuclear,total_Recip_gas,Carbon_tax,total_genco_wealth,Electricity_cost,Carbon_emitted
0,350002.0000000001,237478.60999999987,56060.41134499984,27668.220505999994,3174.7787038499355,92823.1799999999,12308.329999999993,0,31912.0,14475.0,8862.6,6983.8,3377.7999999999997,9361.0,971.5,30.8,90700042818.00192,326.9601325396301,1266.154620176779
1,241970.16000000015,233514.0599999999,52420.709086099974,26294.288599999974,3139.2394124999737,78329.43999999993,3738.3799999999974,0,31912.0,14475.0,8862.6,6983.8,3377.7999999999997,9361.0,971.5,30.8,101962784090.19724,86.4411581572773,1020.3232394558794
2,317504.66999999963,255126.92999999988,53571.55617709976,24576.30448300001,1660.347985599934,94611.85999999993,12735.129999999986,0,31912.0,14475.0,8862.6,6983.8,3377.7999999999997,9361.0,971.5,30.8,221117308915.0566,347.62636815104565,1253.3335108681379
3,360690.6899999999,239758.5099999999,57693.049966999744,28364.282220000012,3200.686894199962,109893.23999999996,12910.699999999984,0,31912.0,14475.0,8862.6,6983.8,3377.7999999999997,9361.0,971.5,30.8,351521914706.77075,353.8216364753959,1298.888676276978
4,139536.52000000002,205417.33999999997,37650.022543099956,19017.240998999972,2765.302028849977,74763.71999999994,386.0599999999998,0,31912.0,14475.0,8862.6,6983.8,3377.7999999999997,9361.0,971.5,30.8,338082844468.26953,33.22208281692057,742.4106790413207
5,336966.1499999997,269619.43,59679.25593640004,28899.484219999966,3136.8275398499754,99423.05999999992,12188.049999999988,0,31912.0,14475.0,8862.6,6983.8,3377.7999999999997,9361.0,971.5,30.8,565766514887.9688,351.7007366949579,1320.618317743138
6,179113.82999999975,172570.01999999981,40089.07119859983,20443.147469999974,4233.530371849986,64880.38999999995,379.26999999999975,0,31912.0,14475.0,8862.6,6983.8,3377.7999999999997,9361.0,971.5,30.8,546513268936.8133,37.2734351521311,749.5378098479599
7,216655.05000000002,194361.79999999984,39964.627609399715,21742.619656999996,7005.337332649942,63149.90999999996,369.56999999999977,0,31912.0,14475.0,8862.6,6983.8,3377.7999999999997,9361.0,971.5,30.8,522708625329.3647,38.5008446871894,874.7306071964007
