,contributed_CCGT,contributed_Coal,contributed_Onshore,contributed_Offshore,contributed_PV,contributed_Nuclear,contributed_Recip_gas,contributed_Biomass,total_CCGT,total_Coal,total_Onshore,total_Offshore,total_PV,total_Nuclear,total_Recip_gas,Carbon_tax,total_genco_wealth,Electricity_cost,Carbon_emitted
0,388455.56999999826,216207.76999999981,23300.55530880004,29579.745223999984,3154.551064599939,93844.58999999997,14151.814999999993,0,31912.0,14475.0,8862.6,6983.8,3377.7999999999997,9361.0,971.5,30.8,16262057215.32511,91.32511904726444,1314.5252919924546
1,323828.10999999923,177982.52999999994,23464.752699000044,29595.668287999964,3122.2863189999775,78052.98999999995,7653.299999999995,0,31912.0,14475.0,8862.6,6983.8,3377.7999999999997,9361.0,971.5,30.8,18417198616.160114,67.89483894579966,1082.1185392969423
2,390379.2899999983,215461.48999999982,21601.84304159999,29224.130127999983,1658.9456695999324,97882.69999999994,14846.81999999998,0,31912.0,14475.0,8862.6,6983.8,3377.7999999999997,9361.0,971.5,30.8,35012775742.54388,101.75511695022124,1318.1760560430134
3,398895.57999999786,222276.38999999972,23278.20383160005,29656.706700000013,3188.160174599965,115156.45999999998,15038.879999999981,0,31912.0,14475.0,8862.6,6983.8,3377.7999999999997,9361.0,971.5,30.8,56075658277.66484,110.15272671048223,1351.1079704532137
4,217292.97000000038,142292.5000000001,22934.108408100026,29516.44056799997,3120.771341949978,61051.799999999974,1116.9550000000004,0,31912.0,14475.0,8862.6,6983.8,3377.7999999999997,9361.0,971.5,30.8,49056172944.854164,51.57140007119233,771.9733838250017
5,419300.27999999764,209576.6299999997,23464.752699000044,29595.668287999964,3122.2863189999775,109639.09999999998,14116.894999999995,0,31912.0,14475.0,8862.6,6983.8,3377.7999999999997,9361.0,971.5,30.8,81075389823.96838,110.00584121386215,1363.2910421987356
6,216161.08000000037,161102.29999999993,26014.173250700023,32919.85723499999,4473.406908299983,41777.89999999999,2924.0649999999996,0,31912.0,14475.0,8862.6,6983.8,3377.7999999999997,9361.0,971.5,30.8,68841255310.69687,48.679395220585945,813.5151008454019
7,249284.03000000026,138618.25999999998,34085.9615534999,38306.24775700007,7431.519122799935,66776.73999999996,6275.414999999995,0,31912.0,14475.0,8862.6,6983.8,3377.7999999999997,9361.0,971.5,30.8,58074485277.47957,54.506458248946366,839.188217637482
