,contributed_CCGT,contributed_Coal,contributed_Onshore,contributed_Offshore,contributed_PV,contributed_Nuclear,contributed_Recip_gas,contributed_Biomass,total_CCGT,total_Coal,total_Onshore,total_Offshore,total_PV,total_Nuclear,total_Recip_gas,Carbon_tax,total_genco_wealth,Electricity_cost,Carbon_emitted
0,341814.4700000002,229657.8199999997,54744.6022321999,27445.06330399998,3172.981406249936,97397.69999999992,12355.859999999986,0,31912.0,14475.0,8862.6,6983.8,3377.7999999999997,9361.0,971.5,30.8,103111885531.57559,349.9133657966272,1242.8122650123582
1,269111.9699999999,204389.38999999966,50316.42779089995,25588.661197999973,3126.305759499974,82793.37999999993,9241.189999999979,0,31912.0,14475.0,8862.6,6983.8,3377.7999999999997,9361.0,971.5,30.8,119816048105.38751,108.54206999691714,1021.7447167072194
2,339457.25000000023,215375.35999999958,52757.11660969969,30042.368823999994,1676.6599587499327,115720.02999999998,12047.399999999985,0,31912.0,14475.0,8862.6,6983.8,3377.7999999999997,9361.0,971.5,30.8,238337945375.6948,354.4853747662043,1203.1681619332794
3,351501.1699999999,250517.8299999998,54086.01313709973,26533.240764000002,3193.7438984999612,114716.08000000002,13721.619999999975,0,31912.0,14475.0,8862.6,6983.8,3377.7999999999997,9361.0,971.5,30.8,377538150501.1238,352.81784147791586,1309.432823406339
4,165470.97,175685.66999999966,44311.22385760012,20424.168673999975,3093.6136887499756,62357.41999999996,313.30999999999983,0,31912.0,14475.0,8862.6,6983.8,3377.7999999999997,9361.0,971.5,30.8,364529928467.67773,37.683278185815546,728.5667410666606
5,367991.2499999989,232325.90999999974,57063.464948600056,28058.39895199998,3138.8588846999755,115167.12999999993,12865.109999999984,0,31912.0,14475.0,8862.6,6983.8,3377.7999999999997,9361.0,971.5,30.8,596909849942.5382,356.35164003098527,1295.8497166021784
6,165245.23999999987,182524.31999999977,38043.48015109981,18566.44317999997,2959.4252411999755,77114.02999999993,303.60999999999984,0,31912.0,14475.0,8862.6,6983.8,3377.7999999999997,9361.0,971.5,30.8,576074490238.3967,36.4459845680479,743.53740681936
7,221164.5999999999,170352.0099999998,44942.77657919998,24679.899804999997,7167.681895949933,70820.66999999995,1703.3200000000015,0,31912.0,14475.0,8862.6,6983.8,3377.7999999999997,9361.0,971.5,30.8,551790354962.6025,40.967501541055746,833.0643184899801
