,contributed_CCGT,contributed_Coal,contributed_Onshore,contributed_Offshore,contributed_PV,contributed_Nuclear,contributed_Recip_gas,contributed_Biomass,total_CCGT,total_Coal,total_Onshore,total_Offshore,total_PV,total_Nuclear,total_Recip_gas,Carbon_tax,total_genco_wealth,Electricity_cost,Carbon_emitted
0,407205.9699999979,196673.3799999999,23300.55530880004,29579.745223999984,3154.551064599939,88586.21999999997,14999.109999999986,0,31912.0,14475.0,8862.6,6983.8,3377.7999999999997,9361.0,971.5,30.8,52057992433.27893,206.87848284757203,1312.5679534252354
1,348910.369999999,169441.4599999999,23464.752699000044,29595.668287999964,3122.2863189999775,41787.59999999999,13008.670000000004,0,31912.0,14475.0,8862.6,6983.8,3377.7999999999997,9361.0,971.5,30.8,66811097266.67709,106.19931711191428,1129.46925008108
2,394120.73999999836,226649.6999999997,21601.84304159999,29224.130127999983,1658.9456695999324,77163.49999999994,15740.674999999983,0,31912.0,14475.0,8862.6,6983.8,3377.7999999999997,9361.0,971.5,30.8,123020840870.86014,204.93860652961538,1353.4752442905929
3,424949.03999999765,207980.32999999978,23278.20383160005,29656.706700000013,3188.160174599965,87998.39999999995,15682.959999999985,0,31912.0,14475.0,8862.6,6983.8,3377.7999999999997,9361.0,971.5,30.8,185181530518.59076,214.04525808615801,1377.0532460013337
4,243235.46000000028,137959.25,23464.75269900004,29595.668287999968,3122.2863189999775,25938.769999999993,8038.874999999997,0,31912.0,14475.0,8862.6,6983.8,3377.7999999999997,9361.0,971.5,30.8,181510631019.9468,60.92444552998139,831.7914397815008
5,415028.82999999775,214326.6599999996,23464.752699000044,29595.668287999964,3122.2863189999775,94886.36999999994,15722.729999999985,0,31912.0,14475.0,8862.6,6983.8,3377.7999999999997,9361.0,971.5,30.8,280528398971.83563,213.85550939145628,1369.356011190673
6,250120.68000000034,134795.06000000008,26557.0382321,33535.97722699999,4485.837562699983,23435.199999999997,10278.605000000007,0,31912.0,14475.0,8862.6,6983.8,3377.7999999999997,9361.0,971.5,30.8,274221936075.88147,56.216618601348586,843.2545210438806
7,275992.6600000003,142805.28000000003,34156.418638399926,38158.13439700007,7445.762229399933,22736.800000000003,13473.784999999998,0,31912.0,14475.0,8862.6,6983.8,3377.7999999999997,9361.0,971.5,30.8,275723704761.0561,71.06689937655932,920.1348447314415
