,contributed_CCGT,contributed_Coal,contributed_Onshore,contributed_Offshore,contributed_PV,contributed_Nuclear,contributed_Recip_gas,contributed_Biomass,total_CCGT,total_Coal,total_Onshore,total_Offshore,total_PV,total_Nuclear,total_Recip_gas,Carbon_tax,total_genco_wealth,Electricity_cost,Carbon_emitted
0,313916.3599999999,258732.6999999999,22874.00595680003,29579.745223999984,3154.551064599939,135700.0900000001,13115.370000000004,0,31912.0,14475.0,8862.6,6983.8,3377.7999999999997,9361.0,971.5,30.8,27583894279.927982,130.59168917703818,1270.3204360945965
1,228793.45000000024,238154.38999999987,22756.791418700028,29460.608383999963,3120.435469749978,102669.65000000001,8052.94,0,31912.0,14475.0,8862.6,6983.8,3377.7999999999997,9361.0,971.5,30.8,26781462866.22436,64.5419839449825,1041.2313767572211
2,306281.39000000013,263457.26999999984,19285.136256899827,26682.374652000006,1653.8495979999334,139301.70000000007,13149.320000000003,0,31912.0,14475.0,8862.6,6983.8,3377.7999999999997,9361.0,971.5,30.8,51210661484.70707,126.4137651712695,1265.432761543457
3,341918.9099999998,259054.29999999978,20257.21513179993,25939.523976000008,3171.2837208999654,152468.48000000013,15015.599999999975,0,31912.0,14475.0,8862.6,6983.8,3377.7999999999997,9361.0,971.5,30.8,80603296340.31425,130.6325111685429,1331.7406970913944
4,160005.24000000017,183602.12999999983,17326.123655500007,22059.22172049998,3054.1697831499782,83656.67999999995,721.6800000000006,0,31912.0,14475.0,8862.6,6983.8,3377.7999999999997,9361.0,971.5,30.8,68170707750.38628,40.705174357570954,758.7432810377402
5,327401.1799999998,257208.62999999983,22656.64932680002,29188.755091999967,3122.2863189999775,145186.69000000006,14940.909999999976,0,31912.0,14475.0,8862.6,6983.8,3377.7999999999997,9361.0,971.5,30.8,113749911201.4298,133.65164546250483,1297.9996601447358
6,148014.94000000006,201431.13999999966,15975.145660100023,20359.04252599998,3906.706757749969,86440.57999999994,22.309999999999995,0,31912.0,14475.0,8862.6,6983.8,3377.7999999999997,9361.0,971.5,30.8,92612699264.76743,38.444405545908246,771.6798275537202
7,173177.79,209877.6399999997,18434.15300650001,23557.626975999992,6092.677181749962,99721.81999999999,3346.4999999999964,0,31912.0,14475.0,8862.6,6983.8,3377.7999999999997,9361.0,971.5,30.8,67479597070.208496,39.7339843706148,850.8133613207194
