,contributed_CCGT,contributed_Coal,contributed_Onshore,contributed_Offshore,contributed_PV,contributed_Nuclear,contributed_Recip_gas,contributed_Biomass,total_CCGT,total_Coal,total_Onshore,total_Offshore,total_PV,total_Nuclear,total_Recip_gas,Carbon_tax,total_genco_wealth,Electricity_cost,Carbon_emitted
0,390154.7899999981,199507.94999999958,23300.55530880004,29579.745223999984,3154.551064599939,104178.96999999996,15057.30999999998,0,31912.0,14475.0,8862.6,6983.8,3377.7999999999997,9361.0,971.5,30.8,18140494182.21751,93.8955631431124,1282.7422881740958
1,319416.16,158211.84999999998,23464.752699000044,29595.668287999964,3122.2863189999775,79368.30999999995,11717.115000000005,0,31912.0,14475.0,8862.6,6983.8,3377.7999999999997,9361.0,971.5,30.8,21565964998.04143,67.18402184055986,1030.6681391162988
2,380713.34999999846,209658.16999999975,21601.84304159999,29224.130127999983,1658.9456695999324,108948.45999999998,14050.934999999996,0,31912.0,14475.0,8862.6,6983.8,3377.7999999999997,9361.0,971.5,30.8,38614477713.482414,100.59957016165647,1283.000944331657
3,421585.4999999975,199235.74999999968,23278.20383160005,29656.706700000013,3188.160174599965,116862.68999999999,15746.97999999998,0,31912.0,14475.0,8862.6,6983.8,3377.7999999999997,9361.0,971.5,30.8,58825969566.14894,105.59595480038496,1352.0651130384967
4,224583.69000000024,121789.19000000008,22855.11242290002,29253.57081799997,3118.878493749977,60524.119999999966,3875.1499999999987,0,31912.0,14475.0,8862.6,6983.8,3377.7999999999997,9361.0,971.5,30.8,53719346595.748924,50.687274533123706,742.0054163476198
5,402719.5799999979,207469.1699999998,23464.752699000044,29595.668287999964,3122.2863189999775,121432.35999999996,14139.204999999993,0,31912.0,14475.0,8862.6,6983.8,3377.7999999999997,9361.0,971.5,30.8,81729187833.8271,100.22538666423391,1324.102499429659
6,231377.39000000028,115291.75000000007,25635.216754700017,31876.01707099998,4482.950231899983,53919.389999999985,7254.144999999995,0,31912.0,14475.0,8862.6,6983.8,3377.7999999999997,9361.0,971.5,30.8,73821309179.31493,51.14488112600379,748.2520319364993
7,253109.00000000023,118637.47000000004,32965.1476994999,38167.81162900006,7433.15234564993,73905.26999999996,10136.985000000006,0,31912.0,14475.0,8862.6,6983.8,3377.7999999999997,9361.0,971.5,30.8,66856137643.01082,54.89341368610167,809.2765880330608
