,contributed_CCGT,contributed_Coal,contributed_Onshore,contributed_Offshore,contributed_PV,contributed_Nuclear,contributed_Recip_gas,contributed_Biomass,total_CCGT,total_Coal,total_Onshore,total_Offshore,total_PV,total_Nuclear,total_Recip_gas,Carbon_tax,total_genco_wealth,Electricity_cost,Carbon_emitted
0,324014.26000000094,235048.52999999988,42045.19622639981,21581.7241125,3126.0951156499386,95602.22999999995,5110.444999999996,0,31912.0,14475.0,8862.6,6983.8,3377.7999999999997,9361.0,971.5,30.8,6626194104.915913,56.77397541760259,1221.5315270549365
1,241501.06000000038,188970.78999999986,38501.1248804,17966.28064199997,3088.547498649977,93775.71999999996,2971.109999999997,0,31912.0,14475.0,8862.6,6983.8,3377.7999999999997,9361.0,971.5,30.8,-3361053071.1443076,29.994503025651102,940.5369170044173
2,324028.08000000066,225938.0999999999,41639.302675199666,20933.816883999978,1655.8697675999363,102789.92999999995,6011.574999999995,0,31912.0,14475.0,8862.6,6983.8,3377.7999999999997,9361.0,971.5,30.8,-1785796621.5455532,58.133052761199544,1203.0126705937969
3,353837.1199999999,232048.81999999992,42460.071075499705,21146.633406999994,3153.427720249963,108008.52999999996,10572.030000000013,0,31912.0,14475.0,8862.6,6983.8,3377.7999999999997,9361.0,971.5,30.8,7341636617.628085,71.15498010431155,1286.559822870353
4,157225.36000000007,142787.8799999999,27007.69081339992,13606.32790849999,2577.9353985999824,86513.32999999996,1057.3000000000009,0,31912.0,14475.0,8862.6,6983.8,3377.7999999999997,9361.0,971.5,30.8,-17126057148.43311,5.898918757910138,656.4708296562418
5,363161.87999999966,221600.23999999987,42822.901088700026,21452.29386199999,3103.1047749999775,108411.07999999994,8970.559999999987,0,31912.0,14475.0,8862.6,6983.8,3377.7999999999997,9361.0,971.5,30.8,-7435659710.306354,71.24665156005493,1278.9231610555141
6,141686.27000000008,157234.08999999988,28183.977085599974,15183.228091999987,4147.891532549984,96950.52999999994,892.4000000000008,0,31912.0,14475.0,8862.6,6983.8,3377.7999999999997,9361.0,971.5,30.8,-43284532852.30505,8.722657074669181,660.3713540578219
7,192625.67000000036,166349.89999999988,30486.29362929993,17586.683840999973,5949.375667699975,89929.66999999995,1076.7000000000007,0,31912.0,14475.0,8862.6,6983.8,3377.7999999999997,9361.0,971.5,30.8,-79163777738.57112,22.15722310847507,780.949085260199
