,contributed_CCGT,contributed_Coal,contributed_Onshore,contributed_Offshore,contributed_PV,contributed_Nuclear,contributed_Recip_gas,contributed_Biomass,total_CCGT,total_Coal,total_Onshore,total_Offshore,total_PV,total_Nuclear,total_Recip_gas,Carbon_tax,total_genco_wealth,Electricity_cost,Carbon_emitted
0,340163.7599999989,256944.2099999999,22738.047875900047,29321.154919999986,3154.551064599939,120086.97000000002,12483.414999999999,0,31912.0,14475.0,8862.6,6983.8,3377.7999999999997,9361.0,971.5,30.8,9394158983.324444,74.07918466112174,1302.1569370755788
1,244228.8000000003,238847.68000000002,21911.672710699993,28116.523873999973,3118.406236899977,106110.23999999996,3680.6649999999954,0,31912.0,14475.0,8862.6,6983.8,3377.7999999999997,9361.0,971.5,30.8,3556883946.060364,51.66935372744339,1045.4621462066439
2,352670.13999999844,246315.68,19666.81827829983,27372.23957199999,1656.775952699933,119960.87000000002,13289.969999999996,0,31912.0,14475.0,8862.6,6983.8,3377.7999999999997,9361.0,971.5,30.8,13021416250.808037,85.32592364722517,1305.5129242206388
3,373806.6099999979,255067.95999999996,21319.777449699926,28045.84566,3183.4751076499642,123606.13000000003,13289.969999999996,0,31912.0,14475.0,8862.6,6983.8,3377.7999999999997,9361.0,971.5,30.8,26421466408.48524,93.74508906292,1368.8739480880777
4,156647.62000000026,197364.1899999999,16648.61911420003,20802.962192999996,2603.510064849983,91576.72999999988,183.32999999999998,0,31912.0,14475.0,8862.6,6983.8,3377.7999999999997,9361.0,971.5,30.8,12414329314.958021,38.05445989349105,758.7648873376232
5,366680.2699999983,263109.36999999994,22560.968235800017,28795.269727999963,3122.2863189999775,121173.37000000002,13281.239999999996,0,31912.0,14475.0,8862.6,6983.8,3377.7999999999997,9361.0,971.5,30.8,32693227202.344044,95.63981278215066,1371.4563821792585
6,151479.18000000025,201566.5900000001,16013.00745670002,20517.04424599998,2664.156329749975,101692.85999999994,174.6,0,31912.0,14475.0,8862.6,6983.8,3377.7999999999997,9361.0,971.5,30.8,10187034918.43428,35.42426502563831,757.6796688728232
7,196432.50000000026,203928.3699999999,19875.199003600024,25119.278453000014,7202.08917709993,99721.81999999996,226.97999999999993,0,31912.0,14475.0,8862.6,6983.8,3377.7999999999997,9361.0,971.5,30.8,-17090780484.203178,38.26385283526787,855.3299000812635
