,contributed_CCGT,contributed_Coal,contributed_Onshore,contributed_Offshore,contributed_PV,contributed_Nuclear,contributed_Recip_gas,contributed_Biomass,total_CCGT,total_Coal,total_Onshore,total_Offshore,total_PV,total_Nuclear,total_Recip_gas,Carbon_tax,total_genco_wealth,Electricity_cost,Carbon_emitted
0,413089.03999999765,186596.85999999993,23300.55530880004,29579.745223999984,3154.551064599939,100312.54999999987,13988.369999999992,0,31912.0,14475.0,8862.6,6983.8,3377.7999999999997,9361.0,971.5,30.8,13231307730.386496,94.77112444503227,1298.1257173902743
1,330825.7199999988,172163.1199999999,23039.558873500027,29337.077983999963,3121.039424799978,78011.27999999991,5360.219999999993,0,31912.0,14475.0,8862.6,6983.8,3377.7999999999997,9361.0,971.5,30.8,10067227780.161386,64.6383993339761,1077.711936001762
2,419111.1199999979,181919.51999999993,20611.717898699862,28894.951023999984,1657.0670896999327,103724.03999999988,13289.969999999996,0,31912.0,14475.0,8862.6,6983.8,3377.7999999999997,9361.0,971.5,30.8,28395720612.09443,117.45534379487894,1298.4957806689556
3,419856.19999999786,205094.05999999974,23256.050748500053,29656.706700000013,3188.160174599965,108120.07999999994,14970.979999999969,0,31912.0,14475.0,8862.6,6983.8,3377.7999999999997,9361.0,971.5,30.8,54607155662.31088,134.56254635923423,1355.1323655758763
4,214112.38000000035,150960.2299999999,18034.445824300015,23178.98072599998,2907.2989972999803,72414.37999999993,168.78,0,31912.0,14475.0,8862.6,6983.8,3377.7999999999997,9361.0,971.5,30.8,39184900498.93875,39.99640390405338,772.7672797815429
5,423299.63999999786,198560.2299999997,23464.752699000044,29595.668287999964,3122.2863189999775,110800.18999999996,13988.369999999992,0,31912.0,14475.0,8862.6,6983.8,3377.7999999999997,9361.0,971.5,30.8,75009874693.52151,128.65224841138294,1345.5482752815374
6,231207.76000000036,130948.61999999992,20600.852511599947,26866.48985799998,4425.782904899979,71347.37999999992,232.7999999999999,0,31912.0,14475.0,8862.6,6983.8,3377.7999999999997,9361.0,971.5,30.8,52709235937.247246,42.833727333316176,765.9555526907625
7,288881.47999999975,127470.82,21158.53951980001,25544.047944000005,7285.134533749926,72827.59999999992,3123.885000000002,0,31912.0,14475.0,8862.6,6983.8,3377.7999999999997,9361.0,971.5,30.8,26546341116.976982,44.27622681212957,888.3462695963609
