,contributed_CCGT,contributed_Coal,contributed_Onshore,contributed_Offshore,contributed_PV,contributed_Nuclear,contributed_Recip_gas,contributed_Biomass,total_CCGT,total_Coal,total_Onshore,total_Offshore,total_PV,total_Nuclear,total_Recip_gas,Carbon_tax,total_genco_wealth,Electricity_cost,Carbon_emitted
0,398072.59999999823,162001.3799999999,56725.46245399967,35326.230891500105,3170.7985936499354,57417.20999999995,13932.595000000003,0,31912.0,14475.0,8862.6,6983.8,3377.7999999999997,9361.0,971.5,30.8,15301453896.894114,73.82722009065766,1225.7890360592355
1,332818.78999999946,123338.7899999999,50010.94044319977,32850.60130649999,3123.7208850499724,35136.31000000001,10868.850000000013,0,31912.0,14475.0,8862.6,6983.8,3377.7999999999997,9361.0,971.5,30.8,13842198400.62886,56.3416959831064,999.5096843684177
2,406532.0299999983,166042.54999999987,50897.7683751997,31988.360979000023,1662.3668893499346,55252.169999999955,13655.660000000002,0,31912.0,14475.0,8862.6,6983.8,3377.7999999999997,9361.0,971.5,30.8,22637609833.391003,70.9643422295375,1252.5984195648975
3,419596.0599999983,163536.6299999999,57178.66613529947,35100.68642300008,3188.0087708499614,77330.33999999992,14743.029999999977,0,31912.0,14475.0,8862.6,6983.8,3377.7999999999997,9361.0,971.5,30.8,38725729993.026566,76.21993903633728,1275.7340566887372
4,235028.77000000046,87817.3599999999,40078.09679320006,29066.985940000013,3076.160266149976,24769.920000000006,1320.1700000000008,0,31912.0,14475.0,8862.6,6983.8,3377.7999999999997,9361.0,971.5,30.8,26693165664.8485,37.263407086599926,698.522037429281
5,416643.3399999981,154458.1999999999,60119.83851119971,35359.920314000075,3121.518214499976,76844.36999999992,14777.464999999978,0,31912.0,14475.0,8862.6,6983.8,3377.7999999999997,9361.0,971.5,30.8,47764888811.83822,76.42673738170504,1248.3708875935965
6,247943.7900000003,90833.56999999988,41193.646622099885,28128.340865999988,4346.195620449985,18872.320000000003,1257.1200000000008,0,31912.0,14475.0,8862.6,6983.8,3377.7999999999997,9361.0,971.5,30.8,28977610069.128845,37.9119391506721,729.1678202108602
7,281089.25000000023,102613.50999999985,42937.30251039977,30059.300955000017,7115.254167249938,23590.400000000005,8565.584999999994,0,31912.0,14475.0,8862.6,6983.8,3377.7999999999997,9361.0,971.5,30.8,6862162277.618644,41.54375863926606,839.9379425169798
