,contributed_CCGT,contributed_Coal,contributed_Onshore,contributed_Offshore,contributed_PV,contributed_Nuclear,contributed_Recip_gas,contributed_Biomass,total_CCGT,total_Coal,total_Onshore,total_Offshore,total_PV,total_Nuclear,total_Recip_gas,Carbon_tax,total_genco_wealth,Electricity_cost,Carbon_emitted
0,319273.06999999954,280881.04000000015,49263.99721999962,22406.88962,3141.406372049941,97445.2299999999,12238.974999999988,0,31912.0,14475.0,8862.6,6983.8,3377.7999999999997,9361.0,971.5,30.8,42321055358.67517,163.89386651749996,1302.7506977639193
1,250815.33999999965,251155.60000000033,49558.12881649974,25126.097153999977,3124.551597399976,71814.91999999994,4546.874999999997,0,31912.0,14475.0,8862.6,6983.8,3377.7999999999997,9361.0,971.5,30.8,50616957714.80418,83.3402734806261,1079.2854967787973
2,346376.6699999993,257266.04000000004,51576.88055569948,25078.829169000004,1667.9716487499345,95303.46999999991,13063.95999999999,0,31912.0,14475.0,8862.6,6983.8,3377.7999999999997,9361.0,971.5,30.8,132033186518.28233,263.3802138949026,1304.388341543918
3,349310.2999999991,279954.2100000002,53969.88946099947,25476.487516,3190.4282377499626,102022.65999999995,12843.769999999991,0,31912.0,14475.0,8862.6,6983.8,3377.7999999999997,9361.0,971.5,30.8,243341067447.2709,327.42995487837334,1360.6173812655773
4,134599.4199999999,224907.36000000022,38082.99804810001,17333.651350499964,2884.61464299998,70006.83999999994,1072.8200000000008,0,31912.0,14475.0,8862.6,6983.8,3377.7999999999997,9361.0,971.5,30.8,228176993909.51178,28.315649705737744,777.2724804892794
5,356991.78999999946,269421.98000000016,59922.49272899998,26346.850621499965,3131.447279849977,100671.44999999992,13077.539999999986,0,31912.0,14475.0,8862.6,6983.8,3377.7999999999997,9361.0,971.5,30.8,377441343105.241,288.15707789464204,1354.3180124280382
6,156276.4299999997,221418.02000000028,37236.208068899934,17959.88930799998,2953.7654912999783,58688.87999999996,847.7800000000009,0,31912.0,14475.0,8862.6,6983.8,3377.7999999999997,9361.0,971.5,30.8,353609217379.42676,28.935214820235554,813.0338732919594
7,174115.83999999994,247489.1900000001,38178.372027399804,19457.07826899997,5671.127356549978,66384.85999999994,1192.1300000000006,0,31912.0,14475.0,8862.6,6983.8,3377.7999999999997,9361.0,971.5,30.8,326325131911.4976,33.21219494138666,908.1220626876177
