,contributed_CCGT,contributed_Coal,contributed_Onshore,contributed_Offshore,contributed_PV,contributed_Nuclear,contributed_Recip_gas,contributed_Biomass,total_CCGT,total_Coal,total_Onshore,total_Offshore,total_PV,total_Nuclear,total_Recip_gas,Carbon_tax,total_genco_wealth,Electricity_cost,Carbon_emitted
0,362384.27999999863,267264.7700000001,23300.55530880004,29579.745223999984,3154.551064599939,73065.24999999997,13267.659999999989,0,31912.0,14475.0,8862.6,6983.8,3377.7999999999997,9361.0,971.5,30.8,38444656623.434975,173.31533188526325,1372.8572663284563
1,294548.15999999986,225210.83000000002,23357.18502430004,29595.668287999964,3122.147188149978,56547.12,7971.4599999999855,0,31912.0,14475.0,8862.6,6983.8,3377.7999999999997,9361.0,971.5,30.8,36063007163.172844,66.17958737703326,1127.7870700803383
2,369348.77999999863,255466.91,21542.381818499965,29224.130127999983,1658.4248169499328,76856.97999999998,13269.59999999999,0,31912.0,14475.0,8862.6,6983.8,3377.7999999999997,9361.0,971.5,30.8,79124288203.29584,180.45066856651928,1361.5503783201762
3,391587.19999999803,261519.27999999985,23278.20383160005,29656.706700000013,3188.160174599965,79957.09999999998,14376.854999999987,0,31912.0,14475.0,8862.6,6983.8,3377.7999999999997,9361.0,971.5,30.8,126499368205.89517,189.5272877431929,1422.4473448834358
4,162617.5500000003,218266.72999999995,19207.867676799982,24590.569993999987,3024.2444019499812,51972.6,200.78999999999996,0,31912.0,14475.0,8862.6,6983.8,3377.7999999999997,9361.0,971.5,30.8,112329453643.55386,40.70026701107474,819.4095143485418
5,390795.1799999981,263662.36999999994,23464.752699000044,29595.668287999964,3122.2863189999775,76706.62999999998,13268.62999999999,0,31912.0,14475.0,8862.6,6983.8,3377.7999999999997,9361.0,971.5,30.8,195384950495.6176,207.24198576626463,1423.3719342732559
6,203310.12000000034,185765.65000000017,20377.187544799952,25933.434352499975,4448.345047299983,45978.97,200.78999999999996,0,31912.0,14475.0,8862.6,6983.8,3377.7999999999997,9361.0,971.5,30.8,173612658825.36102,42.200501015852744,832.2650955787025
7,218942.28000000038,219244.28000000006,21904.43996390001,26321.864652499997,7231.50445164993,52978.490000000005,165.87,0,31912.0,14475.0,8862.6,6983.8,3377.7999999999997,9361.0,971.5,30.8,147476493365.523,42.904529670502654,944.1766588834423
