,contributed_CCGT,contributed_Coal,contributed_Onshore,contributed_Offshore,contributed_PV,contributed_Nuclear,contributed_Recip_gas,contributed_Biomass,total_CCGT,total_Coal,total_Onshore,total_Offshore,total_PV,total_Nuclear,total_Recip_gas,Carbon_tax,total_genco_wealth,Electricity_cost,Carbon_emitted
0,362879.11999999837,249386.27999999994,23300.55530880004,29579.745223999984,3154.551064599939,94267.50999999995,13269.59999999999,0,31912.0,14475.0,8862.6,6983.8,3377.7999999999997,9361.0,971.5,30.8,31131578482.55853,147.93344044867968,1333.9244932194374
1,256947.21000000028,245171.62999999995,23456.190606000044,29595.668287999964,3122.110830849978,80337.33999999997,2889.63,0,31912.0,14475.0,8862.6,6983.8,3377.7999999999997,9361.0,971.5,30.8,25304719391.61301,55.947787489856616,1085.6343061987388
2,361988.25999999867,259538.57,20628.342815999862,28111.133991999985,1656.2300061499332,87867.44999999997,13267.659999999989,0,31912.0,14475.0,8862.6,6983.8,3377.7999999999997,9361.0,971.5,30.8,63821063242.58734,166.60384848119045,1354.8131185008563
3,382521.37999999826,255298.63999999996,23033.54200230004,29656.706700000013,3187.2537992499647,103244.85999999994,13369.509999999991,0,31912.0,14475.0,8862.6,6983.8,3377.7999999999997,9361.0,971.5,30.8,101025438593.34363,157.34054165334942,1388.1180962787162
4,201702.6000000005,172659.21999999994,17010.599611099977,21454.301192999985,2874.6311871499825,65805.76999999999,174.6,0,31912.0,14475.0,8862.6,6983.8,3377.7999999999997,9361.0,971.5,30.8,87770852568.9465,41.74967825633848,799.0148813095618
5,381158.69999999827,253857.67999999996,23457.718356000045,29595.668287999964,3122.2863189999775,99683.01999999996,13271.53999999999,0,31912.0,14475.0,8862.6,6983.8,3377.7999999999997,9361.0,971.5,30.8,145393410263.92432,159.6202554477679,1381.9376215166367
6,183059.31000000014,193758.61999999994,16782.986181700002,21125.062333999973,2918.1839987999806,77280.86999999998,165.87,0,31912.0,14475.0,8862.6,6983.8,3377.7999999999997,9361.0,971.5,30.8,122989510629.18031,38.70978551254887,805.4127209507619
7,210349.50000000044,206801.93999999997,22842.601983700046,27832.937892,6858.200630249935,71185.38999999998,200.78999999999996,0,31912.0,14475.0,8862.6,6983.8,3377.7999999999997,9361.0,971.5,30.8,95657794188.35103,42.19546400532588,895.4381311321218
