,contributed_CCGT,contributed_Coal,contributed_Onshore,contributed_Offshore,contributed_PV,contributed_Nuclear,contributed_Recip_gas,contributed_Biomass,total_CCGT,total_Coal,total_Onshore,total_Offshore,total_PV,total_Nuclear,total_Recip_gas,Carbon_tax,total_genco_wealth,Electricity_cost,Carbon_emitted
0,345262.2899999989,256999.51,21722.763610200036,28218.993913999984,3154.551064599939,115469.77,12463.044999999995,0,31912.0,14475.0,8862.6,6983.8,3377.7999999999997,9361.0,971.5,30.8,9680855482.733364,74.06992925120441,1313.5131678649789
1,243480.66000000027,246737.0000000001,21888.912087499994,28518.524695999968,3119.5585364499775,101851.93999999994,2773.23,0,31912.0,14475.0,8862.6,6983.8,3377.7999999999997,9361.0,971.5,30.8,2806113867.051825,48.56424431565395,1056.1032824660024
2,350609.3399999984,247649.16999999995,20216.42664149982,28748.758335999984,1656.9427743999327,117032.44,13186.179999999993,0,31912.0,14475.0,8862.6,6983.8,3377.7999999999997,9361.0,971.5,30.8,12071272052.986101,85.79787289700666,1304.0471437596593
3,376316.90999999776,253995.13999999998,21303.399174299928,28171.744523999998,3180.6091792999646,124799.23000000003,13245.349999999991,0,31912.0,14475.0,8862.6,6983.8,3377.7999999999997,9361.0,971.5,30.8,25550784423.631344,92.70399040559425,1372.3623500857175
4,157905.58000000025,188429.80999999982,16642.510966000034,20796.549692999997,2603.510064849983,100926.55999999995,165.87,0,31912.0,14475.0,8862.6,6983.8,3377.7999999999997,9361.0,971.5,30.8,11393707480.293598,37.72100702704211,741.3469446743825
5,369555.98999999824,259096.96000000002,23126.57247130003,29595.668287999964,3122.2863189999775,122259.77000000002,13269.59999999999,0,31912.0,14475.0,8862.6,6983.8,3377.7999999999997,9361.0,971.5,30.8,32699171400.961098,97.04265195356636,1370.0711009300783
6,172249.6200000002,192361.98999999987,15718.962209600011,19917.96770999998,2918.1586063999803,87875.20999999989,130.95000000000005,0,31912.0,14475.0,8862.6,6983.8,3377.7999999999997,9361.0,971.5,30.8,10996364045.893005,36.672623266824644,782.9126052620228
7,194905.50000000015,206100.77,19510.572598900006,23957.576672,7124.22926294994,101400.88999999994,209.51999999999995,0,31912.0,14475.0,8862.6,6983.8,3377.7999999999997,9361.0,971.5,30.8,-16141291937.56152,37.955157192866054,857.2781836964627
