,contributed_CCGT,contributed_Coal,contributed_Onshore,contributed_Offshore,contributed_PV,contributed_Nuclear,contributed_Recip_gas,contributed_Biomass,total_CCGT,total_Coal,total_Onshore,total_Offshore,total_PV,total_Nuclear,total_Recip_gas,Carbon_tax,total_genco_wealth,Electricity_cost,Carbon_emitted
0,403434.8599999976,223895.0199999999,23300.55530880004,29579.745223999984,3154.551064599939,76817.20999999999,13076.570000000002,0,31912.0,14475.0,8862.6,6983.8,3377.7999999999997,9361.0,971.5,30.8,37874424508.96107,172.88972843678357,1358.979647937956
1,304534.11999999924,218618.57999999975,23464.752699000044,29595.668287999964,3122.2863189999775,55173.600000000006,5127.419999999997,0,31912.0,14475.0,8862.6,6983.8,3377.7999999999997,9361.0,971.5,30.8,37302510456.64097,74.98695565690326,1127.5280245348395
2,406411.1599999979,225419.62999999986,21601.84304159999,29224.130127999983,1658.9456695999324,69919.54000000001,13085.300000000001,0,31912.0,14475.0,8862.6,6983.8,3377.7999999999997,9361.0,971.5,30.8,81834508858.04851,188.6634431486567,1369.3654402227353
3,418347.11999999784,226458.97999999984,23218.972624600046,29656.706700000013,3188.160174599965,84592.72999999997,14493.73999999999,0,31912.0,14475.0,8862.6,6983.8,3377.7999999999997,9361.0,971.5,30.8,139256345088.20508,219.8775662151828,1398.7737757340353
4,226921.76000000042,160900.1499999999,18095.13339900002,23134.08570199998,2874.6311871499825,52748.600000000006,0.0,0,31912.0,14475.0,8862.6,6983.8,3377.7999999999997,9361.0,971.5,30.8,124856175212.6717,41.348598858341695,820.6076153897025
5,421334.25999999786,228168.53999999986,23464.752699000044,29595.668287999964,3122.2863189999775,80127.81999999998,13823.954999999996,0,31912.0,14475.0,8862.6,6983.8,3377.7999999999997,9361.0,971.5,30.8,215593716673.81345,220.20326931709346,1407.2927151489155
6,219305.49000000022,179076.0999999999,18258.583578799993,23179.12200049997,4353.055409699978,43553.0,0.0,0,31912.0,14475.0,8862.6,6983.8,3377.7999999999997,9361.0,971.5,30.8,193132764460.3418,40.56387624362916,849.589883207803
7,275484.0800000001,144580.07999999996,30667.11605319993,36547.23881500006,7413.17023824993,44261.100000000006,3281.5099999999998,0,31912.0,14475.0,8862.6,6983.8,3377.7999999999997,9361.0,971.5,30.8,168734768571.4338,46.701459441906955,898.6757155318409
