,contributed_CCGT,contributed_Coal,contributed_Onshore,contributed_Offshore,contributed_PV,contributed_Nuclear,contributed_Recip_gas,contributed_Biomass,total_CCGT,total_Coal,total_Onshore,total_Offshore,total_PV,total_Nuclear,total_Recip_gas,Carbon_tax,total_genco_wealth,Electricity_cost,Carbon_emitted
0,353256.8599999985,258118.27999999997,23199.661884000034,29579.745223999984,3154.551064599939,93039.48999999996,13267.659999999989,0,31912.0,14475.0,8862.6,6983.8,3377.7999999999997,9361.0,971.5,30.8,30168662763.78442,144.71276766818147,1332.9949745554375
1,263758.3800000002,239330.37000000002,22806.006318400025,29449.586407999963,3120.0972990999776,80406.20999999998,3543.4100000000003,0,31912.0,14475.0,8862.6,6983.8,3377.7999999999997,9361.0,971.5,30.8,24671461733.709476,54.85786335504398,1087.8011884972595
2,355399.05999999866,251474.3599999999,21426.40244929994,29224.130127999983,1658.8190458999325,96395.68999999996,13266.68999999999,0,31912.0,14475.0,8862.6,6983.8,3377.7999999999997,9361.0,971.5,30.8,63166751624.50074,167.6491381262019,1323.3934016552764
3,378039.6999999984,259451.79999999996,23276.36878560005,29656.706700000013,3188.160174599965,102263.21999999994,13271.53999999999,0,31912.0,14475.0,8862.6,6983.8,3377.7999999999997,9361.0,971.5,30.8,100442689942.50752,158.8227955516169,1388.088759696397
4,181140.33000000022,177398.95999999993,18504.135858400037,23954.437510999982,3051.535182349979,73544.42999999996,192.05999999999997,0,31912.0,14475.0,8862.6,6983.8,3377.7999999999997,9361.0,971.5,30.8,86688033935.36594,41.14994263190557,765.8007756060831
5,363397.5899999987,271848.2000000001,23464.752699000044,29595.668287999964,3121.8665384499777,100925.58999999995,13270.56999999999,0,31912.0,14475.0,8862.6,6983.8,3377.7999999999997,9361.0,971.5,30.8,143362482568.7677,156.87440304405206,1385.1004397835968
6,189025.74000000008,180656.9199999999,17605.705659400006,22171.850509499975,4194.04631039998,72331.92999999996,183.32999999999998,0,31912.0,14475.0,8862.6,6983.8,3377.7999999999997,9361.0,971.5,30.8,121569899368.45488,41.09944051050008,789.2490801541626
7,224283.2100000002,192325.55000000005,25221.781278899998,31300.277646000002,7324.53109109993,62306.00999999998,209.51999999999995,0,31912.0,14475.0,8862.6,6983.8,3377.7999999999997,9361.0,971.5,30.8,95710186396.558,43.201300408799035,894.1167863189012
