,contributed_CCGT,contributed_Coal,contributed_Onshore,contributed_Offshore,contributed_PV,contributed_Nuclear,contributed_Recip_gas,contributed_Biomass,total_CCGT,total_Coal,total_Onshore,total_Offshore,total_PV,total_Nuclear,total_Recip_gas,Carbon_tax,total_genco_wealth,Electricity_cost,Carbon_emitted
0,389423.31999999855,199359.52999999974,23300.55530880004,29579.745223999984,3154.551064599939,110877.78999999995,14115.924999999994,0,31912.0,14475.0,8862.6,6983.8,3377.7999999999997,9361.0,971.5,30.8,18325641427.86052,94.7705915680845,1281.330918752939
1,319172.3799999994,166486.8,23464.752699000044,29595.668287999964,3122.2863189999775,80672.95999999995,10478.425000000003,0,31912.0,14475.0,8862.6,6983.8,3377.7999999999997,9361.0,971.5,30.8,22602689475.500816,70.29126456146389,1047.2576822164
2,377695.78999999835,208813.57999999984,21601.84304159999,29224.130127999983,1658.9456695999324,120884.30999999997,15028.209999999983,0,31912.0,14475.0,8862.6,6983.8,3377.7999999999997,9361.0,971.5,30.8,38399569882.48403,97.89000653596922,1275.7458796648357
3,416569.7999999977,191467.93999999992,23278.20383160005,29656.706700000013,3188.160174599965,123880.63999999997,14134.354999999994,0,31912.0,14475.0,8862.6,6983.8,3377.7999999999997,9361.0,971.5,30.8,58437328804.11026,106.10105063571449,1316.5979072701166
4,228930.54000000024,115856.2000000001,23125.34611000003,29595.668287999968,3120.8797770499773,57546.21999999996,6438.859999999995,0,31912.0,14475.0,8862.6,6983.8,3377.7999999999997,9361.0,971.5,30.8,54103263560.71198,53.08057753782433,740.4792808075998
5,406942.9499999978,204364.71999999974,23464.752699000044,29595.668287999964,3122.2863189999775,120611.73999999995,15057.30999999998,0,31912.0,14475.0,8862.6,6983.8,3377.7999999999997,9361.0,971.5,30.8,87082843988.77649,109.73813467028947,1327.659639838557
6,230172.72000000026,113338.84000000008,23304.43525060001,30329.940710999985,4467.198506299982,57835.27999999998,7704.224999999995,0,31912.0,14475.0,8862.6,6983.8,3377.7999999999997,9361.0,971.5,30.8,78730507091.1639,50.53760270315883,744.6309954083191
7,255165.97000000026,118033.39000000006,33581.870207499924,37803.85089700006,7435.093292149932,68836.04999999997,8923.029999999988,0,31912.0,14475.0,8862.6,6983.8,3377.7999999999997,9361.0,971.5,30.8,71567529784.1152,53.138731305812634,807.2298358992203
