,contributed_CCGT,contributed_Coal,contributed_Onshore,contributed_Offshore,contributed_PV,contributed_Nuclear,contributed_Recip_gas,contributed_Biomass,total_CCGT,total_Coal,total_Onshore,total_Offshore,total_PV,total_Nuclear,total_Recip_gas,Carbon_tax,total_genco_wealth,Electricity_cost,Carbon_emitted
0,335399.8600000005,237670.43999999983,39956.99689099989,21243.56881950001,3096.5744652499393,85816.86999999995,5345.184999999995,0,31912.0,14475.0,8862.6,6983.8,3377.7999999999997,9361.0,971.5,30.8,7169981441.486496,56.667162379022734,1243.8825819851156
1,247189.91000000053,197673.25000000015,33009.81196059992,16722.315083499983,3068.3334567499774,88268.05999999994,2455.554999999998,0,31912.0,14475.0,8862.6,6983.8,3377.7999999999997,9361.0,971.5,30.8,-2901049330.5487866,28.952979295850884,966.865768013498
2,317280.8200000007,233527.71999999997,38575.067786399784,20044.17142899997,1630.9102882499378,101731.65999999993,8722.72499999999,0,31912.0,14475.0,8862.6,6983.8,3377.7999999999997,9361.0,971.5,30.8,-1032314620.5060539,58.908617998744354,1208.2576598625558
3,335771.9100000001,244326.39999999994,45300.67803209968,20193.21832549998,3168.850672349963,107041.43999999993,8694.109999999988,0,31912.0,14475.0,8862.6,6983.8,3377.7999999999997,9361.0,971.5,30.8,9828798060.273098,71.54297853529928,1271.1085164271924
4,135822.31000000003,164950.43999999986,28676.51318049997,16186.011307999988,3002.20632924998,64374.04999999996,1096.1000000000008,0,31912.0,14475.0,8862.6,6983.8,3377.7999999999997,9361.0,971.5,30.8,-14038297419.685907,6.495243877344815,667.2807342151225
5,349740.73000000004,231746.79999999984,43948.56110149997,19912.407540499975,3087.1975915999774,101500.79999999994,9221.78999999999,0,31912.0,14475.0,8862.6,6983.8,3377.7999999999997,9361.0,971.5,30.8,-2424304735.183828,69.93167885652394,1274.8292371463938
6,151491.0300000001,169692.4199999999,29436.914658999973,14673.207310999987,2900.262985749978,75820.04999999993,688.7000000000007,0,31912.0,14475.0,8862.6,6983.8,3377.7999999999997,9361.0,971.5,30.8,-38381838631.03479,8.123332202997128,707.6609985031599
7,159186.1900000001,198582.36,33336.271891699915,18725.59420049997,5745.749459599976,86081.67999999993,1096.1000000000008,0,31912.0,14475.0,8862.6,6983.8,3377.7999999999997,9361.0,971.5,30.8,-73990170114.8181,21.453803803505227,792.1185296392778
