,contributed_CCGT,contributed_Coal,contributed_Onshore,contributed_Offshore,contributed_PV,contributed_Nuclear,contributed_Recip_gas,contributed_Biomass,total_CCGT,total_Coal,total_Onshore,total_Offshore,total_PV,total_Nuclear,total_Recip_gas,Carbon_tax,total_genco_wealth,Electricity_cost,Carbon_emitted
0,319259.09999999916,223786.28999999948,23300.55530880004,29579.745223999984,3154.551064599939,165604.86687359976,16497.274999999983,0,31912.0,14475.0,8862.6,6983.8,3377.7999999999997,9361.0,971.5,30.8,16889282517.49447,102.16011864016953,1193.880096703419
1,239843.88000000032,178885.22999999972,23464.752699000044,29595.668287999964,3122.2863189999775,165604.86687359976,13408.309999999992,0,31912.0,14475.0,8862.6,6983.8,3377.7999999999997,9361.0,971.5,30.8,11046319770.972933,55.7185204910596,918.0285675915411
2,330905.09999999887,208438.1699999996,21601.84304159999,29224.130127999983,1658.9456695999324,165604.86687359976,16885.76,0,31912.0,14475.0,8862.6,6983.8,3377.7999999999997,9361.0,971.5,30.8,19372294445.3657,90.4782760462673,1184.0623369816587
3,342233.89999999886,226306.0699999996,23278.20383160005,29656.706700000013,3187.892091749965,165604.86687359976,18430.970000000023,0,31912.0,14475.0,8862.6,6983.8,3377.7999999999997,9361.0,971.5,30.8,46134966638.26569,132.3977065931365,1250.066973605857
4,125584.14000000003,149154.3699999999,21963.9421307,29595.668287999968,3116.600719849977,144165.6618696001,12571.199999999995,0,31912.0,14475.0,8862.6,6983.8,3377.7999999999997,9361.0,971.5,30.8,32322242332.104206,42.28449738717682,613.2781031092616
5,350873.57999999815,219442.86999999956,23464.752699000044,29595.668287999964,3122.2863189999775,165604.86687359976,18012.415000000015,0,31912.0,14475.0,8862.6,6983.8,3377.7999999999997,9361.0,971.5,30.8,47908427458.63699,92.62623164007083,1251.4413266022577
6,156957.30000000025,124296.23,25487.044501700027,33385.762960999986,4481.354669799984,133702.20940160024,9952.199999999999,0,31912.0,14475.0,8862.6,6983.8,3377.7999999999997,9361.0,971.5,30.8,27368358732.195908,43.4573791072869,617.1048137095416
7,174165.42000000025,145198.83999999997,31274.169717599932,38306.24775700007,7415.083125749929,144264.43627120007,10999.799999999997,0,31912.0,14475.0,8862.6,6983.8,3377.7999999999997,9361.0,971.5,30.8,2867429181.4425364,44.14242642484296,703.7673152183224
