,contributed_CCGT,contributed_Coal,contributed_Onshore,contributed_Offshore,contributed_PV,contributed_Nuclear,contributed_Recip_gas,contributed_Biomass,total_CCGT,total_Coal,total_Onshore,total_Offshore,total_PV,total_Nuclear,total_Recip_gas,Carbon_tax,total_genco_wealth,Electricity_cost,Carbon_emitted
0,343721.36000000004,265738.86,50956.074706599895,25605.023351000007,3168.9311684499357,82247.26999999993,12348.099999999986,0,31912.0,14475.0,8862.6,6983.8,3377.7999999999997,9361.0,971.5,30.8,93784367196.006,313.24424145327026,1316.5455194062781
1,246307.61000000025,239963.7799999999,47072.797396699905,25895.27476199996,3137.9615939499736,78428.37999999993,3687.939999999998,0,31912.0,14475.0,8862.6,6983.8,3377.7999999999997,9361.0,971.5,30.8,105791144371.20279,86.4253764879973,1045.7806820644407
2,329934.85000000027,264620.8599999999,52243.306125599716,24646.562601000012,1662.2843300999352,88704.55999999992,12157.00999999999,0,31912.0,14475.0,8862.6,6983.8,3377.7999999999997,9361.0,971.5,30.8,239190125349.29877,336.8360011621872,1286.8577484422772
3,381150.7099999989,250017.1499999999,55246.33562459974,29960.870700000018,3201.6532167999612,93891.14999999992,12344.21999999999,0,31912.0,14475.0,8862.6,6983.8,3377.7999999999997,9361.0,971.5,30.8,374625765916.57764,347.9805183252199,1358.6192912556992
4,148682.6300000001,194472.1000000001,36867.69911309998,18484.95311099998,3077.8133264499766,72111.73999999995,301.66999999999985,0,31912.0,14475.0,8862.6,6983.8,3377.7999999999997,9361.0,971.5,30.8,362202888665.7234,32.67320891809852,736.3827839957993
5,357261.0799999991,267134.04999999993,55975.779145699984,26714.01835399996,3136.817554149976,93523.51999999993,12253.03999999999,0,31912.0,14475.0,8862.6,6983.8,3377.7999999999997,9361.0,971.5,30.8,586427645456.6979,350.23607820613097,1346.9514033818984
6,187162.89999999985,172583.03999999998,42717.47347649989,18738.217049999974,4235.035417799987,55306.489999999976,432.6199999999997,0,31912.0,14475.0,8862.6,6983.8,3377.7999999999997,9361.0,971.5,30.8,568970351737.2384,36.54878142972746,765.9675655699197
7,191329.34999999963,211719.3299999998,38100.973030799745,21235.198550999994,5417.6438645499975,79059.84999999993,321.0699999999998,0,31912.0,14475.0,8862.6,6983.8,3377.7999999999997,9361.0,971.5,30.8,546790304303.7113,37.094828488589116,861.8109098833386
