,contributed_CCGT,contributed_Coal,contributed_Onshore,contributed_Offshore,contributed_PV,contributed_Nuclear,contributed_Recip_gas,contributed_Biomass,total_CCGT,total_Coal,total_Onshore,total_Offshore,total_PV,total_Nuclear,total_Recip_gas,Carbon_tax,total_genco_wealth,Electricity_cost,Carbon_emitted
0,357206.5799999985,255049.78999999998,22437.42671750003,29158.700587999992,3154.551064599939,94000.75999999997,13260.86999999999,0,31912.0,14475.0,8862.6,6983.8,3377.7999999999997,9361.0,971.5,30.8,30488567961.102753,144.37924973199628,1335.0762696864167
1,261875.5800000002,240820.6900000001,23457.71835600004,29595.668287999964,3122.1383823999777,81549.83999999997,2773.23,0,31912.0,14475.0,8862.6,6983.8,3377.7999999999997,9361.0,971.5,30.8,24518142237.91156,55.67010527319186,1086.61809616462
2,360363.69999999856,252398.55,20768.661046899873,28166.004015999984,1658.4077427499328,95276.30999999995,13259.89999999999,0,31912.0,14475.0,8862.6,6983.8,3377.7999999999997,9361.0,971.5,30.8,63958466389.28023,168.8413545675144,1335.5672825528968
3,379502.47999999835,254968.41999999995,23278.20383160005,29656.706700000013,3188.160174599965,106560.31999999995,13236.619999999994,0,31912.0,14475.0,8862.6,6983.8,3377.7999999999997,9361.0,971.5,30.8,102323409374.50795,159.69851544401544,1380.9831103311556
4,163440.00000000026,207556.5800000001,17873.915703400013,22816.846349999978,3069.3844475499786,69272.54999999999,200.78999999999996,0,31912.0,14475.0,8862.6,6983.8,3377.7999999999997,9361.0,971.5,30.8,88263238682.3817,40.09991270560335,796.256310878843
5,379545.0999999984,255097.97999999995,23381.28654640004,29595.668287999964,3122.2863189999775,101965.42999999995,13268.62999999999,0,31912.0,14475.0,8862.6,6983.8,3377.7999999999997,9361.0,971.5,30.8,144337948876.26886,156.9321642059812,1381.4237091560378
6,174929.4900000002,202690.04999999993,17342.6050031,21812.942105499977,4157.353337199979,70520.93999999997,209.51999999999995,0,31912.0,14475.0,8862.6,6983.8,3377.7999999999997,9361.0,971.5,30.8,122489419324.49109,39.71163122996524,808.974580569902
7,199817.07000000027,203926.4699999999,27087.9662189,32991.44482700003,7368.736413799929,72056.44999999998,200.78999999999996,0,31912.0,14475.0,8862.6,6983.8,3377.7999999999997,9361.0,971.5,30.8,96919398011.91512,44.06507032183447,870.3190699050626
