,contributed_CCGT,contributed_Coal,contributed_Onshore,contributed_Offshore,contributed_PV,contributed_Nuclear,contributed_Recip_gas,contributed_Biomass,total_CCGT,total_Coal,total_Onshore,total_Offshore,total_PV,total_Nuclear,total_Recip_gas,Carbon_tax,total_genco_wealth,Electricity_cost,Carbon_emitted
0,343411.8700000002,230442.8499999998,41562.75675479981,20418.594741499994,3110.2680942999395,95172.51999999997,5480.984999999995,0,31912.0,14475.0,8862.6,6983.8,3377.7999999999997,9361.0,971.5,30.8,7143087964.643532,58.369221888018096,1241.9792960942955
1,253621.6700000005,216879.76999999987,39579.90188319996,21350.36925499996,3104.513617649976,57573.379999999976,2680.109999999998,0,31912.0,14475.0,8862.6,6983.8,3377.7999999999997,9361.0,971.5,30.8,-2214738565.175479,31.841630091020292,1029.189987458457
2,342535.16000000027,233609.1199999999,42556.171817599694,21023.664614999998,1650.9282559499356,76001.43999999997,10276.180000000004,0,31912.0,14475.0,8862.6,6983.8,3377.7999999999997,9361.0,971.5,30.8,4605388734.144806,69.40652762630998,1264.1349988697548
3,359700.3499999996,236708.4799999998,47333.52564639964,23743.576162000005,3171.4233394999633,89778.34999999998,12540.160000000003,0,31912.0,14475.0,8862.6,6983.8,3377.7999999999997,9361.0,971.5,30.8,15655592314.963509,73.07696095530811,1310.492119675032
4,150469.6200000001,180559.33000000002,23690.52902599993,8936.744363499995,2978.0401327999784,70980.71999999997,766.3000000000006,0,31912.0,14475.0,8862.6,6983.8,3377.7999999999997,9361.0,971.5,30.8,-8461670121.225901,5.521157532249472,728.8120054433389
5,363948.06999999925,225082.2499999999,43431.85058899997,23278.224118499995,3102.9631420999776,91655.29999999997,11698.68500000001,0,31912.0,14475.0,8862.6,6983.8,3377.7999999999997,9361.0,971.5,30.8,7568863269.257158,73.36122547744175,1292.6455106554931
6,156317.05000000002,154807.0799999999,28974.931430099983,16063.856032999985,2652.5266986999736,67944.62,1037.9000000000008,0,31912.0,14475.0,8862.6,6983.8,3377.7999999999997,9361.0,971.5,30.8,-24217958052.842274,14.645146871937756,681.4071971978402
7,192114.15000000017,188109.22999999992,27473.442725099958,15047.146073499991,4969.29072839999,68734.19999999998,989.4000000000008,0,31912.0,14475.0,8862.6,6983.8,3377.7999999999997,9361.0,971.5,30.8,-58046052932.23121,23.851660605489077,829.4686661035385
