,contributed_CCGT,contributed_Coal,contributed_Onshore,contributed_Offshore,contributed_PV,contributed_Nuclear,contributed_Recip_gas,contributed_Biomass,total_CCGT,total_Coal,total_Onshore,total_Offshore,total_PV,total_Nuclear,total_Recip_gas,Carbon_tax,total_genco_wealth,Electricity_cost,Carbon_emitted
0,359985.51999999845,250164.43000000002,23300.55530880004,29579.745223999984,3154.551064599939,96209.44999999997,13269.59999999999,0,31912.0,14475.0,8862.6,6983.8,3377.7999999999997,9361.0,971.5,30.8,31249293935.695568,147.27423172047833,1330.7110172531377
1,251091.66000000018,254125.94000000012,23269.701995000036,29595.668287999964,3120.777670149978,81549.83999999997,3049.1949999999997,0,31912.0,14475.0,8862.6,6983.8,3377.7999999999997,9361.0,971.5,30.8,25583153332.548264,53.90829764792493,1094.0520860741199
2,358346.2599999987,257363.82999999996,21449.47867169994,29224.130127999983,1657.9449881499327,94304.36999999997,13268.62999999999,0,31912.0,14475.0,8862.6,6983.8,3377.7999999999997,9361.0,971.5,30.8,64246369619.73366,168.15592401611005,1341.5977377543368
3,370513.06999999867,264733.61,23266.245448500053,29656.706700000013,3188.032516099965,103144.94999999995,13270.56999999999,0,31912.0,14475.0,8862.6,6983.8,3377.7999999999997,9361.0,971.5,30.8,101568907557.14325,157.89197317266945,1384.5935519667762
4,185876.94000000024,179875.40999999968,18916.2050504,23762.38883599998,3024.2444019499812,72502.64999999997,209.51999999999995,0,31912.0,14475.0,8862.6,6983.8,3377.7999999999997,9361.0,971.5,30.8,88090831719.49002,41.52204225317289,779.1763536031816
5,376633.8199999985,265797.74000000005,23457.718356000045,29595.668287999964,3122.2863189999775,93258.70999999996,13251.169999999991,0,31912.0,14475.0,8862.6,6983.8,3377.7999999999997,9361.0,971.5,30.8,142160589070.5439,155.7258844019424,1398.429620340517
6,172018.83000000025,204083.64,18002.998579500003,22786.909987999978,4207.238080099979,69886.55999999998,200.78999999999996,0,31912.0,14475.0,8862.6,6983.8,3377.7999999999997,9361.0,971.5,30.8,119724818347.80907,40.54651928153107,805.969034088722
7,219335.0400000002,209044.72000000003,21300.61382900003,25768.825771999997,7020.199127449942,66712.71999999997,200.78999999999996,0,31912.0,14475.0,8862.6,6983.8,3377.7999999999997,9361.0,971.5,30.8,94837234584.20575,41.67156483978133,921.4086114985624
