,contributed_CCGT,contributed_Coal,contributed_Onshore,contributed_Offshore,contributed_PV,contributed_Nuclear,contributed_Recip_gas,contributed_Biomass,total_CCGT,total_Coal,total_Onshore,total_Offshore,total_PV,total_Nuclear,total_Recip_gas,Carbon_tax,total_genco_wealth,Electricity_cost,Carbon_emitted
0,326818.18999999954,265139.8,58215.384083599856,27168.825799999984,3171.871423299936,82991.25999999992,12215.209999999988,0,31912.0,14475.0,8862.6,6983.8,3377.7999999999997,9361.0,971.5,30.8,100049864996.33072,316.30659628072834,1282.8940769604005
1,248864.01000000007,236501.90999999992,48017.413049600036,23871.770885999962,3122.441037449975,78116.03999999994,3665.629999999997,0,31912.0,14475.0,8862.6,6983.8,3377.7999999999997,9361.0,971.5,30.8,111400226056.09637,84.9604585439387,1042.0186149701804
2,335683.43999999965,265848.41,50354.73076289972,23221.80041800001,1671.8878356499335,88754.99999999993,11897.04999999999,0,31912.0,14475.0,8862.6,6983.8,3377.7999999999997,9361.0,971.5,30.8,222097131536.80975,320.0133477072732,1299.462940597179
3,356948.85,271142.93999999994,55965.34497209975,21876.378649999988,3156.7598173999613,86748.0699999999,12004.719999999985,0,31912.0,14475.0,8862.6,6983.8,3377.7999999999997,9361.0,971.5,30.8,379736200304.73505,354.25115856210846,1363.0291360101187
4,142075.74000000005,214778.55999999988,39396.99724760004,18569.543504999976,2760.755372249977,58845.04999999997,357.9299999999998,0,31912.0,14475.0,8862.6,6983.8,3377.7999999999997,9361.0,971.5,30.8,367464585965.20465,32.646848259425234,768.3967993268797
5,345894.4300000002,261327.69999999995,59255.14177909988,30805.76134399997,3140.607667349975,99684.95999999993,12015.389999999987,0,31912.0,14475.0,8862.6,6983.8,3377.7999999999997,9361.0,971.5,30.8,594458997970.2527,340.0632073767443,1315.1642366045974
6,147362.68000000005,203863.01999999987,36902.38880599982,16692.09439599999,3489.751157099982,73153.51999999995,339.49999999999983,0,31912.0,14475.0,8862.6,6983.8,3377.7999999999997,9361.0,971.5,30.8,574259744786.8901,31.579839762123424,754.7349605019601
7,190982.63999999966,208513.45,39990.321619299786,19547.592587499967,7140.845435549938,76856.00999999994,314.27999999999986,0,31912.0,14475.0,8862.6,6983.8,3377.7999999999997,9361.0,971.5,30.8,551489698883.6078,36.173969898738385,853.6092429030984
