,contributed_CCGT,contributed_Coal,contributed_Onshore,contributed_Offshore,contributed_PV,contributed_Nuclear,contributed_Recip_gas,contributed_Biomass,total_CCGT,total_Coal,total_Onshore,total_Offshore,total_PV,total_Nuclear,total_Recip_gas,Carbon_tax,total_genco_wealth,Electricity_cost,Carbon_emitted
0,416297.6499999981,120623.24999999997,61658.17647829968,26717.881422500013,3167.8304741999364,96034.84999999993,13253.594999999988,0,31912.0,14475.0,8862.6,6983.8,3377.7999999999997,9361.0,971.5,30.8,16267525557.770466,84.95906083622205,1144.2657810335015
1,364321.2999999991,80454.73999999995,51808.02141919974,24317.91573099996,3122.4534741999732,59115.67999999999,9798.939999999986,0,31912.0,14475.0,8862.6,6983.8,3377.7999999999997,9361.0,971.5,30.8,14855974019.896555,59.48216712319377,944.3774086465197
2,443694.7099999979,110981.66999999991,57336.88014839955,24792.203737000014,1668.800071049934,97860.38999999994,12515.909999999996,0,31912.0,14475.0,8862.6,6983.8,3377.7999999999997,9361.0,971.5,30.8,31224383563.02478,83.61078624439409,1178.0515699546625
3,444913.3099999976,146795.54999999996,58409.49309219954,27541.399452,3194.219945299961,95737.05999999992,13374.359999999982,0,31912.0,14475.0,8862.6,6983.8,3377.7999999999997,9361.0,971.5,30.8,49025168189.298,88.01451349839938,1258.6386216589046
4,258553.54999999984,66278.48999999998,40783.674773799896,17817.832045999963,3073.5631574499757,52059.89999999999,174.59999999999997,0,31912.0,14475.0,8862.6,6983.8,3377.7999999999997,9361.0,971.5,30.8,36063792697.234146,37.72293873318679,673.30067324902
5,434728.719999998,138823.58999999997,63035.2680182999,29063.202411999988,3133.4579649999755,94422.70999999993,13405.88499999999,0,31912.0,14475.0,8862.6,6983.8,3377.7999999999997,9361.0,971.5,30.8,61100468500.96644,89.00023094675628,1223.783664108827
6,273164.05999999953,58614.99999999996,42639.298004599754,18364.37855049997,4362.516976699986,37871.70999999999,874.4550000000008,0,31912.0,14475.0,8862.6,6983.8,3377.7999999999997,9361.0,971.5,30.8,40575093226.94201,38.547547679684946,687.5636760199998
7,311992.6599999994,64730.08999999997,45276.908870799605,21705.314068999996,7044.649218849943,43725.659999999996,7511.194999999997,0,31912.0,14475.0,8862.6,6983.8,3377.7999999999997,9361.0,971.5,30.8,18144207825.625553,43.68273419198163,793.5979351758193
