,contributed_CCGT,contributed_Coal,contributed_Onshore,contributed_Offshore,contributed_PV,contributed_Nuclear,contributed_Recip_gas,contributed_Biomass,total_CCGT,total_Coal,total_Onshore,total_Offshore,total_PV,total_Nuclear,total_Recip_gas,Carbon_tax,total_genco_wealth,Electricity_cost,Carbon_emitted
0,399492.6199999978,214334.84999999992,22788.208583800046,29308.87689199999,3154.551064599939,94478.96999999987,13260.86999999999,0,31912.0,14475.0,8862.6,6983.8,3377.7999999999997,9361.0,971.5,30.8,12112071161.086115,87.90989717834351,1330.0656952002967
1,319359.7199999991,186872.42999999976,22425.168876,28945.859167999963,3120.1589691999775,75952.93999999992,3940.1400000000003,0,31912.0,14475.0,8862.6,6983.8,3377.7999999999997,9361.0,971.5,30.8,5652057645.603813,53.61025509091348,1085.2996881971421
2,403081.3799999977,205467.58999999982,21269.67906429992,29224.130127999983,1657.6380306499327,97882.69999999988,13268.62999999999,0,31912.0,14475.0,8862.6,6983.8,3377.7999999999997,9361.0,971.5,30.8,16472026077.361351,94.69439003734455,1316.6088652108174
3,419057.01999999786,219149.9599999999,22650.371040600032,29521.64679600001,3185.1984973999643,101405.73999999992,13269.59999999999,0,31912.0,14475.0,8862.6,6983.8,3377.7999999999997,9361.0,971.5,30.8,32794804436.83763,107.14389980972463,1381.4205359240764
4,219179.74000000034,150264.17999999993,17758.467157000014,22900.40926199998,3045.13868554998,65009.39999999994,165.87,0,31912.0,14475.0,8862.6,6983.8,3377.7999999999997,9361.0,971.5,30.8,18101585665.81397,40.41376854227013,783.390497743644
5,410779.2599999976,223821.95999999988,23060.751666300028,29595.668287999964,3122.2863189999775,102531.90999999992,13272.509999999991,0,31912.0,14475.0,8862.6,6983.8,3377.7999999999997,9361.0,971.5,30.8,41380106191.32888,104.30695119457444,1375.0476818800757
6,207158.9400000003,170956.42999999993,16589.222085700003,21114.756733999973,3168.8072653999798,72689.85999999993,165.87,0,31912.0,14475.0,8862.6,6983.8,3377.7999999999997,9361.0,971.5,30.8,18164445870.381687,38.690512515790914,808.027847409143
7,254892.60000000027,169386.35999999987,19672.33630760002,23728.670239000003,6772.661097149938,70443.33999999992,157.14000000000001,0,31912.0,14475.0,8862.6,6983.8,3377.7999999999997,9361.0,971.5,30.8,-10761061615.241419,40.90909756178309,905.0082636112825
