,contributed_CCGT,contributed_Coal,contributed_Onshore,contributed_Offshore,contributed_PV,contributed_Nuclear,contributed_Recip_gas,contributed_Biomass,total_CCGT,total_Coal,total_Onshore,total_Offshore,total_PV,total_Nuclear,total_Recip_gas,Carbon_tax,total_genco_wealth,Electricity_cost,Carbon_emitted
0,321020.5100000002,227477.51999999993,57198.433755599646,28867.402567999987,3175.1511575999357,114654.96999999997,13884.579999999964,0,31912.0,14475.0,8862.6,6983.8,3377.7999999999997,9361.0,971.5,30.8,32125650646.836693,130.65850158328766,1216.5606107529586
1,265838.04000000044,180417.03999999992,52444.3863689998,24889.34478499996,3140.6090506499736,93189.83999999995,11133.659999999998,0,31912.0,14475.0,8862.6,6983.8,3377.7999999999997,9361.0,971.5,30.8,43543609628.624756,98.6891520919134,993.850748741921
2,311562.83999999927,212032.71000000008,58339.26072719944,31683.631192000015,1676.4779931499334,126642.23000000001,13837.049999999968,0,31912.0,14475.0,8862.6,6983.8,3377.7999999999997,9361.0,971.5,30.8,79496198750.2963,130.30980380963445,1162.8015366085795
3,360878.53999999835,202305.92,63338.50026149956,32079.34228000001,3200.5644862999607,131896.71999999997,13859.359999999973,0,31912.0,14475.0,8862.6,6983.8,3377.7999999999997,9361.0,971.5,30.8,122698603103.0163,141.44373612866823,1241.3005668361607
4,179886.58000000007,154422.82999999993,41761.49883259997,19676.69401549997,3089.857450449975,66538.12,1831.845000000002,0,31912.0,14475.0,8862.6,6983.8,3377.7999999999997,9361.0,971.5,30.8,110530761669.4642,40.82007082097736,733.7880651663423
5,356803.77999999834,215953.3900000001,61774.51536829988,27046.667503999965,3140.101869299974,118085.85999999997,14214.37999999997,0,31912.0,14475.0,8862.6,6983.8,3377.7999999999997,9361.0,971.5,30.8,173238432164.2361,139.5004408994827,1263.020971899217
6,186374.23,135719.2599999999,38115.85658469993,19165.20974999997,4139.275389849985,81937.83999999997,6467.474999999992,0,31912.0,14475.0,8862.6,6983.8,3377.7999999999997,9361.0,971.5,30.8,154550690278.19928,41.13373956738345,717.2793929554832
7,217076.4100000006,153059.78999999992,43482.75618899978,21941.6635905,7237.175308449933,79976.49999999997,9435.674999999983,0,31912.0,14475.0,8862.6,6983.8,3377.7999999999997,9361.0,971.5,30.8,147441148959.17667,64.66443903455196,820.8739276764218
