,contributed_CCGT,contributed_Coal,contributed_Onshore,contributed_Offshore,contributed_PV,contributed_Nuclear,contributed_Recip_gas,contributed_Biomass,total_CCGT,total_Coal,total_Onshore,total_Offshore,total_PV,total_Nuclear,total_Recip_gas,Carbon_tax,total_genco_wealth,Electricity_cost,Carbon_emitted
0,344855.95,237100.09999999971,53110.54465539981,25532.478830999993,3167.473623049936,97439.40999999993,11963.979999999992,0,31912.0,14475.0,8862.6,6983.8,3377.7999999999997,9361.0,971.5,30.8,99701683950.51996,349.3824362028949,1255.3459617197993
1,278705.99000000005,208592.45999999964,48860.80917339994,23901.241956999962,3123.8652219999744,69071.75999999995,6740.044999999986,0,31912.0,14475.0,8862.6,6983.8,3377.7999999999997,9361.0,971.5,30.8,114601679282.98697,109.84829873062456,1046.6562252690808
2,337428.41000000015,236089.15999999974,53953.71829999971,25104.097592,1673.496512349932,91300.27999999993,12141.48999999999,0,31912.0,14475.0,8862.6,6983.8,3377.7999999999997,9361.0,971.5,30.8,245318187271.63568,351.8402846445772,1250.187191325679
3,364720.5599999989,223537.43999999965,60023.76238769957,28822.18158000001,3207.32400884996,115568.70999999999,13580.96999999997,0,31912.0,14475.0,8862.6,6983.8,3377.7999999999997,9361.0,971.5,30.8,378437300764.7676,357.0962177115891,1272.2342973211205
4,177527.6199999997,172224.34999999986,38620.858537599954,18984.066998999973,2780.4429693499774,63545.669999999955,350.1699999999998,0,31912.0,14475.0,8862.6,6983.8,3377.7999999999997,9361.0,971.5,30.8,365904016581.7301,36.20064329808901,745.6290322413001
5,354194.2299999999,226110.60999999967,57535.14974890007,33556.68694400003,3137.0660316499757,113984.69999999998,13909.799999999987,0,31912.0,14475.0,8862.6,6983.8,3377.7999999999997,9361.0,971.5,30.8,603187575131.6553,357.7717704042541,1263.1824387127776
6,173060.01999999981,171192.45999999982,39212.96301789982,19494.053237999968,3160.5343847499753,75814.22999999994,295.84999999999985,0,31912.0,14475.0,8862.6,6983.8,3377.7999999999997,9361.0,971.5,30.8,583956987959.1654,37.33018924684007,734.2413967190811
7,218190.01999999993,186922.28999999978,40265.98441579975,21107.01695099999,7031.003234149949,68126.00999999995,1591.7700000000011,0,31912.0,14475.0,8862.6,6983.8,3377.7999999999997,9361.0,971.5,30.8,560344429158.3906,39.15577246136642,863.7743642414209
