,contributed_CCGT,contributed_Coal,contributed_Onshore,contributed_Offshore,contributed_PV,contributed_Nuclear,contributed_Recip_gas,contributed_Biomass,total_CCGT,total_Coal,total_Onshore,total_Offshore,total_PV,total_Nuclear,total_Recip_gas,Carbon_tax,total_genco_wealth,Electricity_cost,Carbon_emitted
0,298101.1600000003,270374.67,57448.755166299845,27857.70739999998,3176.8971575999353,86312.53999999992,12458.68,0,31912.0,14475.0,8862.6,6983.8,3377.7999999999997,9361.0,971.5,30.8,105894882113.76965,353.1163374283947,1238.049707968656
1,243820.76000000007,242685.64999999985,56050.26176940008,27459.837247999963,3139.3640464499745,52293.669999999984,8180.979999999996,0,31912.0,14475.0,8862.6,6983.8,3377.7999999999997,9361.0,971.5,30.8,128023788171.90337,135.32284428650584,1053.658322398698
2,318963.4299999997,252550.2599999999,60648.31409549976,29516.003223999985,1678.8128256999319,98360.9099999999,11928.090000000007,0,31912.0,14475.0,8862.6,6983.8,3377.7999999999997,9361.0,971.5,30.8,265869584882.5647,354.83252629196727,1249.001345543478
3,351250.11000000016,248453.32999999987,61221.71129159961,27516.470700000013,3208.8139422499607,98677.1299999999,13716.769999999986,0,31912.0,14475.0,8862.6,6983.8,3377.7999999999997,9361.0,971.5,30.8,401058159431.5762,358.1558214048111,1303.125144935338
4,158590.40999999986,209555.02999999994,43052.79109840003,19341.828752999972,3054.7296142499786,40121.139999999985,174.59999999999997,0,31912.0,14475.0,8862.6,6983.8,3377.7999999999997,9361.0,971.5,30.8,388139562087.0279,38.53202529846741,790.2241128919401
5,349234.5399999998,261108.1799999999,61730.91459579987,29904.23724799997,3143.885938499974,92149.99999999991,13403.459999999986,0,31912.0,14475.0,8862.6,6983.8,3377.7999999999997,9361.0,971.5,30.8,595376540309.9297,363.63438484486795,1319.546765515637
6,157335.10999999996,212905.87999999998,42032.18709079984,20509.927757999976,4205.703817649984,43108.73999999998,164.89999999999998,0,31912.0,14475.0,8862.6,6983.8,3377.7999999999997,9361.0,971.5,30.8,574684474662.0907,38.24946591190533,794.9444041602403
7,191533.84999999954,228804.71999999983,44666.143540199846,22034.3601255,7102.947181649936,42695.519999999975,5466.9199999999955,0,31912.0,14475.0,8862.6,6983.8,3377.7999999999997,9361.0,971.5,30.8,549774077976.001,40.79440589349155,910.9852641785594
