,contributed_CCGT,contributed_Coal,contributed_Onshore,contributed_Offshore,contributed_PV,contributed_Nuclear,contributed_Recip_gas,contributed_Biomass,total_CCGT,total_Coal,total_Onshore,total_Offshore,total_PV,total_Nuclear,total_Recip_gas,Carbon_tax,total_genco_wealth,Electricity_cost,Carbon_emitted
0,354028.4399999989,255378.55999999994,23217.800593000036,29579.745223999984,3154.551064599939,94093.87999999996,13258.92999999999,0,31912.0,14475.0,8862.6,6983.8,3377.7999999999997,9361.0,971.5,30.8,29991741112.46228,144.65690086526445,1328.4301543268778
1,267289.5600000001,240447.15999999995,23464.752699000044,29595.668287999964,3122.130233349978,73544.42999999996,3571.54,0,31912.0,14475.0,8862.6,6983.8,3377.7999999999997,9361.0,971.5,30.8,24425325883.711956,55.65478176506957,1096.594421089679
2,356688.87999999867,248907.93,21301.76231869992,29224.130127999983,1658.4963275999326,98734.35999999996,13271.53999999999,0,31912.0,14475.0,8862.6,6983.8,3377.7999999999997,9361.0,971.5,30.8,64184642987.68485,170.30803191977006,1319.4178949861357
3,377344.95999999833,258394.64999999994,22490.761944399965,29573.600700000014,3185.4410485499643,103318.57999999994,13271.53999999999,0,31912.0,14475.0,8862.6,6983.8,3377.7999999999997,9361.0,971.5,30.8,101330698295.62906,156.60336541409606,1384.3195151006962
4,172231.08000000016,192999.27999999988,19798.16151629997,25345.410306499987,3105.760652549977,72263.05999999997,200.78999999999996,0,31912.0,14475.0,8862.6,6983.8,3377.7999999999997,9361.0,971.5,30.8,87174080785.84839,41.513325036949,780.7893228534421
5,374503.3399999985,264137.16,23457.718356000045,29595.668287999964,3122.2863189999775,97542.22999999995,13269.59999999999,0,31912.0,14475.0,8862.6,6983.8,3377.7999999999997,9361.0,971.5,30.8,143810489957.74115,157.21587133828982,1391.3609136296766
6,178119.2100000002,196507.02999999997,17587.29902670002,22105.193597999976,3269.19779039998,77280.86999999998,183.32999999999998,0,31912.0,14475.0,8862.6,6983.8,3377.7999999999997,9361.0,971.5,30.8,120835553206.2956,38.0858961177868,800.4867596079417
7,194404.74000000043,235308.61000000002,21545.646440800032,25887.88150100001,7141.607982699929,61931.589999999975,174.6,0,31912.0,14475.0,8862.6,6983.8,3377.7999999999997,9361.0,971.5,30.8,93699936088.16595,40.800847483428264,927.5037890567817
