,contributed_CCGT,contributed_Coal,contributed_Onshore,contributed_Offshore,contributed_PV,contributed_Nuclear,contributed_Recip_gas,contributed_Biomass,total_CCGT,total_Coal,total_Onshore,total_Offshore,total_PV,total_Nuclear,total_Recip_gas,Carbon_tax,total_genco_wealth,Electricity_cost,Carbon_emitted
0,374172.8999999979,251602.22999999998,21843.180516000048,28694.479591999985,3154.551064599939,93246.09999999987,13058.139999999992,0,31912.0,14475.0,8862.6,6983.8,3377.7999999999997,9361.0,971.5,30.8,9066772764.698391,73.48548272542227,1361.3662692175378
1,293816.9999999996,225547.75000000017,21365.12713219999,27579.593449999975,3116.864364999977,76831.75999999991,2048.640000000001,0,31912.0,14475.0,8862.6,6983.8,3377.7999999999997,9361.0,971.5,30.8,1638061372.2924507,48.84906566262844,1111.287404894501
2,384354.45999999816,244053.24999999997,19059.913625299836,26264.804071000002,1654.7734455499333,91101.42999999986,13035.34499999999,0,31912.0,14475.0,8862.6,6983.8,3377.7999999999997,9361.0,971.5,30.8,9984474895.404058,85.26620100311091,1364.2196136134985
3,397635.7699999977,252079.17999999996,22383.415187199967,29656.706700000013,3185.2799580499645,102504.74999999991,13269.59999999999,0,31912.0,14475.0,8862.6,6983.8,3377.7999999999997,9361.0,971.5,30.8,22611823349.225597,93.0691770957651,1409.6124643936355
4,180557.26000000036,195582.2899999999,16775.908450600007,20959.70302549999,3024.2444019499812,66000.73999999993,192.05999999999997,0,31912.0,14475.0,8862.6,6983.8,3377.7999999999997,9361.0,971.5,30.8,7588486474.409627,37.909409359217214,803.3430503414229
5,401437.63999999757,251035.00999999998,23304.483566300034,29595.668287999964,3122.2863189999775,94287.87999999987,13221.09999999999,0,31912.0,14475.0,8862.6,6983.8,3377.7999999999997,9361.0,971.5,30.8,26083532260.555897,96.59776820503073,1416.7029763239764
6,188444.3900000004,199710.06000000014,16302.154523900032,21365.221393499978,4197.08651299998,62197.36999999995,192.05999999999997,0,31912.0,14475.0,8862.6,6983.8,3377.7999999999997,9361.0,971.5,30.8,2781697190.45963,36.32675944107536,828.5646219638821
7,249828.5100000003,179157.94000000003,20006.69787810002,24578.103334000007,6998.688700049942,67656.52999999994,148.41000000000003,0,31912.0,14475.0,8862.6,6983.8,3377.7999999999997,9361.0,971.5,30.8,-24911382364.566162,39.085551704835076,917.3916830801224
