,contributed_CCGT,contributed_Coal,contributed_Onshore,contributed_Offshore,contributed_PV,contributed_Nuclear,contributed_Recip_gas,contributed_Biomass,total_CCGT,total_Coal,total_Onshore,total_Offshore,total_PV,total_Nuclear,total_Recip_gas,Carbon_tax,total_genco_wealth,Electricity_cost,Carbon_emitted
0,370181.5899999988,160830.58999999994,57371.302858499956,25904.49741799999,3171.0326375499358,126385.17999999996,12812.244999999995,0,31912.0,14475.0,8862.6,6983.8,3377.7999999999997,9361.0,971.5,30.8,30932226627.295715,123.12768435513776,1161.9205567948168
1,297837.9099999999,119442.97999999986,53649.41968729992,25657.013469999973,3131.111831499974,107807.73999999993,10172.39,0,31912.0,14475.0,8862.6,6983.8,3377.7999999999997,9361.0,971.5,30.8,34253958971.77761,72.1982806387151,917.2573312060383
2,367502.40999999916,171118.1399999999,55750.02101589985,23086.805006000017,1666.1028344999343,128288.31999999992,12766.169999999996,0,31912.0,14475.0,8862.6,6983.8,3377.7999999999997,9361.0,971.5,30.8,64850891038.96064,122.42535208764627,1179.343907639717
3,395131.4299999986,173643.6699999999,55937.00877919977,26481.200415000014,3188.463731499962,137187.09999999992,13889.42999999997,0,31912.0,14475.0,8862.6,6983.8,3377.7999999999997,9361.0,971.5,30.8,104111951958.95793,130.97506625130225,1245.7094186306585
4,228797.8,74878.45999999999,39932.25876759999,18998.883806999973,3036.113531649978,89863.70999999995,1949.7000000000016,0,31912.0,14475.0,8862.6,6983.8,3377.7999999999997,9361.0,971.5,30.8,92789617208.49323,39.24536734447674,657.0506089670807
5,370384.55999999883,181647.9999999999,62342.98467340019,25975.16022999998,3135.7452964999757,137125.01999999993,13787.094999999972,0,31912.0,14475.0,8862.6,6983.8,3377.7999999999997,9361.0,971.5,30.8,152628544261.57275,128.6807524862803,1214.307838433998
6,221690.31999999972,82853.20999999996,38245.43299679988,17982.96058999998,2965.892938449978,94721.46999999994,4419.804999999993,0,31912.0,14475.0,8862.6,6983.8,3377.7999999999997,9361.0,971.5,30.8,134491470789.8094,39.583799470702075,666.8490873175808
7,254438.14999999988,92898.01999999993,45136.127959599726,21235.198550999994,7025.702543649943,90026.66999999995,8489.439999999993,0,31912.0,14475.0,8862.6,6983.8,3377.7999999999997,9361.0,971.5,30.8,113829742085.52179,43.1067887040364,764.0497198919599
