,contributed_CCGT,contributed_Coal,contributed_Onshore,contributed_Offshore,contributed_PV,contributed_Nuclear,contributed_Recip_gas,contributed_Biomass,total_CCGT,total_Coal,total_Onshore,total_Offshore,total_PV,total_Nuclear,total_Recip_gas,Carbon_tax,total_genco_wealth,Electricity_cost,Carbon_emitted
0,364391.61999999854,248194.16999999995,23052.875693100043,29579.745223999984,3154.551064599939,95180.27999999997,13268.62999999999,0,31912.0,14475.0,8862.6,6983.8,3377.7999999999997,9361.0,971.5,30.8,31109987003.324055,145.05503446782674,1334.332827249656
1,258140.7600000002,245581.3,23047.66245720003,29595.668287999964,3120.1958339499774,78118.94999999998,3058.8949999999995,0,31912.0,14475.0,8862.6,6983.8,3377.7999999999997,9361.0,971.5,30.8,24925533393.290306,54.07907449219488,1089.3149574673992
2,359001.2399999986,249599.92999999996,21306.33206629992,29224.130127999983,1657.539008249933,98259.05999999995,13267.659999999989,0,31912.0,14475.0,8862.6,6983.8,3377.7999999999997,9361.0,971.5,30.8,64077960861.47795,169.03099434113435,1326.5724064821368
3,384763.81999999814,249379.08,23238.67897970005,29656.706700000013,3188.160174599965,103087.71999999994,13269.59999999999,0,31912.0,14475.0,8862.6,6983.8,3377.7999999999997,9361.0,971.5,30.8,101560417523.54556,159.4063919773813,1379.258537833836
4,171562.17000000027,189837.5199999998,19321.293453099966,24848.549001499985,3099.872829599977,68895.21999999997,148.41000000000003,0,31912.0,14475.0,8862.6,6983.8,3377.7999999999997,9361.0,971.5,30.8,87858254037.63454,42.09334334217314,774.948048892963
5,378161.4599999984,260531.6,23345.337483100036,29595.668287999964,3122.2863189999775,100887.75999999995,13270.56999999999,0,31912.0,14475.0,8862.6,6983.8,3377.7999999999997,9361.0,971.5,30.8,144269865999.44595,157.275169056702,1390.7434269567968
6,178062.39000000033,191787.42000000013,17168.07836420001,21800.147837999975,2664.1773441499754,79193.70999999998,157.14000000000001,0,31912.0,14475.0,8862.6,6983.8,3377.7999999999997,9361.0,971.5,30.8,122889613505.90166,39.395243158937255,798.0572384331628
7,195574.89000000028,214355.40000000005,22304.19357030002,27164.026998499998,6878.08303864993,77912.33999999997,183.32999999999998,0,31912.0,14475.0,8862.6,6983.8,3377.7999999999997,9361.0,971.5,30.8,95867112290.8587,40.01923299646743,880.463874889202
