,contributed_CCGT,contributed_Coal,contributed_Onshore,contributed_Offshore,contributed_PV,contributed_Nuclear,contributed_Recip_gas,contributed_Biomass,total_CCGT,total_Coal,total_Onshore,total_Offshore,total_PV,total_Nuclear,total_Recip_gas,Carbon_tax,total_genco_wealth,Electricity_cost,Carbon_emitted
0,326880.1399999998,266188.1800000001,55972.32870049975,28911.703303999984,3165.310378649937,93072.4699999999,12797.69499999999,0,31912.0,14475.0,8862.6,6983.8,3377.7999999999997,9361.0,971.5,30.8,62507705397.771675,241.81227035612744,1284.178713045639
1,245164.35999999952,259724.66000000024,52126.91055849971,25442.14995599997,3129.698045099975,61265.19999999995,4855.819999999995,0,31912.0,14475.0,8862.6,6983.8,3377.7999999999997,9361.0,971.5,30.8,70580675726.54863,87.41015659603293,1087.4205200346764
2,338956.0599999991,267491.17000000016,53308.53110319946,26602.708911999984,1667.592663699934,88261.26999999992,12853.469999999987,0,31912.0,14475.0,8862.6,6983.8,3377.7999999999997,9361.0,971.5,30.8,154655991719.85397,280.72636616601295,1316.439383175659
3,354668.4099999992,271684.3200000001,54367.31423319951,29922.457260000017,3197.283160899962,100595.78999999995,13046.499999999987,0,31912.0,14475.0,8862.6,6983.8,3377.7999999999997,9361.0,971.5,30.8,286462912161.9905,352.9949206584224,1354.63393045936
4,133506.0599999999,210111.39000000016,38084.59331010001,18519.239978999973,3023.604113449979,80283.01999999992,1195.0400000000006,0,31912.0,14475.0,8862.6,6983.8,3377.7999999999997,9361.0,971.5,30.8,271060617879.72144,28.697313913388005,742.2853684232192
5,340987.03999999934,277486.53000000014,55761.662752199845,26774.815071999983,3123.293121899978,89212.83999999991,13369.509999999993,0,31912.0,14475.0,8862.6,6983.8,3377.7999999999997,9361.0,971.5,30.8,451215655844.8374,328.7513803313719,1343.9606697689376
6,156668.33999999956,204823.56000000006,40235.66093539988,19319.539301999972,2957.1153271999797,71814.91999999994,1386.1300000000008,0,31912.0,14475.0,8862.6,6983.8,3377.7999999999997,9361.0,971.5,30.8,429001998438.4226,33.1859485001151,777.9406659168792
7,183494.2899999998,227848.58000000007,45523.395628999686,19599.565728999973,7111.89887864994,68299.63999999994,1179.5200000000007,0,31912.0,14475.0,8862.6,6983.8,3377.7999999999997,9361.0,971.5,30.8,400212710899.5124,33.41755496961374,883.3087000148372
