,contributed_CCGT,contributed_Coal,contributed_Onshore,contributed_Offshore,contributed_PV,contributed_Nuclear,contributed_Recip_gas,contributed_Biomass,total_CCGT,total_Coal,total_Onshore,total_Offshore,total_PV,total_Nuclear,total_Recip_gas,Carbon_tax,total_genco_wealth,Electricity_cost,Carbon_emitted
0,336674.5199999988,202272.2199999996,23300.55530880004,29579.745223999984,3154.551064599939,165604.86687359976,16041.37499999998,0,31912.0,14475.0,8862.6,6983.8,3377.7999999999997,9361.0,971.5,30.8,16898510605.72347,102.02881026992084,1180.3014695335607
1,280938.0600000002,140276.3500000001,23464.752699000044,29595.668287999964,3122.2863189999775,165604.86687359976,13408.309999999992,0,31912.0,14475.0,8862.6,6983.8,3377.7999999999997,9361.0,971.5,30.8,12288720407.803951,58.49571824280772,921.6255340973017
2,323885.63999999897,212392.1199999996,21601.84304159999,29224.130127999983,1658.9456695999324,165604.86687359976,17429.445000000007,0,31912.0,14475.0,8862.6,6983.8,3377.7999999999997,9361.0,971.5,30.8,20680946057.380154,89.40132300926295,1179.739349853759
3,362078.77999999805,203852.68999999948,23278.20383160005,29656.706700000013,3188.160174599965,165604.86687359976,18373.740000000023,0,31912.0,14475.0,8862.6,6983.8,3377.7999999999997,9361.0,971.5,30.8,46957248858.503815,134.07869387902016,1241.0576455606174
4,140682.42000000007,129417.79999999997,22168.572709900014,29595.668287999968,3116.600719849977,146645.34162320007,10999.799999999997,0,31912.0,14475.0,8862.6,6983.8,3377.7999999999997,9361.0,971.5,30.8,33290107274.42516,43.1441147493916,596.6975266844012
5,346279.3199999987,222538.87999999942,23464.752699000044,29595.668287999964,3122.2863189999775,165604.86687359976,18013.385000000017,0,31912.0,14475.0,8862.6,6983.8,3377.7999999999997,9361.0,971.5,30.8,48770029432.98522,92.24790624006363,1249.9495481042372
6,156321.66000000015,128473.75000000001,25031.85691820003,32891.62870699998,4477.2553294999825,133702.20940160024,12047.399999999996,0,31912.0,14475.0,8862.6,6983.8,3377.7999999999997,9361.0,971.5,30.8,29448470186.29259,44.55058915518378,629.3894302825021
7,189037.02000000037,129315.09999999996,31099.085318999936,38204.78456500007,7411.1254933499295,140632.63420640014,12571.199999999995,0,31912.0,14475.0,8862.6,6983.8,3377.7999999999997,9361.0,971.5,30.8,5160341555.295311,44.084754311157376,707.0598389098026
