,contributed_CCGT,contributed_Coal,contributed_Onshore,contributed_Offshore,contributed_PV,contributed_Nuclear,contributed_Recip_gas,contributed_Biomass,total_CCGT,total_Coal,total_Onshore,total_Offshore,total_PV,total_Nuclear,total_Recip_gas,Carbon_tax,total_genco_wealth,Electricity_cost,Carbon_emitted
0,394329.07999999844,216938.20999999967,23300.55530880004,29579.745223999984,3154.551064599939,84016.54999999993,14971.949999999977,0,31912.0,14475.0,8862.6,6983.8,3377.7999999999997,9361.0,971.5,30.8,27733897094.434387,139.21770119881742,1330.6674633775744
1,328955.4799999997,203239.2199999997,23464.752699000044,29595.668287999964,3122.2863189999775,32563.869999999977,12264.19500000001,0,31912.0,14475.0,8862.6,6983.8,3377.7999999999997,9361.0,971.5,30.8,32155365403.712486,88.04380618645682,1160.0932841595577
2,413619.8099999977,206247.3399999997,21601.84304159999,29224.130127999983,1658.9456695999324,74319.45999999995,15164.009999999977,0,31912.0,14475.0,8862.6,6983.8,3377.7999999999997,9361.0,971.5,30.8,61918456983.98844,149.26908518652525,1348.257490181315
3,400197.1899999981,238579.31999999977,23278.20383160005,29656.706700000013,3188.160174599965,92092.76999999996,15033.059999999974,0,31912.0,14475.0,8862.6,6983.8,3377.7999999999997,9361.0,971.5,30.8,96067055173.80112,150.28137760237004,1390.993709549355
4,244300.38000000032,146777.52000000005,20165.055538499993,25905.05352049998,3109.013317499977,24700.079999999987,9812.034999999994,0,31912.0,14475.0,8862.6,6983.8,3377.7999999999997,9361.0,971.5,30.8,85365848080.56152,51.29106333502392,857.2298122229611
5,401063.3199999983,222361.59999999966,23464.752699000044,29595.668287999964,3122.2863189999775,107856.23999999998,15737.764999999976,0,31912.0,14475.0,8862.6,6983.8,3377.7999999999997,9361.0,971.5,30.8,138078351731.29388,150.4753130999691,1357.9943166267951
6,226441.5200000002,164791.88999999996,21800.063540699986,28119.450358499973,4427.43735109998,24700.079999999987,9287.264999999994,0,31912.0,14475.0,8862.6,6983.8,3377.7999999999997,9361.0,971.5,30.8,120580314403.216,49.7335543345722,858.2599331522215
7,271591.12000000034,157284.62999999995,31189.39629599993,37673.02518100006,7421.497860899928,24700.079999999987,10398.885000000011,0,31912.0,14475.0,8862.6,6983.8,3377.7999999999997,9361.0,971.5,30.8,103674453278.99498,54.32121913956022,937.2668641627398
