,contributed_CCGT,contributed_Coal,contributed_Onshore,contributed_Offshore,contributed_PV,contributed_Nuclear,contributed_Recip_gas,contributed_Biomass,total_CCGT,total_Coal,total_Onshore,total_Offshore,total_PV,total_Nuclear,total_Recip_gas,Carbon_tax,total_genco_wealth,Electricity_cost,Carbon_emitted
0,404731.7699999979,211756.42999999973,23300.55530880004,29579.745223999984,3154.551064599939,80704.96999999997,14971.949999999977,0,31912.0,14475.0,8862.6,6983.8,3377.7999999999997,9361.0,971.5,30.8,27333809042.229145,139.635847192684,1339.3453505491336
1,323834.0199999997,202773.5099999996,23464.752699000044,29595.668287999964,3122.2863189999775,37171.369999999966,12331.125000000011,0,31912.0,14475.0,8862.6,6983.8,3377.7999999999997,9361.0,971.5,30.8,31617579425.43346,88.1368234786601,1149.670363896978
2,373388.60999999865,230435.6399999997,21601.84304159999,29224.130127999983,1658.9456695999324,94747.65999999996,15015.599999999975,0,31912.0,14475.0,8862.6,6983.8,3377.7999999999997,9361.0,971.5,30.8,62581417092.692345,147.39242307802292,1318.3650570847135
3,388539.4899999983,232041.11999999962,23278.20383160005,29656.706700000013,3188.160174599965,114676.30999999997,14998.139999999976,0,31912.0,14475.0,8862.6,6983.8,3377.7999999999997,9361.0,971.5,30.8,95530804130.51854,150.8873376726497,1352.6683645457545
4,239926.44000000026,154359.14999999994,20690.361075499994,27072.750817999975,3110.844913499977,24700.079999999987,8134.420000000003,0,31912.0,14475.0,8862.6,6983.8,3377.7999999999997,9361.0,971.5,30.8,84653839982.67313,51.18608379623456,861.862789591701
5,422229.3799999976,208946.63999999964,23464.752699000044,29595.668287999964,3122.2863189999775,102385.43999999997,15242.579999999973,0,31912.0,14475.0,8862.6,6983.8,3377.7999999999997,9361.0,971.5,30.8,136228744041.43079,150.45973949846947,1371.0406670027137
6,255842.56000000035,144452.55,20951.680074599954,26504.21011299998,4452.935400199982,22641.73999999999,11908.690000000011,0,31912.0,14475.0,8862.6,6983.8,3377.7999999999997,9361.0,971.5,30.8,119206983405.1749,51.02250719757677,879.7287138648998
7,270899.7800000004,161015.68999999992,29485.404687399943,35542.966379000034,7407.31140959993,24700.079999999987,11147.240000000013,0,31912.0,14475.0,8862.6,6983.8,3377.7999999999997,9361.0,971.5,30.8,101900266875.86292,54.7309001736553,945.7080844346199
