,contributed_CCGT,contributed_Coal,contributed_Onshore,contributed_Offshore,contributed_PV,contributed_Nuclear,contributed_Recip_gas,contributed_Biomass,total_CCGT,total_Coal,total_Onshore,total_Offshore,total_PV,total_Nuclear,total_Recip_gas,Carbon_tax,total_genco_wealth,Electricity_cost,Carbon_emitted
0,297045.9300000003,257786.66999999987,60786.0844467998,27445.06330399998,3174.7062183499356,113545.29,12574.11,0,31912.0,14475.0,8862.6,6983.8,3377.7999999999997,9361.0,971.5,30.8,108931236245.55107,354.95072611458,1204.5086959446571
1,241866.9700000001,220465.86999999985,55882.898017900035,27459.837247999963,3142.7727125999745,80170.49999999994,8440.454999999989,0,31912.0,14475.0,8862.6,6983.8,3377.7999999999997,9361.0,971.5,30.8,127927005262.73262,117.59372663493973,1003.0006102962584
2,324746.3199999995,251192.40999999992,57576.294888799785,27598.574967999994,1676.8975057999323,99018.56999999992,12068.739999999993,0,31912.0,14475.0,8862.6,6983.8,3377.7999999999997,9361.0,971.5,30.8,245068299890.81805,354.30543414494315,1245.0001679691784
3,322269.3399999996,259509.38999999987,57738.06556209964,28005.350700000014,3205.614897849961,120199.49000000002,13872.454999999982,0,31912.0,14475.0,8862.6,6983.8,3377.7999999999997,9361.0,971.5,30.8,394579420726.4029,356.67648583168767,1264.5548525572174
4,122387.87999999979,213627.44999999998,40584.86305969994,19060.662002999972,2920.2876175499778,73850.94999999994,155.2,0,31912.0,14475.0,8862.6,6983.8,3377.7999999999997,9361.0,971.5,30.8,380988026018.5375,34.78604687114139,725.4503170751008
5,339683.9699999994,261762.0799999999,58732.39036849999,30881.99724799997,3142.4104177999748,112493.80999999995,11931.970000000003,0,31912.0,14475.0,8862.6,6983.8,3377.7999999999997,9361.0,971.5,30.8,600550886935.7305,354.6739061201256,1299.8125548678397
6,164289.77000000002,187968.98999999996,42954.68388219993,21268.96497099997,4203.763817649982,59851.90999999997,164.89999999999998,0,31912.0,14475.0,8862.6,6983.8,3377.7999999999997,9361.0,971.5,30.8,580958435284.8773,38.48091174987092,753.3238181280207
7,191726.99999999962,208311.45999999996,43108.461464499815,21722.235611499993,5892.752832299968,68521.76999999995,950.6000000000008,0,31912.0,14475.0,8862.6,6983.8,3377.7999999999997,9361.0,971.5,30.8,556003269143.5919,39.12740692415094,856.4806097010799
