,contributed_CCGT,contributed_Coal,contributed_Onshore,contributed_Offshore,contributed_PV,contributed_Nuclear,contributed_Recip_gas,contributed_Biomass,total_CCGT,total_Coal,total_Onshore,total_Offshore,total_PV,total_Nuclear,total_Recip_gas,Carbon_tax,total_genco_wealth,Electricity_cost,Carbon_emitted
0,351310.6600000001,223267.4099999997,57184.62556309979,27445.06330399998,3176.243989849935,96834.12999999992,12793.329999999984,0,31912.0,14475.0,8862.6,6983.8,3377.7999999999997,9361.0,971.5,30.8,113585139829.87282,354.904622050123,1238.0849067191791
1,252299.11000000013,214696.76999999973,51615.36880740002,26314.360459999967,3140.612134399974,78701.91999999993,5844.249999999995,0,31912.0,14475.0,8862.6,6983.8,3377.7999999999997,9361.0,971.5,30.8,128400776826.04237,109.99484894449365,1003.6714801444591
2,337152.20000000024,225003.99999999968,53180.84074939981,23286.24095000001,1662.823304299935,104471.90999999995,12363.619999999986,0,31912.0,14475.0,8862.6,6983.8,3377.7999999999997,9361.0,971.5,30.8,255546507363.5979,347.2985967997027,1217.071785071998
3,346864.45999999996,252583.58999999982,55608.46797499976,24623.00552700001,3194.423735099961,117359.33000000002,13481.54499999998,0,31912.0,14475.0,8862.6,6983.8,3377.7999999999997,9361.0,971.5,30.8,401394708002.8323,352.8044436036336,1295.8722625888176
4,182230.8599999998,173379.0399999997,40301.89626020001,20345.099128999966,3039.340157449978,57037.93999999998,356.9599999999998,0,31912.0,14475.0,8862.6,6983.8,3377.7999999999997,9361.0,971.5,30.8,389103895293.51184,38.2728627243221,757.5781273779207
5,375760.76999999885,226623.20999999964,57172.47924250008,30374.88386149999,3138.279596949975,105654.33999999997,13005.75999999998,0,31912.0,14475.0,8862.6,6983.8,3377.7999999999997,9361.0,971.5,30.8,601558659557.5186,355.24600523845396,1301.5452883275784
6,179591.00999999983,186479.6199999997,39366.96660049983,19111.55580199997,4231.9354222999855,51923.12999999998,374.4199999999998,0,31912.0,14475.0,8862.6,6983.8,3377.7999999999997,9361.0,971.5,30.8,581446929582.0337,36.66743263608911,781.5344933687602
7,235498.77000000016,170370.15999999992,45374.81323089986,22136.217862,7203.960846049934,62745.41999999997,1677.1300000000015,0,31912.0,14475.0,8862.6,6983.8,3377.7999999999997,9361.0,971.5,30.8,557226403056.4479,39.95608780133349,862.1500177636791
