,contributed_CCGT,contributed_Coal,contributed_Onshore,contributed_Offshore,contributed_PV,contributed_Nuclear,contributed_Recip_gas,contributed_Biomass,total_CCGT,total_Coal,total_Onshore,total_Offshore,total_PV,total_Nuclear,total_Recip_gas,Carbon_tax,total_genco_wealth,Electricity_cost,Carbon_emitted
0,368336.87999999896,152180.03999999995,60460.914644799595,34921.69315850009,3145.87633219994,100992.51999999995,13221.09999999999,0,31912.0,14475.0,8862.6,6983.8,3377.7999999999997,9361.0,971.5,30.8,22193530453.671974,105.21221899919493,1143.200121495917
1,295692.5700000003,115693.05999999997,53155.15341309976,31395.713005999987,3097.624428099979,81206.45999999996,7757.574999999985,0,31912.0,14475.0,8862.6,6983.8,3377.7999999999997,9361.0,971.5,30.8,20258625429.259655,57.00722252870767,901.901153207877
2,368958.68999999866,158862.9600000001,60440.35826899966,32954.33092900005,1657.0195637499342,100087.50999999995,13666.329999999998,0,31912.0,14475.0,8862.6,6983.8,3377.7999999999997,9361.0,971.5,30.8,46487931122.11843,106.71103141436735,1153.2369166980804
3,386540.2199999988,160344.97000000006,57588.76160039963,30677.48056700001,3152.6126391499633,122555.61999999994,15083.49999999998,0,31912.0,14475.0,8862.6,6983.8,3377.7999999999997,9361.0,971.5,30.8,74866543848.85265,106.54925228642696,1198.655611848057
4,196779.4100000004,103113.77999999991,40025.16949979993,27355.99574050001,3028.4233024499813,63997.68999999998,1342.480000000001,0,31912.0,14475.0,8862.6,6983.8,3377.7999999999997,9361.0,971.5,30.8,60766558898.744095,35.13137473653568,654.8174785244388
5,379423.0799999986,160828.1100000001,61957.612199699695,37125.833856000056,3118.858811999978,112584.98999999993,13812.799999999983,0,31912.0,14475.0,8862.6,6983.8,3377.7999999999997,9361.0,971.5,30.8,103507629654.83878,107.1197047193779,1183.8878342777816
6,219630.14000000033,74562.13999999993,41038.27929709979,25851.576079999988,3168.1146956499806,69407.37999999998,1196.010000000001,0,31912.0,14475.0,8862.6,6983.8,3377.7999999999997,9361.0,971.5,30.8,82729425025.77574,37.11252716763436,633.9831416917194
7,235313.89000000028,110028.21999999997,44544.66671539976,30876.913262000013,7059.6073959499345,75658.05999999997,1995.2900000000013,0,31912.0,14475.0,8862.6,6983.8,3377.7999999999997,9361.0,971.5,30.8,56566963738.23681,38.56393391566572,750.1742222515586
