,contributed_CCGT,contributed_Coal,contributed_Onshore,contributed_Offshore,contributed_PV,contributed_Nuclear,contributed_Recip_gas,contributed_Biomass,total_CCGT,total_Coal,total_Onshore,total_Offshore,total_PV,total_Nuclear,total_Recip_gas,Carbon_tax,total_genco_wealth,Electricity_cost,Carbon_emitted
0,354274.3999999987,253918.51,23196.703985400036,29579.745223999984,3154.551064599939,97425.82999999996,13268.62999999999,0,31912.0,14475.0,8862.6,6983.8,3377.7999999999997,9361.0,971.5,30.8,30418553514.021645,143.65054149941142,1327.4923211569758
1,289695.36000000004,220246.07,23172.354929000034,29595.668287999964,3121.6117985499777,76035.38999999998,3067.6249999999995,0,31912.0,14475.0,8862.6,6983.8,3377.7999999999997,9361.0,971.5,30.8,24380061693.68028,55.952164402592075,1096.85553581586
2,373980.55999999837,240528.84000000005,21125.845194499903,29224.130127999983,1658.4932629999325,92746.54999999996,13258.92999999999,0,31912.0,14475.0,8862.6,6983.8,3377.7999999999997,9361.0,971.5,30.8,64104230320.54626,171.07157405297463,1337.5984520983172
3,379012.79999999836,261061.68999999997,23268.001546200052,29656.706700000013,3187.2537992499647,99816.87999999995,13269.59999999999,0,31912.0,14475.0,8862.6,6983.8,3377.7999999999997,9361.0,971.5,30.8,99911684054.68225,156.07942044671813,1393.6525198226157
4,162110.4000000003,205207.5600000001,17544.205166500014,22206.70389099998,3047.92130254998,72637.47999999998,192.05999999999997,0,31912.0,14475.0,8862.6,6983.8,3377.7999999999997,9361.0,971.5,30.8,84866400519.25311,38.88163908686215,788.297902448882
5,366124.0599999986,268834.50000000006,23464.752699000044,29595.668287999964,3122.2863189999775,102359.24999999994,13268.62999999999,0,31912.0,14475.0,8862.6,6983.8,3377.7999999999997,9361.0,971.5,30.8,140554107313.34595,157.7373103578917,1384.8306412109957
6,170233.56000000026,207045.68000000014,16799.933459099986,21401.849051999972,3168.8072653999798,71050.55999999997,183.32999999999998,0,31912.0,14475.0,8862.6,6983.8,3377.7999999999997,9361.0,971.5,30.8,117322451584.08493,38.10536050361687,807.9476029606421
7,211205.8800000003,210852.92000000013,21261.154073800022,25685.444728000002,7133.802048499932,70520.93999999997,209.51999999999995,0,31912.0,14475.0,8862.6,6983.8,3377.7999999999997,9361.0,971.5,30.8,89180253605.93808,40.336159489063,903.3667247021629
