,contributed_CCGT,contributed_Coal,contributed_Onshore,contributed_Offshore,contributed_PV,contributed_Nuclear,contributed_Recip_gas,contributed_Biomass,total_CCGT,total_Coal,total_Onshore,total_Offshore,total_PV,total_Nuclear,total_Recip_gas,Carbon_tax,total_genco_wealth,Electricity_cost,Carbon_emitted
0,351706.09999999864,263209.7,22869.50585520003,29579.745223999984,3154.551064599939,90605.75999999998,13231.769999999991,0,31912.0,14475.0,8862.6,6983.8,3377.7999999999997,9361.0,971.5,30.8,30493225208.190174,143.58997100022614,1342.0120194605968
1,270767.46000000025,238986.72000000018,23329.975903500035,29595.668287999964,3121.365237549978,78118.94999999998,3504.125,0,31912.0,14475.0,8862.6,6983.8,3377.7999999999997,9361.0,971.5,30.8,24299867802.76548,53.98258134548488,1095.6852440245598
2,358804.5799999987,251566.20999999993,20982.74026029987,28845.068271999986,1657.5289388499327,97238.61999999997,13259.89999999999,0,31912.0,14475.0,8862.6,6983.8,3377.7999999999997,9361.0,971.5,30.8,64155586921.70313,170.18939252534162,1329.6208174615763
3,381057.29999999824,260109.73999999996,23278.20383160005,29656.706700000013,3188.160174599965,99624.81999999995,13969.939999999988,0,31912.0,14475.0,8862.6,6983.8,3377.7999999999997,9361.0,971.5,30.8,101318026803.4535,159.38181681871325,1397.1003656965163
4,157550.3400000003,211867.86999999997,16654.727262400036,20802.962192999996,2753.12327964998,75625.07999999997,139.68000000000004,0,31912.0,14475.0,8862.6,6983.8,3377.7999999999997,9361.0,971.5,30.8,86141286165.09645,38.00817045046236,792.872281982261
5,368043.8399999986,268281.49999999994,23464.752699000044,29595.668287999964,3122.2863189999775,98596.61999999995,13268.62999999999,0,31912.0,14475.0,8862.6,6983.8,3377.7999999999997,9361.0,971.5,30.8,140754593576.84064,157.14500940528504,1387.4938315169961
6,178594.98000000024,207108.03,17366.2610139,22105.193597999976,2948.7893828999813,67123.02999999997,157.14000000000001,0,31912.0,14475.0,8862.6,6983.8,3377.7999999999997,9361.0,971.5,30.8,118004008010.54092,38.845214281482754,825.0072475259416
7,223276.11000000034,191848.38999999996,22366.606445200025,27245.8587065,7139.870046049931,71628.67999999998,318.15999999999997,0,31912.0,14475.0,8862.6,6983.8,3377.7999999999997,9361.0,971.5,30.8,91707758520.26505,42.52526034627456,891.2753883292226
