,contributed_CCGT,contributed_Coal,contributed_Onshore,contributed_Offshore,contributed_PV,contributed_Nuclear,contributed_Recip_gas,contributed_Biomass,total_CCGT,total_Coal,total_Onshore,total_Offshore,total_PV,total_Nuclear,total_Recip_gas,Carbon_tax,total_genco_wealth,Electricity_cost,Carbon_emitted
0,353314.2799999995,265887.0300000002,50227.22551419966,21305.672039999998,3123.1266066499397,87220.4599999999,12855.40999999999,0,31912.0,14475.0,8862.6,6983.8,3377.7999999999997,9361.0,971.5,30.8,46500993868.28307,158.93368359993477,1340.8295731879375
1,245014.77999999994,246832.06000000017,50187.688391799675,24762.759735999975,3119.6208181999773,80246.15999999992,3176.7499999999964,0,31912.0,14475.0,8862.6,6983.8,3377.7999999999997,9361.0,971.5,30.8,51153016339.722595,69.4635009967217,1054.7982096398764
2,338561.7999999994,273009.9500000002,49503.26027179951,25192.36290200001,1652.0710590999358,83916.63999999993,12717.669999999993,0,31912.0,14475.0,8862.6,6983.8,3377.7999999999997,9361.0,971.5,30.8,108745400574.33714,177.49534311569002,1326.496496030098
3,371555.6900000001,278290.66000000015,52447.593732199464,24586.331588000005,3157.2814746499625,91472.93999999992,13127.979999999989,0,31912.0,14475.0,8862.6,6983.8,3377.7999999999997,9361.0,971.5,30.8,193487181513.51556,231.35094154581762,1403.7274677626783
4,157766.13999999996,199549.69000000012,36121.64629170002,18126.955975499965,3017.994889749979,69304.55999999994,1349.2700000000007,0,31912.0,14475.0,8862.6,6983.8,3377.7999999999997,9361.0,971.5,30.8,178274027678.5424,26.14621458899089,768.2790614666187
5,357540.71999999956,280281.9600000002,53497.5306464998,26378.36721599998,3126.3560839999773,89908.32999999991,13003.334999999988,0,31912.0,14475.0,8862.6,6983.8,3377.7999999999997,9361.0,971.5,30.8,329646535517.2661,260.8723353274866,1380.6488921500777
6,158737.3199999998,225192.7700000003,34007.97861690001,17321.154983999983,2954.334018999978,54754.55999999997,1220.2600000000007,0,31912.0,14475.0,8862.6,6983.8,3377.7999999999997,9361.0,971.5,30.8,306538888250.06934,27.65876780833571,827.2085839924584
7,192601.40999999997,235653.94000000015,39691.83457729977,18712.689124999964,6981.924595749942,56948.69999999997,1177.5800000000008,0,31912.0,14475.0,8862.6,6983.8,3377.7999999999997,9361.0,971.5,30.8,277549607568.3755,29.426305057746674,919.2090801081177
