,contributed_CCGT,contributed_Coal,contributed_Onshore,contributed_Offshore,contributed_PV,contributed_Nuclear,contributed_Recip_gas,contributed_Biomass,total_CCGT,total_Coal,total_Onshore,total_Offshore,total_PV,total_Nuclear,total_Recip_gas,Carbon_tax,total_genco_wealth,Electricity_cost,Carbon_emitted
0,348024.4599999986,250259.35999999996,22129.77823890005,29021.248735999987,3154.551064599939,119057.80000000002,12474.685,0,31912.0,14475.0,8862.6,6983.8,3377.7999999999997,9361.0,971.5,30.8,9486354602.305124,74.77730130836763,1303.17987525528
1,243250.76000000033,244412.57,22729.13603970002,29519.432383999963,3120.157894599977,103888.93999999996,2398.8100000000018,0,31912.0,14475.0,8862.6,6983.8,3377.7999999999997,9361.0,971.5,30.8,2805913577.5359573,49.84392438452983,1051.538123772862
2,346683.7899999987,253093.75,19213.56923979983,26313.061582000017,1654.4649258999334,118931.70000000003,13103.729999999996,0,31912.0,14475.0,8862.6,6983.8,3377.7999999999997,9361.0,971.5,30.8,11625764742.481663,83.91726179864173,1308.0599286824986
3,378462.3899999977,252054.89999999997,21990.45158079993,29206.00815600001,3183.8197855999642,122471.23000000003,13255.049999999997,0,31912.0,14475.0,8862.6,6983.8,3377.7999999999997,9361.0,971.5,30.8,25062723323.603443,94.80787577871111,1372.4079178301974
4,157926.16000000035,192901.42999999988,16692.409890300027,20843.574692999995,3024.2444019499812,96824.42999999993,217.27999999999994,0,31912.0,14475.0,8862.6,6983.8,3377.7999999999997,9361.0,971.5,30.8,9659697768.914244,37.79966729123203,751.4710482991419
5,385492.5899999977,241191.87000000002,22945.796626800024,29595.668287999964,3122.2863189999775,122443.10000000002,13289.969999999996,0,31912.0,14475.0,8862.6,6983.8,3377.7999999999997,9361.0,971.5,30.8,31040051989.032295,98.05152497706513,1362.5103680142593
6,150749.90000000029,201169.36999999994,16164.283777600032,21066.596901999976,2918.15258664998,101392.15999999995,171.69,0,31912.0,14475.0,8862.6,6983.8,3377.7999999999997,9361.0,971.5,30.8,7914322885.617397,35.190555449154964,755.2597575792628
7,224158.14000000045,175837.82,20868.57822490001,25454.84004650001,7134.135801349931,92910.4799999999,224.0699999999999,0,31912.0,14475.0,8862.6,6983.8,3377.7999999999997,9361.0,971.5,30.8,-18733375387.67787,39.63839747366861,855.3006132923642
