,contributed_CCGT,contributed_Coal,contributed_Onshore,contributed_Offshore,contributed_PV,contributed_Nuclear,contributed_Recip_gas,contributed_Biomass,total_CCGT,total_Coal,total_Onshore,total_Offshore,total_PV,total_Nuclear,total_Recip_gas,Carbon_tax,total_genco_wealth,Electricity_cost,Carbon_emitted
0,344609.9499999994,252654.14999999997,55013.48266259979,27368.82739999998,3172.718214449936,88465.93999999992,12166.70999999999,0,31912.0,14475.0,8862.6,6983.8,3377.7999999999997,9361.0,971.5,30.8,92949607201.22702,316.6696705014314,1288.7367300017017
1,246281.6500000001,232618.38999999987,51813.26044739998,26324.86555999997,3136.7531684499745,75788.03999999994,3734.4999999999973,0,31912.0,14475.0,8862.6,6983.8,3377.7999999999997,9361.0,971.5,30.8,104622731140.29669,88.180477312533,1028.1561321492202
2,344509.25999999995,259674.54999999996,50804.28263669968,22259.25903100001,1658.8872620499342,87277.68999999992,12430.549999999988,0,31912.0,14475.0,8862.6,6983.8,3377.7999999999997,9361.0,971.5,30.8,229748762110.58438,335.9510262129361,1304.780440700899
3,341453.1699999999,258176.40999999992,60713.7865152995,24684.394730000004,3182.1570469999615,107013.30999999997,11892.199999999986,0,31912.0,14475.0,8862.6,6983.8,3377.7999999999997,9361.0,971.5,30.8,381401801887.27496,352.9886879161961,1300.0480809011788
4,137638.92,217728.21,40380.13945750001,19082.030428999973,3087.195090649976,61728.85999999996,393.81999999999977,0,31912.0,14475.0,8862.6,6983.8,3377.7999999999997,9361.0,971.5,30.8,369714731909.14746,35.28117231363262,766.044754537579
5,352318.5299999994,263387.52999999997,53748.96229010002,27914.233855999966,3140.2786856499747,105080.09999999995,12128.879999999988,0,31912.0,14475.0,8862.6,6983.8,3377.7999999999997,9361.0,971.5,30.8,586688914604.7112,352.8540041814822,1328.258795166939
6,154871.08000000022,212106.15999999997,38875.4939456998,20137.43686199997,4066.8263953999635,52318.88999999998,315.24999999999983,0,31912.0,14475.0,8862.6,6983.8,3377.7999999999997,9361.0,971.5,30.8,568193213287.3102,35.8984953751033,788.3687207916795
7,196933.42999999967,208266.36000000007,41107.739086199785,21170.08100049999,6803.5951371499405,69684.79999999996,422.91999999999973,0,31912.0,14475.0,8862.6,6983.8,3377.7999999999997,9361.0,971.5,30.8,545770490628.2967,38.034474001691144,865.7834167912793
