,contributed_CCGT,contributed_Coal,contributed_Onshore,contributed_Offshore,contributed_PV,contributed_Nuclear,contributed_Recip_gas,contributed_Biomass,total_CCGT,total_Coal,total_Onshore,total_Offshore,total_PV,total_Nuclear,total_Recip_gas,Carbon_tax,total_genco_wealth,Electricity_cost,Carbon_emitted
0,330072.799999999,200244.31,55475.51280069984,29084.543870000005,3165.173333549937,123847.65999999993,13800.189999999975,0,31912.0,14475.0,8862.6,6983.8,3377.7999999999997,9361.0,971.5,30.8,33677472683.214115,126.1708515114586,1173.9973174253769
1,254667.02000000014,173516.0599999999,55100.6903185999,25751.052265999977,3136.9240875499736,106659.25999999994,10057.929999999991,0,31912.0,14475.0,8862.6,6983.8,3377.7999999999997,9361.0,971.5,30.8,37746963378.38249,71.9620796314044,953.5438035918784
2,313945.2299999995,228687.71999999988,55681.743385199705,23240.193463000007,1672.1760021999337,132210.0299999999,12513.000000000002,0,31912.0,14475.0,8862.6,6983.8,3377.7999999999997,9361.0,971.5,30.8,73076034593.05551,122.18652139771727,1200.9324628125562
3,343510.6999999991,208523.00000000003,57490.09619769974,25461.629288000004,3195.430554949961,147245.02999999997,13409.279999999973,0,31912.0,14475.0,8862.6,6983.8,3377.7999999999997,9361.0,971.5,30.8,110813965179.22379,131.14159023547555,1215.458589113997
4,162444.06999999963,152845.4299999999,41301.697832100064,18905.368523999976,3082.8232254499762,86527.87999999998,204.66999999999993,0,31912.0,14475.0,8862.6,6983.8,3377.7999999999997,9361.0,971.5,30.8,98692613851.7499,37.5154247730883,692.7382574111411
5,347215.089999999,233654.70999999993,60993.02242320004,25783.568536999966,3137.9826279999756,121107.40999999992,13893.309999999972,0,31912.0,14475.0,8862.6,6983.8,3377.7999999999997,9361.0,971.5,30.8,153662193912.50983,129.29230172879622,1283.5370994645784
6,167585.45999999958,150331.71999999994,38387.16541009991,17650.795141999974,3381.932807599979,95601.25999999995,831.2900000000012,0,31912.0,14475.0,8862.6,6983.8,3377.7999999999997,9361.0,971.5,30.8,134594935313.94658,37.72056336074545,695.4826889645609
7,213856.11999999985,142162.22999999984,46703.037140899825,21410.972576499993,7219.4757821499325,94652.59999999995,7600.435000000001,0,31912.0,14475.0,8862.6,6983.8,3377.7999999999997,9361.0,971.5,30.8,113525797498.43994,42.776629818214765,788.6101185075408
