,contributed_CCGT,contributed_Coal,contributed_Onshore,contributed_Offshore,contributed_PV,contributed_Nuclear,contributed_Recip_gas,contributed_Biomass,total_CCGT,total_Coal,total_Onshore,total_Offshore,total_PV,total_Nuclear,total_Recip_gas,Carbon_tax,total_genco_wealth,Electricity_cost,Carbon_emitted
0,388679.65999999846,229635.6199999997,23300.55530880004,29579.745223999984,3154.551064599939,77932.70999999995,14963.219999999978,0,31912.0,14475.0,8862.6,6983.8,3377.7999999999997,9361.0,971.5,30.8,28491459222.015797,139.51118967109596,1347.5616038367546
1,330332.1599999995,198083.70999999964,23464.752699000044,29595.668287999964,3122.2863189999775,36045.19999999997,13097.910000000007,0,31912.0,14475.0,8862.6,6983.8,3377.7999999999997,9361.0,971.5,30.8,33175839135.50868,89.10123689147548,1154.9247306665782
2,396323.4499999982,218477.38999999975,21601.84304159999,29224.130127999983,1658.9456695999324,83369.55999999997,14963.219999999978,0,31912.0,14475.0,8862.6,6983.8,3377.7999999999997,9361.0,971.5,30.8,63307691737.60374,147.37793904503414,1338.1328357512134
3,389371.9199999984,226745.93999999974,23278.20383160005,29656.706700000013,3188.160174599965,115291.28999999996,14998.139999999976,0,31912.0,14475.0,8862.6,6983.8,3377.7999999999997,9361.0,971.5,30.8,97173060521.3347,150.17102575318276,1342.5425433841135
4,235402.0200000003,157701.63999999996,21216.57384379998,28087.389919999972,3115.452450049977,21612.569999999992,6367.564999999991,0,31912.0,14475.0,8862.6,6983.8,3377.7999999999997,9361.0,971.5,30.8,85765355662.06544,51.5973430927129,856.5499268427212
5,404930.5099999979,219389.62999999968,23464.752699000044,29595.668287999964,3122.2863189999775,105402.13999999997,15024.329999999974,0,31912.0,14475.0,8862.6,6983.8,3377.7999999999997,9361.0,971.5,30.8,135885275739.97871,148.67375854321236,1357.764791362733
6,242413.18000000025,158410.26999999996,20143.707613599985,25856.242719999984,4245.526913899982,24700.079999999987,9999.730000000005,0,31912.0,14475.0,8862.6,6983.8,3377.7999999999997,9361.0,971.5,30.8,118828781214.62018,49.52936360436211,878.8601521574602
7,274321.50000000035,160819.76999999996,28713.174902799932,34375.16252000003,7385.2020120999305,24700.079999999987,11865.040000000012,0,31912.0,14475.0,8862.6,6983.8,3377.7999999999997,9361.0,971.5,30.8,102345543778.82603,54.633485655370315,953.6741345384596
