,contributed_CCGT,contributed_Coal,contributed_Onshore,contributed_Offshore,contributed_PV,contributed_Nuclear,contributed_Recip_gas,contributed_Biomass,total_CCGT,total_Coal,total_Onshore,total_Offshore,total_PV,total_Nuclear,total_Recip_gas,Carbon_tax,total_genco_wealth,Electricity_cost,Carbon_emitted
0,343249.43999999843,198396.4799999996,23300.55530880004,29579.745223999984,3154.551064599939,165604.86687359976,18013.385000000017,0,31912.0,14475.0,8862.6,6983.8,3377.7999999999997,9361.0,971.5,30.8,17309105249.24841,103.91860192807633,1189.9275886290397
1,224805.36000000034,194414.25999999978,23464.752699000044,29595.668287999964,3122.2863189999775,165604.86687359976,12884.509999999993,0,31912.0,14475.0,8862.6,6983.8,3377.7999999999997,9361.0,971.5,30.8,12248650326.648903,55.63514522891693,919.145745755482
2,346239.5999999985,190058.81999999957,21601.84304159999,29224.130127999983,1658.9456695999324,165604.86687359976,17126.805000000004,0,31912.0,14475.0,8862.6,6983.8,3377.7999999999997,9361.0,971.5,30.8,20789735393.67894,90.28049264509848,1174.6690485003598
3,351833.1199999985,217326.9299999996,23278.20383160005,29656.706700000013,3188.160174599965,165604.86687359976,18382.470000000023,0,31912.0,14475.0,8862.6,6983.8,3377.7999999999997,9361.0,971.5,30.8,48430570163.148415,135.15116718620496,1250.343069848137
4,114585.30000000009,157351.40999999995,22097.382838500016,29595.668287999968,3116.600719849977,145062.00270800007,12047.399999999996,0,31912.0,14475.0,8862.6,6983.8,3377.7999999999997,9361.0,971.5,30.8,34208072306.779915,41.82813712019752,608.1780025711813
5,343619.3999999988,228279.80999999968,23464.752699000044,29595.668287999964,3122.2863189999775,165604.86687359976,18012.415000000015,0,31912.0,14475.0,8862.6,6983.8,3377.7999999999997,9361.0,971.5,30.8,50964564349.28222,92.39312972642013,1256.434071444378
6,140503.86000000007,143298.1,25031.85691820003,32764.901290999987,4477.2553294999825,132812.50266480024,12571.199999999995,0,31912.0,14475.0,8862.6,6983.8,3377.7999999999997,9361.0,971.5,30.8,30858796092.426273,43.05276588257615,630.4974655438022
7,178077.78000000017,141459.76999999993,31158.237897799936,38204.78456500007,7411.30295159993,142339.0725624001,10999.799999999997,0,31912.0,14475.0,8862.6,6983.8,3377.7999999999997,9361.0,971.5,30.8,5950114729.995369,44.004304947605114,702.5363023784616
