,contributed_CCGT,contributed_Coal,contributed_Onshore,contributed_Offshore,contributed_PV,contributed_Nuclear,contributed_Recip_gas,contributed_Biomass,total_CCGT,total_Coal,total_Onshore,total_Offshore,total_PV,total_Nuclear,total_Recip_gas,Carbon_tax,total_genco_wealth,Electricity_cost,Carbon_emitted
0,380586.1699999983,153704.22000000012,61936.06851909975,35560.76116300013,3153.680791799939,80865.98999999993,11883.469999999992,0,31912.0,14475.0,8862.6,6983.8,3377.7999999999997,9361.0,971.5,30.8,34357270901.113132,122.41854374680717,1168.7990531795608
1,302112.5200000001,121633.90000000002,55179.605483399675,36099.58636200007,3120.0983875999764,57466.67999999998,8373.039999999986,0,31912.0,14475.0,8862.6,6983.8,3377.7999999999997,9361.0,971.5,30.8,38003725374.85238,68.09049700378542,928.3051738321976
2,349412.6599999989,185140.46000000014,58007.513248499694,32412.608794000033,1657.618481849932,85208.67999999993,12088.139999999994,0,31912.0,14475.0,8862.6,6983.8,3377.7999999999997,9361.0,971.5,30.8,70359086343.21214,123.12422408578466,1176.0790710430779
3,392426.2599999985,163390.57000000015,60964.88901849962,33261.395136000036,3179.9028266499636,104727.98999999995,13712.889999999967,0,31912.0,14475.0,8862.6,6983.8,3377.7999999999997,9361.0,971.5,30.8,105992282585.85176,124.91484666408401,1218.1622604968618
4,207097.08999999994,108772.88999999996,42232.45990619994,28295.26354300001,3072.7464383499782,40533.39,391.87999999999977,0,31912.0,14475.0,8862.6,6983.8,3377.7999999999997,9361.0,971.5,30.8,94341195789.39961,36.96733999276429,686.5547970202197
5,387450.5799999986,157292.72999999998,62953.89039209979,37463.746937000054,3125.320912999978,105377.88999999996,13442.74499999999,0,31912.0,14475.0,8862.6,6983.8,3377.7999999999997,9361.0,971.5,30.8,149297485983.95578,125.66449582658265,1189.1806877665401
6,228013.6199999998,83893.73999999996,44663.448084799726,29509.90428199999,4339.081584399979,47625.06,381.20999999999975,0,31912.0,14475.0,8862.6,6983.8,3377.7999999999997,9361.0,971.5,30.8,131328308082.91544,38.25300678783345,672.53299566852
7,231551.23000000004,122470.76,48355.91285349964,28874.46269450001,6107.360948699958,50162.57999999999,5402.8999999999905,0,31912.0,14475.0,8862.6,6983.8,3377.7999999999997,9361.0,971.5,30.8,109345105394.55615,40.01419140484526,776.0362696224779
