,contributed_CCGT,contributed_Coal,contributed_Onshore,contributed_Offshore,contributed_PV,contributed_Nuclear,contributed_Recip_gas,contributed_Biomass,total_CCGT,total_Coal,total_Onshore,total_Offshore,total_PV,total_Nuclear,total_Recip_gas,Carbon_tax,total_genco_wealth,Electricity_cost,Carbon_emitted
0,393791.2799999984,222040.41999999972,23300.55530880004,29579.745223999984,3154.551064599939,79915.38999999994,15024.329999999974,0,31912.0,14475.0,8862.6,6983.8,3377.7999999999997,9361.0,971.5,30.8,27742954712.6728,139.92101026711467,1340.142952287153
1,336362.97999999934,194631.25999999998,23464.752699000044,29595.668287999964,3122.2863189999775,33819.04999999998,13080.450000000008,0,31912.0,14475.0,8862.6,6983.8,3377.7999999999997,9361.0,971.5,30.8,32352332735.38383,89.26243169557013,1158.456682081479
2,393189.9499999982,234410.2999999997,21601.84304159999,29224.130127999983,1658.9456695999324,71626.73999999996,15033.059999999974,0,31912.0,14475.0,8862.6,6983.8,3377.7999999999997,9361.0,971.5,30.8,61349238935.374374,147.00190708985716,1367.4662694593949
3,396066.3999999984,238923.07999999967,23278.20383160005,29656.706700000013,3188.160174599965,97483.05999999998,14989.409999999976,0,31912.0,14475.0,8862.6,6983.8,3377.7999999999997,9361.0,971.5,30.8,95477290826.02478,150.10426517687384,1383.2866617258367
4,231094.86000000016,158735.06999999995,22340.417939000003,29516.44056799997,3117.122020249977,23670.90999999999,7436.020000000002,0,31912.0,14475.0,8862.6,6983.8,3377.7999999999997,9361.0,971.5,30.8,84109706956.69778,51.17900977350706,852.2813493278608
5,409345.48999999807,227007.89999999973,23464.752699000044,29595.668287999964,3122.2863189999775,98871.12999999999,14971.949999999977,0,31912.0,14475.0,8862.6,6983.8,3377.7999999999997,9361.0,971.5,30.8,135532060105.98097,149.69283555511194,1383.620261804195
6,230440.96000000028,167315.14999999994,21281.807197399965,27397.377996999985,4261.859082699983,21612.569999999992,9863.929999999993,0,31912.0,14475.0,8862.6,6983.8,3377.7999999999997,9361.0,971.5,30.8,118108105618.00375,49.670360970749584,875.0281629796998
7,273517.8400000003,155751.57999999996,31044.098317899934,36957.09286900006,7414.88750874993,24700.079999999987,13536.350000000004,0,31912.0,14475.0,8862.6,6983.8,3377.7999999999997,9361.0,971.5,30.8,101981593502.00282,55.45950872892033,944.1263150088391
