,contributed_CCGT,contributed_Coal,contributed_Onshore,contributed_Offshore,contributed_PV,contributed_Nuclear,contributed_Recip_gas,contributed_Biomass,total_CCGT,total_Coal,total_Onshore,total_Offshore,total_PV,total_Nuclear,total_Recip_gas,Carbon_tax,total_genco_wealth,Electricity_cost,Carbon_emitted
0,384866.77999999846,171401.81999999998,53472.22729439973,33311.62330400002,3166.0331575999376,101648.23999999995,14667.369999999974,0,31912.0,14475.0,8862.6,6983.8,3377.7999999999997,9361.0,971.5,30.8,29528616728.773834,94.66606910721445,1208.5000874043585
1,327779.19999999925,121152.49999999991,43919.57473699982,30881.99724799997,3130.867963999977,85087.42999999995,9815.42999999999,0,31912.0,14475.0,8862.6,6983.8,3377.7999999999997,9361.0,971.5,30.8,43741239779.1755,72.15799941522226,965.9579993349972
2,380314.1599999985,180847.03999999983,49825.70350079967,30537.271887999985,1666.7965375999322,99069.00999999994,14597.52999999997,0,31912.0,14475.0,8862.6,6983.8,3377.7999999999997,9361.0,971.5,30.8,70257571103.27547,92.07487537425918,1219.0110786219172
3,411322.079999998,177860.7299999998,51973.517270799624,34360.790700000056,3196.916317599964,103769.62999999998,14299.739999999974,0,31912.0,14475.0,8862.6,6983.8,3377.7999999999997,9361.0,971.5,30.8,101353363963.8139,97.99231433249507,1274.641786680538
4,232594.5900000003,103530.51000000002,31748.86765799992,31859.757247999976,3128.136505299977,52352.839999999975,5384.469999999996,0,31912.0,14475.0,8862.6,6983.8,3377.7999999999997,9361.0,971.5,30.8,107139030727.40657,53.079484246211145,720.6835002729798
5,400531.0999999983,175261.9,52415.99873699987,32348.637247999974,3130.091963999977,109904.87999999999,14623.719999999972,0,31912.0,14475.0,8862.6,6983.8,3377.7999999999997,9361.0,971.5,30.8,154940887198.0205,96.6985650105459,1245.231832616198
6,226179.57000000004,104561.32,36366.5832808998,32600.967166999988,4470.686539599983,66046.32999999997,7637.779999999997,0,31912.0,14475.0,8862.6,6983.8,3377.7999999999997,9361.0,971.5,30.8,159116528532.2679,50.51495895012547,714.4881666653598
7,255489.83999999982,110655.02999999996,42993.5687668997,37986.200197000064,7430.140540199931,66025.95999999996,12258.374999999987,0,31912.0,14475.0,8862.6,6983.8,3377.7999999999997,9361.0,971.5,30.8,172933990044.94443,58.17042919570772,797.0597342819374
