,contributed_CCGT,contributed_Coal,contributed_Onshore,contributed_Offshore,contributed_PV,contributed_Nuclear,contributed_Recip_gas,contributed_Biomass,total_CCGT,total_Coal,total_Onshore,total_Offshore,total_PV,total_Nuclear,total_Recip_gas,Carbon_tax,total_genco_wealth,Electricity_cost,Carbon_emitted
0,346999.67999999906,262110.0199999999,23272.69319370004,29579.745223999984,3154.551064599939,95138.56999999996,13269.59999999999,0,31912.0,14475.0,8862.6,6983.8,3377.7999999999997,9361.0,971.5,30.8,30816510019.2113,146.11314683528124,1330.0809580079572
1,270435.2400000001,229713.2900000001,23364.860411200043,29595.668287999964,3122.105010099978,77981.20999999998,5639.0949999999975,0,31912.0,14475.0,8862.6,6983.8,3377.7999999999997,9361.0,971.5,30.8,25473018042.47882,55.96510789044873,1085.02688176942
2,354810.3999999986,255845.31999999998,21223.51646359991,29224.130127999983,1657.862761349933,94186.02999999996,13269.59999999999,0,31912.0,14475.0,8862.6,6983.8,3377.7999999999997,9361.0,971.5,30.8,64028427921.66068,167.35919465673217,1331.0335108773568
3,376295.3199999985,258092.20999999996,23268.789690600053,29656.706700000013,3187.892091749965,105169.33999999995,13271.53999999999,0,31912.0,14475.0,8862.6,6983.8,3377.7999999999997,9361.0,971.5,30.8,101392509274.96829,156.82072147182586,1381.513881889576
4,135419.49000000017,233226.09,17428.248582600012,22155.06838899998,2603.510064849983,71832.37999999998,157.14000000000001,0,31912.0,14475.0,8862.6,6983.8,3377.7999999999997,9361.0,971.5,30.8,86515511514.72545,38.3027200963899,795.6879993538209
5,375523.03999999847,261273.4099999999,23464.752699000044,29595.668287999964,3122.2863189999775,99767.40999999996,13269.59999999999,0,31912.0,14475.0,8862.6,6983.8,3377.7999999999997,9361.0,971.5,30.8,142086585532.62924,157.39584174069716,1386.1637786071767
6,187195.68000000017,204681.21000000008,17423.239483199995,21915.806566499974,3715.1084134999815,56226.04999999999,174.6,0,31912.0,14475.0,8862.6,6983.8,3377.7999999999997,9361.0,971.5,30.8,119974367887.42456,40.24492655925592,838.1527097515811
7,223383.99000000034,201251.39000000013,21212.69056520003,25846.929015000005,7101.38278934993,67718.60999999999,148.41000000000003,0,31912.0,14475.0,8862.6,6983.8,3377.7999999999997,9361.0,971.5,30.8,92988771797.88298,40.570835041193504,906.8698676232204
