,contributed_CCGT,contributed_Coal,contributed_Onshore,contributed_Offshore,contributed_PV,contributed_Nuclear,contributed_Recip_gas,contributed_Biomass,total_CCGT,total_Coal,total_Onshore,total_Offshore,total_PV,total_Nuclear,total_Recip_gas,Carbon_tax,total_genco_wealth,Electricity_cost,Carbon_emitted
0,402639.2199999985,182736.1700000001,52384.728245599836,26693.30029,3149.2164670999396,87946.01999999993,13017.399999999996,0,31912.0,14475.0,8862.6,6983.8,3377.7999999999997,9361.0,971.5,30.8,27230506438.629745,121.74856507884742,1280.650457745663
1,344264.649999999,151427.17000000007,50885.26930439983,25081.59865999998,3111.432271699978,51812.54999999998,6108.574999999994,0,31912.0,14475.0,8862.6,6983.8,3377.7999999999997,9361.0,971.5,30.8,24512593427.961296,60.088298703342836,1078.1206968736587
2,415641.87999999855,181613.96000000005,51591.28543399961,22783.259062000023,1653.0375218999332,79992.98999999996,12769.079999999996,0,31912.0,14475.0,8862.6,6983.8,3377.7999999999997,9361.0,971.5,30.8,47708523949.37498,121.17853684659131,1303.9432514360838
3,418036.95999999857,179861.21000000005,53864.13685999966,23645.930559000008,3170.1746651499648,115238.90999999999,14615.959999999985,0,31912.0,14475.0,8862.6,6983.8,3377.7999999999997,9361.0,971.5,30.8,77944853022.04019,123.88234799746085,1308.7377667515843
4,243677.88000000003,121472.90999999996,41007.56784579987,18647.18740399998,3029.9871638499817,35758.08,1008.8000000000009,0,31912.0,14475.0,8862.6,6983.8,3377.7999999999997,9361.0,971.5,30.8,62874340705.37216,34.67216377357356,790.263318508179
5,433690.1299999987,187871.68000000002,57341.51531279996,27404.590465999965,3118.1127591499794,86395.95999999996,14569.88499999998,0,31912.0,14475.0,8862.6,6983.8,3377.7999999999997,9361.0,971.5,30.8,117819481470.3604,125.805207137674,1354.7503363386434
6,243528.8700000001,118862.53999999998,37534.0345893998,17960.627875999977,4186.043475649978,54180.31999999997,921.5000000000009,0,31912.0,14475.0,8862.6,6983.8,3377.7999999999997,9361.0,971.5,30.8,94820572126.60223,35.751868281093884,782.7773748109188
7,290708.83999999973,135064.86000000002,39429.735940699655,18616.018407499967,7082.009044849933,41190.079999999994,1862.4000000000008,0,31912.0,14475.0,8862.6,6983.8,3377.7999999999997,9361.0,971.5,30.8,67093703026.30732,38.55129809231755,914.7257421542768
