,contributed_CCGT,contributed_Coal,contributed_Onshore,contributed_Offshore,contributed_PV,contributed_Nuclear,contributed_Recip_gas,contributed_Biomass,total_CCGT,total_Coal,total_Onshore,total_Offshore,total_PV,total_Nuclear,total_Recip_gas,Carbon_tax,total_genco_wealth,Electricity_cost,Carbon_emitted
0,314904.7899999997,257468.91999999993,56922.761647099825,27933.943303999982,3166.6237052499364,100972.14999999995,12301.539999999988,0,31912.0,14475.0,8862.6,6983.8,3377.7999999999997,9361.0,971.5,30.8,101727034552.43504,316.0651381055668,1242.9497985701585
1,238452.1400000002,243473.66999999987,48843.936265899836,25431.04240399997,3131.315647299974,78708.70999999992,3784.939999999998,0,31912.0,14475.0,8862.6,6983.8,3377.7999999999997,9361.0,971.5,30.8,112697436673.8084,86.72487262937648,1036.5870701306608
2,338138.2300000001,253676.49999999997,50270.99587179954,24526.189140000006,1675.1389512499336,95664.30999999995,12074.55999999999,0,31912.0,14475.0,8862.6,6983.8,3377.7999999999997,9361.0,971.5,30.8,228801234478.45016,335.7296312923129,1277.6933436469992
3,352241.06999999983,262693.2699999999,56661.67008389972,28409.12391600001,3190.953080699962,104142.10999999993,12228.789999999992,0,31912.0,14475.0,8862.6,6983.8,3377.7999999999997,9361.0,971.5,30.8,384995900871.5492,354.366325128214,1331.528247971458
4,151453.49000000005,180405.50000000006,43550.58677580001,21647.49271799998,3107.0743880499745,72111.73999999995,432.6199999999997,0,31912.0,14475.0,8862.6,6983.8,3377.7999999999997,9361.0,971.5,30.8,373180126998.76855,36.075457432307,711.0741139090006
5,359463.14000000025,253777.83999999985,56374.78295179996,29339.121343999966,3140.571449349975,91718.3499999999,12133.729999999989,0,31912.0,14475.0,8862.6,6983.8,3377.7999999999997,9361.0,971.5,30.8,601846015278.8859,352.7359913445536,1337.9168056003202
6,159642.11,191769.72000000003,38733.69068359981,19494.053237999968,3385.57640729998,69632.41999999995,358.8999999999998,0,31912.0,14475.0,8862.6,6983.8,3377.7999999999997,9361.0,971.5,30.8,583073491880.4999,35.16036128955654,752.905458688559
7,205530.71999999988,204222.50999999986,42117.46764779981,21262.51573449999,7142.75287004994,59878.09999999997,321.0699999999998,0,31912.0,14475.0,8862.6,6983.8,3377.7999999999997,9361.0,971.5,30.8,559425191552.2046,37.41544686636927,873.8640921489784
