,contributed_CCGT,contributed_Coal,contributed_Onshore,contributed_Offshore,contributed_PV,contributed_Nuclear,contributed_Recip_gas,contributed_Biomass,total_CCGT,total_Coal,total_Onshore,total_Offshore,total_PV,total_Nuclear,total_Recip_gas,Carbon_tax,total_genco_wealth,Electricity_cost,Carbon_emitted
0,368451.6999999985,261752.94,23218.84352730004,29579.745223999984,3154.551064599939,73553.15999999997,13252.13999999999,0,31912.0,14475.0,8862.6,6983.8,3377.7999999999997,9361.0,971.5,30.8,37785019240.065994,170.8722840916229,1372.7963272101165
1,282372.84000000014,240061.1200000002,23102.746351600028,29519.432383999963,3121.134168699978,54122.12,7855.059999999986,0,31912.0,14475.0,8862.6,6983.8,3377.7999999999997,9361.0,971.5,30.8,35186844049.473114,64.5547288645678,1135.9245762057587
2,367983.7399999986,253236.3399999999,21197.05228339991,28947.892623999986,1658.9433711499328,80930.00999999998,13268.62999999999,0,31912.0,14475.0,8862.6,6983.8,3377.7999999999997,9361.0,971.5,30.8,78108423485.87889,179.1680552903108,1353.800088583317
3,378206.4199999985,263564.4099999999,23278.20383160005,29656.706700000013,3188.160174599965,87721.94999999995,13397.63999999999,0,31912.0,14475.0,8862.6,6983.8,3377.7999999999997,9361.0,971.5,30.8,127015755769.1822,191.4327975136574,1397.8600540251766
4,186552.3600000002,207856.25,16844.812128999987,21056.04516649999,3045.8572347499803,55334.62,148.41000000000003,0,31912.0,14475.0,8862.6,6983.8,3377.7999999999997,9361.0,971.5,30.8,112665965335.40773,39.93000483767248,842.8597933175016
5,379429.97999999835,271494.02000000014,23464.752699000044,29595.668287999964,3122.2863189999775,81121.09999999998,13268.62999999999,0,31912.0,14475.0,8862.6,6983.8,3377.7999999999997,9361.0,971.5,30.8,195630321227.56952,206.3306787555598,1417.7761064199572
6,184165.9800000001,211139.45000000022,20647.839689899964,26450.782682999994,4424.274504799981,40054.20999999999,157.14000000000001,0,31912.0,14475.0,8862.6,6983.8,3377.7999999999997,9361.0,971.5,30.8,173591084962.1538,40.87772673343597,846.2834594111031
7,226756.86000000034,219033.58,22525.795589600013,27550.116584,7130.040371399932,44835.34,200.78999999999996,0,31912.0,14475.0,8862.6,6983.8,3377.7999999999997,9361.0,971.5,30.8,146736465368.05206,42.824744147010506,957.8870683248413
