,contributed_CCGT,contributed_Coal,contributed_Onshore,contributed_Offshore,contributed_PV,contributed_Nuclear,contributed_Recip_gas,contributed_Biomass,total_CCGT,total_Coal,total_Onshore,total_Offshore,total_PV,total_Nuclear,total_Recip_gas,Carbon_tax,total_genco_wealth,Electricity_cost,Carbon_emitted
0,329888.6799999995,261281.91999999993,56955.87920279973,27186.472999999984,3169.961552649937,88515.40999999992,12138.579999999987,0,31912.0,14475.0,8862.6,6983.8,3377.7999999999997,9361.0,971.5,30.8,104614265628.74518,315.1605554760504,1278.0002270441603
1,248570.96000000022,241314.5199999999,46561.70113749992,22366.055057499976,3115.282422399975,79110.28999999994,3652.049999999998,0,31912.0,14475.0,8862.6,6983.8,3377.7999999999997,9361.0,971.5,30.8,114507363328.4988,83.93619303729714,1050.9535443989605
2,331447.4399999994,252543.54999999993,54191.11130819976,25031.475754000014,1672.9279326499336,95367.48999999995,11862.129999999988,0,31912.0,14475.0,8862.6,6983.8,3377.7999999999997,9361.0,971.5,30.8,230722562991.4971,325.79788118022725,1261.1045350029008
3,364163.6699999997,249892.2599999998,59392.17971249955,25366.32126,3186.979425449962,101684.12999999993,12150.219999999992,0,31912.0,14475.0,8862.6,6983.8,3377.7999999999997,9361.0,971.5,30.8,373829982091.7574,352.28604645445847,1324.6445607594794
4,144708.76000000004,209707.23999999996,37723.94076259999,18588.164834999978,3033.2597573499784,65594.30999999995,320.09999999999985,0,31912.0,14475.0,8862.6,6983.8,3377.7999999999997,9361.0,971.5,30.8,361836818951.7296,33.18190166851101,762.3489017215198
5,331739.8499999998,256364.72999999992,60863.89435479996,33326.397248000016,3140.531500349975,114136.01999999997,12404.359999999982,0,31912.0,14475.0,8862.6,6983.8,3377.7999999999997,9361.0,971.5,30.8,588839391664.7242,345.5812451070539,1271.419846972539
6,151972.68000000014,213217.6199999999,37793.68922369983,17211.002293999984,3422.6913714499738,57914.81999999997,286.14999999999986,0,31912.0,14475.0,8862.6,6983.8,3377.7999999999997,9361.0,971.5,30.8,568238633380.937,31.271738235847124,784.8587957327596
7,182314.36999999968,231198.11000000007,41782.100846899826,22111.756311999998,6097.378277099968,59904.289999999964,332.7099999999998,0,31912.0,14475.0,8862.6,6983.8,3377.7999999999997,9361.0,971.5,30.8,547036118195.2408,37.782809405012515,886.95183073778
