,contributed_CCGT,contributed_Coal,contributed_Onshore,contributed_Offshore,contributed_PV,contributed_Nuclear,contributed_Recip_gas,contributed_Biomass,total_CCGT,total_Coal,total_Onshore,total_Offshore,total_PV,total_Nuclear,total_Recip_gas,Carbon_tax,total_genco_wealth,Electricity_cost,Carbon_emitted
0,313631.76999999967,258379.41,55400.33540479991,23931.298304000014,3162.9702792999374,102088.61999999997,12123.059999999987,0,31912.0,14475.0,8862.6,6983.8,3377.7999999999997,9361.0,971.5,30.8,96355562771.47415,314.5068086760097,1242.034919135181
1,240641.0800000002,247208.13999999998,53849.71861509994,26578.352197999968,3140.351155849974,67166.67999999996,3662.7199999999975,0,31912.0,14475.0,8862.6,6983.8,3377.7999999999997,9361.0,971.5,30.8,108374707674.53253,87.38721358966865,1048.1229793397204
2,337133.0000000001,260475.84999999998,51423.16296789975,26114.83686700001,1665.8278958499345,86056.45999999993,11990.169999999987,0,31912.0,14475.0,8862.6,6983.8,3377.7999999999997,9361.0,971.5,30.8,223172779070.06396,321.10717394520833,1290.606261358298
3,356095.91000000015,249194.74999999988,58560.90120699958,31829.62588800001,3200.804977799961,105298.34999999996,11987.259999999993,0,31912.0,14475.0,8862.6,6983.8,3377.7999999999997,9361.0,971.5,30.8,367687233161.5273,351.11472934304015,1304.0168567405003
4,155020.15000000008,186662.99000000008,39894.738440100045,18537.301872999975,3079.5620787499756,66369.33999999997,269.6599999999999,0,31912.0,14475.0,8862.6,6983.8,3377.7999999999997,9361.0,971.5,30.8,355852703418.72144,34.23276061688622,731.7577368600195
5,357384.5600000001,260727.91999999995,57596.75632099986,25595.520577999974,3140.221771649975,98053.41999999995,12115.299999999987,0,31912.0,14475.0,8862.6,6983.8,3377.7999999999997,9361.0,971.5,30.8,563324902764.8314,338.692942269703,1337.3536699121587
6,152797.47000000012,191204.02999999997,40462.23350629991,19396.957309999972,3367.0599892499768,73428.99999999994,341.4399999999998,0,31912.0,14475.0,8862.6,6983.8,3377.7999999999997,9361.0,971.5,30.8,544368982266.9496,34.90397950064826,737.5242774339392
7,203402.22,206596.90000000014,42171.32824609983,21898.832128000002,7072.623065149938,62331.22999999996,448.1399999999998,0,31912.0,14475.0,8862.6,6983.8,3377.7999999999997,9361.0,971.5,30.8,523318674555.9316,38.553014353414376,875.3354467461988
