,contributed_CCGT,contributed_Coal,contributed_Onshore,contributed_Offshore,contributed_PV,contributed_Nuclear,contributed_Recip_gas,contributed_Biomass,total_CCGT,total_Coal,total_Onshore,total_Offshore,total_PV,total_Nuclear,total_Recip_gas,Carbon_tax,total_genco_wealth,Electricity_cost,Carbon_emitted
0,335583.2099999998,145313.2800000001,56211.273805699595,36638.08732600009,3147.845843049941,141763.55999999997,14469.004999999976,0,31912.0,14475.0,8862.6,6983.8,3377.7999999999997,9361.0,971.5,30.8,25398590065.791077,107.62768216038353,1063.9681536954374
1,263715.5700000001,117807.47999999997,47460.332097399776,30871.061854499985,3100.7452149999776,113071.92999999993,11007.560000000001,0,31912.0,14475.0,8862.6,6983.8,3377.7999999999997,9361.0,971.5,30.8,26827429277.03465,64.47062308919949,848.3506349970385
2,336632.2299999996,170896.78000000014,57890.11534159939,34968.03064000006,1652.7528870999324,121592.40999999993,12981.509999999984,0,31912.0,14475.0,8862.6,6983.8,3377.7999999999997,9361.0,971.5,30.8,50258701327.20461,106.31717503043745,1111.8948001784377
3,366389.0499999992,168372.95000000013,63416.64662369957,36153.967326000115,3178.9430671999644,121168.51999999992,15039.849999999986,0,31912.0,14475.0,8862.6,6983.8,3377.7999999999997,9361.0,971.5,30.8,81134182797.84326,110.10701945105582,1179.1181257641003
4,171612.17,100083.97999999988,38375.92490459996,28100.72931300001,3062.9987365499796,80864.04999999997,1220.260000000001,0,31912.0,14475.0,8862.6,6983.8,3377.7999999999997,9361.0,971.5,30.8,69053377203.8228,37.172764227199075,594.4034747440408
5,363286.1299999995,162436.09000000014,64482.2866545998,38545.28460200004,3123.5661033999786,117781.27999999993,14978.739999999978,0,31912.0,14475.0,8862.6,6983.8,3377.7999999999997,9361.0,971.5,30.8,121874941333.107,114.91802070742828,1159.447647333819
6,207403.3400000001,84990.10999999991,33861.93063479995,26290.681779999988,4084.5664603999726,66745.69999999998,8141.694999999989,0,31912.0,14475.0,8862.6,6983.8,3377.7999999999997,9361.0,971.5,30.8,103996999845.48767,40.55777635602761,647.7600993237797
7,240395.13000000032,103471.58999999988,37381.97335419974,27590.460206500007,7125.104285849935,64970.59999999998,9291.629999999981,0,31912.0,14475.0,8862.6,6983.8,3377.7999999999997,9361.0,971.5,30.8,83033164847.82222,44.34700499788926,757.2202979428189
