,contributed_CCGT,contributed_Coal,contributed_Onshore,contributed_Offshore,contributed_PV,contributed_Nuclear,contributed_Recip_gas,contributed_Biomass,total_CCGT,total_Coal,total_Onshore,total_Offshore,total_PV,total_Nuclear,total_Recip_gas,Carbon_tax,total_genco_wealth,Electricity_cost,Carbon_emitted
0,349378.85,228243.6099999997,58149.573919499955,29617.50742399999,3176.3825338999354,97192.05999999992,13786.124999999987,0,31912.0,14475.0,8862.6,6983.8,3377.7999999999997,9361.0,971.5,30.8,111689197360.913,354.29459162248025,1247.282588996778
1,272039.70000000007,203462.67999999961,52363.59771710005,27220.865443999966,3135.4732004499747,73416.38999999994,6602.789999999985,0,31912.0,14475.0,8862.6,6983.8,3377.7999999999997,9361.0,971.5,30.8,130641075884.39676,113.40841897309093,1020.2641977666398
2,351246.4300000001,237416.39999999973,54642.34724749961,27234.622754000004,1672.0218167499336,90410.78999999992,12289.899999999989,0,31912.0,14475.0,8862.6,6983.8,3377.7999999999997,9361.0,971.5,30.8,262819377818.05527,350.31731069679284,1268.504584907199
3,357331.61999999994,218811.43999999965,57581.663858199725,32894.15070000003,3204.763416399961,131170.19000000003,13550.414999999979,0,31912.0,14475.0,8862.6,6983.8,3377.7999999999997,9361.0,971.5,30.8,402972677323.62604,356.3966327993187,1243.0827555231187
4,150906.8300000001,185946.90999999974,38794.51047899995,19181.06737799997,2617.78531834998,78284.81999999993,331.73999999999984,0,31912.0,14475.0,8862.6,6983.8,3377.7999999999997,9361.0,971.5,30.8,390040619978.96906,35.62920059940824,722.0302795401801
5,366835.9799999996,234328.24999999974,58441.87855980006,27307.53627149997,3140.9350723499747,108882.49999999999,13578.54499999998,0,31912.0,14475.0,8862.6,6983.8,3377.7999999999997,9361.0,971.5,30.8,613835154821.9283,353.80437836926586,1297.0578890235017
6,169032.56999999986,188946.44999999975,37054.098959399824,17808.986405999975,2680.0006045999726,68883.57999999996,304.57999999999987,0,31912.0,14475.0,8862.6,6983.8,3377.7999999999997,9361.0,971.5,30.8,594076955054.2766,36.60666592518414,765.6051935370997
7,219857.57000000004,183812.0799999997,45345.271987599954,22495.536305,7123.709027749938,64165.49999999996,1669.3700000000015,0,31912.0,14475.0,8862.6,6983.8,3377.7999999999997,9361.0,971.5,30.8,570085237539.4937,39.945483644628254,860.3769023678402
