,contributed_CCGT,contributed_Coal,contributed_Onshore,contributed_Offshore,contributed_PV,contributed_Nuclear,contributed_Recip_gas,contributed_Biomass,total_CCGT,total_Coal,total_Onshore,total_Offshore,total_PV,total_Nuclear,total_Recip_gas,Carbon_tax,total_genco_wealth,Electricity_cost,Carbon_emitted
0,403002.83999999886,155704.02,53801.9451547997,36603.67911800009,3155.5571575999397,106532.18999999996,14080.03499999998,0,31912.0,14475.0,8862.6,6983.8,3377.7999999999997,9361.0,971.5,30.8,31085233410.084568,130.2051649963984,1223.2262699499618
1,351383.3499999994,135181.93999999997,42088.05551149975,35600.31763450006,3112.738269149978,57216.41999999997,10968.759999999991,0,31912.0,14475.0,8862.6,6983.8,3377.7999999999997,9361.0,971.5,30.8,33892230347.369507,85.39682493971526,1066.2354693721195
2,418000.4699999993,155862.12000000005,51104.10295339951,35202.04630600004,1656.0482816999329,90001.44999999995,14579.099999999973,0,31912.0,14475.0,8862.6,6983.8,3377.7999999999997,9361.0,971.5,30.8,64622376587.43141,125.08535078590948,1253.8558848237603
3,438782.4599999995,181734.59000000008,52582.90143779942,35510.61505200011,3159.696327499965,91336.16999999997,14338.539999999975,0,31912.0,14475.0,8862.6,6983.8,3377.7999999999997,9361.0,971.5,30.8,100180821387.34157,137.6147807162805,1354.4682255368223
4,250350.13999999993,116734.51999999999,33985.19000920001,29579.106893000007,3066.9450259499795,42926.37999999999,1707.2,0,31912.0,14475.0,8862.6,6983.8,3377.7999999999997,9361.0,971.5,30.8,84881157200.40536,38.680143077486335,792.4312333789578
5,421838.2899999991,172116.16000000015,56251.733873399964,38977.46373200006,3118.9388874999795,97320.09999999996,14594.61999999997,0,31912.0,14475.0,8862.6,6983.8,3377.7999999999997,9361.0,971.5,30.8,140274960842.18668,131.12037249186224,1299.1288573716818
6,265081.78999999963,99102.74999999993,32659.25006119992,29036.34611699999,4186.656903099978,46055.599999999984,4395.554999999999,0,31912.0,14475.0,8862.6,6983.8,3377.7999999999997,9361.0,971.5,30.8,117586776949.65015,40.58053691230739,792.4196143344977
7,306663.59999999974,103566.05999999991,34346.93919019982,32209.042800000014,7219.303274099925,52007.519999999975,9997.30499999999,0,31912.0,14475.0,8862.6,6983.8,3377.7999999999997,9361.0,971.5,30.8,93320069533.04565,48.14742021924925,893.5302415018771
