,contributed_CCGT,contributed_Coal,contributed_Onshore,contributed_Offshore,contributed_PV,contributed_Nuclear,contributed_Recip_gas,contributed_Biomass,total_CCGT,total_Coal,total_Onshore,total_Offshore,total_PV,total_Nuclear,total_Recip_gas,Carbon_tax,total_genco_wealth,Electricity_cost,Carbon_emitted
0,340131.1600000002,237408.00999999986,58058.28946989975,27365.207671999982,3173.046967049936,88838.41999999991,12529.489999999989,0,31912.0,14475.0,8862.6,6983.8,3377.7999999999997,9361.0,971.5,30.8,100767903496.89926,314.05963706917095,1246.3138137179797
1,249048.55000000022,230487.31999999995,50946.07392899998,26893.661947999964,3141.6506260999736,79489.55999999992,3768.4499999999975,0,31912.0,14475.0,8862.6,6983.8,3377.7999999999997,9361.0,971.5,30.8,114141892973.38385,88.34282053381453,1028.0939710333603
2,341365.7299999995,258589.38999999993,54842.36964769978,25019.168515000012,1659.1543746499347,79397.40999999993,12512.999999999985,0,31912.0,14475.0,8862.6,6983.8,3377.7999999999997,9361.0,971.5,30.8,237195724331.25436,325.10774001279367,1299.594985087221
3,342707.42000000033,258693.9599999999,55430.47436209955,26666.58474000001,3199.758641899961,107564.26999999995,12012.479999999989,0,31912.0,14475.0,8862.6,6983.8,3377.7999999999997,9361.0,971.5,30.8,376261504357.0114,349.7083968425498,1306.3561568360785
4,152212.13000000015,181481.48999999996,40497.0763331,19060.234502999974,2886.5191932499797,78155.80999999992,376.3599999999998,0,31912.0,14475.0,8862.6,6983.8,3377.7999999999997,9361.0,971.5,30.8,364800875484.2255,35.44954498770985,714.7120685230205
5,344752.1899999994,267869.55,58617.38760499996,29374.81349599998,3126.3730376499752,100069.07999999994,11879.589999999984,0,31912.0,14475.0,8862.6,6983.8,3377.7999999999997,9361.0,971.5,30.8,579629418748.696,338.55296108169176,1327.1200767309003
6,152577.27000000016,205382.6699999999,40264.955915099905,20042.877965999975,2679.127482649973,66283.97999999997,350.1699999999998,0,31912.0,14475.0,8862.6,6983.8,3377.7999999999997,9361.0,971.5,30.8,561154578897.222,35.610595280773076,768.7331822726599
7,200389.61999999997,194827.2400000002,41417.23459029976,21858.4161925,6854.607252249939,77897.78999999994,490.81999999999977,0,31912.0,14475.0,8862.6,6983.8,3377.7999999999997,9361.0,971.5,30.8,540052843476.5839,38.816393585821515,842.9492940015198
