,contributed_CCGT,contributed_Coal,contributed_Onshore,contributed_Offshore,contributed_PV,contributed_Nuclear,contributed_Recip_gas,contributed_Biomass,total_CCGT,total_Coal,total_Onshore,total_Offshore,total_PV,total_Nuclear,total_Recip_gas,Carbon_tax,total_genco_wealth,Electricity_cost,Carbon_emitted
0,338656.0799999986,199592.53999999963,23300.55530880004,29579.745223999984,3154.551064599939,165604.86687359976,17753.425000000014,0,31912.0,14475.0,8862.6,6983.8,3377.7999999999997,9361.0,971.5,30.8,16939832607.59878,102.3984270456068,1182.744234920919
1,207836.2800000004,211027.9599999995,23464.752699000044,29595.668287999964,3122.2863189999775,165604.86687359976,13408.309999999992,0,31912.0,14475.0,8862.6,6983.8,3377.7999999999997,9361.0,971.5,30.8,10910159854.888584,54.47386704643501,923.757773988081
2,320670.7799999991,219079.4699999996,21601.84304159999,29224.130127999983,1658.9456695999324,165604.86687359976,17157.845000000005,0,31912.0,14475.0,8862.6,6983.8,3377.7999999999997,9361.0,971.5,30.8,19769456096.178375,88.89758493468088,1187.5839754690583
3,357390.0999999983,211462.43999999948,23278.20383160005,29656.706700000013,3188.160174599965,165604.86687359976,18373.740000000023,0,31912.0,14475.0,8862.6,6983.8,3377.7999999999997,9361.0,971.5,30.8,46252443626.33385,132.10115765769282,1247.6902557711178
4,126381.12000000005,147531.70999999996,22128.96601910002,29595.668287999968,3116.600719849977,145853.67216560006,10999.799999999997,0,31912.0,14475.0,8862.6,6983.8,3377.7999999999997,9361.0,971.5,30.8,32665655722.823475,42.05520568893499,608.0852302305816
5,349424.2799999983,220706.07999999958,23464.752699000044,29595.668287999964,3122.2863189999775,165604.86687359976,17488.61500000001,0,31912.0,14475.0,8862.6,6983.8,3377.7999999999997,9361.0,971.5,30.8,49386046416.01733,92.06620268765977,1250.2546578698368
6,177096.42000000027,108491.48999999999,25107.37461920003,32925.914206999994,4477.2553294999825,132812.50266480024,12571.199999999995,0,31912.0,14475.0,8862.6,6983.8,3377.7999999999997,9361.0,971.5,30.8,30632960139.318512,43.90999421221219,627.1129624030219
7,217144.3200000004,98001.87000000001,31091.167208999937,38204.78456500007,7411.1254933499295,140632.63420640014,12571.199999999995,0,31912.0,14475.0,8862.6,6983.8,3377.7999999999997,9361.0,971.5,30.8,5859288632.524606,45.32569246086723,695.1695487942625
