,contributed_CCGT,contributed_Coal,contributed_Onshore,contributed_Offshore,contributed_PV,contributed_Nuclear,contributed_Recip_gas,contributed_Biomass,total_CCGT,total_Coal,total_Onshore,total_Offshore,total_PV,total_Nuclear,total_Recip_gas,Carbon_tax,total_genco_wealth,Electricity_cost,Carbon_emitted
0,353240.5999999989,258656.13999999996,23300.55530880004,29579.745223999984,3154.551064599939,94085.14999999997,13267.659999999989,0,31912.0,14475.0,8862.6,6983.8,3377.7999999999997,9361.0,971.5,30.8,30394593892.128563,145.80512334476532,1335.0391064837172
1,275055.48000000016,223367.23000000004,23457.71835600004,29595.668287999964,3122.2077239499777,80337.33999999997,4308.74,0,31912.0,14475.0,8862.6,6983.8,3377.7999999999997,9361.0,971.5,30.8,25058174376.858,56.181192779684956,1076.6678027275402
2,357053.6199999987,257301.28999999998,20791.455911099885,28938.728619999987,1657.5698631999326,92875.55999999995,13251.169999999991,0,31912.0,14475.0,8862.6,6983.8,3377.7999999999997,9361.0,971.5,30.8,64545104054.74013,169.52792024489528,1338.7986831234161
3,376651.45999999833,257087.51999999996,23278.20383160005,29656.706700000013,3187.751667399965,102920.87999999995,13252.13999999999,0,31912.0,14475.0,8862.6,6983.8,3377.7999999999997,9361.0,971.5,30.8,102177848224.45015,158.91173574596053,1379.9556008329557
4,182172.78000000023,178071.39999999985,20742.243135699988,26969.00534599997,3109.816401899977,72841.17999999998,200.78999999999996,0,31912.0,14475.0,8862.6,6983.8,3377.7999999999997,9361.0,971.5,30.8,88836694193.43628,43.354762340973785,767.5665129172031
5,369600.1399999986,263949.93,23357.29586620004,29595.668287999964,3122.2863189999775,103204.11999999995,13268.62999999999,0,31912.0,14475.0,8862.6,6983.8,3377.7999999999997,9361.0,971.5,30.8,146899242136.76846,157.62108509850722,1380.987663882137
6,188152.7100000001,177883.50000000015,17240.817839700005,21784.522104999975,2970.19760389998,80508.05999999997,174.6,0,31912.0,14475.0,8862.6,6983.8,3377.7999999999997,9361.0,971.5,30.8,125663789726.73863,41.08874081287218,784.9199725530018
7,221600.79000000027,194436.55999999994,20583.9194059,25117.552103500017,6034.846528049967,75197.30999999998,881.7300000000004,0,31912.0,14475.0,8862.6,6983.8,3377.7999999999997,9361.0,971.5,30.8,99652411451.73613,41.09317837514276,894.7937731908827
