,contributed_CCGT,contributed_Coal,contributed_Onshore,contributed_Offshore,contributed_PV,contributed_Nuclear,contributed_Recip_gas,contributed_Biomass,total_CCGT,total_Coal,total_Onshore,total_Offshore,total_PV,total_Nuclear,total_Recip_gas,Carbon_tax,total_genco_wealth,Electricity_cost,Carbon_emitted
0,336864.02,248144.4299999999,53292.19214189986,26462.178698999982,3169.876517699936,98239.65999999992,12415.029999999988,0,31912.0,14475.0,8862.6,6983.8,3377.7999999999997,9361.0,971.5,30.8,95401332202.42531,308.6146881176796,1263.406391833138
1,236102.99000000017,245189.6699999999,47940.53951169989,25448.874340999977,3121.441988299975,76181.85999999993,3697.6399999999976,0,31912.0,14475.0,8862.6,6983.8,3377.7999999999997,9361.0,971.5,30.8,107693548369.86052,86.62557564970761,1034.4303246386605
2,340120.6800000003,238733.6299999999,52287.183609999556,27824.516355999986,1677.7162805999324,100910.06999999996,11892.199999999986,0,31912.0,14475.0,8862.6,6983.8,3377.7999999999997,9361.0,971.5,30.8,235861199452.16837,335.4211266150182,1252.7770857947403
3,352336.9500000001,262593.36000000004,54979.24961659975,27925.199580000015,3203.797340799961,104161.50999999994,11969.799999999988,0,31912.0,14475.0,8862.6,6983.8,3377.7999999999997,9361.0,971.5,30.8,381766126146.66974,350.96072090929965,1326.2483556972784
4,143553.62000000002,212058.22000000006,38657.709904599964,19060.234502999974,3086.922764249976,57923.54999999997,376.3599999999998,0,31912.0,14475.0,8862.6,6983.8,3377.7999999999997,9361.0,971.5,30.8,369989823169.0173,34.732982370986655,765.36414739156
5,354695.0399999995,265361.19999999995,55923.23475010007,26855.12652799996,3141.477726449975,96764.2899999999,12134.699999999988,0,31912.0,14475.0,8862.6,6983.8,3377.7999999999997,9361.0,971.5,30.8,574563632312.8796,351.73691507691456,1337.5461780376
6,165331.8099999999,193408.6000000001,35701.50592369987,18594.57264199997,2678.8376990999727,72026.37999999995,304.57999999999987,0,31912.0,14475.0,8862.6,6983.8,3377.7999999999997,9361.0,971.5,30.8,556641323696.3546,35.23560359792833,768.0966930027997
7,195027.7799999997,217110.01999999987,39824.071582999786,20213.337434999983,7002.519940649941,66369.33999999997,343.3799999999998,0,31912.0,14475.0,8862.6,6983.8,3377.7999999999997,9361.0,971.5,30.8,534313884157.17145,37.721637964422946,881.4872063279589
