,contributed_CCGT,contributed_Coal,contributed_Onshore,contributed_Offshore,contributed_PV,contributed_Nuclear,contributed_Recip_gas,contributed_Biomass,total_CCGT,total_Coal,total_Onshore,total_Offshore,total_PV,total_Nuclear,total_Recip_gas,Carbon_tax,total_genco_wealth,Electricity_cost,Carbon_emitted
0,421482.7599999983,158743.4999999998,55349.89056449997,25433.74480499999,3148.5661562499404,91450.62999999998,13802.130000000006,0,31912.0,14475.0,8862.6,6983.8,3377.7999999999997,9361.0,971.5,30.8,28853835975.19207,123.46119851481028,1266.9586499930026
1,379704.13999999914,106989.94,46614.094484699934,23266.881955499957,3104.0404467999774,59984.79999999995,11391.680000000008,0,31912.0,14475.0,8862.6,6983.8,3377.7999999999997,9361.0,971.5,30.8,27275624141.70295,67.81872814768825,1061.6776282561168
2,423724.4599999982,167268.5499999998,51850.05225639964,23365.401088000017,1652.3124168999327,74966.44999999994,13773.029999999999,0,31912.0,14475.0,8862.6,6983.8,3377.7999999999997,9361.0,971.5,30.8,51741693306.52193,121.85914712354486,1290.4730075128994
3,452927.3399999978,171233.01999999981,51967.63925509985,32912.190300000024,3187.3375627999635,84310.45999999998,15372.559999999981,0,31912.0,14475.0,8862.6,6983.8,3377.7999999999997,9361.0,971.5,30.8,90450269710.51324,126.43541893063161,1358.3038302419625
4,270734.69000000024,97014.62999999999,37439.922628599925,18688.078899999975,3072.2035213499794,37930.88,2260.0999999999967,0,31912.0,14475.0,8862.6,6983.8,3377.7999999999997,9361.0,971.5,30.8,75210805601.0701,37.20448590066625,795.8932221727356
5,441789.40999999817,155879.7099999998,54420.4363317001,28542.757097999973,3121.947449349979,95055.14999999994,14704.714999999997,0,31912.0,14475.0,8862.6,6983.8,3377.7999999999997,9361.0,971.5,30.8,123057823030.91423,126.95331181367685,1303.6231417645818
6,264537.06000000006,98561.66999999995,33971.90735299994,17872.021907999977,4156.652996499978,52833.95999999997,1823.6000000000008,0,31912.0,14475.0,8862.6,6983.8,3377.7999999999997,9361.0,971.5,30.8,99408054518.75137,36.807294520247424,782.3336202346561
7,309346.9299999994,110344.86999999994,36037.07454279977,19211.254444999966,6536.7955113499465,50661.159999999974,5281.1649999999945,0,31912.0,14475.0,8862.6,6983.8,3377.7999999999997,9361.0,971.5,30.8,70566376672.78876,39.5363161494594,904.3410215582563
