,contributed_CCGT,contributed_Coal,contributed_Onshore,contributed_Offshore,contributed_PV,contributed_Nuclear,contributed_Recip_gas,contributed_Biomass,total_CCGT,total_Coal,total_Onshore,total_Offshore,total_PV,total_Nuclear,total_Recip_gas,Carbon_tax,total_genco_wealth,Electricity_cost,Carbon_emitted
0,364806.6999999981,207975.77000000005,45948.40602749961,33031.42700350003,3133.4417599999424,117118.76999999996,12802.059999999994,0,31912.0,14475.0,8862.6,6983.8,3377.7999999999997,9361.0,971.5,30.8,16309957370.01226,94.4533053758765,1253.731175546459
1,268522.2599999999,202000.79999999996,41747.643498099795,32067.88989999999,3081.4779859999794,90967.56999999992,3553.1099999999965,0,31912.0,14475.0,8862.6,6983.8,3377.7999999999997,9361.0,971.5,30.8,10715249846.435946,47.674209864861886,1028.1511002983975
2,368908.9799999982,210052.13,45569.700150399585,30961.937406000015,1637.5888898499345,97991.33999999995,13014.489999999994,0,31912.0,14475.0,8862.6,6983.8,3377.7999999999997,9361.0,971.5,30.8,28628436886.83926,103.70216732881381,1264.7603023977376
3,385269.049999998,213987.97999999984,46554.38186669947,31209.792029500015,3155.7317150499657,131994.69000000003,13036.799999999996,0,31912.0,14475.0,8862.6,6983.8,3377.7999999999997,9361.0,971.5,30.8,51169727859.807304,116.68873250504704,1315.11641129604
4,175700.2699999998,155002.69999999984,33196.07584200008,26501.333053500002,3043.41716639998,80202.50999999994,824.5000000000007,0,31912.0,14475.0,8862.6,6983.8,3377.7999999999997,9361.0,971.5,30.8,31961483302.590908,21.36515500730812,725.4842778746004
5,397468.5799999979,221798.41999999978,48142.1165502998,33864.50484150004,3109.8830784499787,104382.66999999994,12900.030000000002,0,31912.0,14475.0,8862.6,6983.8,3377.7999999999997,9361.0,971.5,30.8,69831828070.92645,115.39662326773903,1351.12471429116
6,194823.1799999999,137381.28999999995,30934.103683799964,25461.932768999977,3115.597749899975,92090.82999999991,999.1000000000008,0,31912.0,14475.0,8862.6,6983.8,3377.7999999999997,9361.0,971.5,30.8,43546266311.73942,27.916521233396512,721.7934641434202
7,210725.80000000002,169553.93999999983,34852.16371929976,25833.863793000004,6999.188508449935,90209.02999999991,950.6000000000008,0,31912.0,14475.0,8862.6,6983.8,3377.7999999999997,9361.0,971.5,30.8,12125745031.980185,32.588224635248444,830.4931546081198
