,contributed_CCGT,contributed_Coal,contributed_Onshore,contributed_Offshore,contributed_PV,contributed_Nuclear,contributed_Recip_gas,contributed_Biomass,total_CCGT,total_Coal,total_Onshore,total_Offshore,total_PV,total_Nuclear,total_Recip_gas,Carbon_tax,total_genco_wealth,Electricity_cost,Carbon_emitted
0,423323.5999999987,193044.71000000002,47742.6465233996,22138.197690500005,3138.109817049942,72426.98999999995,13191.029999999997,0,31912.0,14475.0,8862.6,6983.8,3377.7999999999997,9361.0,971.5,30.8,25330383186.277397,120.69182536755137,1341.2216239045838
1,339340.2099999991,163325.26000000013,46273.44259029975,22240.90304799997,3085.541520599978,57613.149999999965,6796.789999999996,0,31912.0,14475.0,8862.6,6983.8,3377.7999999999997,9361.0,971.5,30.8,22729791995.887405,59.00440083034433,1091.29748467348
2,406564.61999999854,193712.19000000003,48146.61147209953,23953.266483000018,1651.7256842999332,85610.25999999995,13246.319999999996,0,31912.0,14475.0,8862.6,6983.8,3377.7999999999997,9361.0,971.5,30.8,49427228455.206215,122.87941133996962,1313.575596421623
3,427645.52999999875,185620.40999999997,55152.34210079954,25010.415051,3165.5754737999655,92644.69999999997,14585.88999999998,0,31912.0,14475.0,8862.6,6983.8,3377.7999999999997,9361.0,971.5,30.8,81881790937.3855,124.1426504579128,1341.0331891131832
4,253451.6700000001,103811.33999999997,39205.87667319987,19960.739920999964,2597.9473979499835,51617.57999999997,1115.500000000001,0,31912.0,14475.0,8862.6,6983.8,3377.7999999999997,9361.0,971.5,30.8,67569006006.13347,37.0037562848888,768.6894302733187
5,422518.6499999986,192472.34000000003,54722.33762819999,28482.072477999987,3115.3226614999808,87829.61999999995,13977.699999999999,0,31912.0,14475.0,8862.6,6983.8,3377.7999999999997,9361.0,971.5,30.8,123657275217.93675,125.63876843979307,1344.6803799113236
6,241374.16,140656.71000000002,35807.61459229984,17609.74032199998,3049.9501373999788,41320.05999999999,1096.1000000000008,0,31912.0,14475.0,8862.6,6983.8,3377.7999999999997,9361.0,971.5,30.8,100787521079.55402,35.57714615701092,826.2077588605774
7,279897.9799999997,134725.95999999993,38597.91406059968,19913.634284999975,6630.709203249939,55266.719999999965,3270.3549999999973,0,31912.0,14475.0,8862.6,6983.8,3377.7999999999997,9361.0,971.5,30.8,73120777998.07275,38.765166444359345,894.8344145420775
