,contributed_CCGT,contributed_Coal,contributed_Onshore,contributed_Offshore,contributed_PV,contributed_Nuclear,contributed_Recip_gas,contributed_Biomass,total_CCGT,total_Coal,total_Onshore,total_Offshore,total_PV,total_Nuclear,total_Recip_gas,Carbon_tax,total_genco_wealth,Electricity_cost,Carbon_emitted
0,367508.3199999991,149496.4199999998,57612.84928059999,31919.882987000005,3169.441439899936,131536.84999999992,13116.824999999993,0,31912.0,14475.0,8862.6,6983.8,3377.7999999999997,9361.0,971.5,30.8,32365427086.255165,126.52008977360147,1131.8210718251567
1,300285.48999999993,119059.60999999984,47423.41210289979,24790.74724899998,3133.8798947499736,114804.34999999992,9738.79999999999,0,31912.0,14475.0,8862.6,6983.8,3377.7999999999997,9361.0,971.5,30.8,35799610039.3189,72.46070602306243,921.6245301747787
2,379396.9499999988,139492.95999999985,55955.19779239966,31654.440466000022,1675.7189964499335,136531.37999999995,13251.17,0,31912.0,14475.0,8862.6,6983.8,3377.7999999999997,9361.0,971.5,30.8,72201034331.89432,125.72798147532717,1137.4503904380765
3,370368.43999999884,171606.03999999992,56527.215085899705,25823.73152800001,3195.547905249961,148364.40999999992,14103.79999999998,0,31912.0,14475.0,8862.6,6983.8,3377.7999999999997,9361.0,971.5,30.8,113078968253.9665,132.725245261761,1192.5104165239168
4,190266.25999999963,99898.9699999999,38490.06891739999,19181.46941799997,2614.90483364998,106825.12999999993,182.35999999999996,0,31912.0,14475.0,8862.6,6983.8,3377.7999999999997,9361.0,971.5,30.8,100732624259.36485,37.54902453960312,633.3430991800611
5,377526.3799999989,159429.00999999992,59697.36483730003,28926.477247999966,3140.0043883999756,151573.16999999995,13460.689999999975,0,31912.0,14475.0,8862.6,6983.8,3377.7999999999997,9361.0,971.5,30.8,162878879955.7728,131.74189165295954,1178.5637210359764
6,217384.9299999999,82423.21999999996,36401.171084999885,18700.939505999973,4231.918332799987,100237.85999999994,4338.809999999994,0,31912.0,14475.0,8862.6,6983.8,3377.7999999999997,9361.0,971.5,30.8,144102776996.8112,39.45222927579988,655.8037869415608
7,246542.9199999998,111414.34999999987,42272.43104539971,19721.14857199997,7188.6579420499365,91305.12999999996,7421.47,0,31912.0,14475.0,8862.6,6983.8,3377.7999999999997,9361.0,971.5,30.8,121053897335.70901,41.48701356154436,784.7143862612999
