,contributed_CCGT,contributed_Coal,contributed_Onshore,contributed_Offshore,contributed_PV,contributed_Nuclear,contributed_Recip_gas,contributed_Biomass,total_CCGT,total_Coal,total_Onshore,total_Offshore,total_PV,total_Nuclear,total_Recip_gas,Carbon_tax,total_genco_wealth,Electricity_cost,Carbon_emitted
0,428639.6799999991,157578.60000000003,47832.99035429951,38270.575952000036,3155.1272813999394,79838.75999999995,14048.994999999977,0,31912.0,14475.0,8862.6,6983.8,3377.7999999999997,9361.0,971.5,30.8,29261174906.205215,125.71771498743875,1274.6631380128028
1,356693.8299999991,136814.2599999999,41389.75974769975,34987.09337200004,3110.5767900999776,51442.979999999974,10783.48999999999,0,31912.0,14475.0,8862.6,6983.8,3377.7999999999997,9361.0,971.5,30.8,33178811094.25238,76.8539120750695,1077.9190812554798
2,422052.73999999865,157155.69,43520.44352139952,34979.260444000065,1656.196783949934,104250.75,13302.579999999982,0,31912.0,14475.0,8862.6,6983.8,3377.7999999999997,9361.0,971.5,30.8,68335706166.21064,123.77770455826673,1261.1956668346227
3,424978.74999999936,177725.93000000008,51049.25840649941,37387.004208000115,3176.9758962499654,96690.56999999998,14480.15999999997,0,31912.0,14475.0,8862.6,6983.8,3377.7999999999997,9361.0,971.5,30.8,105664191431.42937,132.50464274375227,1315.473556610141
4,249139.2199999997,112576.40999999999,31636.008701199924,29501.93285450001,3049.712481649979,49834.71999999997,940.9,0,31912.0,14475.0,8862.6,6983.8,3377.7999999999997,9361.0,971.5,30.8,91314284587.49536,37.613170328792414,782.6834584411787
5,423356.469999999,199651.8399999999,51071.826494399626,39192.95724800006,3122.3220316499787,78769.81999999995,14366.669999999967,0,31912.0,14475.0,8862.6,6983.8,3377.7999999999997,9361.0,971.5,30.8,137738971329.69147,130.8356704153407,1358.5124552323243
6,270632.36999999953,96724.51999999992,31696.170012099923,28758.828689999988,4216.228362799982,46752.05999999998,1610.2,0,31912.0,14475.0,8862.6,6983.8,3377.7999999999997,9361.0,971.5,30.8,115604972342.19548,38.72308216433429,791.450364058959
7,296853.3899999993,105612.23999999993,34475.669442199855,33423.97726700005,7094.997774849932,51617.57999999997,8228.994999999999,0,31912.0,14475.0,8862.6,6983.8,3377.7999999999997,9361.0,971.5,30.8,89553839319.73378,42.50260901696702,881.4916091415166
