,contributed_CCGT,contributed_Coal,contributed_Onshore,contributed_Offshore,contributed_PV,contributed_Nuclear,contributed_Recip_gas,contributed_Biomass,total_CCGT,total_Coal,total_Onshore,total_Offshore,total_PV,total_Nuclear,total_Recip_gas,Carbon_tax,total_genco_wealth,Electricity_cost,Carbon_emitted
0,320121.45999999973,278850.5600000002,53103.98041319967,25392.390481999995,3157.442530199938,93735.94999999992,12687.599999999982,0,31912.0,14475.0,8862.6,6983.8,3377.7999999999997,9361.0,971.5,30.8,65482140779.00872,239.48452554043828,1298.4899092028807
1,239583.17999999932,264230.3600000002,46085.88100409986,22399.20951849997,3092.0693919499768,74061.43999999994,3181.5999999999976,0,31912.0,14475.0,8862.6,6983.8,3377.7999999999997,9361.0,971.5,30.8,70862916892.26305,80.2253315865181,1082.6988583232778
2,333998.5499999996,276334.1700000001,48431.56130079954,20795.585524999966,1659.2302805999343,86845.06999999993,13101.789999999988,0,31912.0,14475.0,8862.6,6983.8,3377.7999999999997,9361.0,971.5,30.8,154743901351.8657,279.9898286104794,1323.0675999896587
3,354068.4899999992,279815.23000000016,55090.22324259952,26000.194560000007,3181.2869043499636,96593.56999999992,12890.329999999987,0,31912.0,14475.0,8862.6,6983.8,3377.7999999999997,9361.0,971.5,30.8,274649503842.54013,342.4344078681168,1375.9682040715397
4,149924.72999999966,203727.17000000007,41672.507734599996,18795.328256999972,3060.553909949977,66183.09999999995,973.8800000000008,0,31912.0,14475.0,8862.6,6983.8,3377.7999999999997,9361.0,971.5,30.8,259563117479.13562,30.94604160904232,760.9205779836591
5,338818.00999999914,290779.7800000002,55513.611209399765,24080.561752999984,3120.3199419999773,95096.8599999999,13254.079999999989,0,31912.0,14475.0,8862.6,6983.8,3377.7999999999997,9361.0,971.5,30.8,426733951296.6747,322.6086850687511,1365.4413674324394
6,138134.94999999984,232813.9300000001,39008.97596579987,18850.343725999974,2673.287781649974,69510.19999999994,1156.2400000000007,0,31912.0,14475.0,8862.6,6983.8,3377.7999999999997,9361.0,971.5,30.8,403712664916.1052,32.260139208129495,802.2616534741378
7,169545.56999999972,248300.15000000023,40936.04707829979,20383.53235749999,6010.114786749974,65104.45999999995,1386.1300000000008,0,31912.0,14475.0,8862.6,6983.8,3377.7999999999997,9361.0,971.5,30.8,375040819010.85236,34.51281446751648,901.047809109699
