,contributed_CCGT,contributed_Coal,contributed_Onshore,contributed_Offshore,contributed_PV,contributed_Nuclear,contributed_Recip_gas,contributed_Biomass,total_CCGT,total_Coal,total_Onshore,total_Offshore,total_PV,total_Nuclear,total_Recip_gas,Carbon_tax,total_genco_wealth,Electricity_cost,Carbon_emitted
0,329027.99999999895,212700.21999999954,23300.55530880004,29579.745223999984,3154.551064599939,165604.86687359976,17595.80000000001,0,31912.0,14475.0,8862.6,6983.8,3377.7999999999997,9361.0,971.5,30.8,17199391786.9383,102.16517826085214,1191.2035350275585
1,264547.2600000004,152721.22000000003,23464.752699000044,29595.668287999964,3122.2863189999775,165604.86687359976,13408.309999999992,0,31912.0,14475.0,8862.6,6983.8,3377.7999999999997,9361.0,971.5,30.8,12812038826.184402,57.53119094819315,916.1216681255615
2,325279.55999999895,213054.1399999995,21601.84304159999,29224.130127999983,1658.9456695999324,165604.86687359976,17695.225000000013,0,31912.0,14475.0,8862.6,6983.8,3377.7999999999997,9361.0,971.5,30.8,22079807280.28619,90.06558657727248,1184.5857709577194
3,364803.25999999826,203706.5399999995,23278.20383160005,29656.706700000013,3188.160174599965,165604.86687359976,18430.970000000023,0,31912.0,14475.0,8862.6,6983.8,3377.7999999999997,9361.0,971.5,30.8,49304857737.76892,134.0720328062694,1245.5486477229185
4,156040.14000000022,118270.11000000003,21963.9421307,29595.668287999968,3116.600719849977,144165.6618696001,12571.199999999995,0,31912.0,14475.0,8862.6,6983.8,3377.7999999999997,9361.0,971.5,30.8,36636429806.58924,43.21204569063079,606.1887071137812
5,348177.7799999987,222911.75999999946,23464.752699000044,29595.668287999964,3122.2863189999775,165604.86687359976,18237.94000000002,0,31912.0,14475.0,8862.6,6983.8,3377.7999999999997,9361.0,971.5,30.8,52388654853.29282,92.20647196433731,1256.0154819204768
6,161911.6200000003,121414.31000000003,25107.37461920003,32799.186790999986,4477.2553294999825,132812.50266480024,12571.199999999995,0,31912.0,14475.0,8862.6,6983.8,3377.7999999999997,9361.0,971.5,30.8,32978528684.45839,43.373728201022175,625.2181924653812
7,199921.98000000053,117079.58000000003,31176.446931799932,38204.78456500007,7414.32966199993,144090.47538480008,10475.999999999998,0,31912.0,14475.0,8862.6,6983.8,3377.7999999999997,9361.0,971.5,30.8,10241503298.820456,44.916128516452794,695.752397492844
