,contributed_CCGT,contributed_Coal,contributed_Onshore,contributed_Offshore,contributed_PV,contributed_Nuclear,contributed_Recip_gas,contributed_Biomass,total_CCGT,total_Coal,total_Onshore,total_Offshore,total_PV,total_Nuclear,total_Recip_gas,Carbon_tax,total_genco_wealth,Electricity_cost,Carbon_emitted
0,418815.9599999974,134559.93999999992,57253.77728019951,35080.5838245001,3160.287463649937,91270.20999999999,14072.274999999998,0,31912.0,14475.0,8862.6,6983.8,3377.7999999999997,9361.0,971.5,30.8,14065787816.444845,71.82647304559495,1203.404452926115
1,365912.3899999984,113510.85999999991,46478.96483229988,31179.07648449999,3122.1234438999727,57793.56999999994,7628.565000000001,0,31912.0,14475.0,8862.6,6983.8,3377.7999999999997,9361.0,971.5,30.8,10348123863.980707,49.6869611171143,1037.000430472277
2,419639.33999999764,140318.7799999999,55410.94475069945,33727.932376000084,1672.2071936999334,89488.32,13303.55000000001,0,31912.0,14475.0,8862.6,6983.8,3377.7999999999997,9361.0,971.5,30.8,21956328853.530853,71.61577375177573,1215.1842066344352
3,418862.28999999753,177279.30999999985,53672.6426900995,33624.33221600004,3171.2443061499616,98342.48000000003,14980.679999999973,0,31912.0,14475.0,8862.6,6983.8,3377.7999999999997,9361.0,971.5,30.8,34977990208.686424,72.05444302720886,1301.8479417553715
4,233512.12000000058,99843.13999999985,39723.244263700035,27201.994569000006,3084.0951018499754,40600.319999999985,1345.390000000001,0,31912.0,14475.0,8862.6,6983.8,3377.7999999999997,9361.0,971.5,30.8,22197193915.194843,35.357908166071184,720.8640178897217
5,408523.4399999972,172516.79999999984,51631.1501447999,30870.341823500006,3116.956457149975,101076.91000000002,13935.505000000001,0,31912.0,14475.0,8862.6,6983.8,3377.7999999999997,9361.0,971.5,30.8,33625560983.55733,70.86494628135141,1271.655695716393
6,261084.50000000052,96511.83999999985,34950.510748599976,24026.22495899998,4139.18084494998,39886.39999999998,897.2500000000007,0,31912.0,14475.0,8862.6,6983.8,3377.7999999999997,9361.0,971.5,30.8,14042412020.67065,36.31204193353047,767.4529379723193
7,306391.31999999966,92072.7199999999,39750.23600749985,25863.179738500003,7121.823107749937,39886.39999999998,5142.454999999991,0,31912.0,14475.0,8862.6,6983.8,3377.7999999999997,9361.0,971.5,30.8,-8998345558.01417,40.2158130875509,863.1944129925578
