,contributed_CCGT,contributed_Coal,contributed_Onshore,contributed_Offshore,contributed_PV,contributed_Nuclear,contributed_Recip_gas,contributed_Biomass,total_CCGT,total_Coal,total_Onshore,total_Offshore,total_PV,total_Nuclear,total_Recip_gas,Carbon_tax,total_genco_wealth,Electricity_cost,Carbon_emitted
0,398565.01999999885,163503.96000000014,51719.317625499585,36870.59754600009,3153.70708034994,101887.82999999997,13754.114999999982,0,31912.0,14475.0,8862.6,6983.8,3377.7999999999997,9361.0,971.5,30.8,35390213971.229485,128.549834685723,1230.9606482660818
1,349273.4799999994,136911.09999999998,42706.16171479972,35206.56724800005,3110.3189297499766,59743.26999999995,10929.959999999992,0,31912.0,14475.0,8862.6,6983.8,3377.7999999999997,9361.0,971.5,30.8,38549956311.21384,86.7866693699039,1063.3691934377996
2,418258.33999999944,161297.3100000001,43309.66025159954,34818.84904900006,1652.5414733499329,86609.35999999997,14452.999999999967,0,31912.0,14475.0,8862.6,6983.8,3377.7999999999997,9361.0,971.5,30.8,68679231041.37097,124.0168895019426,1263.8885300193815
3,413723.02999999945,187606.37000000002,47330.698009099404,35292.77940000008,3173.436500149965,118945.28000000001,14359.879999999977,0,31912.0,14475.0,8862.6,6983.8,3377.7999999999997,9361.0,971.5,30.8,103366676477.98035,137.29185592194924,1315.5617209852605
4,272712.28999999963,87076.0399999999,29581.552464799937,27393.916128000004,3018.2183436499818,51617.57999999997,3097.2100000000005,0,31912.0,14475.0,8862.6,6983.8,3377.7999999999997,9361.0,971.5,30.8,88211221362.16516,39.640818554944055,775.8857536239183
5,418012.22999999917,188723.0100000001,48464.433659899594,37975.14141800005,3118.6587518499796,92500.16999999998,14325.929999999966,0,31912.0,14475.0,8862.6,6983.8,3377.7999999999997,9361.0,971.5,30.8,141751495521.09842,130.69021538274862,1327.920216427983
6,254852.9599999997,111400.20999999999,29425.89844659994,26756.208221999987,3349.870042199982,52007.519999999975,1689.255,0,31912.0,14475.0,8862.6,6983.8,3377.7999999999997,9361.0,971.5,30.8,118066385609.3862,38.8225067677366,791.0500693635771
7,306277.55999999965,114497.00999999998,29758.182044299923,28194.47496500001,6946.171983149941,46185.57999999998,8238.694999999998,0,31912.0,14475.0,8862.6,6983.8,3377.7999999999997,9361.0,971.5,30.8,92417733548.89171,43.345017091533045,913.4262729299768
