,contributed_CCGT,contributed_Coal,contributed_Onshore,contributed_Offshore,contributed_PV,contributed_Nuclear,contributed_Recip_gas,contributed_Biomass,total_CCGT,total_Coal,total_Onshore,total_Offshore,total_PV,total_Nuclear,total_Recip_gas,Carbon_tax,total_genco_wealth,Electricity_cost,Carbon_emitted
0,355427.79,226101.42999999996,43090.94820179976,29474.78522450002,3079.9227657999436,66098.70999999998,8442.87999999999,0,31912.0,14475.0,8862.6,6983.8,3377.7999999999997,9361.0,971.5,30.8,8291730769.984393,59.99392211658644,1267.4698743191373
1,256745.4800000001,217883.3400000001,37597.83552459998,28674.336275499998,3057.567529049979,38351.859999999986,2864.409999999997,0,31912.0,14475.0,8862.6,6983.8,3377.7999999999997,9361.0,971.5,30.8,-752749053.4977472,31.07739331299146,1028.6459251693173
2,348565.7899999999,237971.6699999999,42051.9746445997,29872.38480700002,1635.9290907999343,59934.35999999998,10158.810000000001,0,31912.0,14475.0,8862.6,6983.8,3377.7999999999997,9361.0,971.5,30.8,7034708381.378103,71.14015086084889,1285.873502014655
3,370975.1699999996,248773.67999999988,41652.37472499975,29721.634275500015,3129.8984116499673,67779.71999999997,12888.389999999998,0,31912.0,14475.0,8862.6,6983.8,3377.7999999999997,9361.0,971.5,30.8,18948215292.044476,73.0357396738335,1357.4647943246362
4,155815.4799999998,190165.5900000001,30452.512874899985,27320.580339000007,2726.0044849999804,31967.31999999998,1105.8000000000009,0,31912.0,14475.0,8862.6,6983.8,3377.7999999999997,9361.0,971.5,30.8,-3650480944.427565,9.430374311181184,762.9701355948188
5,377319.09999999945,241816.49999999988,43109.85799289996,30733.759461499998,3070.6611203499806,57297.89999999999,11281.585000000006,0,31912.0,14475.0,8862.6,6983.8,3377.7999999999997,9361.0,971.5,30.8,9701266460.920158,72.27894163884508,1356.282760536996
6,168023.23999999993,160267.67999999988,28167.950018099957,23300.66225499997,4167.078367699979,39616.74,863.3000000000009,0,31912.0,14475.0,8862.6,6983.8,3377.7999999999997,9361.0,971.5,30.8,-23026270102.849514,13.22424677683342,718.1825568166397
7,203150.95999999993,174309.9099999999,34484.000529699835,26218.551017,6957.099540799937,50034.539999999986,1154.3000000000009,0,31912.0,14475.0,8862.6,6983.8,3377.7999999999997,9361.0,971.5,30.8,-55591229170.0098,25.058271372615284,823.7792823541776
