,contributed_CCGT,contributed_Coal,contributed_Onshore,contributed_Offshore,contributed_PV,contributed_Nuclear,contributed_Recip_gas,contributed_Biomass,total_CCGT,total_Coal,total_Onshore,total_Offshore,total_PV,total_Nuclear,total_Recip_gas,Carbon_tax,total_genco_wealth,Electricity_cost,Carbon_emitted
0,357362.17999999854,252511.52,23298.29773080004,29579.745223999984,3154.551064599939,96282.19999999997,13258.92999999999,0,31912.0,14475.0,8862.6,6983.8,3377.7999999999997,9361.0,971.5,30.8,30695344762.393677,145.77452183981327,1330.6012688849573
1,273511.8600000001,230988.89000000004,23177.741309900037,29595.668287999964,3122.278169949978,74789.90999999997,4784.039999999998,0,31912.0,14475.0,8862.6,6983.8,3377.7999999999997,9361.0,971.5,30.8,25146709721.164448,56.755483731239444,1091.458860328221
2,358653.8999999986,251537.02999999997,21049.358143399877,28965.53982399998,1657.8571793999326,97417.09999999996,13268.62999999999,0,31912.0,14475.0,8862.6,6983.8,3377.7999999999997,9361.0,971.5,30.8,63919532816.49174,168.17982291955005,1330.1445067679363
3,378543.6999999984,257467.97999999998,23275.03588920005,29656.706700000013,3187.2537992499647,101669.57999999996,13269.59999999999,0,31912.0,14475.0,8862.6,6983.8,3377.7999999999997,9361.0,971.5,30.8,101884778903.2105,158.7971632357496,1384.6812495160364
4,152150.64000000028,212357.02999999997,18375.672443700012,23439.413668999976,2603.510064849983,75864.66999999998,148.41000000000003,0,31912.0,14475.0,8862.6,6983.8,3377.7999999999997,9361.0,971.5,30.8,87224263079.92926,40.27115938685658,783.0201235279409
5,372093.41999999847,263640.04,23464.752699000044,29595.668287999964,3122.2863189999775,100975.05999999995,13270.56999999999,0,31912.0,14475.0,8862.6,6983.8,3377.7999999999997,9361.0,971.5,30.8,144699202320.9356,160.76137005917622,1384.4373028759173
6,173477.79000000024,210930.92,16839.959606999997,21121.00714499997,3061.537807899977,66541.99999999997,174.6,0,31912.0,14475.0,8862.6,6983.8,3377.7999999999997,9361.0,971.5,30.8,121804200362.29285,37.97605763081219,825.0807337661616
7,217222.62000000023,197617.22999999992,24146.347953400036,30114.756524500004,7331.836560199927,67991.17999999998,200.78999999999996,0,31912.0,14475.0,8862.6,6983.8,3377.7999999999997,9361.0,971.5,30.8,95298811400.48888,41.18359922886621,886.3121508875419
