,contributed_CCGT,contributed_Coal,contributed_Onshore,contributed_Offshore,contributed_PV,contributed_Nuclear,contributed_Recip_gas,contributed_Biomass,total_CCGT,total_Coal,total_Onshore,total_Offshore,total_PV,total_Nuclear,total_Recip_gas,Carbon_tax,total_genco_wealth,Electricity_cost,Carbon_emitted
0,371564.3399999979,222983.14,49944.72049289959,33566.10425300007,3136.654396349942,101846.11999999995,12876.749999999998,0,31912.0,14475.0,8862.6,6983.8,3377.7999999999997,9361.0,971.5,30.8,21527146566.86149,105.22402441878474,1282.1848608497173
1,269015.55999999994,200752.39999999994,43055.720634199744,33869.744044000036,3091.8004940999786,99293.07999999997,4361.604999999997,0,31912.0,14475.0,8862.6,6983.8,3377.7999999999997,9361.0,971.5,30.8,15894147476.486532,48.11249949114355,1003.2446165651971
2,371347.99999999796,207514.19999999998,44042.60133079957,29462.642657000015,1641.1108020499337,117570.79,12970.839999999995,0,31912.0,14475.0,8862.6,6983.8,3377.7999999999997,9361.0,971.5,30.8,39727096733.79421,109.12933083222013,1247.419331571597
3,397450.599999998,236579.90999999992,50077.04170429948,32512.06154000002,3160.7132718499647,102732.69999999998,12829.22,0,31912.0,14475.0,8862.6,6983.8,3377.7999999999997,9361.0,971.5,30.8,70898358759.93704,120.85097143044327,1363.8430378141793
4,172720.91999999975,162489.0499999998,33777.45680740007,26333.756313000005,2753.602163199982,85828.50999999994,950.6000000000008,0,31912.0,14475.0,8862.6,6983.8,3377.7999999999997,9361.0,971.5,30.8,53720821258.94269,26.285450811639464,715.1309267918992
5,383494.2299999981,215493.70000000004,48707.115399099705,34074.92132950006,3109.643478099979,130454.33000000005,12790.42,0,31912.0,14475.0,8862.6,6983.8,3377.7999999999997,9361.0,971.5,30.8,94603547122.90431,113.88430473124974,1290.6968262125977
6,194315.95999999993,141723.29999999993,34488.69491259994,26963.847219999985,4153.798938499977,91558.29999999992,1105.8000000000009,0,31912.0,14475.0,8862.6,6983.8,3377.7999999999997,9361.0,971.5,30.8,68746199958.67517,27.965750128619618,712.9472609734004
7,218487.3000000001,171861.7799999999,36999.58454229972,29711.73954450001,6056.535737049962,89636.72999999994,1115.500000000001,0,31912.0,14475.0,8862.6,6983.8,3377.7999999999997,9361.0,971.5,30.8,40488254989.29202,36.365558006354235,829.6633936084394
