,contributed_CCGT,contributed_Coal,contributed_Onshore,contributed_Offshore,contributed_PV,contributed_Nuclear,contributed_Recip_gas,contributed_Biomass,total_CCGT,total_Coal,total_Onshore,total_Offshore,total_PV,total_Nuclear,total_Recip_gas,Carbon_tax,total_genco_wealth,Electricity_cost,Carbon_emitted
0,408217.08999999764,181256.09999999998,23300.55530880004,29579.745223999984,3154.551064599939,112292.04999999997,14085.854999999994,0,31912.0,14475.0,8862.6,6983.8,3377.7999999999997,9361.0,971.5,30.8,18142681719.46994,93.98291007534529,1277.9382316177978
1,333001.25999999937,136654.62000000005,23464.752699000044,29595.668287999964,3122.278169949978,88023.61999999995,12339.855000000003,0,31912.0,14475.0,8862.6,6983.8,3377.7999999999997,9361.0,971.5,30.8,21807448139.649216,67.13784169919609,1016.1803440887581
2,382412.5699999984,211402.63999999972,21601.84304159999,29224.130127999983,1658.9456695999324,103012.05999999997,14112.044999999993,0,31912.0,14475.0,8862.6,6983.8,3377.7999999999997,9361.0,971.5,30.8,39482077399.90638,102.2930180674586,1291.6484811007158
3,403945.0899999981,217592.18999999977,23278.20383160005,29656.706700000013,3188.160174599965,111573.27999999996,15049.54999999998,0,31912.0,14475.0,8862.6,6983.8,3377.7999999999997,9361.0,971.5,30.8,62739510005.569084,114.84121679391421,1356.9340716616184
4,233517.4300000002,115911.04000000005,22863.31852590002,29516.44056799997,3121.4124005499775,56329.83999999997,3587.059999999998,0,31912.0,14475.0,8862.6,6983.8,3377.7999999999997,9361.0,971.5,30.8,57623104976.009056,50.927220274793974,747.668263373919
5,422195.0999999979,201218.33999999965,23464.752699000044,29595.668287999964,3122.2863189999775,115302.93,15069.919999999976,0,31912.0,14475.0,8862.6,6983.8,3377.7999999999997,9361.0,971.5,30.8,92232925118.53874,112.57780902971405,1353.9419869193189
6,221714.44000000032,112039.40000000002,24468.943171700008,30549.526408999976,4484.679203599983,73416.38999999996,6826.374999999995,0,31912.0,14475.0,8862.6,6983.8,3377.7999999999997,9361.0,971.5,30.8,82572285042.36887,50.56439224297103,722.7790836911995
7,259169.81000000026,124340.17000000006,32700.663648599897,38158.13439700007,7426.079209049932,65070.509999999966,11028.900000000007,0,31912.0,14475.0,8862.6,6983.8,3377.7999999999997,9361.0,971.5,30.8,78537564024.2431,57.942826441892386,833.7054834776588
