,contributed_CCGT,contributed_Coal,contributed_Onshore,contributed_Offshore,contributed_PV,contributed_Nuclear,contributed_Recip_gas,contributed_Biomass,total_CCGT,total_Coal,total_Onshore,total_Offshore,total_PV,total_Nuclear,total_Recip_gas,Carbon_tax,total_genco_wealth,Electricity_cost,Carbon_emitted
0,394321.73999999807,221732.7899999998,23300.55530880004,29579.745223999984,3154.551064599939,79112.22999999998,13088.210000000001,0,31912.0,14475.0,8862.6,6983.8,3377.7999999999997,9361.0,971.5,30.8,51404800381.92982,222.5188956230634,1336.6030175204141
1,310529.38999999943,209846.03999999972,23464.752699000044,29595.668287999964,3122.2863189999775,56215.380000000005,6409.274999999996,0,31912.0,14475.0,8862.6,6983.8,3377.7999999999997,9361.0,971.5,30.8,60569855056.73598,102.90066960463348,1123.6969394339192
2,384025.91999999824,227562.25999999986,21589.88465849999,29224.130127999983,1658.9456695999324,84357.98999999996,13076.570000000002,0,31912.0,14475.0,8862.6,6983.8,3377.7999999999997,9361.0,971.5,30.8,140814520071.4177,286.830180402154,1328.6867414194744
3,397231.139999998,227195.25999999983,23278.20383160005,29656.706700000013,3188.160174599965,100363.95999999993,14717.324999999992,0,31912.0,14475.0,8862.6,6983.8,3377.7999999999997,9361.0,971.5,30.8,234384055979.8737,317.3910120992062,1358.0051476034741
4,210856.6200000004,173695.9699999999,20012.4413257,26087.22868399998,3111.597630999977,47316.600000000006,0.0,0,31912.0,14475.0,8862.6,6983.8,3377.7999999999997,9361.0,971.5,30.8,220718686472.4796,43.28017744191945,819.3204573860621
5,410734.5399999979,229496.52999999988,23464.752699000044,29595.668287999964,3122.2863189999775,86056.45999999996,13968.484999999999,0,31912.0,14475.0,8862.6,6983.8,3377.7999999999997,9361.0,971.5,30.8,351844887394.22375,291.5400441618114,1389.031953678935
6,216417.84000000035,176596.8699999997,18954.284330699957,24321.021439999982,4211.1609272999785,45017.7,0.0,0,31912.0,14475.0,8862.6,6983.8,3377.7999999999997,9361.0,971.5,30.8,330101894216.5521,42.047422694000225,839.9497248442611
7,247687.9800000001,183761.79999999976,23952.564690200044,29405.535506500004,7337.956397249926,48655.2,3708.3099999999995,0,31912.0,14475.0,8862.6,6983.8,3377.7999999999997,9361.0,971.5,30.8,305119436886.901,45.00253516613609,930.5932578564016
