,contributed_CCGT,contributed_Coal,contributed_Onshore,contributed_Offshore,contributed_PV,contributed_Nuclear,contributed_Recip_gas,contributed_Biomass,total_CCGT,total_Coal,total_Onshore,total_Offshore,total_PV,total_Nuclear,total_Recip_gas,Carbon_tax,total_genco_wealth,Electricity_cost,Carbon_emitted
0,383980.7099999995,126640.38,55898.57419759983,36026.4224540001,3165.336671249937,131196.37999999995,12597.875000000002,0,31912.0,14475.0,8862.6,6983.8,3377.7999999999997,9361.0,971.5,30.8,32886374856.66705,122.93061715657838,1115.5685530812386
1,328134.9400000003,89770.40999999993,50687.986640099814,31913.324315499976,3125.389321949973,106701.93999999994,10040.469999999987,0,31912.0,14475.0,8862.6,6983.8,3377.7999999999997,9361.0,971.5,30.8,37675490828.256996,68.85802207554853,915.7783614731754
2,377335.8499999998,147804.80999999994,56583.14985459974,34933.697748000064,1673.4591827999338,110038.73999999992,12933.009999999993,0,31912.0,14475.0,8862.6,6983.8,3377.7999999999997,9361.0,971.5,30.8,75228403206.07843,124.82123473870512,1151.1675381043783
3,411182.43999999855,159484.64999999997,55928.12389929959,35605.33973600011,3188.223478549962,124852.57999999991,14172.66999999998,0,31912.0,14475.0,8862.6,6983.8,3377.7999999999997,9361.0,971.5,30.8,115823809821.67567,130.8459578288974,1246.0920772206991
4,198871.9999999997,94327.68999999993,38214.92032760001,28496.80578300001,3086.9088965499755,94018.21999999994,205.63999999999993,0,31912.0,14475.0,8862.6,6983.8,3377.7999999999997,9361.0,971.5,30.8,102914978590.86774,34.30686498629459,634.789467370621
5,373360.83999999973,173847.44999999992,55384.421322899914,36903.84716000007,3136.0683474999755,135313.0599999999,12533.37,0,31912.0,14475.0,8862.6,6983.8,3377.7999999999997,9361.0,971.5,30.8,156974479660.04434,123.79018516209415,1200.3984934150958
6,241929.32000000007,76113.63999999998,34456.33575139988,24147.630968999983,4087.605040599972,90591.20999999995,302.63999999999993,0,31912.0,14475.0,8862.6,6983.8,3377.7999999999997,9361.0,971.5,30.8,138873793936.68127,37.631875540669164,682.1276196687206
7,245681.85999999993,100248.0299999999,39652.03065639978,26662.278955,6997.7000570499395,103004.29999999993,1673.2500000000011,0,31912.0,14475.0,8862.6,6983.8,3377.7999999999997,9361.0,971.5,30.8,116125372651.60953,38.71545175390512,748.7439637459391
