,contributed_CCGT,contributed_Coal,contributed_Onshore,contributed_Offshore,contributed_PV,contributed_Nuclear,contributed_Recip_gas,contributed_Biomass,total_CCGT,total_Coal,total_Onshore,total_Offshore,total_PV,total_Nuclear,total_Recip_gas,Carbon_tax,total_genco_wealth,Electricity_cost,Carbon_emitted
0,350802.3199999989,260057.73,23300.55530880004,29579.745223999984,3154.551064599939,93039.48999999996,13269.59999999999,0,31912.0,14475.0,8862.6,6983.8,3377.7999999999997,9361.0,971.5,30.8,30722010745.81447,146.2044235823639,1334.145011086537
1,272297.28000000014,229851.95000000022,23451.861981000045,29595.668287999964,3122.0980251999777,80508.05999999997,3940.1400000000003,0,31912.0,14475.0,8862.6,6983.8,3377.7999999999997,9361.0,971.5,30.8,25191408411.423927,55.787409671179546,1084.7431802861006
2,355403.87999999867,253109.99999999994,21142.6807860999,29147.89422399998,1657.537366499933,98302.70999999995,13269.59999999999,0,31912.0,14475.0,8862.6,6983.8,3377.7999999999997,9361.0,971.5,30.8,65853536732.02965,170.62296818324887,1326.1818973799961
3,374720.43999999843,258923.2899999999,22698.847712100058,29656.706700000013,3185.9006191499643,103284.62999999995,13269.59999999999,0,31912.0,14475.0,8862.6,6983.8,3377.7999999999997,9361.0,971.5,30.8,102391420624.92392,155.36593772456703,1380.1674075394158
4,166775.76000000027,202552.48999999993,18898.761346399984,24306.426551999983,2916.9499798999805,65668.02999999998,165.87,0,31912.0,14475.0,8862.6,6983.8,3377.7999999999997,9361.0,971.5,30.8,88065164416.4412,40.189644014816345,791.790899661022
5,373797.55999999854,267029.32,23464.752699000044,29595.668287999964,3122.2863189999775,98787.70999999995,13271.53999999999,0,31912.0,14475.0,8862.6,6983.8,3377.7999999999997,9361.0,971.5,30.8,144183841654.61832,158.05986583527064,1396.3856784693558
6,187403.49000000008,183919.39999999988,18800.89825009999,24366.78302549998,3249.918371899976,71987.57999999997,174.6,0,31912.0,14475.0,8862.6,6983.8,3377.7999999999997,9361.0,971.5,30.8,123232456350.65765,40.758934219775064,792.1050737012021
7,215434.8300000003,219164.33000000005,21371.167564700016,26163.023028,7137.850076649928,61264.22999999998,183.32999999999998,0,31912.0,14475.0,8862.6,6983.8,3377.7999999999997,9361.0,971.5,30.8,96507668061.9964,40.36055089112429,929.8034795533416
