,contributed_CCGT,contributed_Coal,contributed_Onshore,contributed_Offshore,contributed_PV,contributed_Nuclear,contributed_Recip_gas,contributed_Biomass,total_CCGT,total_Coal,total_Onshore,total_Offshore,total_PV,total_Nuclear,total_Recip_gas,Carbon_tax,total_genco_wealth,Electricity_cost,Carbon_emitted
0,333548.52999999904,214368.49000000008,57009.82155270002,25009.427457,3169.1054023999363,117229.34999999995,13729.864999999998,0,31912.0,14475.0,8862.6,6983.8,3377.7999999999997,9361.0,971.5,30.8,32534298326.758224,125.75003600082054,1212.4269565790153
1,251925.19000000012,168568.7299999999,54276.96330189996,24241.704267999972,3129.454191849974,112459.85999999994,9980.814999999991,0,31912.0,14475.0,8862.6,6983.8,3377.7999999999997,9361.0,971.5,30.8,36273496210.39967,71.76603841873516,936.7818829745386
2,329719.6699999992,206608.23000000004,59633.44628959977,25255.43838000001,1676.3503392499326,123436.37999999998,12891.785000000005,0,31912.0,14475.0,8862.6,6983.8,3377.7999999999997,9361.0,971.5,30.8,70141499547.45865,123.52639012424311,1185.6368397355352
3,356506.9999999985,209357.49000000008,58770.81525009977,27752.649888000007,3197.855758999961,137436.38999999996,14234.749999999975,0,31912.0,14475.0,8862.6,6983.8,3377.7999999999997,9361.0,971.5,30.8,107082723691.55939,131.14805521338658,1245.3316518510183
4,165788.50999999978,134276.13999999987,41780.725008600006,19105.256332999976,2754.1456762999806,100930.43999999994,205.63999999999993,0,31912.0,14475.0,8862.6,6983.8,3377.7999999999997,9361.0,971.5,30.8,95642850144.8956,39.28052468100086,659.6058909037215
5,353683.2199999991,199186.91,60411.51492129998,32859.19231399999,3137.116057999976,140789.67999999996,14114.954999999973,0,31912.0,14475.0,8862.6,6983.8,3377.7999999999997,9361.0,971.5,30.8,153520802228.77136,130.6846844695621,1220.2059627301776
6,190765.59999999963,126855.73999999985,39529.49637639989,17703.405609999973,3314.9640478999795,90384.59999999995,3709.7649999999926,0,31912.0,14475.0,8862.6,6983.8,3377.7999999999997,9361.0,971.5,30.8,135782010745.32622,39.40390441708892,702.0935613145213
7,209742.2899999999,144546.63999999996,44268.2681641998,21705.939197499996,7152.203652449939,95376.21999999994,7412.740000000001,0,31912.0,14475.0,8862.6,6983.8,3377.7999999999997,9361.0,971.5,30.8,114058762227.78671,42.38665960324765,786.3328407827191
