,contributed_CCGT,contributed_Coal,contributed_Onshore,contributed_Offshore,contributed_PV,contributed_Nuclear,contributed_Recip_gas,contributed_Biomass,total_CCGT,total_Coal,total_Onshore,total_Offshore,total_PV,total_Nuclear,total_Recip_gas,Carbon_tax,total_genco_wealth,Electricity_cost,Carbon_emitted
0,373049.2599999984,256885.74999999997,23300.55530880004,29579.745223999984,3154.551064599939,75552.32999999999,13268.62999999999,0,31912.0,14475.0,8862.6,6983.8,3377.7999999999997,9361.0,971.5,30.8,38280177472.65523,171.06429362805144,1371.349420358496
1,270660.96000000014,251922.18,23393.428453500037,29595.668287999964,3121.7780033499776,56547.12,4638.539999999999,0,31912.0,14475.0,8862.6,6983.8,3377.7999999999997,9361.0,971.5,30.8,35174323542.95225,64.92802102072284,1132.0866697676386
2,371312.13999999856,256557.48999999996,21081.446606699876,29147.89422399998,1657.412842249933,74627.91999999998,13268.62999999999,0,31912.0,14475.0,8862.6,6983.8,3377.7999999999997,9361.0,971.5,30.8,76927584700.27435,178.28467824039262,1367.9675480510168
3,381102.43999999814,264830.77999999997,23022.775623100042,29656.706700000013,3187.892091749965,85608.31999999996,14766.309999999983,0,31912.0,14475.0,8862.6,6983.8,3377.7999999999997,9361.0,971.5,30.8,124753779334.15195,188.04263981906544,1409.3431502104356
4,183666.99000000025,214437.76000000018,18448.848021500005,24240.333265999987,3024.2444019499812,37422.6,200.78999999999996,0,31912.0,14475.0,8862.6,6983.8,3377.7999999999997,9361.0,971.5,30.8,110287206321.69876,40.903273696801755,851.9364209084835
5,385463.55999999814,259512.84999999998,23464.752699000044,29595.668287999964,3122.2863189999775,83465.58999999997,14715.384999999984,0,31912.0,14475.0,8862.6,6983.8,3377.7999999999997,9361.0,971.5,30.8,194913304062.4832,208.78804305203371,1406.2264276942965
6,183383.04000000018,198724.1300000001,20192.562585099942,25933.230976499988,4414.126519699982,52909.62,192.05999999999997,0,31912.0,14475.0,8862.6,6983.8,3377.7999999999997,9361.0,971.5,30.8,172193789000.47604,40.51717677993941,821.7767263537422
7,216961.5300000004,219236.25,22419.373058100024,27533.659952499995,7163.30185824993,52909.62,174.6,0,31912.0,14475.0,8862.6,6983.8,3377.7999999999997,9361.0,971.5,30.8,144975713971.48703,42.73713859792613,938.3072007975018
