,contributed_CCGT,contributed_Coal,contributed_Onshore,contributed_Offshore,contributed_PV,contributed_Nuclear,contributed_Recip_gas,contributed_Biomass,total_CCGT,total_Coal,total_Onshore,total_Offshore,total_PV,total_Nuclear,total_Recip_gas,Carbon_tax,total_genco_wealth,Electricity_cost,Carbon_emitted
0,362853.6799999984,247086.96000000002,23300.55530880004,29579.745223999984,3154.551064599939,97417.09999999996,13268.62999999999,0,31912.0,14475.0,8862.6,6983.8,3377.7999999999997,9361.0,971.5,30.8,31507366602.340767,148.1686776329034,1328.7873925500778
1,293056.74000000005,207539.9800000001,22736.712748500027,28990.95756799996,3120.618599499978,78118.94999999998,6969.449999999986,0,31912.0,14475.0,8862.6,6983.8,3377.7999999999997,9361.0,971.5,30.8,25940500035.07402,55.9381768556627,1084.21887751204
2,358408.21999999863,249338.06,20303.42551469985,28132.579899999982,1657.6178918499327,99743.15999999995,13251.169999999991,0,31912.0,14475.0,8862.6,6983.8,3377.7999999999997,9361.0,971.5,30.8,64907900784.39303,166.67519004223783,1325.6277249878767
3,378272.41999999835,259776.36,23030.011066500043,29656.706700000013,3187.892091749965,103128.45999999995,13234.679999999993,0,31912.0,14475.0,8862.6,6983.8,3377.7999999999997,9361.0,971.5,30.8,101770747840.87517,156.92873627605474,1389.2105780312759
4,175092.5400000002,182471.77000000016,17803.72467980001,22940.207155999982,2874.6311871499825,78118.94999999998,139.68000000000004,0,31912.0,14475.0,8862.6,6983.8,3377.7999999999997,9361.0,971.5,30.8,87204451767.39926,40.38463529717477,763.8599285944615
5,373356.7199999985,271815.9600000002,23464.752699000044,29595.668287999964,3122.2863189999775,92040.38999999996,13269.59999999999,0,31912.0,14475.0,8862.6,6983.8,3377.7999999999997,9361.0,971.5,30.8,142657061050.47275,157.9764187721231,1406.1677339920768
6,190934.82000000004,192269.44000000006,17196.262499900007,21474.445724499976,4157.352242699979,63725.11999999997,200.78999999999996,0,31912.0,14475.0,8862.6,6983.8,3377.7999999999997,9361.0,971.5,30.8,120700742100.13455,39.49070142162258,822.6743696171216
7,236462.91000000012,165309.6999999999,25538.210275100013,31485.699957000026,7346.030155599925,69906.92999999996,3124.37,0,31912.0,14475.0,8862.6,6983.8,3377.7999999999997,9361.0,971.5,30.8,96418435045.26921,44.93997802772523,866.3711582006022
