,contributed_CCGT,contributed_Coal,contributed_Onshore,contributed_Offshore,contributed_PV,contributed_Nuclear,contributed_Recip_gas,contributed_Biomass,total_CCGT,total_Coal,total_Onshore,total_Offshore,total_PV,total_Nuclear,total_Recip_gas,Carbon_tax,total_genco_wealth,Electricity_cost,Carbon_emitted
0,318180.92999999976,268786.60000000003,57973.294073499805,29239.654183999988,3165.8241484999367,83943.79999999993,12061.94999999999,0,31912.0,14475.0,8862.6,6983.8,3377.7999999999997,9361.0,971.5,30.8,106496037980.96947,323.7242610792344,1278.0070429467976
1,253991.9200000002,240029.24999999997,49042.50354969991,25350.804788999973,3119.9524451999755,66075.42999999996,3698.6099999999983,0,31912.0,14475.0,8862.6,6983.8,3377.7999999999997,9361.0,971.5,30.8,119266821225.49559,88.59989079493664,1059.2790804515014
2,330675.32999999955,241812.23999999982,54949.28861549964,27980.239000000005,1671.479342999934,96752.64999999992,12238.489999999989,0,31912.0,14475.0,8862.6,6983.8,3377.7999999999997,9361.0,971.5,30.8,244897602248.5732,351.6448917589037,1251.7143188315185
3,367817.4399999998,246695.33999999997,54322.876845399645,26618.83780800001,3186.406326599962,104612.55999999995,12266.619999999986,0,31912.0,14475.0,8862.6,6983.8,3377.7999999999997,9361.0,971.5,30.8,384722204518.9063,348.23959707186805,1327.5273249653183
4,159966.2100000001,189080.18,42415.291141899994,19465.92680649997,3099.514408649973,57527.78999999997,397.69999999999976,0,31912.0,14475.0,8862.6,6983.8,3377.7999999999997,9361.0,971.5,30.8,372014208311.95795,35.90932073582766,747.5462921516411
5,367555.98999999894,252188.97999999986,53055.20698959996,31412.695471499974,3137.6140013999757,97131.91999999993,11899.959999999988,0,31912.0,14475.0,8862.6,6983.8,3377.7999999999997,9361.0,971.5,30.8,584579443012.0308,348.45612146015884,1344.4180589740383
6,149074.00999999998,205635.97999999984,40793.14541729978,19396.957309999972,2965.663381999978,67557.58999999995,323.97999999999985,0,31912.0,14475.0,8862.6,6983.8,3377.7999999999997,9361.0,971.5,30.8,563756554901.0642,34.26653457481695,762.1336342000395
7,207847.57999999987,190818.6599999999,41222.62596379976,21566.334350999994,6009.402680149978,74496.96999999994,491.78999999999974,0,31912.0,14475.0,8862.6,6983.8,3377.7999999999997,9361.0,971.5,30.8,539765548590.2991,38.39239927658743,849.1933941866811
