,contributed_CCGT,contributed_Coal,contributed_Onshore,contributed_Offshore,contributed_PV,contributed_Nuclear,contributed_Recip_gas,contributed_Biomass,total_CCGT,total_Coal,total_Onshore,total_Offshore,total_PV,total_Nuclear,total_Recip_gas,Carbon_tax,total_genco_wealth,Electricity_cost,Carbon_emitted
0,348912.4,229288.4899999997,57338.07095919991,25404.17808199999,3172.6424286499355,101396.03999999994,12076.49999999999,0,31912.0,14475.0,8862.6,6983.8,3377.7999999999997,9361.0,971.5,30.8,112162590379.70255,350.1178478025093,1251.1039998890183
1,268808.2400000001,200214.01999999967,52248.15758060008,26577.198631999963,3137.5815855499745,80470.22999999992,6174.049999999996,0,31912.0,14475.0,8862.6,6983.8,3377.7999999999997,9361.0,971.5,30.8,130082523633.86688,110.72343636684836,1005.5849383399595
2,343463.2099999993,224419.43999999968,56232.65145139972,27498.505318000007,1674.4127366999335,105477.79999999996,12255.94999999999,0,31912.0,14475.0,8862.6,6983.8,3377.7999999999997,9361.0,971.5,30.8,256462712897.8558,353.36847048730783,1231.9045592571197
3,382636.6999999989,218091.47999999966,55236.626467799804,28763.153868000005,3200.8574754999613,104875.42999999996,13965.089999999973,0,31912.0,14475.0,8862.6,6983.8,3377.7999999999997,9361.0,971.5,30.8,406679749004.9233,355.1331950071831,1298.4131808690413
4,177141.9599999998,170375.4799999997,38744.36789069994,19181.06737799997,2766.207971749977,70794.47999999995,331.73999999999984,0,31912.0,14475.0,8862.6,6983.8,3377.7999999999997,9361.0,971.5,30.8,394364069471.128,37.59558212963141,740.5887453610412
5,344261.9600000003,244895.29999999976,55090.611737300096,26711.073739999963,3140.027771649975,113638.40999999997,13117.794999999984,0,31912.0,14475.0,8862.6,6983.8,3377.7999999999997,9361.0,971.5,30.8,597995471581.2809,355.11705143642007,1278.6024401594002
6,186577.5199999998,155685.76999999993,39269.101040399815,18975.34472599997,2680.779231399972,80230.63999999993,332.7099999999998,0,31912.0,14475.0,8862.6,6983.8,3377.7999999999997,9361.0,971.5,30.8,578507615930.4031,37.362107757141956,727.2495698264611
7,226023.17000000013,162698.22999999986,44746.054167499926,22941.065196,6199.764273849962,75521.28999999994,3397.4249999999984,0,31912.0,14475.0,8862.6,6983.8,3377.7999999999997,9361.0,971.5,30.8,555161493470.2124,40.80653517590804,829.2876193555404
