,contributed_CCGT,contributed_Coal,contributed_Onshore,contributed_Offshore,contributed_PV,contributed_Nuclear,contributed_Recip_gas,contributed_Biomass,total_CCGT,total_Coal,total_Onshore,total_Offshore,total_PV,total_Nuclear,total_Recip_gas,Carbon_tax,total_genco_wealth,Electricity_cost,Carbon_emitted
0,343161.02999999985,229477.7199999997,53694.93749019999,23760.501623,3173.6069913499355,105905.56999999996,11810.719999999992,0,31912.0,14475.0,8862.6,6983.8,3377.7999999999997,9361.0,971.5,30.8,116239536453.04669,352.741352734037,1235.767052832559
1,270671.9400000001,203951.73999999964,51468.70641760005,25170.21367199997,3131.780355199974,81531.40999999992,9732.009999999977,0,31912.0,14475.0,8862.6,6983.8,3377.7999999999997,9361.0,971.5,30.8,132801921360.05983,109.67547859193003,1024.9784587525198
2,356141.0600000002,229835.84999999966,53648.840209299786,22696.483573000012,1664.7342170999345,88377.66999999991,12116.269999999988,0,31912.0,14475.0,8862.6,6983.8,3377.7999999999997,9361.0,971.5,30.8,262845085988.11887,346.4182800995631,1275.3505107982992
3,355342.52999999974,245697.0099999998,57618.00886579964,26911.75998000001,3205.86367744996,105083.00999999995,14169.274999999978,0,31912.0,14475.0,8862.6,6983.8,3377.7999999999997,9361.0,971.5,30.8,409839609113.12006,357.13296532972527,1306.2008957499781
4,160858.61,178882.81999999963,43004.48288680009,19314.04125299997,3088.6894270499765,71345.43999999994,370.5399999999998,0,31912.0,14475.0,8862.6,6983.8,3377.7999999999997,9361.0,971.5,30.8,397002946941.1511,36.52524399909761,726.5011509623611
5,392660.1499999988,232956.4099999997,56749.786775400025,28437.597247999965,3142.2596369999746,94010.45999999992,12371.379999999988,0,31912.0,14475.0,8862.6,6983.8,3377.7999999999997,9361.0,971.5,30.8,616801437535.5326,352.50328564025995,1343.9692881411795
6,177654.6199999998,189274.15999999963,36110.65787949987,17499.912246999982,2929.408648599973,60782.13999999997,329.79999999999984,0,31912.0,14475.0,8862.6,6983.8,3377.7999999999997,9361.0,971.5,30.8,596650415600.4342,36.426537632020846,783.9376127556795
7,217687.2499999999,178837.08999999965,40832.31946869976,21236.041124999992,6011.645868849964,76838.54999999993,1103.860000000001,0,31912.0,14475.0,8862.6,6983.8,3377.7999999999997,9361.0,971.5,30.8,572214293812.81,39.4535033134766,843.7219847318202
