,contributed_CCGT,contributed_Coal,contributed_Onshore,contributed_Offshore,contributed_PV,contributed_Nuclear,contributed_Recip_gas,contributed_Biomass,total_CCGT,total_Coal,total_Onshore,total_Offshore,total_PV,total_Nuclear,total_Recip_gas,Carbon_tax,total_genco_wealth,Electricity_cost,Carbon_emitted
0,360980.69999999856,176853.43999999997,49389.594294399685,34289.38330400004,3169.331157599937,114588.03999999998,14524.779999999975,0,31912.0,14475.0,8862.6,6983.8,3377.7999999999997,9361.0,971.5,30.8,29506078267.42702,93.56838856398538,1168.342241269117
1,326587.7499999992,129880.23999999992,44004.93473699979,29904.23724799997,3129.703963999977,90029.57999999994,10057.445,0,31912.0,14475.0,8862.6,6983.8,3377.7999999999997,9361.0,971.5,30.8,45491621078.41931,72.33136888241627,983.4584981855166
2,370855.85999999876,170485.16999999975,49942.20050079963,34937.191888000074,1671.7802405999316,108293.70999999996,15577.714999999975,0,31912.0,14475.0,8862.6,6983.8,3377.7999999999997,9361.0,971.5,30.8,73679328556.52977,94.60043314687749,1183.4520988576567
3,406906.2999999982,177182.24999999997,54812.610270799574,31427.51070000002,3198.0803175999636,115309.72,14805.10999999998,0,31912.0,14475.0,8862.6,6983.8,3377.7999999999997,9361.0,971.5,30.8,108896683015.29591,103.28752251682998,1264.1026548254968
4,221848.97000000015,111562.23,35484.90747479992,27940.28547199997,3124.1755612999773,57399.74999999997,6681.844999999996,0,31912.0,14475.0,8862.6,6983.8,3377.7999999999997,9361.0,971.5,30.8,115088004438.15561,52.64984554953054,724.0569475075397
5,405220.7199999982,174522.85999999996,53334.39473699981,34304.15724800005,3130.673963999977,107497.33999999998,15387.10999999997,0,31912.0,14475.0,8862.6,6983.8,3377.7999999999997,9361.0,971.5,30.8,166472507781.7507,101.40353790343386,1262.969780218277
6,235309.0800000001,94555.76000000004,36617.64910839982,33034.19303899999,4472.516006299984,54504.29999999997,7851.179999999997,0,31912.0,14475.0,8862.6,6983.8,3377.7999999999997,9361.0,971.5,30.8,172761540251.8837,52.12881778003922,715.9009370724793
7,246630.49000000008,137374.30999999994,40577.30356839976,38963.96019700006,7433.414460349934,55834.169999999984,7699.859999999995,0,31912.0,14475.0,8862.6,6983.8,3377.7999999999997,9361.0,971.5,30.8,181490031756.53015,52.61935008264561,829.3011872453774
