,contributed_CCGT,contributed_Coal,contributed_Onshore,contributed_Offshore,contributed_PV,contributed_Nuclear,contributed_Recip_gas,contributed_Biomass,total_CCGT,total_Coal,total_Onshore,total_Offshore,total_PV,total_Nuclear,total_Recip_gas,Carbon_tax,total_genco_wealth,Electricity_cost,Carbon_emitted
0,348422.8199999996,164350.50999999992,55763.06343219993,27988.141543999984,3171.5043823499354,124962.18999999992,13869.544999999973,0,31912.0,14475.0,8862.6,6983.8,3377.7999999999997,9361.0,971.5,30.8,31829896361.787937,126.49665606423135,1131.2952951429775
1,293741.2299999999,133296.45999999982,49220.8592538998,24282.146784499964,3126.622152199974,100571.53999999994,9851.804999999991,0,31912.0,14475.0,8862.6,6983.8,3377.7999999999997,9361.0,971.5,30.8,35094424962.223885,71.72934502341047,942.7000811410785
2,360292.3599999995,189791.40999999997,49861.67727969954,27655.65488700002,1669.8242352499337,121670.97999999991,13864.209999999972,0,31912.0,14475.0,8862.6,6983.8,3377.7999999999997,9361.0,971.5,30.8,66947618381.389755,123.28716503852127,1206.2411046711768
3,386151.4599999989,165239.38999999993,56855.80750379965,27359.34099600001,3193.762318799961,141295.04999999993,14466.579999999974,0,31912.0,14475.0,8862.6,6983.8,3377.7999999999997,9361.0,971.5,30.8,112437359453.32767,133.14736699699685,1207.5354804472177
4,196992.4599999998,107807.7299999999,36996.8087321,18620.468786999976,3084.334628449976,93119.02999999996,172.65999999999997,0,31912.0,14475.0,8862.6,6983.8,3377.7999999999997,9361.0,971.5,30.8,99503777913.48575,37.45494552337752,662.2622654265411
5,373320.459999999,190718.62999999992,56148.05755739999,32387.276761999972,3136.792757999976,126294.96999999993,14137.749999999973,0,31912.0,14475.0,8862.6,6983.8,3377.7999999999997,9361.0,971.5,30.8,152479217541.4026,130.8314070354687,1241.2197307247368
6,215695.26999999973,103143.9799999999,37816.50935639988,18411.512809999975,4351.815636899986,86490.04999999994,857.4800000000015,0,31912.0,14475.0,8862.6,6983.8,3377.7999999999997,9361.0,971.5,30.8,132425576067.62231,38.73280951685782,687.9985596640407
7,245263.1299999999,100987.84999999989,40550.33681179973,21107.01695099999,7125.12483054994,100535.64999999994,8223.175000000001,0,31912.0,14475.0,8862.6,6983.8,3377.7999999999997,9361.0,971.5,30.8,109639224356.44643,42.68380753592559,762.9355418243003
