,contributed_CCGT,contributed_Coal,contributed_Onshore,contributed_Offshore,contributed_PV,contributed_Nuclear,contributed_Recip_gas,contributed_Biomass,total_CCGT,total_Coal,total_Onshore,total_Offshore,total_PV,total_Nuclear,total_Recip_gas,Carbon_tax,total_genco_wealth,Electricity_cost,Carbon_emitted
0,366128.43999999855,263936.5,23300.55530880004,29579.745223999984,3154.551064599939,76893.83999999997,13268.62999999999,0,31912.0,14475.0,8862.6,6983.8,3377.7999999999997,9361.0,971.5,30.8,38697188000.79234,171.8858259629154,1372.9859755269958
1,268842.96000000014,252521.12999999992,23464.752699000044,29595.668287999964,3122.2077239499777,56547.12,4638.539999999999,0,31912.0,14475.0,8862.6,6983.8,3377.7999999999997,9361.0,971.5,30.8,35502042866.681595,65.95614908243324,1129.732625599738
2,369517.32999999856,250672.30999999994,21601.84304159999,29224.130127999983,1658.9456695999324,78132.52999999997,13243.40999999999,0,31912.0,14475.0,8862.6,6983.8,3377.7999999999997,9361.0,971.5,30.8,78279567507.75313,182.58080600080953,1351.1407082693763
3,382660.4399999983,259345.01999999996,23273.706135600052,29656.706700000013,3186.8325261999644,89300.13999999996,14204.194999999987,0,31912.0,14475.0,8862.6,6983.8,3377.7999999999997,9361.0,971.5,30.8,127202834669.72043,189.46035515418313,1399.1238828679564
4,176309.6700000003,218134.87,17626.507484000005,22588.486860499983,2603.510064849983,54122.12,192.05999999999997,0,31912.0,14475.0,8862.6,6983.8,3377.7999999999997,9361.0,971.5,30.8,112612911977.3272,41.352520846612144,845.1386439082625
5,389979.8799999979,263760.32999999996,23464.752699000044,29595.668287999964,3122.2863189999775,76885.10999999999,13271.53999999999,0,31912.0,14475.0,8862.6,6983.8,3377.7999999999997,9361.0,971.5,30.8,197576374407.82187,208.67381695372896,1421.9413703213365
6,199042.5000000004,196501.17999999993,18559.358627699996,23775.68858899998,4157.353337199979,48403.97,183.32999999999998,0,31912.0,14475.0,8862.6,6983.8,3377.7999999999997,9361.0,971.5,30.8,175858555615.19937,40.66832745241642,844.2026220696423
7,233249.7300000001,204887.4000000001,21078.978451400006,25500.63508150002,6155.174315799966,54122.12,1468.5800000000008,0,31912.0,14475.0,8862.6,6983.8,3377.7999999999997,9361.0,971.5,30.8,151973414333.69272,43.40244699670102,942.9524103652027
