,contributed_CCGT,contributed_Coal,contributed_Onshore,contributed_Offshore,contributed_PV,contributed_Nuclear,contributed_Recip_gas,contributed_Biomass,total_CCGT,total_Coal,total_Onshore,total_Offshore,total_PV,total_Nuclear,total_Recip_gas,Carbon_tax,total_genco_wealth,Electricity_cost,Carbon_emitted
0,397564.0199999977,219424.02999999988,22667.826413700055,29438.272591999987,3154.551064599939,92053.96999999987,13289.969999999996,0,31912.0,14475.0,8862.6,6983.8,3377.7999999999997,9361.0,971.5,30.8,12078734881.724642,86.30187060133564,1337.5184865939373
1,318505.9199999991,188616.74999999983,22984.116137300025,29595.668287999964,3120.0480167499777,74923.76999999993,3677.754999999996,0,31912.0,14475.0,8862.6,6983.8,3377.7999999999997,9361.0,971.5,30.8,5250224383.576637,54.63267286774148,1082.4940951265032
2,394027.63999999786,217558.45999999985,20034.547742099796,28099.271151999998,1653.9761619999335,97787.63999999988,13289.969999999996,0,31912.0,14475.0,8862.6,6983.8,3377.7999999999997,9361.0,971.5,30.8,16410374847.610128,94.42823661086555,1326.2240157070767
3,416613.5999999978,218595.3199999998,22017.435040799934,28690.442700000007,3183.4751076499642,104604.79999999992,13289.969999999996,0,31912.0,14475.0,8862.6,6983.8,3377.7999999999997,9361.0,971.5,30.8,33602288753.069496,107.09017552957698,1375.264121837356
4,222337.50000000023,147719.4499999999,17587.304720600023,22454.582080499982,3098.361474349977,66602.13999999994,230.85999999999993,0,31912.0,14475.0,8862.6,6983.8,3377.7999999999997,9361.0,971.5,30.8,18809751134.825695,40.61762614005972,781.4818657711021
5,405759.8399999977,228867.68999999983,23114.94669150003,29595.668287999964,3122.2863189999775,102538.69999999988,13289.969999999996,0,31912.0,14475.0,8862.6,6983.8,3377.7999999999997,9361.0,971.5,30.8,42151919302.02334,103.15057432106107,1376.1527349106157
6,229516.98000000042,154867.39999999976,16535.06137910001,21003.06762799997,3337.1309477499804,63792.04999999994,229.88999999999993,0,31912.0,14475.0,8862.6,6983.8,3377.7999999999997,9361.0,971.5,30.8,18896533137.085926,38.95929796804244,817.643599845202
7,251959.81000000017,173553.15999999983,20829.35914610005,25388.72040750001,7094.559298249938,71209.63999999993,171.68999999999997,0,31912.0,14475.0,8862.6,6983.8,3377.7999999999997,9361.0,971.5,30.8,-7745838696.3384495,41.199419267027025,908.334815917683
