,contributed_CCGT,contributed_Coal,contributed_Onshore,contributed_Offshore,contributed_PV,contributed_Nuclear,contributed_Recip_gas,contributed_Biomass,total_CCGT,total_Coal,total_Onshore,total_Offshore,total_PV,total_Nuclear,total_Recip_gas,Carbon_tax,total_genco_wealth,Electricity_cost,Carbon_emitted
0,344822.8299999996,265026.64000000013,51924.06343099962,24959.72496499999,3164.2029033499375,82725.47999999992,11654.549999999997,0,31912.0,14475.0,8862.6,6983.8,3377.7999999999997,9361.0,971.5,30.8,42656258553.586296,156.6316567170422,1321.5972313627183
1,252088.44999999984,253600.43000000023,45952.73667979979,22443.402755999967,3115.8614984999763,77786.23999999993,3173.839999999996,0,31912.0,14475.0,8862.6,6983.8,3377.7999999999997,9361.0,971.5,30.8,46263808213.32592,66.59271595519851,1084.2547797211355
2,350298.34999999957,271632.04000000015,48734.1448370996,20706.109350999963,1646.4916205999361,88659.93999999992,12881.599999999993,0,31912.0,14475.0,8862.6,6983.8,3377.7999999999997,9361.0,971.5,30.8,100238973685.9174,175.61626123982674,1347.5798048119182
3,370339.38999999984,269445.7900000002,49274.38110879952,24096.305379999994,3158.747605049963,100620.03999999992,13183.269999999984,0,31912.0,14475.0,8862.6,6983.8,3377.7999999999997,9361.0,971.5,30.8,181330924171.34384,227.8934079910756,1389.9044122344183
4,137624.28999999978,216388.5700000002,36073.08370730004,18573.594722999977,3042.91546074998,72852.81999999993,1279.4300000000007,0,31912.0,14475.0,8862.6,6983.8,3377.7999999999997,9361.0,971.5,30.8,166051847670.29236,26.845603503804835,764.8235739208591
5,361721.08999999985,279788.6200000001,51173.228781199774,27080.775391999967,3132.0503883999772,93335.33999999991,11874.254999999992,0,31912.0,14475.0,8862.6,6983.8,3377.7999999999997,9361.0,971.5,30.8,314319881939.8208,261.72466814547573,1383.379252960759
6,159478.19,203822.52000000014,37888.581656199894,18986.112253999974,3129.4017363499747,73031.29999999994,1241.6000000000006,0,31912.0,14475.0,8862.6,6983.8,3377.7999999999997,9361.0,971.5,30.8,292288623166.8338,30.345524663729368,781.0703371829585
7,177984.48000000004,238136.78000000023,37602.18850629981,19183.100244999965,5907.931342149976,74170.07999999993,1172.7300000000007,0,31912.0,14475.0,8862.6,6983.8,3377.7999999999997,9361.0,971.5,30.8,264569349988.19897,30.620163200516014,895.0670709184375
