,contributed_CCGT,contributed_Coal,contributed_Onshore,contributed_Offshore,contributed_PV,contributed_Nuclear,contributed_Recip_gas,contributed_Biomass,total_CCGT,total_Coal,total_Onshore,total_Offshore,total_PV,total_Nuclear,total_Recip_gas,Carbon_tax,total_genco_wealth,Electricity_cost,Carbon_emitted
0,411389.6799999976,215529.70999999982,23300.55530880004,29579.745223999984,3154.551064599939,76421.44999999998,13077.54,0,31912.0,14475.0,8862.6,6983.8,3377.7999999999997,9361.0,971.5,30.8,37439505763.4278,170.7567818119909,1357.3877353145765
1,304880.75999999925,220905.62999999977,23464.752699000044,29595.668287999964,3122.2824384999776,55173.600000000006,5127.419999999997,0,31912.0,14475.0,8862.6,6983.8,3377.7999999999997,9361.0,971.5,30.8,37062405104.08576,74.34845083751806,1133.3350225307395
2,409121.73999999766,212102.68999999986,21249.645499099915,29147.89422399998,1658.4177026999328,76908.38999999998,13096.94,0,31912.0,14475.0,8862.6,6983.8,3377.7999999999997,9361.0,971.5,30.8,82500099089.40671,189.17236469551563,1345.176153540616
3,425892.2599999977,217075.35999999984,23278.20383160005,29656.706700000013,3188.032516099965,86851.85999999996,14784.73999999999,0,31912.0,14475.0,8862.6,6983.8,3377.7999999999997,9361.0,971.5,30.8,140961783447.61554,219.76253986118908,1393.7425490332757
4,223487.7300000004,165994.15999999995,20390.713108400007,26878.081567999976,3117.1720289499767,42340.5,0.0,0,31912.0,14475.0,8862.6,6983.8,3377.7999999999997,9361.0,971.5,30.8,126797587109.70833,42.06515891603069,824.0791285356829
5,430096.39999999775,217460.08999999994,23464.752699000044,29595.668287999964,3122.2863189999775,80997.90999999997,13085.300000000001,0,31912.0,14475.0,8862.6,6983.8,3377.7999999999997,9361.0,971.5,30.8,216068803980.76062,219.4503399171997,1399.6855757858168
6,238297.51000000033,162599.32999999993,17881.122667600004,22578.23481199997,3253.52116739998,49363.3,0.0,0,31912.0,14475.0,8862.6,6983.8,3377.7999999999997,9361.0,971.5,30.8,194498455282.28586,41.76677774148453,853.1313721833433
7,259529.29000000018,166029.9699999999,29297.957861899955,35046.39518500004,7404.412745749931,45851.90000000001,116.39999999999999,0,31912.0,14475.0,8862.6,6983.8,3377.7999999999997,9361.0,971.5,30.8,169026238908.10126,44.8037401773683,907.7255601780622
