,contributed_CCGT,contributed_Coal,contributed_Onshore,contributed_Offshore,contributed_PV,contributed_Nuclear,contributed_Recip_gas,contributed_Biomass,total_CCGT,total_Coal,total_Onshore,total_Offshore,total_PV,total_Nuclear,total_Recip_gas,Carbon_tax,total_genco_wealth,Electricity_cost,Carbon_emitted
0,356720.89999999886,161399.27000000014,56899.143621499585,33576.76186850006,3120.914709999942,105923.99999999994,13725.49999999998,0,31912.0,14475.0,8862.6,6983.8,3377.7999999999997,9361.0,971.5,30.8,24418012606.775513,105.07359818674782,1140.0811351594602
1,304745.25000000023,112982.68999999997,51678.33919949983,33464.101847000034,3096.145967549978,76347.72999999998,7711.984999999986,0,31912.0,14475.0,8862.6,6983.8,3377.7999999999997,9361.0,971.5,30.8,22089656986.918613,58.31744292960815,912.8617523506168
2,379710.44999999896,159540.08000000005,54415.47742009955,33575.78529700008,1646.7458917499346,98827.47999999995,13128.949999999988,0,31912.0,14475.0,8862.6,6983.8,3377.7999999999997,9361.0,971.5,30.8,43211975676.26745,105.18647517639829,1177.8459523118397
3,375795.59999999905,187639.87000000017,58625.325260499485,34702.72313900006,3162.5130413999655,104112.03999999994,14700.349999999977,0,31912.0,14475.0,8862.6,6983.8,3377.7999999999997,9361.0,971.5,30.8,67426638132.16939,106.9331070837248,1236.972024018259
4,193228.2300000004,104219.77999999994,39534.77496119994,26875.995548500003,3004.3968384499817,70176.58999999998,1261.0000000000007,0,31912.0,14475.0,8862.6,6983.8,3377.7999999999997,9361.0,971.5,30.8,53424482136.86259,34.81208845461927,648.729644912439
5,399667.2399999989,155734.6400000001,57627.7841862997,33528.319004000055,3110.428494649978,108949.42999999993,13379.209999999994,0,31912.0,14475.0,8862.6,6983.8,3377.7999999999997,9361.0,971.5,30.8,93167940929.41533,107.08252991997546,1212.7377326067206
6,210451.2200000002,91442.9499999999,42376.5084757998,28641.920762499984,4197.6776922499785,62631.92999999997,1247.4200000000008,0,31912.0,14475.0,8862.6,6983.8,3377.7999999999997,9361.0,971.5,30.8,71856710631.12611,36.38309868929397,653.9258846240981
7,249019.21000000022,99728.5299999999,45321.435770199714,29179.952376500012,7168.807989249931,69134.80999999998,3482.7849999999967,0,31912.0,14475.0,8862.6,6983.8,3377.7999999999997,9361.0,971.5,30.8,46032470638.182625,38.778667150120825,754.4885490349387
