,contributed_CCGT,contributed_Coal,contributed_Onshore,contributed_Offshore,contributed_PV,contributed_Nuclear,contributed_Recip_gas,contributed_Biomass,total_CCGT,total_Coal,total_Onshore,total_Offshore,total_PV,total_Nuclear,total_Recip_gas,Carbon_tax,total_genco_wealth,Electricity_cost,Carbon_emitted
0,433056.87999999826,129938.52999999998,57788.086531799774,22636.978290000006,3155.867392449938,78188.78999999996,12933.979999999989,0,31912.0,14475.0,8862.6,6983.8,3377.7999999999997,9361.0,971.5,30.8,18566297503.416317,83.0118913555292,1200.7872166449415
1,376802.03999999905,78963.14999999992,51313.57398779971,23166.626092499966,3119.7944871999734,57465.709999999985,8318.234999999993,0,31912.0,14475.0,8862.6,6983.8,3377.7999999999997,9361.0,971.5,30.8,17299200566.82229,58.162348766605625,962.1032693936977
2,421819.1599999983,125834.91999999998,55398.575679299545,24758.18523200001,1674.5116435499328,107780.57999999994,13981.579999999994,0,31912.0,14475.0,8862.6,6983.8,3377.7999999999997,9361.0,971.5,30.8,32580924329.97306,83.67089410385809,1178.0332458981609
3,458759.2899999975,143661.05000000002,56685.8261490995,29253.60963100001,3186.1387382499615,85603.46999999994,13889.429999999984,0,31912.0,14475.0,8862.6,6983.8,3377.7999999999997,9361.0,971.5,30.8,51170013098.59286,86.34023441738611,1285.5230761279063
4,252065.8899999999,71366.08999999998,39368.07517469992,18712.191704999972,3083.614771449976,49718.319999999985,145.5,0,31912.0,14475.0,8862.6,6983.8,3377.7999999999997,9361.0,971.5,30.8,38625440472.613235,36.66189539382075,671.2824818738192
5,443249.34999999823,127644.92000000001,55583.85983159997,30817.827747999992,3128.6839848499753,105768.79999999994,13542.65499999999,0,31912.0,14475.0,8862.6,6983.8,3377.7999999999997,9361.0,971.5,30.8,69240015945.4846,87.62477250364266,1214.0512042281632
6,288292.0099999997,65934.04999999997,37038.55658149974,17507.84518399998,4212.386979549984,37742.69999999999,300.69999999999993,0,31912.0,14475.0,8862.6,6983.8,3377.7999999999997,9361.0,971.5,30.8,49583597530.663475,37.48337999258248,733.3931957218996
7,329148.1499999994,56903.819999999985,41625.30892169968,19985.028532999975,7008.634941249941,49718.319999999985,5990.719999999996,0,31912.0,14475.0,8862.6,6983.8,3377.7999999999997,9361.0,971.5,30.8,26769221963.306026,40.51877196839482,807.8262827203598
