,contributed_CCGT,contributed_Coal,contributed_Onshore,contributed_Offshore,contributed_PV,contributed_Nuclear,contributed_Recip_gas,contributed_Biomass,total_CCGT,total_Coal,total_Onshore,total_Offshore,total_PV,total_Nuclear,total_Recip_gas,Carbon_tax,total_genco_wealth,Electricity_cost,Carbon_emitted
0,348034.53999999823,247403.38,22371.12630570002,29444.685319999982,3154.551064599939,120086.97000000002,13268.62999999999,0,31912.0,14475.0,8862.6,6983.8,3377.7999999999997,9361.0,971.5,30.8,9792349654.32536,75.07186320320982,1300.2875573052397
1,275006.1599999999,208049.13000000018,22021.549014499993,28418.20686199997,3119.5142987499776,104930.71999999996,4202.04,0,31912.0,14475.0,8862.6,6983.8,3377.7999999999997,9361.0,971.5,30.8,3621848692.3572326,51.68924420540147,1042.1230947437434
2,352122.49999999837,250320.06,19031.266954799834,26229.06077700001,1652.6033405999335,120018.10000000002,13076.56999999999,0,31912.0,14475.0,8862.6,6983.8,3377.7999999999997,9361.0,971.5,30.8,12106259403.195625,84.7117685447143,1312.8561688638788
3,376707.2899999979,253913.76999999996,22423.826822799958,29580.470796000012,3184.368717149964,117676.52,13269.59999999999,0,31912.0,14475.0,8862.6,6983.8,3377.7999999999997,9361.0,971.5,30.8,24833133073.451305,94.01350963927261,1373.022480130458
4,156900.7000000003,201527.7500000002,16608.374085800027,20663.57581799999,2603.1322832499827,90620.30999999991,174.6,0,31912.0,14475.0,8862.6,6983.8,3377.7999999999997,9361.0,971.5,30.8,9897327694.843204,37.239750010376376,768.5514772945025
5,372672.149999998,255917.20999999996,23062.95569060003,29595.668287999964,3122.2863189999775,121295.59000000001,13268.62999999999,0,31912.0,14475.0,8862.6,6983.8,3377.7999999999997,9361.0,971.5,30.8,29217453357.105816,96.83705366833469,1369.2996488395786
6,148706.02000000016,213060.96000000002,16127.341958100045,20877.242569499973,3946.3446324499696,93546.79999999993,192.05999999999997,0,31912.0,14475.0,8862.6,6983.8,3377.7999999999997,9361.0,971.5,30.8,4681377981.553821,34.80704481254038,777.686902422082
7,216132.18000000034,195373.68000000005,18349.695019200022,23394.637138499995,7075.254825649943,88545.47999999991,139.68000000000004,0,31912.0,14475.0,8862.6,6983.8,3377.7999999999997,9361.0,971.5,30.8,-22697160290.621296,38.58461545331019,883.3530514046431
