,contributed_CCGT,contributed_Coal,contributed_Onshore,contributed_Offshore,contributed_PV,contributed_Nuclear,contributed_Recip_gas,contributed_Biomass,total_CCGT,total_Coal,total_Onshore,total_Offshore,total_PV,total_Nuclear,total_Recip_gas,Carbon_tax,total_genco_wealth,Electricity_cost,Carbon_emitted
0,444500.9699999979,130376.81999999989,51764.93061449993,23954.22882350001,3135.6600627499415,95721.54,13620.740000000003,0,31912.0,14475.0,8862.6,6983.8,3377.7999999999997,9361.0,971.5,30.8,30972537309.128616,121.95709023097224,1246.4756615743615
1,368676.3699999993,114754.53999999995,47382.818922100094,23585.46563599997,3101.262063149979,65213.09999999995,10393.065000000011,0,31912.0,14475.0,8862.6,6983.8,3377.7999999999997,9361.0,971.5,30.8,30375433158.628845,67.57683129370353,1053.3141002569168
2,401524.1699999981,184199.89999999973,53096.2052617999,24232.24041800002,1653.114401199932,90270.13999999994,13869.059999999998,0,31912.0,14475.0,8862.6,6983.8,3377.7999999999997,9361.0,971.5,30.8,58419887887.60177,123.36782732301435,1283.3819402402016
3,436710.309999998,158963.40999999974,57413.75052409964,26962.650288000008,3168.9029037999658,97900.15999999996,15573.349999999982,0,31912.0,14475.0,8862.6,6983.8,3377.7999999999997,9361.0,971.5,30.8,95230800173.65309,125.1622901079413,1299.593939827182
4,283246.95000000007,72086.55,37630.00697139993,18577.712459999977,3015.715341549982,54859.31999999997,1978.8000000000009,0,31912.0,14475.0,8862.6,6983.8,3377.7999999999997,9361.0,971.5,30.8,79922227805.35844,36.919999234348204,761.175545676898
5,452263.1699999982,157805.94999999987,59662.70305130005,30508.333537999988,3116.46860249998,94451.80999999997,15001.534999999996,0,31912.0,14475.0,8862.6,6983.8,3377.7999999999997,9361.0,971.5,30.8,139978490377.90344,127.07218908289809,1329.7856272481006
6,258989.51000000004,108168.72999999995,37228.24224459986,18537.331493999973,3132.33133154998,47606.62999999998,2017.6000000000008,0,31912.0,14475.0,8862.6,6983.8,3377.7999999999997,9361.0,971.5,30.8,115862570289.6965,36.384962004066715,790.398539164536
7,309606.95999999944,101855.94999999998,39498.617881399674,19471.340761499967,7029.615548749935,51210.17999999998,9489.994999999988,0,31912.0,14475.0,8862.6,6983.8,3377.7999999999997,9361.0,971.5,30.8,87513654304.21819,40.84319107412076,896.8335682480945
