,contributed_CCGT,contributed_Coal,contributed_Onshore,contributed_Offshore,contributed_PV,contributed_Nuclear,contributed_Recip_gas,contributed_Biomass,total_CCGT,total_Coal,total_Onshore,total_Offshore,total_PV,total_Nuclear,total_Recip_gas,Carbon_tax,total_genco_wealth,Electricity_cost,Carbon_emitted
0,403155.4899999977,191026.79999999967,23300.55530880004,29579.745223999984,3154.551064599939,101693.82999999999,15013.659999999982,0,31912.0,14475.0,8862.6,6983.8,3377.7999999999997,9361.0,971.5,30.8,18604712320.036003,97.09950413366509,1291.3017385263963
1,310943.33,165108.72,23464.752699000044,29595.668287999964,3122.2863189999775,86052.57999999994,10491.035000000003,0,31912.0,14475.0,8862.6,6983.8,3377.7999999999997,9361.0,971.5,30.8,23440136569.185852,70.66830911073976,1035.8206937405594
2,397411.59999999794,197391.42999999973,21601.84304159999,29224.130127999983,1658.9456695999324,108873.76999999999,15058.279999999979,0,31912.0,14475.0,8862.6,6983.8,3377.7999999999997,9361.0,971.5,30.8,39653947964.35313,100.03235308946601,1292.7999927591363
3,420900.1199999977,203979.44999999966,23278.20383160005,29656.706700000013,3188.160174599965,114546.32999999997,15742.129999999977,0,31912.0,14475.0,8862.6,6983.8,3377.7999999999997,9361.0,971.5,30.8,59336420972.322464,105.67480452612419,1355.3889385110983
4,216748.75000000015,119141.22000000003,23037.44087850003,29595.668287999968,3118.397092849977,61920.91999999996,4301.949999999999,0,31912.0,14475.0,8862.6,6983.8,3377.7999999999997,9361.0,971.5,30.8,53650471613.37871,51.13137871150789,725.7840571855598
5,406658.6799999981,218298.45999999976,23464.752699000044,29595.668287999964,3122.2863189999775,116223.45999999998,14097.494999999995,0,31912.0,14475.0,8862.6,6983.8,3377.7999999999997,9361.0,971.5,30.8,80578256671.95444,99.90836784336629,1359.7702468570787
6,238206.0300000003,112296.75000000006,26063.51464810001,32172.112804999986,4474.739253099983,54480.049999999974,6874.874999999994,0,31912.0,14475.0,8862.6,6983.8,3377.7999999999997,9361.0,971.5,30.8,70409319791.96101,51.36077468988689,754.6140063464994
7,256897.90000000034,109744.83999999994,32912.63180249991,37801.75021900007,7420.016405399931,76725.05999999995,10634.110000000004,0,31912.0,14475.0,8862.6,6983.8,3377.7999999999997,9361.0,971.5,30.8,64094816909.73008,54.61718824420213,795.6768826263191
