,contributed_CCGT,contributed_Coal,contributed_Onshore,contributed_Offshore,contributed_PV,contributed_Nuclear,contributed_Recip_gas,contributed_Biomass,total_CCGT,total_Coal,total_Onshore,total_Offshore,total_PV,total_Nuclear,total_Recip_gas,Carbon_tax,total_genco_wealth,Electricity_cost,Carbon_emitted
0,407447.7499999985,236417.7999999997,21617.65780520004,28260.93669899998,3154.551064599939,78518.58999999997,13289.969999999996,0,31912.0,14475.0,8862.6,6983.8,3377.7999999999997,9361.0,971.5,30.8,23172352816.281246,127.7345740328894,1389.4838925643985
1,325773.25999999995,207934.0399999998,21824.654670299977,27953.25934399997,3120.077866749977,54298.65999999999,7576.184999999992,0,31912.0,14475.0,8862.6,6983.8,3377.7999999999997,9361.0,971.5,30.8,20218123655.72812,63.30436504736547,1141.2494904979176
2,417402.6699999984,227195.0599999997,19580.67972719983,26921.33856400001,1653.8636075999339,87734.55999999995,13289.969999999996,0,31912.0,14475.0,8862.6,6983.8,3377.7999999999997,9361.0,971.5,30.8,42777197098.29828,126.75697574926444,1382.024016573879
3,418815.1699999985,234244.06999999972,21496.351554899924,27862.488288,3180.9474693499646,108737.96999999994,15129.08999999997,0,31912.0,14475.0,8862.6,6983.8,3377.7999999999997,9361.0,971.5,30.8,70413019214.0506,130.4686381218077,1406.716871989858
4,231963.0800000003,164749.33000000002,16903.479523499973,21184.37111899999,3023.993244049981,44385.26,185.26999999999998,0,31912.0,14475.0,8862.6,6983.8,3377.7999999999997,9361.0,971.5,30.8,55737420998.4418,40.27823465524779,839.2129437233419
5,415942.31999999826,235325.0499999997,22569.8437455,29000.14414399996,3122.2863189999775,104889.00999999995,14174.12499999999,0,31912.0,14475.0,8862.6,6983.8,3377.7999999999997,9361.0,971.5,30.8,96578958368.32156,132.013178596058,1401.3585041498995
6,240218.9800000003,168809.9599999999,16791.221142199996,21188.13089599997,4364.803484149984,41960.26,164.9,0,31912.0,14475.0,8862.6,6983.8,3377.7999999999997,9361.0,971.5,30.8,73246338164.29375,38.63491566215631,865.0863706440806
7,281350.97,159841.13999999996,18851.17727860002,23826.371545,7051.287663649939,54102.719999999994,8617.964999999986,0,31912.0,14475.0,8862.6,6983.8,3377.7999999999997,9361.0,971.5,30.8,46887782976.58494,41.884052031628165,945.9670736837185
