,contributed_CCGT,contributed_Coal,contributed_Onshore,contributed_Offshore,contributed_PV,contributed_Nuclear,contributed_Recip_gas,contributed_Biomass,total_CCGT,total_Coal,total_Onshore,total_Offshore,total_PV,total_Nuclear,total_Recip_gas,Carbon_tax,total_genco_wealth,Electricity_cost,Carbon_emitted
0,372383.90999999957,157087.5099999998,55596.65596489969,24286.6292575,3164.8777917999364,140718.86999999997,12341.31,0,31912.0,14475.0,8862.6,6983.8,3377.7999999999997,9361.0,971.5,30.8,33235460417.52395,123.28614200265395,1159.3986774389743
1,300856.67000000016,121785.16999999984,51871.40867849985,23763.470543999967,3131.084283799973,109333.54999999993,6561.565000000002,0,31912.0,14475.0,8862.6,6983.8,3377.7999999999997,9361.0,971.5,30.8,35124404883.9386,67.18955078184966,922.4160476576579
2,357869.47000000003,169087.65999999992,58679.96740719955,27999.723322000023,1675.4519384499336,127900.31999999993,11826.240000000002,0,31912.0,14475.0,8862.6,6983.8,3377.7999999999997,9361.0,971.5,30.8,69338970839.51721,123.87354752883344,1153.3501725286756
3,368097.5800000001,183305.7499999999,59764.116793799665,29462.06618800001,3194.314190699961,138481.07999999993,13607.159999999969,0,31912.0,14475.0,8862.6,6983.8,3377.7999999999997,9361.0,971.5,30.8,107534201761.49866,125.29156619604082,1212.999101018496
4,208349.46999999974,104281.13999999988,42171.5794082,19338.59259699997,3087.0396849499753,85262.02999999996,236.6799999999999,0,31912.0,14475.0,8862.6,6983.8,3377.7999999999997,9361.0,971.5,30.8,95037155212.23839,36.344429411161755,675.1203910937206
5,366805.84000000014,189891.94999999992,59982.51191549985,31376.38438999999,3136.2348811499755,134822.23999999993,12720.095000000001,0,31912.0,14475.0,8862.6,6983.8,3377.7999999999997,9361.0,971.5,30.8,154249151635.9585,126.42669132604836,1223.2725603760964
6,230523.54000000007,84248.15999999995,38363.59295509986,17156.860957999987,3952.2311161999664,99871.19999999994,200.78999999999994,0,31912.0,14475.0,8862.6,6983.8,3377.7999999999997,9361.0,971.5,30.8,135391711494.61005,37.40386269961449,674.5083527476808
7,258419.5700000001,101241.8099999999,43797.07374739976,21458.948165499998,7099.026373949941,89086.73999999995,3267.4449999999924,0,31912.0,14475.0,8862.6,6983.8,3377.7999999999997,9361.0,971.5,30.8,112262142173.9712,40.15247210085289,777.7395392803791
