,contributed_CCGT,contributed_Coal,contributed_Onshore,contributed_Offshore,contributed_PV,contributed_Nuclear,contributed_Recip_gas,contributed_Biomass,total_CCGT,total_Coal,total_Onshore,total_Offshore,total_PV,total_Nuclear,total_Recip_gas,Carbon_tax,total_genco_wealth,Electricity_cost,Carbon_emitted
0,323721.81999999983,250871.35999999984,20882.75422199999,27069.71613799999,3154.551064599939,128942.10000000008,13296.760000000004,0,31912.0,14475.0,8862.6,6983.8,3377.7999999999997,9361.0,971.5,30.8,27108382652.411903,128.3019902793026,1273.051963241278
1,230966.5200000003,233848.33999999973,22234.9613723,28883.871895999964,3119.8632750999773,107175.30000000002,7406.920000000003,0,31912.0,14475.0,8862.6,6983.8,3377.7999999999997,9361.0,971.5,30.8,25817946043.54439,64.66332692627236,1034.6755672193206
2,331338.14,255371.12999999986,19563.50914609982,27255.161268,1654.8401005999335,129723.92000000006,13158.050000000003,0,31912.0,14475.0,8862.6,6983.8,3377.7999999999997,9361.0,971.5,30.8,50393397387.715904,128.307122604342,1298.2722893197354
3,328677.3999999997,265094.63999999984,21118.41901029993,27794.221364000008,3177.7177092999646,152347.2300000001,14980.679999999977,0,31912.0,14475.0,8862.6,6983.8,3377.7999999999997,9361.0,971.5,30.8,79461296623.03279,130.33826973815925,1318.2679467867144
4,129961.29999999993,208037.91999999963,16668.530284800032,20937.973798999992,3022.0672026499806,92825.11999999997,20.369999999999997,0,31912.0,14475.0,8862.6,6983.8,3377.7999999999997,9361.0,971.5,30.8,65232004160.72988,38.22172977582145,748.3518474321606
5,326180.17999999993,264611.15999999986,22707.88960590003,29062.487551999966,3122.2863189999775,140898.32000000007,14056.755000000001,0,31912.0,14475.0,8862.6,6983.8,3377.7999999999997,9361.0,971.5,30.8,109307989300.67145,133.62849114697326,1310.2441861316781
6,147139.13000000012,199003.06999999972,16041.772903700026,20971.527741999973,3198.7931226999804,95130.81000000001,14.550000000000002,0,31912.0,14475.0,8862.6,6983.8,3377.7999999999997,9361.0,971.5,30.8,88080874902.71774,37.83022027000042,764.3737705518602
7,173910.49,206239.21999999983,19636.686499000003,24672.860324000016,7124.973522949935,95171.55,5099.774999999992,0,31912.0,14475.0,8862.6,6983.8,3377.7999999999997,9361.0,971.5,30.8,63126023129.08184,40.679138221104225,848.9225874595601
