,contributed_CCGT,contributed_Coal,contributed_Onshore,contributed_Offshore,contributed_PV,contributed_Nuclear,contributed_Recip_gas,contributed_Biomass,total_CCGT,total_Coal,total_Onshore,total_Offshore,total_PV,total_Nuclear,total_Recip_gas,Carbon_tax,total_genco_wealth,Electricity_cost,Carbon_emitted
0,344395.73999999865,257665.85999999993,22632.988563000046,29579.745223999984,3154.551064599939,116665.78000000001,13057.169999999996,0,31912.0,14475.0,8862.6,6983.8,3377.7999999999997,9361.0,971.5,30.8,9776119690.307478,74.59385585187124,1313.5228674922794
1,246905.8800000003,237531.55,22938.371073100017,29595.668287999964,3120.569317149978,106110.23999999996,2098.1100000000015,0,31912.0,14475.0,8862.6,6983.8,3377.7999999999997,9361.0,971.5,30.8,2959253232.190309,49.95755221874654,1042.9933021069023
2,352290.06999999826,250691.35999999996,20235.85063929982,28660.727535999988,1656.3156855999327,115702.57,13281.239999999996,0,31912.0,14475.0,8862.6,6983.8,3377.7999999999997,9361.0,971.5,30.8,12345036549.204643,86.72937320939309,1314.440334141279
3,376778.949999998,252393.1499999999,22809.260348300042,29656.706700000013,3185.4410485499643,121332.45000000003,13289.969999999996,0,31912.0,14475.0,8862.6,6983.8,3377.7999999999997,9361.0,971.5,30.8,25152820123.012466,93.18189480189706,1369.8161926036976
4,164802.30000000028,186339.16000000003,16758.86319350001,20921.509918999993,2874.6311871499825,93850.40999999993,174.6,0,31912.0,14475.0,8862.6,6983.8,3377.7999999999997,9361.0,971.5,30.8,10630354199.155174,38.136639628946654,750.6999359456834
5,371388.38999999815,258173.45,22166.10138269999,28099.481177999965,3122.2863189999775,121161.73000000003,13289.969999999996,0,31912.0,14475.0,8862.6,6983.8,3377.7999999999997,9361.0,971.5,30.8,30874900587.632107,96.12536231403544,1370.847335983099
6,172278.2600000003,189386.22000000003,16375.902295000033,21034.501740999975,3208.4770497499785,92392.49999999993,198.84999999999997,0,31912.0,14475.0,8862.6,6983.8,3377.7999999999997,9361.0,971.5,30.8,8701787710.572582,36.92885722745603,772.7245658355628
7,237071.42000000025,174382.75000000017,18731.32086790003,23392.971398999995,5777.594093849976,89804.53999999988,211.45999999999995,0,31912.0,14475.0,8862.6,6983.8,3377.7999999999997,9361.0,971.5,30.8,-17558924452.09021,39.49492019374644,880.0904724645042
