,contributed_CCGT,contributed_Coal,contributed_Onshore,contributed_Offshore,contributed_PV,contributed_Nuclear,contributed_Recip_gas,contributed_Biomass,total_CCGT,total_Coal,total_Onshore,total_Offshore,total_PV,total_Nuclear,total_Recip_gas,Carbon_tax,total_genco_wealth,Electricity_cost,Carbon_emitted
0,369090.4999999985,260713.3,23300.55530880004,29579.745223999984,3154.551064599939,76519.41999999998,13242.439999999991,0,31912.0,14475.0,8862.6,6983.8,3377.7999999999997,9361.0,971.5,30.8,38275110948.241615,171.64515895739032,1372.6777192733969
1,275119.8600000002,249304.1199999999,23213.02955100004,29595.668287999964,3122.2230668499774,56547.12,3999.3100000000004,0,31912.0,14475.0,8862.6,6983.8,3377.7999999999997,9361.0,971.5,30.8,34668968562.68587,65.09038340261273,1133.1217060197591
2,364457.69999999856,255903.43999999997,21261.798823099918,29147.89422399998,1658.8167474499328,82276.36999999997,13254.07999999999,0,31912.0,14475.0,8862.6,6983.8,3377.7999999999997,9361.0,971.5,30.8,78837674089.3811,181.7849486185605,1352.5640524891164
3,387053.63999999803,263123.58999999997,23278.20383160005,29656.706700000013,3187.892091749965,80033.72999999997,14193.524999999987,0,31912.0,14475.0,8862.6,6983.8,3377.7999999999997,9361.0,971.5,30.8,126582203638.75804,188.53681499029122,1416.4519123088153
4,166042.26000000033,226240.03999999998,17208.912687000004,21897.32130499998,2753.12327964998,49272.12,183.32999999999998,0,31912.0,14475.0,8862.6,6983.8,3377.7999999999997,9361.0,971.5,30.8,111907759366.1723,39.05547405074884,843.2408998359217
5,385239.9799999982,263615.75999999995,23464.752699000044,29595.668287999964,3122.2863189999775,82449.02999999997,13271.53999999999,0,31912.0,14475.0,8862.6,6983.8,3377.7999999999997,9361.0,971.5,30.8,196641686145.6101,207.12527924701578,1411.9967801124772
6,184606.5300000003,214886.53,17844.252055800007,22638.73461199997,4157.353337199979,49340.990000000005,148.41000000000003,0,31912.0,14475.0,8862.6,6983.8,3377.7999999999997,9361.0,971.5,30.8,173701808625.6923,40.95053652923676,859.1707498689414
7,228775.89000000022,215105.15000000005,20935.492937700034,25241.11929700001,7103.451334649937,49272.12,1886.1650000000009,0,31912.0,14475.0,8862.6,6983.8,3377.7999999999997,9361.0,971.5,30.8,147580423904.3312,42.428435914395976,958.3950396297012
