,contributed_CCGT,contributed_Coal,contributed_Onshore,contributed_Offshore,contributed_PV,contributed_Nuclear,contributed_Recip_gas,contributed_Biomass,total_CCGT,total_Coal,total_Onshore,total_Offshore,total_PV,total_Nuclear,total_Recip_gas,Carbon_tax,total_genco_wealth,Electricity_cost,Carbon_emitted
0,374097.0699999985,185102.7199999997,47853.40529439976,34778.26330400004,3164.481157599938,103143.97999999998,14591.709999999974,0,31912.0,14475.0,8862.6,6983.8,3377.7999999999997,9361.0,971.5,30.8,30207036699.854538,95.74512171006104,1213.5117671625592
1,316279.82999999984,149771.94999999987,45129.55273699982,31859.757247999973,3130.091963999977,75614.40999999996,11874.254999999997,0,31912.0,14475.0,8862.6,6983.8,3377.7999999999997,9361.0,971.5,30.8,47299119033.76795,75.0218583988853,1011.6949074360975
2,376703.13999999856,164110.49999999997,49051.9345007996,32981.671888000004,1667.7665375999318,109822.42999999998,14503.439999999979,0,31912.0,14475.0,8862.6,6983.8,3377.7999999999997,9361.0,971.5,30.8,75967290735.7558,94.35116947634019,1171.7809034389982
3,407417.1499999975,170052.87999999983,54205.81854519945,32265.015528000018,3171.3152058999635,91512.70999999993,14323.01999999997,0,31912.0,14475.0,8862.6,6983.8,3377.7999999999997,9361.0,971.5,30.8,104291185384.14914,102.65387193945467,1259.9727563062384
4,203533.49999999994,102643.65999999995,37529.757490799915,26809.70694600001,2595.6583867499826,50162.57999999999,290.9999999999999,0,31912.0,14475.0,8862.6,6983.8,3377.7999999999997,9361.0,971.5,30.8,89867601300.49115,35.320463641820254,661.70595263668
5,418943.489999997,165567.79999999984,60038.027178599834,35864.056177500046,3119.6373841999784,74806.39999999994,12274.379999999992,0,31912.0,14475.0,8862.6,6983.8,3377.7999999999997,9361.0,971.5,30.8,144236651727.24173,123.13743235430121,1269.1572790844007
6,207849.1199999998,110817.40999999986,36735.68761299983,25727.907574999983,2953.78600969998,43987.56,348.2299999999998,0,31912.0,14475.0,8862.6,6983.8,3377.7999999999997,9361.0,971.5,30.8,120138547777.92978,31.92448596128787,688.8689372191794
7,253537.4600000001,101294.57999999993,42070.104274399666,28371.705632500005,6074.991390549961,53800.07999999999,426.79999999999967,0,31912.0,14475.0,8862.6,6983.8,3377.7999999999997,9361.0,971.5,30.8,92572109556.45078,37.377582981180524,761.9440491028375
