,contributed_CCGT,contributed_Coal,contributed_Onshore,contributed_Offshore,contributed_PV,contributed_Nuclear,contributed_Recip_gas,contributed_Biomass,total_CCGT,total_Coal,total_Onshore,total_Offshore,total_PV,total_Nuclear,total_Recip_gas,Carbon_tax,total_genco_wealth,Electricity_cost,Carbon_emitted
0,372359.0799999985,227884.19999999987,43173.58259879961,31317.27154900002,3110.0722258499427,97519.91999999995,12842.8,0,31912.0,14475.0,8862.6,6983.8,3377.7999999999997,9361.0,971.5,30.8,22766461744.875084,108.33434062875635,1314.750300031598
1,308678.7599999991,186783.60999999987,38107.353681099776,32125.447989499993,3085.9579334499786,64933.73999999997,5387.379999999996,0,31912.0,14475.0,8862.6,6983.8,3377.7999999999997,9361.0,971.5,30.8,17310992285.939186,49.557794502159176,1083.2643941467784
2,371710.5299999985,211727.61,45308.90465059949,33257.097854000065,1642.852427399934,97011.63999999993,12858.319999999998,0,31912.0,14475.0,8862.6,6983.8,3377.7999999999997,9361.0,971.5,30.8,38847697119.603836,109.47381238983051,1277.4134665187762
3,372950.9899999983,230638.92999999982,50496.09715639973,34246.84736100005,3158.8343594999656,117986.91999999993,12741.919999999995,0,31912.0,14475.0,8862.6,6983.8,3377.7999999999997,9361.0,971.5,30.8,67497783951.875374,122.83693930714867,1324.3513293041392
4,212082.12999999983,146706.02999999985,33398.07638260006,26978.491628000007,3005.828484249982,58591.879999999976,1057.3000000000009,0,31912.0,14475.0,8862.6,6983.8,3377.7999999999997,9361.0,971.5,30.8,52190693791.47407,32.70319594125426,777.8016945099392
5,389490.40999999805,229246.48999999987,48557.489436199714,33016.33157800002,3105.76576609998,100493.93999999994,12878.689999999995,0,31912.0,14475.0,8862.6,6983.8,3377.7999999999997,9361.0,971.5,30.8,92210895323.6754,117.60768068100253,1356.2783671730188
6,218569.5699999999,153574.65999999992,30471.766045999953,24379.88189599998,4153.878707649977,53817.53999999998,999.1000000000008,0,31912.0,14475.0,8862.6,6983.8,3377.7999999999997,9361.0,971.5,30.8,67795865145.21769,31.247369578887135,808.4954092746794
7,252324.89999999973,143749.46999999994,37765.80061789968,31286.083505000013,7120.637790549934,71147.55999999995,1115.500000000001,0,31912.0,14475.0,8862.6,6983.8,3377.7999999999997,9361.0,971.5,30.8,40408737996.45364,38.123549632280735,853.3930789790587
