,contributed_CCGT,contributed_Coal,contributed_Onshore,contributed_Offshore,contributed_PV,contributed_Nuclear,contributed_Recip_gas,contributed_Biomass,total_CCGT,total_Coal,total_Onshore,total_Offshore,total_PV,total_Nuclear,total_Recip_gas,Carbon_tax,total_genco_wealth,Electricity_cost,Carbon_emitted
0,406323.31999999756,223224.0399999998,23300.55530880004,29579.745223999984,3154.551064599939,75408.76999999999,13058.140000000001,0,31912.0,14475.0,8862.6,6983.8,3377.7999999999997,9361.0,971.5,30.8,37974397097.1168,173.4079225727437,1364.2327550879158
1,344478.11999999837,177994.40999999977,23385.93203160004,29595.668287999964,3121.129900149978,54087.20000000001,6284.629999999996,0,31912.0,14475.0,8862.6,6983.8,3377.7999999999997,9361.0,971.5,30.8,37408896254.84475,75.18831250102762,1122.1631285051812
2,402359.0499999977,217386.61999999982,21601.84304159999,29224.130127999983,1658.9456695999324,77661.10999999999,13079.480000000001,0,31912.0,14475.0,8862.6,6983.8,3377.7999999999997,9361.0,971.5,30.8,82792900228.20273,190.51882823534723,1343.2029998747557
3,414893.7399999977,225177.62999999986,23278.20383160005,29656.706700000013,3188.160174599965,85949.75999999997,14775.03999999999,0,31912.0,14475.0,8862.6,6983.8,3377.7999999999997,9361.0,971.5,30.8,141030288619.54166,222.09069905127672,1389.4752515067348
4,214309.2900000004,174656.6699999999,18433.110314700018,23496.876109999976,3024.2444019499812,51536.100000000006,0.0,0,31912.0,14475.0,8862.6,6983.8,3377.7999999999997,9361.0,971.5,30.8,126415194271.74327,41.32931371082446,825.7005725046627
5,438459.9799999978,211076.8899999999,23464.752699000044,29595.668287999964,3122.2863189999775,78604.91999999998,13901.069999999998,0,31912.0,14475.0,8862.6,6983.8,3377.7999999999997,9361.0,971.5,30.8,215054297613.90475,219.6611824122275,1404.0761965722163
6,241493.3800000002,153562.85999999996,19635.84188119997,25061.41959599999,4254.245004399981,38955.2,0.0,0,31912.0,14475.0,8862.6,6983.8,3377.7999999999997,9361.0,971.5,30.8,192726717903.09167,42.6222049524169,841.3505762382837
7,281751.0799999999,152910.68,22537.332236100043,27501.843189000003,7312.598016299927,45851.90000000001,4661.819999999998,0,31912.0,14475.0,8862.6,6983.8,3377.7999999999997,9361.0,971.5,30.8,167275991111.96442,43.94821559531287,932.835848690642
