,contributed_CCGT,contributed_Coal,contributed_Onshore,contributed_Offshore,contributed_PV,contributed_Nuclear,contributed_Recip_gas,contributed_Biomass,total_CCGT,total_Coal,total_Onshore,total_Offshore,total_PV,total_Nuclear,total_Recip_gas,Carbon_tax,total_genco_wealth,Electricity_cost,Carbon_emitted
0,397291.1999999979,185319.8799999999,23300.55530880004,29579.745223999984,3154.551064599939,112300.77999999996,15021.419999999982,0,31912.0,14475.0,8862.6,6983.8,3377.7999999999997,9361.0,971.5,30.8,19651614710.471127,99.0291030702707,1266.631363072239
1,328694.69999999943,148938.90000000002,23464.752699000044,29595.668287999964,3122.278169949978,79511.86999999994,12205.025000000003,0,31912.0,14475.0,8862.6,6983.8,3377.7999999999997,9361.0,971.5,30.8,25441770497.174255,73.50084660712582,1036.8911505321987
2,401455.7099999979,195376.80999999982,21601.84304159999,29224.130127999983,1658.9456695999324,100871.26999999999,13924.834999999995,0,31912.0,14475.0,8862.6,6983.8,3377.7999999999997,9361.0,971.5,30.8,42137925760.58129,100.7399630841087,1292.9845539903788
3,432640.56999999733,183845.07999999993,23278.20383160005,29656.706700000013,3188.160174599965,115537.66999999998,14997.169999999982,0,31912.0,14475.0,8862.6,6983.8,3377.7999999999997,9361.0,971.5,30.8,65055054817.07459,111.18679526111788,1331.5061109018384
4,234966.0600000003,125005.41000000009,22564.074146700023,28997.832223999965,3115.9205179499763,50168.39999999996,2954.1349999999998,0,31912.0,14475.0,8862.6,6983.8,3377.7999999999997,9361.0,971.5,30.8,59843639016.857,51.71172980162974,767.2071738731797
5,400909.66999999806,204015.0999999997,23464.752699000044,29595.668287999964,3122.2863189999775,125686.77999999996,15733.399999999983,0,31912.0,14475.0,8862.6,6983.8,3377.7999999999997,9361.0,971.5,30.8,88313027121.80818,100.9715562019261,1314.8701524497963
6,238165.8100000003,122007.95000000006,25671.96448690002,32626.249018999988,4473.9396312999825,49435.079999999994,3495.394999999999,0,31912.0,14475.0,8862.6,6983.8,3377.7999999999997,9361.0,971.5,30.8,78390703683.81827,48.91913446717092,769.3415676040997
7,256123.68000000037,119573.11000000006,32332.514329999904,36605.67141500006,7426.795987149934,66703.01999999999,8422.02499999999,0,31912.0,14475.0,8862.6,6983.8,3377.7999999999997,9361.0,971.5,30.8,70554323379.24747,55.41943990618952,815.0898454977796
