,contributed_CCGT,contributed_Coal,contributed_Onshore,contributed_Offshore,contributed_PV,contributed_Nuclear,contributed_Recip_gas,contributed_Biomass,total_CCGT,total_Coal,total_Onshore,total_Offshore,total_PV,total_Nuclear,total_Recip_gas,Carbon_tax,total_genco_wealth,Electricity_cost,Carbon_emitted
0,323506.14999999874,165522.62999999963,52745.9517932998,25835.079974000004,3167.0031575999374,144054.6999999999,15667.924999999976,0,31912.0,14475.0,8862.6,6983.8,3377.7999999999997,9361.0,971.5,30.8,10451228355.255114,72.3552034682315,1071.6216526667345
1,252869.96999999974,125367.41999999991,42903.64131819987,23432.35839899996,3116.320422349976,133754.26999999993,12345.190000000013,0,31912.0,14475.0,8862.6,6983.8,3377.7999999999997,9361.0,971.5,30.8,6220188272.542165,58.7089468274078,819.9737805731558
2,339173.72999999917,165030.06999999977,52593.87756979953,24917.57764400002,1661.6570365999316,144969.40999999992,15640.279999999972,0,31912.0,14475.0,8862.6,6983.8,3377.7999999999997,9361.0,971.5,30.8,11776393360.630842,67.26898159662807,1091.6384833178543
3,362879.46999999933,160351.21999999968,54635.34499209955,26659.29685100001,3180.3431616499633,159122.67999999993,15605.359999999977,0,31912.0,14475.0,8862.6,6983.8,3377.7999999999997,9361.0,971.5,30.8,23981510709.8905,73.35283430047868,1131.6127913855557
4,166861.20999999976,98024.62999999998,34851.50022960003,18859.703382499978,3078.314059849978,114037.07999999993,3126.794999999997,0,31912.0,14475.0,8862.6,6983.8,3377.7999999999997,9361.0,971.5,30.8,8935189975.57375,38.220004590295694,564.1380812427409
5,348431.51999999926,170583.70999999993,55007.70212219998,29126.083861999978,3129.2955331499775,158542.61999999994,15691.689999999975,0,31912.0,14475.0,8862.6,6983.8,3377.7999999999997,9361.0,971.5,30.8,20887410942.531155,74.66106668034222,1122.9285405065748
6,185377.02999999968,78862.76999999999,31912.982811600024,17653.034652999977,3205.82770799998,124153.20999999992,9312.484999999993,0,31912.0,14475.0,8862.6,6983.8,3377.7999999999997,9361.0,971.5,30.8,-287341333.9447942,42.19246447229526,571.7132491824608
7,206902.00999999957,107605.00999999998,33452.753022500016,19682.32604299997,7102.785078149938,117885.06999999992,11345.60500000001,0,31912.0,14475.0,8862.6,6983.8,3377.7999999999997,9361.0,971.5,30.8,-25623071059.078102,45.583884126076875,683.8604077539757
