,contributed_CCGT,contributed_Coal,contributed_Onshore,contributed_Offshore,contributed_PV,contributed_Nuclear,contributed_Recip_gas,contributed_Biomass,total_CCGT,total_Coal,total_Onshore,total_Offshore,total_PV,total_Nuclear,total_Recip_gas,Carbon_tax,total_genco_wealth,Electricity_cost,Carbon_emitted
0,343076.0399999997,219205.52999999962,57214.11484349992,28221.844171999986,3174.5036256499357,107506.06999999998,11971.73999999999,0,31912.0,14475.0,8862.6,6983.8,3377.7999999999997,9361.0,971.5,30.8,101340219433.72302,346.01983240149,1227.1775695109386
1,266400.20000000007,203799.48999999958,52101.876274700124,26064.095157999964,3139.925007299974,79002.61999999994,6817.644999999985,0,31912.0,14475.0,8862.6,6983.8,3377.7999999999997,9361.0,971.5,30.8,117367457906.24171,112.9541616387051,1009.9565158970197
2,350539.9,234290.7799999997,52123.433127899654,25172.384161000013,1671.469548099932,88224.40999999993,11933.909999999989,0,31912.0,14475.0,8862.6,6983.8,3377.7999999999997,9361.0,971.5,30.8,230873607490.78174,348.50395443820986,1271.1877670904398
3,355898.21000000025,221241.02999999962,54887.45898219984,29705.014400000004,3176.770714499961,126760.57,13819.589999999975,0,31912.0,14475.0,8862.6,6983.8,3377.7999999999997,9361.0,971.5,30.8,370708790853.41125,353.518104360244,1259.1368007399399
4,163307.87000000005,174550.93999999965,41180.55825689993,20427.07630099997,2892.6707139499795,71500.63999999994,312.33999999999986,0,31912.0,14475.0,8862.6,6983.8,3377.7999999999997,9361.0,971.5,30.8,358472884275.84717,37.95644953963933,721.6416447141213
5,357985.1499999999,225064.60999999967,57857.495667500014,26754.88583399996,3141.282705949975,119195.54000000001,13002.849999999993,0,31912.0,14475.0,8862.6,6983.8,3377.7999999999997,9361.0,971.5,30.8,590186629578.9904,357.7104508328323,1265.5213955047789
6,172589.3299999998,184410.0399999997,41315.52745189982,20397.26602299997,2981.217157449978,60247.66999999996,294.8799999999999,0,31912.0,14475.0,8862.6,6983.8,3377.7999999999997,9361.0,971.5,30.8,570792431726.9205,38.1305779623429,762.7776084959199
7,229110.50999999995,170583.0199999997,44031.307203699915,21462.492681999996,7122.677741849941,65095.72999999996,7317.194999999989,0,31912.0,14475.0,8862.6,6983.8,3377.7999999999997,9361.0,971.5,30.8,547543586957.75507,41.074877413170206,861.1061572919601
