,contributed_CCGT,contributed_Coal,contributed_Onshore,contributed_Offshore,contributed_PV,contributed_Nuclear,contributed_Recip_gas,contributed_Biomass,total_CCGT,total_Coal,total_Onshore,total_Offshore,total_PV,total_Nuclear,total_Recip_gas,Carbon_tax,total_genco_wealth,Electricity_cost,Carbon_emitted
0,366510.69999999856,259228.1,23284.86691680004,29579.745223999984,3154.551064599939,78065.59999999998,13268.62999999999,0,31912.0,14475.0,8862.6,6983.8,3377.7999999999997,9361.0,971.5,30.8,37822809693.0264,169.45487960658383,1363.3028586637965
1,274295.8800000002,254357.08999999997,23269.14699010004,29595.668287999964,3122.211992499978,53047.36,3931.4100000000003,0,31912.0,14475.0,8862.6,6983.8,3377.7999999999997,9361.0,971.5,30.8,34772746366.62265,65.29660750687832,1143.4633367718184
2,375447.31999999844,253160.87000000002,21371.228732899934,29224.130127999983,1658.9456695999324,68568.32999999999,13268.62999999999,0,31912.0,14475.0,8862.6,6983.8,3377.7999999999997,9361.0,971.5,30.8,77610994259.91469,182.0728896006962,1368.7827523762567
3,378713.4999999983,264308.59,23226.465729100048,29656.706700000013,3188.160174599965,88012.94999999995,13269.59999999999,0,31912.0,14475.0,8862.6,6983.8,3377.7999999999997,9361.0,971.5,30.8,126050302196.22144,188.09587418086213,1400.2900669888165
4,179302.9500000003,217214.22,16485.07410720001,20542.742942999987,2753.12327964998,51972.6,148.41000000000003,0,31912.0,14475.0,8862.6,6983.8,3377.7999999999997,9361.0,971.5,30.8,111720392503.04967,40.67789929174512,849.9490162395617
5,381318.91999999824,265051.54,23464.752699000044,29595.668287999964,3122.2863189999775,82036.77999999997,13270.56999999999,0,31912.0,14475.0,8862.6,6983.8,3377.7999999999997,9361.0,971.5,30.8,196239165351.75534,207.21750771806228,1406.3618958329155
6,211295.3400000003,188984.04000000004,17388.1482879,22105.193597999976,2918.1839987999806,47398.079999999994,183.32999999999998,0,31912.0,14475.0,8862.6,6983.8,3377.7999999999997,9361.0,971.5,30.8,175190330690.57938,41.577990170509665,859.4594651479221
7,234494.46000000028,200369.45999999993,22909.540471200016,27807.428302,7173.019217299931,51903.729999999996,174.6,0,31912.0,14475.0,8862.6,6983.8,3377.7999999999997,9361.0,971.5,30.8,149208518412.43915,42.265207968265045,933.6480705850826
