,contributed_CCGT,contributed_Coal,contributed_Onshore,contributed_Offshore,contributed_PV,contributed_Nuclear,contributed_Recip_gas,contributed_Biomass,total_CCGT,total_Coal,total_Onshore,total_Offshore,total_PV,total_Nuclear,total_Recip_gas,Carbon_tax,total_genco_wealth,Electricity_cost,Carbon_emitted
0,358731.93999999826,229366.07000000004,22369.107823000024,29503.509319999983,3154.551064599939,123439.29000000001,13081.420000000004,0,31912.0,14475.0,8862.6,6983.8,3377.7999999999997,9361.0,971.5,30.8,11833633061.324326,80.86876120284366,1280.4506558658554
1,241911.60000000044,243100.69999999998,22058.768564400012,28744.448242999966,3117.295190049977,105068.45999999996,2763.045,0,31912.0,14475.0,8862.6,6983.8,3377.7999999999997,9361.0,971.5,30.8,5169584106.181018,49.9243807191649,1046.6317219286004
2,351053.6199999984,253792.89999999994,18881.35957549984,25836.19764400001,1652.5870325499334,117745.39,13105.670000000006,0,31912.0,14475.0,8862.6,6983.8,3377.7999999999997,9361.0,971.5,30.8,15786313458.497438,90.13218391604634,1318.494703694197
3,370276.70999999833,252853.58999999994,22366.320042999956,29051.99598000001,3184.687863399964,124821.54000000002,13802.130000000003,0,31912.0,14475.0,8862.6,6983.8,3377.7999999999997,9361.0,971.5,30.8,29173706054.774,94.95441188582485,1358.6837550988166
4,152822.2600000003,209307.84999999995,16541.025802400025,20565.46456799999,2603.510064849983,85979.82999999989,17.46,0,31912.0,14475.0,8862.6,6983.8,3377.7999999999997,9361.0,971.5,30.8,12981339801.037298,37.36950567896907,777.3137494743013
5,366114.21999999834,261097.24,22949.023128100016,29464.992595999964,3121.9208654499776,120090.85000000002,13220.13,0,31912.0,14475.0,8862.6,6983.8,3377.7999999999997,9361.0,971.5,30.8,33476956640.873974,97.0734112957064,1365.6933845215171
6,195962.18000000017,155142.23,16773.630900299995,21917.713387499974,4204.110695599979,94222.8899999999,18.43,0,31912.0,14475.0,8862.6,6983.8,3377.7999999999997,9361.0,971.5,30.8,12100650936.788095,38.40009332662873,752.3422271575427
7,210146.34000000046,192444.0199999998,19268.919457400018,23612.816580000002,7132.354771249932,99059.30999999992,110.58000000000003,0,31912.0,14475.0,8862.6,6983.8,3377.7999999999997,9361.0,971.5,30.8,-15663762826.911348,38.99624479249015,864.6054857399631
