,contributed_CCGT,contributed_Coal,contributed_Onshore,contributed_Offshore,contributed_PV,contributed_Nuclear,contributed_Recip_gas,contributed_Biomass,total_CCGT,total_Coal,total_Onshore,total_Offshore,total_PV,total_Nuclear,total_Recip_gas,Carbon_tax,total_genco_wealth,Electricity_cost,Carbon_emitted
0,330055.01999999955,252284.27999999988,53649.237123599894,27368.82739999998,3172.5805352999355,91216.85999999993,12130.81999999999,0,31912.0,14475.0,8862.6,6983.8,3377.7999999999997,9361.0,971.5,30.8,94280269827.2023,315.2009391761813,1259.4734982234386
1,252165.70000000007,222736.19999999998,51727.59271489995,27459.837247999963,3141.366205099974,80612.81999999993,3775.239999999998,0,31912.0,14475.0,8862.6,6983.8,3377.7999999999997,9361.0,971.5,30.8,106845233685.03188,90.99113423658393,1016.9508968475998
2,332679.2500000001,246045.5899999999,50333.53062719965,26419.004668000023,1665.722967999935,98331.80999999991,12165.73999999999,0,31912.0,14475.0,8862.6,6983.8,3377.7999999999997,9361.0,971.5,30.8,227929092576.2254,336.3863378792211,1253.2662826548199
3,347169.08999999997,265031.4,54157.68115059977,31612.674540000015,3203.4224408499613,97626.61999999991,13385.999999999987,0,31912.0,14475.0,8862.6,6983.8,3377.7999999999997,9361.0,971.5,30.8,367306553289.9245,347.5493450849827,1324.0727234771982
4,141616.96000000005,211381.86999999997,37886.76923059999,18998.883806999973,2761.0329736499775,65603.03999999996,304.57999999999987,0,31912.0,14475.0,8862.6,6983.8,3377.7999999999997,9361.0,971.5,30.8,354686607624.30005,32.7005917001974,759.7778081542594
5,345137.8099999998,265338.5399999999,53530.01492800003,27088.910392999976,3138.4652481499757,108848.54999999999,12224.909999999989,0,31912.0,14475.0,8862.6,6983.8,3377.7999999999997,9361.0,971.5,30.8,573762673121.0399,349.2242385388061,1324.1848639589189
6,142988.11000000004,216558.52999999988,36830.07194009984,18188.549557999977,2931.902457149977,72035.10999999994,340.4699999999998,0,31912.0,14475.0,8862.6,6983.8,3377.7999999999997,9361.0,971.5,30.8,554016299529.7865,32.80377523560558,774.2324978049397
7,187353.9099999997,219289.7599999999,39195.704496599734,20606.681438999993,5722.413900699979,68745.83999999995,341.4399999999998,0,31912.0,14475.0,8862.6,6983.8,3377.7999999999997,9361.0,971.5,30.8,531704492828.9873,37.293068334791364,870.7691795044785
