,contributed_CCGT,contributed_Coal,contributed_Onshore,contributed_Offshore,contributed_PV,contributed_Nuclear,contributed_Recip_gas,contributed_Biomass,total_CCGT,total_Coal,total_Onshore,total_Offshore,total_PV,total_Nuclear,total_Recip_gas,Carbon_tax,total_genco_wealth,Electricity_cost,Carbon_emitted
0,414592.33999999764,186823.58999999997,23300.55530880004,29579.745223999984,3154.551064599939,100105.93999999989,13289.969999999996,0,31912.0,14475.0,8862.6,6983.8,3377.7999999999997,9361.0,971.5,30.8,13410887636.237436,93.58815923472874,1300.2655892588155
1,323958.539999999,177432.5499999999,22941.04323880002,29216.606431999964,3121.039424799978,79097.6799999999,4661.819999999994,0,31912.0,14475.0,8862.6,6983.8,3377.7999999999997,9361.0,971.5,30.8,10016957990.402414,64.70620465347021,1075.0361738449021
2,413407.7999999978,191354.1199999997,20944.488252099876,29224.130127999983,1657.2801987999328,100113.69999999988,13289.969999999996,0,31912.0,14475.0,8862.6,6983.8,3377.7999999999997,9361.0,971.5,30.8,29616419582.837017,118.46244153551402,1307.9703886397558
3,424762.6599999978,202097.40999999974,23262.42243600005,29656.706700000013,3188.160174599965,109577.01999999995,14290.52499999999,0,31912.0,14475.0,8862.6,6983.8,3377.7999999999997,9361.0,971.5,30.8,55270693970.10228,131.6617017451813,1357.0244369091772
4,247315.55000000037,118627.67,17764.99175530003,22704.128479499985,3047.6324739499796,72814.98999999992,218.24999999999994,0,31912.0,14475.0,8862.6,6983.8,3377.7999999999997,9361.0,971.5,30.8,40837834574.18666,41.92319645752071,769.2835473426617
5,437820.45999999763,183626.19999999987,23464.752699000044,29595.668287999964,3122.2863189999775,112043.72999999994,13406.369999999995,0,31912.0,14475.0,8862.6,6983.8,3377.7999999999997,9361.0,971.5,30.8,79115713947.8262,131.52497111434533,1340.520315207597
6,240751.68000000014,131481.54,17568.251873900015,22284.219254999975,2967.5903456999804,71811.03999999994,204.66999999999996,0,31912.0,14475.0,8862.6,6983.8,3377.7999999999997,9361.0,971.5,30.8,57304866797.80559,40.77330790163036,783.8308830129209
7,273896.7900000001,149636.18999999997,21247.792837900022,25686.82885900001,7146.932396849929,66214.13999999996,197.87999999999994,0,31912.0,14475.0,8862.6,6983.8,3377.7999999999997,9361.0,971.5,30.8,30672400126.71348,42.49830002978716,900.475941673623
