,contributed_CCGT,contributed_Coal,contributed_Onshore,contributed_Offshore,contributed_PV,contributed_Nuclear,contributed_Recip_gas,contributed_Biomass,total_CCGT,total_Coal,total_Onshore,total_Offshore,total_PV,total_Nuclear,total_Recip_gas,Carbon_tax,total_genco_wealth,Electricity_cost,Carbon_emitted
0,315903.71999999904,222272.64999999962,23300.55530880004,29579.745223999984,3154.551064599939,165604.86687359976,16846.96,0,31912.0,14475.0,8862.6,6983.8,3377.7999999999997,9361.0,971.5,30.8,16833755224.905355,100.84005110016416,1184.4010025846987
1,233332.38000000044,188280.69999999966,23464.752699000044,29595.668287999964,3122.2863189999775,165604.86687359976,13408.309999999992,0,31912.0,14475.0,8862.6,6983.8,3377.7999999999997,9361.0,971.5,30.8,12098954299.540348,56.8915987532485,926.8410542786017
2,346307.9999999984,195124.2999999995,21601.84304159999,29224.130127999983,1658.9456695999324,165604.86687359976,17639.45000000001,0,31912.0,14475.0,8862.6,6983.8,3377.7999999999997,9361.0,971.5,30.8,21142634227.10715,90.85631111198425,1187.1516717913994
3,352429.27999999817,218120.08999999953,23278.20383160005,29656.706700000013,3188.160174599965,165604.86687359976,16859.569999999996,0,31912.0,14475.0,8862.6,6983.8,3377.7999999999997,9361.0,971.5,30.8,48906301677.661476,135.92374876991056,1251.1558129658172
4,123781.14000000009,147678.6499999999,21895.013329299996,29595.668287999968,3116.600719849977,144165.6618696001,12571.199999999995,0,31912.0,14475.0,8862.6,6983.8,3377.7999999999997,9361.0,971.5,30.8,35725280675.36412,42.168335949211745,606.3250944527013
5,340712.15999999875,231679.17999999947,23464.752699000044,29595.668287999964,3122.2863189999775,165604.86687359976,17488.61500000001,0,31912.0,14475.0,8862.6,6983.8,3377.7999999999997,9361.0,971.5,30.8,52190586999.82689,91.45405606947435,1258.025787023637
6,124359.30000000005,161110.22999999992,25107.37461920003,32925.914206999994,4477.2553294999825,132812.50266480024,12047.399999999996,0,31912.0,14475.0,8862.6,6983.8,3377.7999999999997,9361.0,971.5,30.8,31268053976.445972,41.504819331143956,636.4066460015422
7,184813.38000000015,135249.5799999999,31171.142738999937,38204.78456500007,7414.15220374993,143343.03327120008,10475.999999999998,0,31912.0,14475.0,8862.6,6983.8,3377.7999999999997,9361.0,971.5,30.8,4737464176.526106,44.04339515128526,705.7680701928418
