,contributed_CCGT,contributed_Coal,contributed_Onshore,contributed_Offshore,contributed_PV,contributed_Nuclear,contributed_Recip_gas,contributed_Biomass,total_CCGT,total_Coal,total_Onshore,total_Offshore,total_PV,total_Nuclear,total_Recip_gas,Carbon_tax,total_genco_wealth,Electricity_cost,Carbon_emitted
0,339681.35999999876,200535.00999999949,23300.55530880004,29579.745223999984,3154.551064599939,165604.86687359976,16023.91499999998,0,31912.0,14475.0,8862.6,6983.8,3377.7999999999997,9361.0,971.5,30.8,16649675991.661072,101.85869164642502,1182.5407136939796
1,228532.68000000028,185534.65999999992,23464.752699000044,29595.668287999964,3122.2863189999775,165604.86687359976,13408.309999999992,0,31912.0,14475.0,8862.6,6983.8,3377.7999999999997,9361.0,971.5,30.8,12136265421.387587,56.4596770653788,914.4779951146819
2,330827.27999999904,208232.76999999952,21601.84304159999,29224.130127999983,1658.9456695999324,165604.86687359976,17207.800000000007,0,31912.0,14475.0,8862.6,6983.8,3377.7999999999997,9361.0,971.5,30.8,21174880255.278576,90.10504418824799,1184.09977443246
3,337452.43999999895,229977.19999999955,23278.20383160005,29656.706700000013,3188.160174599965,165604.86687359976,18430.970000000023,0,31912.0,14475.0,8862.6,6983.8,3377.7999999999997,9361.0,971.5,30.8,48386798545.739685,134.72111426710813,1250.4007013055968
4,155568.42000000027,117519.61000000004,22097.382838500016,29595.668287999968,3116.600719849977,144165.6618696001,12047.399999999996,0,31912.0,14475.0,8862.6,6983.8,3377.7999999999997,9361.0,971.5,30.8,35635017925.70024,43.620219301057716,602.5875566747811
5,365923.0799999981,204594.02999999956,23464.752699000044,29595.668287999964,3122.2863189999775,165604.86687359976,18131.24000000002,0,31912.0,14475.0,8862.6,6983.8,3377.7999999999997,9361.0,971.5,30.8,51761495379.44077,93.21220162661028,1250.0235241539374
6,139706.10000000003,143914.29999999996,25404.407893100026,33417.04775299999,4481.118655799984,133733.90566480023,10999.799999999997,0,31912.0,14475.0,8862.6,6983.8,3377.7999999999997,9361.0,971.5,30.8,31005353303.642998,43.14801941350788,627.0630581914019
7,193030.7400000002,130117.73999999999,31091.167208999937,38204.78456500007,7411.1254933499295,140632.63420640014,12571.199999999995,0,31912.0,14475.0,8862.6,6983.8,3377.7999999999997,9361.0,971.5,30.8,6996661343.493431,43.663840628375205,707.8108223605224
