,contributed_CCGT,contributed_Coal,contributed_Onshore,contributed_Offshore,contributed_PV,contributed_Nuclear,contributed_Recip_gas,contributed_Biomass,total_CCGT,total_Coal,total_Onshore,total_Offshore,total_PV,total_Nuclear,total_Recip_gas,Carbon_tax,total_genco_wealth,Electricity_cost,Carbon_emitted
0,355486.83999999997,146594.15999999983,56448.47303699977,28264.692194500007,3163.574600499937,137842.81999999995,12207.450000000003,0,31912.0,14475.0,8862.6,6983.8,3377.7999999999997,9361.0,971.5,30.8,29614973990.514645,122.24702332781602,1099.0953390156762
1,305845.80000000016,111906.6999999999,54802.041926799844,25132.765051999977,3136.0507313999738,112306.59999999992,8106.7750000000015,0,31912.0,14475.0,8862.6,6983.8,3377.7999999999997,9361.0,971.5,30.8,33299287641.925804,68.37940093608783,912.4564996565981
2,385725.8199999991,142238.32999999984,58673.75303429965,28475.50520400001,1674.2174977999332,138672.16999999993,11701.110000000002,0,31912.0,14475.0,8862.6,6983.8,3377.7999999999997,9361.0,971.5,30.8,66628907435.955795,122.94120590999779,1149.7330078653358
3,384688.93999999936,174967.7999999999,57588.716146199615,27387.076380000002,3200.35056129996,145442.76999999996,14068.87999999997,0,31912.0,14475.0,8862.6,6983.8,3377.7999999999997,9361.0,971.5,30.8,103848778993.14514,125.39597254842812,1221.9228084643967
4,212500.28000000012,79475.42999999996,44858.32271439991,19212.809632999968,3085.2323577499756,97854.56999999993,220.1899999999999,0,31912.0,14475.0,8862.6,6983.8,3377.7999999999997,9361.0,971.5,30.8,91704332026.65198,37.20134102170704,631.6588193311413
5,378325.2499999992,173501.6199999999,61456.87617100003,29799.06085999997,3138.9049631499756,138110.53999999998,13200.244999999997,0,31912.0,14475.0,8862.6,6983.8,3377.7999999999997,9361.0,971.5,30.8,149098928819.97675,126.62194878264836,1211.0583175947556
6,221597.8200000001,98748.49999999991,43079.70378719987,18226.176017999976,4235.019064599988,78943.44999999995,185.26999999999995,0,31912.0,14475.0,8862.6,6983.8,3377.7999999999997,9361.0,971.5,30.8,129214181844.25647,36.89525110252286,693.2978761830012
7,259263.1400000002,106001.5599999999,41132.741427899775,18958.070324999968,6999.584341649941,94362.56999999995,2934.7349999999924,0,31912.0,14475.0,8862.6,6983.8,3377.7999999999997,9361.0,971.5,30.8,104478273847.33662,38.71014375950056,790.5789417108791
