,contributed_CCGT,contributed_Coal,contributed_Onshore,contributed_Offshore,contributed_PV,contributed_Nuclear,contributed_Recip_gas,contributed_Biomass,total_CCGT,total_Coal,total_Onshore,total_Offshore,total_PV,total_Nuclear,total_Recip_gas,Carbon_tax,total_genco_wealth,Electricity_cost,Carbon_emitted
0,365988.6799999987,185963.41999999993,53106.53729439976,32822.74330399999,3165.2571575999377,104941.38999999997,12076.985,0,31912.0,14475.0,8862.6,6983.8,3377.7999999999997,9361.0,971.5,30.8,20277130997.764397,72.05895201184997,1193.772988611158
1,300319.61999999976,132071.39999999997,46123.60873699982,32348.637247999974,3129.509963999977,84806.12999999995,11020.170000000006,0,31912.0,14475.0,8862.6,6983.8,3377.7999999999997,9361.0,971.5,30.8,29821761400.34032,59.48726064556794,942.790756717196
2,362805.8399999992,180966.2099999998,53108.08650079958,32003.911887999988,1668.3485375999314,106893.02999999997,13742.47499999999,0,31912.0,14475.0,8862.6,6983.8,3377.7999999999997,9361.0,971.5,30.8,49395550566.668396,76.32289782719113,1184.2678437115767
3,395897.0299999983,179958.76000000004,53798.57227079953,33383.03070000004,3197.0362347499636,118508.77999999998,14498.589999999973,0,31912.0,14475.0,8862.6,6983.8,3377.7999999999997,9361.0,971.5,30.8,70541726718.27428,79.14816298058024,1248.4141406264778
4,203368.25000000006,128136.90999999995,40168.53487899984,30244.043551999974,3127.7041321499764,52042.43999999998,1627.660000000001,0,31912.0,14475.0,8862.6,6983.8,3377.7999999999997,9361.0,971.5,30.8,72138166301.91624,46.40825108061813,714.1640000801802
5,387567.74999999884,184395.2999999998,56260.69073699984,34304.15724800005,3135.523963999976,114059.38999999998,14084.884999999987,0,31912.0,14475.0,8862.6,6983.8,3377.7999999999997,9361.0,971.5,30.8,104171275114.70758,78.11208181269906,1239.3841075593978
6,218697.73,107493.22999999997,38647.5382323998,31090.618537499988,4469.730344599982,63126.62999999997,3660.294999999995,0,31912.0,14475.0,8862.6,6983.8,3377.7999999999997,9361.0,971.5,30.8,105229742608.58807,46.104363202698295,701.1707459855394
7,244363.99000000017,104006.15,46032.556039799725,38475.08019700007,7423.419199899933,84187.26999999995,8276.524999999992,0,31912.0,14475.0,8862.6,6983.8,3377.7999999999997,9361.0,971.5,30.8,110515306604.18431,50.152216369470466,759.6361870276995
