,contributed_CCGT,contributed_Coal,contributed_Onshore,contributed_Offshore,contributed_PV,contributed_Nuclear,contributed_Recip_gas,contributed_Biomass,total_CCGT,total_Coal,total_Onshore,total_Offshore,total_PV,total_Nuclear,total_Recip_gas,Carbon_tax,total_genco_wealth,Electricity_cost,Carbon_emitted
0,402426.53999999765,224614.32999999984,23300.55530880004,29579.745223999984,3154.551064599939,74597.84999999999,13057.170000000002,0,31912.0,14475.0,8862.6,6983.8,3377.7999999999997,9361.0,971.5,30.8,36776273994.54285,168.4127587749649,1358.498443233336
1,321981.29999999894,205157.76999999981,23464.752699000044,29595.668287999964,3122.278169949978,54087.20000000001,3973.12,0,31912.0,14475.0,8862.6,6983.8,3377.7999999999997,9361.0,971.5,30.8,36473845636.26245,74.94573741309239,1130.5661464224613
2,400074.2599999978,221770.32999999984,21426.067362799935,29224.130127999983,1657.6435031499327,78955.08999999997,13077.54,0,31912.0,14475.0,8862.6,6983.8,3377.7999999999997,9361.0,971.5,30.8,81692370425.30974,188.2914158347613,1348.3427397013354
3,423953.65999999776,224284.55,23278.20383160005,29656.706700000013,3188.160174599965,82233.68999999997,14767.279999999992,0,31912.0,14475.0,8862.6,6983.8,3377.7999999999997,9361.0,971.5,30.8,140322457363.90103,222.3922796783285,1405.8583193808959
4,223998.68000000037,170281.4599999999,17129.31809539999,21470.171085499984,3059.312191899978,48276.90000000001,0.0,0,31912.0,14475.0,8862.6,6983.8,3377.7999999999997,9361.0,971.5,30.8,125615508562.52267,40.93887007979628,836.531369041083
5,411688.5799999977,233253.76999999987,23464.752699000044,29595.668287999964,3122.2863189999775,84242.55999999997,13081.420000000002,0,31912.0,14475.0,8862.6,6983.8,3377.7999999999997,9361.0,971.5,30.8,215531054991.77063,219.6250145780946,1397.5518107504554
6,215420.8800000003,175409.5399999998,18590.80915109999,23455.172791499965,4042.5457198999748,55173.600000000006,0.0,0,31912.0,14475.0,8862.6,6983.8,3377.7999999999997,9361.0,971.5,30.8,191880083800.5569,40.63194657026598,829.6370528169225
7,257608.4800000001,179385.8199999999,25436.964148600036,31783.940886000008,7183.038926999932,42466.600000000006,174.6,0,31912.0,14475.0,8862.6,6983.8,3377.7999999999997,9361.0,971.5,30.8,165580895883.83197,43.36788264958242,932.8225091763618
