,contributed_CCGT,contributed_Coal,contributed_Onshore,contributed_Offshore,contributed_PV,contributed_Nuclear,contributed_Recip_gas,contributed_Biomass,total_CCGT,total_Coal,total_Onshore,total_Offshore,total_PV,total_Nuclear,total_Recip_gas,Carbon_tax,total_genco_wealth,Electricity_cost,Carbon_emitted
0,354410.689999999,255724.44999999995,23293.520965800042,29579.745223999984,3154.551064599939,97417.09999999996,13251.169999999991,0,31912.0,14475.0,8862.6,6983.8,3377.7999999999997,9361.0,971.5,30.8,30772874489.359276,146.77047629142479,1331.7633169610974
1,254826.75000000017,246645.64999999994,23464.752699000044,29595.668287999964,3122.215872999978,81549.83999999997,3746.1400000000003,0,31912.0,14475.0,8862.6,6983.8,3377.7999999999997,9361.0,971.5,30.8,25201999783.39489,56.36393011151739,1085.4806529786995
2,353907.49999999854,251321.48,21433.23615749994,29224.130127999983,1657.5289388499327,99812.02999999996,13252.13999999999,0,31912.0,14475.0,8862.6,6983.8,3377.7999999999997,9361.0,971.5,30.8,63639995518.97851,166.0721519151529,1319.9948622290362
3,384958.2399999982,247479.21999999997,23215.318353300045,29656.706700000013,3185.9006191499643,105600.01999999995,14716.354999999983,0,31912.0,14475.0,8862.6,6983.8,3377.7999999999997,9361.0,971.5,30.8,101394583078.07475,159.101399598751,1378.3507792795567
4,157491.36000000028,206344.57,19565.142752199972,25326.813856999986,3107.9707166999765,71918.70999999998,183.32999999999998,0,31912.0,14475.0,8862.6,6983.8,3377.7999999999997,9361.0,971.5,30.8,86385424645.53215,39.49526757281783,780.516481508861
5,371833.35999999853,264239.86,23412.552469100043,29595.668287999964,3122.2863189999775,101984.82999999994,13271.53999999999,0,31912.0,14475.0,8862.6,6983.8,3377.7999999999997,9361.0,971.5,30.8,143018165989.01697,158.5145446544448,1386.1739570042762
6,180156.5100000001,189912.7299999998,18334.659757300004,23373.327146999964,4153.708831299978,72125.31999999998,183.32999999999998,0,31912.0,14475.0,8862.6,6983.8,3377.7999999999997,9361.0,971.5,30.8,120719285464.28125,39.80122483581137,790.8321404565419
7,228229.71000000022,201653.68000000017,21109.770975300016,25608.56169350001,7051.708379499937,67018.26999999999,209.51999999999995,0,31912.0,14475.0,8862.6,6983.8,3377.7999999999997,9361.0,971.5,30.8,94869559287.23122,41.313492775551474,922.9429519446426
