,contributed_CCGT,contributed_Coal,contributed_Onshore,contributed_Offshore,contributed_PV,contributed_Nuclear,contributed_Recip_gas,contributed_Biomass,total_CCGT,total_Coal,total_Onshore,total_Offshore,total_PV,total_Nuclear,total_Recip_gas,Carbon_tax,total_genco_wealth,Electricity_cost,Carbon_emitted
0,428524.9299999985,109538.02999999997,52931.67621889962,25208.56456550001,3159.1743884999373,96965.07999999993,12201.630000000001,0,31912.0,14475.0,8862.6,6983.8,3377.7999999999997,9361.0,971.5,30.8,20528017037.75672,82.92276181489687,1142.21613274594
1,373775.48999999906,80795.32999999996,47039.488178699656,24420.395903999965,3122.477018149974,55505.33999999999,10115.159999999989,0,31912.0,14475.0,8862.6,6983.8,3377.7999999999997,9361.0,971.5,30.8,20655399173.043743,58.63395722247981,960.2454927913376
2,435890.939999998,118655.5,52944.23458579965,22411.96327200001,1671.4719185499341,90597.99999999994,12155.07,0,31912.0,14475.0,8862.6,6983.8,3377.7999999999997,9361.0,971.5,30.8,38525648199.62128,83.29063383393759,1180.963700569001
3,443808.09999999794,138937.85,55726.308114599575,25949.675294,3182.3326205999624,95411.13999999993,13766.239999999976,0,31912.0,14475.0,8862.6,6983.8,3377.7999999999997,9361.0,971.5,30.8,59356266837.066536,85.27417885682313,1244.3827456943038
4,245591.25999999978,69552.54999999999,37356.64611099989,17927.289440499968,3074.299230349976,47763.76999999999,203.69999999999993,0,31912.0,14475.0,8862.6,6983.8,3377.7999999999997,9361.0,971.5,30.8,47389410244.38548,36.24062172229619,654.3520284848997
5,454568.509999998,136477.49999999997,53955.61005219973,28175.508712999996,3128.9275569999754,81840.83999999997,12806.424999999996,0,31912.0,14475.0,8862.6,6983.8,3377.7999999999997,9361.0,971.5,30.8,75577735701.86928,84.92916389510536,1261.1508534750035
6,273898.33999999973,61549.01999999998,33891.27548219988,17254.868315999982,4202.884590999983,41126.05999999999,174.59999999999997,0,31912.0,14475.0,8862.6,6983.8,3377.7999999999997,9361.0,971.5,30.8,56049642174.18727,35.6138007718221,693.8972670499596
7,317128.0199999991,68402.60999999997,40936.82802529965,20801.055989499986,7206.5431527499295,42564.56999999998,5476.619999999995,0,31912.0,14475.0,8862.6,6983.8,3377.7999999999997,9361.0,971.5,30.8,33233844582.08971,39.88888805978115,807.992963148779
