hours,diff
0.08333333333333333,6943
460.75,3003
921.4166666666666,2621
1382.0833333333333,2105
1842.6666666666665,1975
2303.333333333333,1323
2764,994
3224.6666666666665,873
3685.333333333333,748
4146,846
4606.583333333333,856
5067.25,930
5527.916666666666,1047
5988.583333333333,1128
6449.25,1240
6909.916666666666,1193
7370.5,1200
7831.166666666666,1163
8291.833333333332,4396
8752.5,17568
